,CRASH_ID,DATE,DAY,TIME,KILLED,INJURED,PED_KILL,PED_INJ,SEVERITY,ALCOHOL,HAZMAT,CRASH_TYPE,VEH_COUNT,LOCATION,LOC_DIR,ROUTE,MP,RD_SYS,RD_SURF,SURF_COND,LIGHT,WEATHER,RD_DIV,RD_WRKZN,CELL_USE,TIME_ROUND,TMC,timestamp
238,20180212ER-18-06207            ,2018-08-10 00:00:00,FR,19:59:00,0,1,0,0,I,N,N,1.0,2,NJ 3                                              ,E,3,8.48,2,2.0,1.0,3.0,1.0,5.0,1.0,N,20:00,120-04732,2018-08-10 19:59:00
239,20170212ER-17-10446            ,2017-12-05 00:00:00,TU,6:22:00,0,0,0,0,P,N,N,2.0,2,NJ 3                                              ,E,3,6.9,2,2.0,1.0,7.0,1.0,5.0,1.0,N,6:20,120N04735,2017-12-05 06:22:00
240,20180212ER-18-06314            ,2018-08-15 00:00:00,WE,15:43:00,0,0,0,0,P,N,N,2.0,2,NJ 3                                              ,E,3,6.9,2,2.0,1.0,1.0,1.0,1.0,1.0,N,15:45,120N04735,2018-08-15 15:43:00
241,20150212ER-15-10373            ,2015-10-31 00:00:00,SA,20:31:00,0,0,0,0,P,N,N,2.0,3,NJ 3                                              ,E,3,8.4,2,1.0,1.0,6.0,1.0,1.0,1.0,N,20:30,120-04732,2015-10-31 20:31:00
242,20180212ER-18-06446            ,2018-08-21 00:00:00,TU,4:45:00,0,0,0,0,P,N,N,2.0,2,NJ 3                                              ,E,3,6.9,2,2.0,1.0,6.0,1.0,1.0,1.0,N,4:45,120N04735,2018-08-21 04:45:00
243,20150212ER-15-10434            ,2015-11-03 00:00:00,TU,7:53:00,0,0,0,0,P,N,N,1.0,2,NJ 3                                              ,E,3,8.0,2,2.0,1.0,1.0,1.0,5.0,1.0,N,7:55,120-04733,2015-11-03 07:53:00
244,20140212ER-14-11377            ,2014-12-17 00:00:00,W ,7:36:00,0,0,0,0,P,N,N,1.0,2,NJ 3                                              ,E,3,8.2,2,2.0,1.0,1.0,1.0,1.0,1.0,N,7:35,120N04733,2014-12-17 07:36:00
245,20160212ER-16-09035            ,2016-10-23 00:00:00,S ,16:54:00,0,0,0,0,P,N,N,1.0,2,NJ 3                                              ,E,3,7.5,2,2.0,1.0,1.0,1.0,1.0,1.0,Y,16:55,120-04734,2016-10-23 16:54:00
246,20140212ER-14-11391            ,2014-12-17 00:00:00,W ,17:30:00,0,0,0,0,P,N,N,6.0,2,NJ 3                                              ,E,3,7.3,2,2.0,1.0,6.0,1.0,5.0,1.0,N,17:30,120-04734,2014-12-17 17:30:00
247,20130212ER-13-07025            ,2013-08-10 00:00:00,SA,16:54:00,0,0,0,0,P,N,N,1.0,2,NJ 3                                              ,E,3,7.4,2,2.0,1.0,1.0,1.0,1.0,1.0,N,16:55,120-04734,2013-08-10 16:54:00
248,20170212ER-17-10584            ,2017-12-09 00:00:00,SA,16:10:00,0,0,0,0,P,N,N,1.0,2,NJ 3                                              ,E,3,7.8,2,2.0,3.0,3.0,3.0,1.0,1.0,N,16:10,120-04733,2017-12-09 16:10:00
249,20150212ER-15-10542            ,2015-11-07 00:00:00,SA,4:14:00,0,0,0,0,P,N,N,2.0,2,NJ 3                                              ,E,3,8.3,2,2.0,1.0,6.0,1.0,1.0,1.0,N,4:15,120N04733,2015-11-07 04:14:00
250,20160212ER-16-09036            ,2016-10-23 00:00:00,S ,18:01:00,0,0,0,0,P,N,N,2.0,2,NJ 3                                              ,E,3,8.3,2,2.0,1.0,3.0,1.0,,,N,18:00,120N04733,2016-10-23 18:01:00
251,20140212ER-14-11436            ,2014-12-18 00:00:00,TH,22:37:00,1,1,1,1,F,Y,N,13.0,1,NJ 3                                              ,E,3,7.6,2,2.0,1.0,6.0,1.0,2.0,1.0,N,22:35,120N04734,2014-12-18 22:37:00
252,20150212ER-15-10647            ,2015-11-10 00:00:00,TU,8:56:00,0,0,0,0,P,N,N,2.0,2,NJ 3                                              ,E,3,7.8,2,2.0,2.0,1.0,2.0,1.0,1.0,N,8:55,120-04733,2015-11-10 08:56:00
253,20180212ER-18-06692            ,2018-08-30 00:00:00,TH,8:32:00,0,0,0,0,P,N,N,1.0,3,NJ 3                                              ,E,3,8.4,2,2.0,1.0,1.0,1.0,1.0,1.0,N,8:30,120-04732,2018-08-30 08:32:00
254,20150212ER-15-10659            ,2015-11-10 00:00:00,TU,15:35:00,0,0,0,0,P,N,N,1.0,2,NJ 3                                              ,E,3,7.5,2,2.0,2.0,1.0,2.0,2.0,1.0,N,15:35,120-04734,2015-11-10 15:35:00
255,20140212ER-14-11467            ,2014-12-19 00:00:00,F ,20:47:00,0,1,0,1,I,N,N,13.0,1,NJ 3                                              ,E,3,8.14,2,2.0,1.0,6.0,1.0,1.0,1.0,N,20:45,120-04733,2014-12-19 20:47:00
256,20150212ER-15-10699            ,2015-11-11 00:00:00,W ,17:39:00,0,0,0,0,P,N,N,1.0,2,NJ 3                                              ,E,3,6.86,2,2.0,1.0,7.0,1.0,5.0,1.0,N,17:40,120N04736,2015-11-11 17:39:00
257,20130212ER-13-07248            ,2013-08-17 00:00:00,SA,9:30:00,0,0,0,0,P,N,N,1.0,2,NJ 3                                              ,E,3,7.3,2,2.0,1.0,1.0,1.0,1.0,1.0,N,9:30,120-04734,2013-08-17 09:30:00
258,20180212ER-18-06895            ,2018-09-06 00:00:00,TH,19:15:00,0,0,0,0,P,N,N,11.0,1,NJ 3                                              ,E,3,8.3,2,2.0,2.0,1.0,1.0,1.0,1.0,N,19:15,120N04733,2018-09-06 19:15:00
259,20170212ER-17-11083            ,2017-12-28 00:00:00,TH,10:35:00,0,0,0,0,P,N,N,11.0,1,NJ 3                                              ,E,3,7.3,2,2.0,9.0,1.0,1.0,3.0,1.0,N,10:35,120-04734,2017-12-28 10:35:00
260,20150212ER-15-10740            ,2015-11-13 00:00:00,F ,7:48:00,0,0,0,0,P,N,N,1.0,3,NJ 3                                              ,E,3,7.4,2,2.0,1.0,1.0,1.0,1.0,1.0,N,7:50,120-04734,2015-11-13 07:48:00
261,2014025614-00524               ,2014-01-07 00:00:00,TU,7:04:00,0,0,0,0,P,N,N,2.0,2,NJ 3                                              ,E,3,6.1,2,2.0,1.0,1.0,1.0,1.0,2.0,N,7:05,120N04737,2014-01-07 07:04:00
262,20150212ER-15-10787            ,2015-11-14 00:00:00,SA,19:18:00,0,0,0,0,P,N,N,5.0,3,NJ 3                                              ,E,3,7.2,2,2.0,1.0,6.0,1.0,1.0,1.0,N,19:20,120-04734,2015-11-14 19:18:00
263,20180212ER-18-06929            ,2018-09-07 00:00:00,FR,17:35:00,0,0,0,0,P,N,N,2.0,2,NJ 3                                              ,E,3,7.6,2,2.0,1.0,1.0,1.0,1.0,1.0,N,17:35,120N04734,2018-09-07 17:35:00
264,20170212ER17-01186             ,2017-02-09 00:00:00,TH,5:48:00,0,0,0,0,P,N,N,11.0,2,NJ 3                                              ,E,3,8.0,2,2.0,3.0,7.0,3.0,1.0,1.0,N,5:50,120-04733,2017-02-09 05:48:00
265,20130212ER-13-07658            ,2013-08-30 00:00:00,F ,15:07:00,0,0,0,0,P,N,N,1.0,2,NJ 3                                              ,E,3,8.2,2,2.0,1.0,1.0,1.0,1.0,1.0,N,15:05,120N04733,2013-08-30 15:07:00
266,20160212ER-16-09447            ,2016-11-06 00:00:00,S ,12:09:00,0,0,0,0,P,N,N,1.0,2,NJ 3                                              ,E,3,7.2,2,2.0,1.0,1.0,1.0,1.0,1.0,N,12:10,120-04734,2016-11-06 12:09:00
268,20180212ER-18-07002            ,2018-09-09 00:00:00,SU,18:14:00,0,0,0,0,P,N,N,11.0,1,NJ 3                                              ,E,3,7.2,2,2.0,2.0,1.0,2.0,1.0,1.0,N,18:15,120-04734,2018-09-09 18:14:00
269,20170212ER17-01195             ,2017-02-09 00:00:00,TH,16:09:00,0,0,0,0,P,N,N,11.0,1,NJ 3                                              ,E,3,7.9,2,2.0,3.0,1.0,8.0,1.0,1.0,N,16:10,120-04733,2017-02-09 16:09:00
270,20160212ER-16-09481            ,2016-11-07 00:00:00,M ,6:46:00,0,0,0,0,P,N,N,11.0,1,NJ 3                                              ,E,3,8.0,2,2.0,1.0,1.0,1.0,1.0,1.0,N,6:45,120-04733,2016-11-07 06:46:00
271,20170212ER17-01216             ,2017-02-10 00:00:00,FR,8:11:00,0,0,0,0,P,N,N,1.0,2,NJ 3                                              ,E,3,7.2,2,2.0,2.0,1.0,1.0,1.0,1.0,N,8:10,120-04734,2017-02-10 08:11:00
272,20150212ER-15-11271            ,2015-11-29 00:00:00,S ,17:21:00,0,0,0,0,P,N,N,2.0,2,NJ 3                                              ,E,3,7.1,2,2.0,1.0,6.0,1.0,5.0,1.0,N,17:20,120N04735,2015-11-29 17:21:00
273,20170212ER17-01749             ,2017-03-03 00:00:00,FR,8:45:00,0,0,0,0,P,N,N,1.0,2,NJ 3                                              ,E,3,8.49,2,2.0,1.0,1.0,1.0,1.0,1.0,N,8:45,120-04732,2017-03-03 08:45:00
274,20170212ER17-01909             ,2017-03-09 00:00:00,TH,8:04:00,0,0,0,0,P,N,N,1.0,3,NJ 3                                              ,E,3,8.1,2,2.0,1.0,1.0,1.0,1.0,1.0,N,8:05,120-04733,2017-03-09 08:04:00
276,20170212ER17-01912             ,2017-03-09 00:00:00,TH,9:02:00,0,0,0,0,P,N,N,1.0,2,NJ 3                                              ,E,3,8.1,2,2.0,1.0,1.0,1.0,1.0,1.0,N,9:00,120-04733,2017-03-09 09:02:00
277,20130212ER-13-08203            ,2013-09-15 00:00:00,S ,13:05:00,0,0,0,0,P,N,N,1.0,2,NJ 3                                              ,E,3,8.49,2,2.0,1.0,1.0,1.0,5.0,1.0,N,13:05,120-04732,2013-09-15 13:05:00
278,2014025614-01368               ,2014-01-17 00:00:00,F ,1:53:00,0,0,0,0,P,N,N,11.0,1,NJ 3                                              ,E,3,6.5,2,2.0,1.0,6.0,1.0,1.0,2.0,N,1:55,120-04736,2014-01-17 01:53:00
279,20180212ER-18-07216            ,2018-09-17 00:00:00,MO,19:40:00,0,0,0,0,P,N,N,1.0,2,NJ 3                                              ,E,3,7.3,2,2.0,2.0,7.0,5.0,1.0,1.0,N,19:40,120-04734,2018-09-17 19:40:00
280,20160212ER-16-09749            ,2016-11-16 00:00:00,W ,4:29:00,0,0,0,0,P,N,N,12.0,1,NJ 3                                              ,E,3,8.14,2,2.0,1.0,7.0,1.0,1.0,1.0,N,4:30,120-04733,2016-11-16 04:29:00
281,20180212ER-18-07451            ,2018-09-25 00:00:00,TU,18:42:00,0,0,0,0,P,N,N,1.0,2,NJ 3                                              ,E,3,8.2,2,2.0,2.0,3.0,2.0,1.0,5.0,N,18:40,120N04733,2018-09-25 18:42:00
282,2014025614-01737               ,2014-01-21 00:00:00,TU,14:53:00,0,0,0,0,P,N,N,1.0,2,NJ 3                                              ,E,3,5.0,2,1.0,3.0,1.0,3.0,1.0,2.0,N,14:55,120N04738,2014-01-21 14:53:00
283,20180212ER-18-07455            ,2018-09-25 00:00:00,TU,19:34:00,0,0,0,0,P,N,N,1.0,2,NJ 3                                              ,E,3,7.6,2,2.0,2.0,7.0,2.0,1.0,1.0,N,19:35,120N04734,2018-09-25 19:34:00
284,2014025614-01744               ,2014-01-21 00:00:00,TU,16:05:00,0,1,0,0,I,N,N,1.0,3,NJ 3                                              ,E,3,6.4,2,2.0,3.0,1.0,3.0,1.0,2.0,N,16:05,120-04736,2014-01-21 16:05:00
285,20150212ER-15-11888            ,2015-12-18 00:00:00,F ,17:09:00,0,1,0,0,I,N,N,1.0,2,NJ 3                                              ,E,3,7.2,2,2.0,1.0,4.0,5.0,1.0,1.0,N,17:10,120-04734,2015-12-18 17:09:00
286,20180212ER-18-07527            ,2018-09-28 00:00:00,FR,16:26:00,0,0,0,0,P,N,N,2.0,2,NJ 3                                              ,E,3,8.49,2,1.0,1.0,1.0,1.0,5.0,1.0,N,16:25,120-04732,2018-09-28 16:26:00
287,20160212ER-16-09925            ,2016-11-21 00:00:00,M ,14:25:00,0,1,0,0,I,N,N,2.0,2,NJ 3                                              ,E,3,7.7,2,2.0,1.0,1.0,1.0,3.0,1.0,N,14:25,120N04734,2016-11-21 14:25:00
288,20150212ER-15-11994            ,2015-12-21 00:00:00,M ,14:40:00,0,2,0,0,I,N,Y,8.0,2,NJ 3                                              ,E,3,7.8,2,2.0,1.0,1.0,1.0,1.0,1.0,N,14:40,120-04733,2015-12-21 14:40:00
289,2014025614-01927               ,2014-01-23 00:00:00,TH,8:58:00,0,0,0,0,P,N,N,1.0,3,NJ 3                                              ,E,3,6.5,2,2.0,1.0,1.0,1.0,1.0,1.0,N,9:00,120-04736,2014-01-23 08:58:00
290,20180212ER-18-07546            ,2018-09-29 00:00:00,SA,4:21:00,0,3,0,0,I,N,N,10.0,1,NJ 3                                              ,E,3,6.9,2,1.0,1.0,6.0,1.0,1.0,1.0,N,4:20,120N04735,2018-09-29 04:21:00
291,20150212ER-15-12029            ,2015-12-23 00:00:00,W ,9:01:00,0,1,0,0,I,N,N,1.0,2,NJ 3                                              ,E,3,7.1,2,2.0,2.0,1.0,2.0,1.0,1.0,N,9:00,120N04735,2015-12-23 09:01:00
292,2014025614-01930               ,2014-01-23 00:00:00,TH,9:12:00,0,0,0,0,P,N,N,1.0,2,NJ 3                                              ,E,3,6.5,2,2.0,2.0,1.0,1.0,1.0,1.0,N,9:10,120-04736,2014-01-23 09:12:00
293,20170212ER17-04609             ,2017-05-24 00:00:00,WE,7:46:00,0,0,0,0,P,N,N,11.0,1,NJ 3                                              ,E,3,7.3,2,2.0,2.0,1.0,5.0,1.0,1.0,N,7:45,120-04734,2017-05-24 07:46:00
294,20150212ER-15-12139            ,2015-12-27 00:00:00,S ,12:18:00,0,0,0,0,P,N,N,11.0,1,NJ 3                                              ,E,3,8.3,2,1.0,2.0,1.0,5.0,1.0,1.0,N,12:20,120N04733,2015-12-27 12:18:00
295,20170212ER17-05389             ,2017-06-15 00:00:00,TH,10:38:00,0,0,0,0,P,N,N,2.0,3,NJ 3                                              ,E,3,7.0,2,2.0,1.0,1.0,1.0,1.0,1.0,N,10:40,120N04735,2017-06-15 10:38:00
296,20180212ER-18-07599            ,2018-09-30 00:00:00,SU,19:46:00,0,1,0,0,I,N,N,1.0,2,NJ 3                                              ,E,3,7.4,2,2.0,1.0,6.0,1.0,3.0,1.0,N,19:45,120-04734,2018-09-30 19:46:00
297,20150212ER-15-12154            ,2015-12-27 00:00:00,S ,19:10:00,0,1,0,0,I,N,N,2.0,2,NJ 3                                              ,E,3,8.4,2,2.0,2.0,6.0,1.0,1.0,1.0,N,19:10,120-04732,2015-12-27 19:10:00
298,20170212ER17-05603             ,2017-06-22 00:00:00,TH,6:41:00,0,0,0,0,P,N,N,2.0,2,NJ 3                                              ,E,3,7.35,2,2.0,1.0,1.0,1.0,1.0,1.0,N,6:40,120-04734,2017-06-22 06:41:00
299,20130212ER-13-2051             ,2013-03-08 00:00:00,F ,21:27:00,0,1,0,0,I,Y,N,11.0,1,NJ 3                                              ,E,3,8.1,2,2.0,2.0,6.0,1.0,4.0,1.0,N,21:25,120-04733,2013-03-08 21:27:00
300,2014025614-02226               ,2014-01-27 00:00:00,M ,8:00:00,0,2,0,0,I,N,N,1.0,2,NJ 3                                              ,E,3,6.5,2,2.0,1.0,1.0,1.0,2.0,1.0,N,8:00,120-04736,2014-01-27 08:00:00
301,20150212ER-15-7785             ,2015-12-15 00:00:00,TU,8:31:00,0,0,0,0,P,N,N,2.0,2,NJ 3                                              ,E,3,7.9,2,2.0,1.0,1.0,1.0,5.0,1.0,N,8:30,120-04733,2015-12-15 08:31:00
302,20180212ER-18-07614            ,2018-10-01 00:00:00,MO,9:30:00,0,0,0,0,P,N,N,1.0,2,NJ 3                                              ,E,3,8.4,2,2.0,1.0,1.0,1.0,5.0,1.0,N,9:30,120-04732,2018-10-01 09:30:00
305,20170212ER1701216              ,2017-02-10 00:00:00,FR,8:11:00,0,0,0,0,P,N,N,99.0,1,NJ 3                                              ,E,3,7.2,2,2.0,2.0,1.0,1.0,1.0,1.0,N,8:10,120-04734,2017-02-10 08:11:00
306,20160212ER-16-10415            ,2016-12-07 00:00:00,W ,7:53:00,0,0,0,0,P,N,N,2.0,2,NJ 3                                              ,E,3,7.96,2,2.0,2.0,1.0,2.0,5.0,1.0,N,7:55,120-04733,2016-12-07 07:53:00
309,2014025614-02399               ,2014-01-29 00:00:00,W ,5:33:00,0,0,0,0,P,N,N,11.0,1,NJ 3                                              ,E,3,6.4,2,2.0,3.0,6.0,1.0,1.0,1.0,N,5:35,120-04736,2014-01-29 05:33:00
310,20180212ER-18-07836            ,2018-10-08 00:00:00,MO,6:46:00,0,0,0,0,P,N,N,2.0,2,NJ 3                                              ,E,3,7.8,2,2.0,1.0,2.0,1.0,1.0,1.0,N,6:45,120-04733,2018-10-08 06:46:00
311,20170212ER1701227              ,2017-02-10 00:00:00,FR,14:32:00,0,0,0,0,P,N,N,11.0,1,NJ 3                                              ,E,3,8.1,2,2.0,1.0,1.0,1.0,2.0,5.0,N,14:30,120-04733,2017-02-10 14:32:00
312,20160212ER-16-10417            ,2016-12-07 00:00:00,W ,9:03:00,0,0,0,0,P,N,N,1.0,3,NJ 3                                              ,E,3,8.4,2,1.0,2.0,1.0,2.0,1.0,1.0,N,9:05,120-04732,2016-12-07 09:03:00
314,2015025615-00850               ,2015-01-09 00:00:00,F ,13:44:00,0,0,0,0,P,N,N,1.0,2,NJ 3                                              ,E,3,6.7,2,2.0,1.0,1.0,1.0,1.0,1.0,N,13:45,120N04736,2015-01-09 13:44:00
315,20130212ER-13-776              ,2013-01-26 00:00:00,SA,23:52:00,0,0,0,0,P,N,N,2.0,2,NJ 3                                              ,E,3,7.5,2,2.0,1.0,6.0,1.0,4.0,1.0,N,23:50,120-04734,2013-01-26 23:52:00
316,2015025615-00867               ,2015-01-09 00:00:00,F ,17:22:00,0,0,0,0,P,N,N,1.0,2,NJ 3                                              ,E,3,6.5,2,2.0,2.0,6.0,1.0,1.0,1.0,N,17:20,120-04736,2015-01-09 17:22:00
317,20160212ER-16-10604            ,2016-12-14 00:00:00,W ,9:45:00,0,1,0,0,I,N,N,1.0,2,NJ 3                                              ,E,3,8.2,2,2.0,1.0,1.0,1.0,1.0,1.0,N,9:45,120N04733,2016-12-14 09:45:00
318,20160212ER-16-10609            ,2016-12-14 00:00:00,W ,14:38:00,0,0,0,0,P,N,N,1.0,3,NJ 3                                              ,E,3,8.4,2,2.0,1.0,1.0,1.0,5.0,1.0,N,14:40,120-04732,2016-12-14 14:38:00
319,2013025613-14841               ,2013-12-03 00:00:00,TU,21:30:00,0,0,0,0,P,N,N,15.0,1,NJ 3                                              ,E,3,5.5,2,2.0,1.0,6.0,1.0,1.0,2.0,N,21:30,120-04737,2013-12-03 21:30:00
320,2015025615-01575               ,2015-01-16 00:00:00,F ,18:31:00,0,0,0,0,P,N,N,1.0,2,NJ 3                                              ,E,3,6.36,2,2.0,1.0,6.0,1.0,1.0,1.0,N,18:30,120-04736,2015-01-16 18:31:00
321,2014025614-02900               ,2014-02-03 00:00:00,M ,15:03:00,0,0,0,0,P,N,N,11.0,1,NJ 3                                              ,E,3,6.4,2,2.0,5.0,1.0,3.0,1.0,2.0,N,15:05,120-04736,2014-02-03 15:03:00
322,20160212ER-16-10610            ,2016-12-14 00:00:00,W ,14:48:00,0,0,0,0,P,N,N,2.0,2,NJ 3                                              ,E,3,7.8,2,2.0,1.0,1.0,1.0,1.0,1.0,N,14:50,120-04733,2016-12-14 14:48:00
323,2015025615-01620               ,2015-01-17 00:00:00,SA,1:19:00,0,0,0,0,P,N,N,2.0,2,NJ 3                                              ,E,3,5.0,2,2.0,1.0,6.0,1.0,1.0,1.0,N,1:20,120N04738,2015-01-17 01:19:00
324,2014025614-03087               ,2014-02-05 00:00:00,W ,9:31:00,0,0,0,0,P,N,N,11.0,1,NJ 3                                              ,E,3,6.4,2,2.0,3.0,1.0,3.0,5.0,2.0,N,9:30,120-04736,2014-02-05 09:31:00
325,20160212ER-16-10652            ,2016-12-16 00:00:00,F ,11:47:00,0,0,0,0,P,N,N,2.0,2,NJ 3                                              ,E,3,8.4,2,1.0,1.0,1.0,1.0,1.0,1.0,N,11:45,120-04732,2016-12-16 11:47:00
326,2015025615-01755               ,2015-01-18 00:00:00,S ,7:56:00,0,0,0,0,P,N,N,11.0,1,NJ 3                                              ,E,3,5.0,2,2.0,4.0,1.0,6.0,1.0,1.0,N,7:55,120N04738,2015-01-18 07:56:00
327,2013025613-15325               ,2013-12-11 00:00:00,W ,7:09:00,0,0,0,0,P,N,N,1.0,2,NJ 3                                              ,E,3,5.16,2,2.0,1.0,1.0,1.0,1.0,2.0,N,7:10,120N04738,2013-12-11 07:09:00
328,2014025614-03098               ,2014-02-05 00:00:00,W ,10:51:00,0,0,0,0,P,N,N,11.0,1,NJ 3                                              ,E,3,6.0,2,2.0,5.0,1.0,2.0,3.0,1.0,N,10:50,120N04737,2014-02-05 10:51:00
329,20170212ER1702641              ,2017-03-31 00:00:00,FR,16:30:00,0,0,0,0,P,Y,N,1.0,2,NJ 3                                              ,E,3,6.86,2,2.0,2.0,1.0,2.0,1.0,2.0,N,16:30,120N04736,2017-03-31 16:30:00
330,20170212ER1702792              ,2017-04-05 00:00:00,WE,2:28:00,0,1,0,0,I,N,N,11.0,1,NJ 3                                              ,E,3,8.0,2,2.0,2.0,6.0,1.0,1.0,1.0,N,2:30,120-04733,2017-04-05 02:28:00
331,20160212ER-16-10755            ,2016-12-19 00:00:00,M ,17:21:00,0,0,0,0,P,N,N,2.0,2,NJ 3                                              ,E,3,8.4,2,1.0,1.0,6.0,1.0,1.0,1.0,N,17:20,120-04732,2016-12-19 17:21:00
332,2015025615-01926               ,2015-01-20 00:00:00,TU,8:43:00,0,0,0,0,P,N,N,1.0,2,NJ 3                                              ,E,3,6.2,2,2.0,1.0,1.0,1.0,1.0,1.0,N,8:45,120N04737,2015-01-20 08:43:00
333,2013025613-15415               ,2013-12-12 00:00:00,TH,17:14:00,0,0,0,0,P,N,N,1.0,2,NJ 3                                              ,E,3,6.5,2,2.0,1.0,6.0,1.0,2.0,1.0,N,17:15,120-04736,2013-12-12 17:14:00
334,20170212ER1702836              ,2017-04-06 00:00:00,TH,6:40:00,0,0,0,0,P,N,N,1.0,2,NJ 3                                              ,E,3,7.0,2,2.0,2.0,6.0,2.0,1.0,1.0,N,6:40,120N04735,2017-04-06 06:40:00
335,20170212ER1702883              ,2017-04-07 00:00:00,FR,13:58:00,0,0,0,0,P,N,N,1.0,2,NJ 3                                              ,E,3,8.4,2,2.0,1.0,1.0,5.0,1.0,1.0,N,14:00,120-04732,2017-04-07 13:58:00
336,2015025615-02102               ,2015-01-22 00:00:00,TH,7:31:00,0,0,0,0,P,N,N,2.0,2,NJ 3                                              ,E,3,6.4,2,2.0,1.0,1.0,1.0,1.0,1.0,N,7:30,120-04736,2015-01-22 07:31:00
337,2014025614-03691               ,2014-02-12 00:00:00,W ,8:41:00,0,0,0,0,P,N,N,1.0,3,NJ 3                                              ,E,3,6.5,2,2.0,1.0,1.0,1.0,1.0,2.0,N,8:40,120-04736,2014-02-12 08:41:00
338,20170212ER1702915              ,2017-04-08 00:00:00,SA,11:38:00,0,0,0,0,P,N,N,15.0,2,NJ 3                                              ,E,3,7.56,2,2.0,1.0,1.0,1.0,1.0,1.0,N,11:40,120-04734,2017-04-08 11:38:00
339,20180212ER-18-08518            ,2018-10-30 00:00:00,TU,6:55:00,0,0,0,0,P,N,N,2.0,2,NJ 3                                              ,E,3,8.14,2,2.0,1.0,2.0,1.0,3.0,1.0,N,6:55,120-04733,2018-10-30 06:55:00
340,2015025615-02234               ,2015-01-23 00:00:00,F ,14:18:00,0,0,0,0,P,N,N,1.0,2,NJ 3                                              ,E,3,5.93,2,2.0,1.0,1.0,1.0,5.0,1.0,N,14:20,120N04737,2015-01-23 14:18:00
341,20170212ER1703240              ,2017-04-16 00:00:00,SU,22:49:00,0,0,0,0,P,Y,N,11.0,2,NJ 3                                              ,E,3,8.4,2,2.0,1.0,6.0,1.0,1.0,1.0,N,22:50,120-04732,2017-04-16 22:49:00
342,20180212ER-18-08622            ,2018-11-02 00:00:00,FR,7:57:00,0,0,0,0,P,N,N,2.0,2,NJ 3                                              ,E,3,8.4,2,2.0,1.0,1.0,5.0,1.0,1.0,N,7:55,120-04732,2018-11-02 07:57:00
344,2015025615-02633               ,2015-01-27 00:00:00,TU,9:53:00,0,0,0,0,P,N,N,1.0,2,NJ 3                                              ,E,3,6.2,2,2.0,3.0,1.0,3.0,2.0,1.0,N,9:55,120N04737,2015-01-27 09:53:00
345,20170212ER1703724              ,2017-04-29 00:00:00,SA,3:28:00,0,0,0,0,P,Y,N,11.0,1,NJ 3                                              ,E,3,7.56,2,2.0,2.0,6.0,2.0,3.0,1.0,N,3:30,120-04734,2017-04-29 03:28:00
346,20180212ER-18-08766            ,2018-11-07 00:00:00,WE,8:56:00,0,0,0,0,P,N,N,1.0,2,NJ 3                                              ,E,3,7.4,2,2.0,1.0,1.0,1.0,1.0,1.0,N,8:55,120-04734,2018-11-07 08:56:00
347,20170212ER1704039              ,2017-05-08 00:00:00,MO,14:39:00,0,0,0,0,P,N,N,1.0,2,NJ 3                                              ,E,3,8.2,2,2.0,1.0,1.0,1.0,3.0,1.0,N,14:40,120N04733,2017-05-08 14:39:00
348,2013025613-15661               ,2013-12-16 00:00:00,M ,9:05:00,0,0,0,0,P,N,N,15.0,2,NJ 3                                              ,E,3,6.4,2,2.0,1.0,1.0,1.0,1.0,2.0,N,9:05,120-04736,2013-12-16 09:05:00
349,2015025615-03358               ,2015-02-03 00:00:00,TU,12:51:00,0,1,0,0,I,N,N,11.0,1,NJ 3                                              ,E,3,5.6,2,2.0,1.0,1.0,1.0,1.0,1.0,N,12:50,120-04737,2015-02-03 12:51:00
350,2016025616-00317               ,2016-01-04 00:00:00,M ,23:44:00,0,1,0,0,I,N,N,1.0,3,NJ 3                                              ,E,3,6.0,2,2.0,1.0,6.0,1.0,1.0,1.0,N,23:45,120N04737,2016-01-04 23:44:00
351,20170212ER1704395              ,2017-05-18 00:00:00,TH,10:36:00,0,0,0,0,P,N,N,2.0,2,NJ 3                                              ,E,3,7.8,2,2.0,1.0,1.0,1.0,3.0,1.0,N,10:35,120-04733,2017-05-18 10:36:00
352,2016025616-00406               ,2016-01-06 00:00:00,W ,6:44:00,0,0,0,0,P,N,N,1.0,3,NJ 3                                              ,E,3,6.6,2,2.0,1.0,1.0,1.0,1.0,1.0,N,6:45,120-04736,2016-01-06 06:44:00
353,20180212ER-18-08913            ,2018-11-12 00:00:00,MO,2:15:00,0,0,0,0,P,N,N,11.0,1,NJ 3                                              ,E,3,7.21,2,2.0,1.0,6.0,1.0,1.0,1.0,N,2:15,120-04734,2018-11-12 02:15:00
354,2015025615-03528               ,2015-02-05 00:00:00,TH,7:36:00,0,0,0,0,P,N,N,2.0,2,NJ 3                                              ,E,3,6.2,2,2.0,1.0,1.0,1.0,1.0,1.0,N,7:35,120N04737,2015-02-05 07:36:00