,CRASH_ID,DATE,DAY,TIME,KILLED,INJURED,PED_KILL,PED_INJ,SEVERITY,ALCOHOL,HAZMAT,CRASH_TYPE,VEH_COUNT,LOCATION,LOC_DIR,ROUTE,MP,RD_SYS,RD_SURF,SURF_COND,LIGHT,WEATHER,RD_DIV,RD_WRKZN,CELL_USE,TIME_ROUND,TMC,timestamp
355,20180212ER-18-08956            ,2018-11-13 00:00:00,TU,7:25:00,0,0,0,0,P,N,N,1.0,2,NJ 3                                              ,E,3,7.5,2,2.0,2.0,1.0,2.0,1.0,1.0,N,7:25,120-04734,2018-11-13 07:25:00
356,2015025615-03565               ,2015-02-05 00:00:00,TH,14:05:00,0,1,0,0,I,N,N,2.0,2,NJ 3                                              ,E,3,6.36,2,2.0,1.0,1.0,1.0,1.0,1.0,N,14:05,120-04736,2015-02-05 14:05:00
357,20180212ER-18-08993            ,2018-11-14 00:00:00,WE,17:03:00,0,1,0,0,I,N,N,1.0,2,NJ 3                                              ,E,3,7.5,2,2.0,1.0,7.0,1.0,1.0,1.0,N,17:05,120-04734,2018-11-14 17:03:00
358,20170212ER1704703              ,2017-05-26 00:00:00,FR,22:24:00,0,2,0,0,I,N,N,1.0,2,NJ 3                                              ,E,3,7.9,2,2.0,1.0,6.0,1.0,1.0,1.0,N,22:25,120-04733,2017-05-26 22:24:00
359,20180212ER-18-09005            ,2018-11-15 00:00:00,TH,4:48:00,0,0,0,0,P,N,N,2.0,2,NJ 3                                              ,E,3,8.08,2,2.0,1.0,6.0,1.0,2.0,1.0,N,4:50,120-04733,2018-11-15 04:48:00
360,20170212ER1704930              ,2017-06-02 00:00:00,FR,15:34:00,0,0,0,0,P,N,N,1.0,2,NJ 3                                              ,E,3,8.4,2,2.0,1.0,1.0,1.0,1.0,1.0,N,15:35,120-04732,2017-06-02 15:34:00
361,20170212ER1704932              ,2017-06-02 00:00:00,FR,17:31:00,0,0,0,0,P,N,N,2.0,2,NJ 3                                              ,E,3,6.86,2,1.0,1.0,1.0,1.0,1.0,1.0,N,17:30,120N04736,2017-06-02 17:31:00
362,20180212ER-18-09010            ,2018-11-15 00:00:00,TH,7:49:00,0,0,0,0,P,N,N,1.0,2,NJ 3                                              ,E,3,7.4,2,2.0,1.0,1.0,1.0,1.0,1.0,N,7:50,120-04734,2018-11-15 07:49:00
363,2015025615-04197               ,2015-02-13 00:00:00,F ,9:42:00,0,2,0,0,I,N,N,1.0,2,NJ 3                                              ,E,3,6.8,2,1.0,1.0,1.0,1.0,1.0,1.0,N,9:40,120N04736,2015-02-13 09:42:00
364,20180212ER-18-09011            ,2018-11-15 00:00:00,TH,8:21:00,0,0,0,0,P,N,N,1.0,4,NJ 3                                              ,E,3,8.3,2,2.0,1.0,1.0,1.0,5.0,1.0,N,8:20,120N04733,2018-11-15 08:21:00
365,2015025615-04198               ,2015-02-13 00:00:00,F ,9:47:00,0,1,0,0,I,N,N,1.0,2,NJ 3                                              ,E,3,6.3,2,2.0,1.0,1.0,1.0,1.0,1.0,N,9:45,120-04736,2015-02-13 09:47:00
366,2016025616-00743               ,2016-01-10 00:00:00,S ,8:15:00,0,0,0,0,P,N,N,11.0,1,NJ 3                                              ,E,3,6.6,2,2.0,6.0,1.0,2.0,1.0,1.0,N,8:15,120-04736,2016-01-10 08:15:00
367,20170212ER1705151              ,2017-06-08 00:00:00,TH,19:13:00,0,0,0,0,P,N,N,2.0,2,NJ 3                                              ,E,3,7.0,2,2.0,1.0,1.0,1.0,1.0,1.0,N,19:15,120N04735,2017-06-08 19:13:00
368,2016025616-00788               ,2016-01-11 00:00:00,M ,9:28:00,0,0,0,0,P,N,N,2.0,2,NJ 3                                              ,E,3,5.4,2,2.0,1.0,1.0,1.0,1.0,1.0,N,9:30,120-04737,2016-01-11 09:28:00
369,2014025614-05039               ,2014-03-01 00:00:00,SA,7:14:00,0,0,0,0,P,N,N,1.0,2,NJ 3                                              ,E,3,6.2,2,2.0,1.0,1.0,1.0,1.0,1.0,N,7:15,120N04737,2014-03-01 07:14:00
370,20180212ER-18-09027            ,2018-11-15 00:00:00,TH,15:48:00,0,0,0,0,P,N,N,3.0,2,NJ 3                                              ,E,3,6.9,2,2.0,3.0,1.0,3.0,1.0,1.0,N,15:50,120N04735,2018-11-15 15:48:00
371,2015025615-04594               ,2015-02-17 00:00:00,TU,7:46:00,0,0,0,0,P,N,N,2.0,2,NJ 3                                              ,E,3,6.8,2,2.0,5.0,1.0,3.0,2.0,1.0,N,7:45,120N04736,2015-02-17 07:46:00
372,20180212ER-18-09030            ,2018-11-15 00:00:00,TH,16:23:00,0,0,0,0,P,N,N,3.0,2,NJ 3                                              ,E,3,7.3,2,2.0,3.0,7.0,3.0,1.0,1.0,N,16:25,120-04734,2018-11-15 16:23:00
373,2015025615-04682               ,2015-02-18 00:00:00,W ,7:21:00,0,0,0,0,P,N,N,1.0,2,NJ 3                                              ,E,3,6.5,2,2.0,1.0,1.0,1.0,1.0,1.0,N,7:20,120-04736,2015-02-18 07:21:00
375,201302562013-000012            ,2013-01-01 00:00:00,TU,10:00:00,0,0,0,0,P,N,N,99.0,1,NJ 3                                              ,E,3,6.5,2,2.0,1.0,1.0,1.0,1.0,1.0,N,10:00,120-04736,2013-01-01 10:00:00
376,2016025616-01136               ,2016-01-14 00:00:00,TH,17:12:00,0,0,0,0,P,N,N,1.0,2,NJ 3                                              ,E,3,6.5,2,2.0,1.0,6.0,5.0,1.0,1.0,N,17:10,120-04736,2016-01-14 17:12:00
377,20170212ER1705312              ,2017-06-13 00:00:00,TU,9:23:00,0,0,0,0,P,N,N,1.0,2,NJ 3                                              ,E,3,7.9,2,2.0,1.0,1.0,1.0,2.0,1.0,N,9:25,120-04733,2017-06-13 09:23:00
378,201302562013-000038            ,2013-01-01 00:00:00,TU,22:55:00,0,1,0,0,I,N,N,11.0,1,NJ 3                                              ,E,3,6.3,2,2.0,1.0,6.0,1.0,1.0,2.0,N,22:55,120-04736,2013-01-01 22:55:00
379,2014025614-05236               ,2014-03-04 00:00:00,TU,20:20:00,0,1,0,0,I,N,N,7.0,3,NJ 3                                              ,E,3,6.4,2,5.0,7.0,6.0,1.0,1.0,1.0,N,20:20,120-04736,2014-03-04 20:20:00
380,201302562013-000039            ,2013-01-01 00:00:00,TU,23:16:00,0,0,0,0,P,N,N,15.0,1,NJ 3                                              ,E,3,6.2,2,2.0,1.0,6.0,1.0,1.0,2.0,N,23:15,120N04737,2013-01-01 23:16:00
382,20180212ER-18-09220            ,2018-11-21 00:00:00,WE,6:25:00,0,0,0,0,P,N,N,2.0,2,NJ 3                                              ,E,3,7.8,2,2.0,1.0,2.0,1.0,1.0,1.0,N,6:25,120-04733,2018-11-21 06:25:00
384,2016025616-01384               ,2016-01-17 00:00:00,S ,20:33:00,0,0,0,0,P,N,N,11.0,1,NJ 3                                              ,E,3,6.5,2,2.0,4.0,6.0,3.0,5.0,1.0,N,20:35,120-04736,2016-01-17 20:33:00
387,2014025614-05523               ,2014-03-08 00:00:00,SA,16:25:00,0,0,0,0,P,N,N,8.0,2,NJ 3                                              ,E,3,6.2,2,2.0,1.0,1.0,1.0,1.0,1.0,N,16:25,120N04737,2014-03-08 16:25:00
388,2017025617-00175               ,2017-01-03 00:00:00,TU,17:33:00,0,0,0,0,P,N,N,2.0,2,NJ 3                                              ,E,3,5.97,2,2.0,2.0,6.0,2.0,5.0,1.0,N,17:35,120N04737,2017-01-03 17:33:00
389,201302562013-000251            ,2013-01-07 00:00:00,M ,12:20:00,0,2,0,0,I,N,N,99.0,2,NJ 3                                              ,E,3,6.2,2,2.0,1.0,1.0,1.0,5.0,1.0,N,12:20,120N04737,2013-01-07 12:20:00
390,2015025615-05699               ,2015-03-01 00:00:00,S ,14:12:00,0,0,0,0,P,N,N,11.0,1,NJ 3                                              ,E,3,6.4,2,2.0,3.0,1.0,3.0,3.0,1.0,N,14:10,120-04736,2015-03-01 14:12:00
391,20180212ER-18-09382            ,2018-11-27 00:00:00,TU,9:36:00,0,1,0,0,I,N,N,1.0,2,NJ 3                                              ,E,3,7.9,2,2.0,1.0,1.0,1.0,3.0,1.0,N,9:35,120-04733,2018-11-27 09:36:00
392,20180212ER-18-09383            ,2018-11-27 00:00:00,TU,5:48:00,0,0,0,0,P,N,N,3.0,2,NJ 3                                              ,E,3,7.4,2,2.0,1.0,1.0,1.0,1.0,,N,5:50,120-04734,2018-11-27 05:48:00
393,2016025616-01853               ,2016-01-23 00:00:00,SA,7:48:00,0,0,0,0,P,N,N,1.0,2,NJ 3                                              ,E,3,5.0,2,2.0,3.0,1.0,3.0,1.0,1.0,N,7:50,120N04738,2016-01-23 07:48:00
394,2014025614-05793               ,2014-03-12 00:00:00,W ,15:27:00,0,3,0,0,I,N,N,11.0,3,NJ 3                                              ,E,3,5.7,2,2.0,1.0,1.0,5.0,1.0,2.0,N,15:25,120-04737,2014-03-12 15:27:00
395,2017025617-00575               ,2017-01-09 00:00:00,MO,8:38:00,0,0,0,0,P,N,N,1.0,2,NJ 3                                              ,E,3,6.0,2,2.0,1.0,1.0,1.0,1.0,1.0,N,8:40,120N04737,2017-01-09 08:38:00
396,2015025615-05711               ,2015-03-01 00:00:00,S ,16:35:00,0,1,0,0,I,N,N,10.0,1,NJ 3                                              ,E,3,6.1,2,2.0,3.0,1.0,3.0,1.0,1.0,N,16:35,120N04737,2015-03-01 16:35:00
397,20180212ER-18-09385            ,2018-11-27 00:00:00,TU,7:31:00,0,0,0,0,P,N,N,2.0,2,NJ 3                                              ,E,3,8.2,2,2.0,1.0,1.0,1.0,1.0,1.0,N,7:30,120N04733,2018-11-27 07:31:00
398,2017025617-00649               ,2017-01-10 00:00:00,TU,6:36:00,0,0,0,0,P,N,N,1.0,2,NJ 3                                              ,E,3,6.0,2,2.0,1.0,2.0,1.0,1.0,1.0,N,6:35,120N04737,2017-01-10 06:36:00
399,2016025616-02399               ,2016-01-28 00:00:00,TH,19:10:00,0,0,0,0,P,N,N,1.0,2,NJ 3                                              ,E,3,6.2,2,2.0,1.0,4.0,1.0,1.0,1.0,N,19:10,120N04737,2016-01-28 19:10:00
400,20180212ER-18-09417            ,2018-11-28 00:00:00,WE,7:26:00,0,0,0,0,P,N,N,1.0,4,NJ 3                                              ,E,3,8.1,2,2.0,1.0,1.0,1.0,5.0,1.0,N,7:25,120-04733,2018-11-28 07:26:00
401,2016025616-02472               ,2016-01-29 00:00:00,F ,16:11:00,0,1,0,0,I,N,N,2.0,2,NJ 3                                              ,E,3,6.2,2,2.0,1.0,1.0,1.0,1.0,1.0,N,16:10,120N04737,2016-01-29 16:11:00
402,201302562013-000524            ,2013-01-14 00:00:00,M ,6:59:00,0,2,0,0,I,N,N,3.0,4,NJ 3                                              ,E,3,6.5,2,2.0,2.0,2.0,5.0,4.0,1.0,N,7:00,120-04736,2013-01-14 06:59:00
403,2017025617-00909               ,2017-01-13 00:00:00,FR,7:15:00,0,0,0,0,P,N,N,1.0,2,NJ 3                                              ,E,3,6.5,2,2.0,1.0,1.0,1.0,1.0,1.0,N,7:15,120-04736,2017-01-13 07:15:00
404,201302562013-000630            ,2013-01-16 00:00:00,W ,10:32:00,0,0,0,0,P,N,N,11.0,1,NJ 3                                              ,E,3,6.5,2,2.0,2.0,1.0,2.0,2.0,1.0,N,10:30,120-04736,2013-01-16 10:32:00
405,2017025617-00913               ,2017-01-13 00:00:00,FR,7:53:00,0,1,0,0,I,N,N,1.0,3,NJ 3                                              ,E,3,6.8,2,2.0,1.0,1.0,1.0,1.0,1.0,N,7:55,120N04736,2017-01-13 07:53:00
406,2016025616-02527               ,2016-01-30 00:00:00,SA,7:45:00,0,1,0,0,I,N,N,10.0,1,NJ 3                                              ,E,3,5.4,2,2.0,1.0,1.0,1.0,1.0,1.0,N,7:45,120-04737,2016-01-30 07:45:00
407,2017025617-00958               ,2017-01-13 00:00:00,FR,14:16:00,0,0,0,0,P,N,N,2.0,3,NJ 3                                              ,E,3,6.4,2,2.0,1.0,1.0,1.0,1.0,1.0,N,14:15,120-04736,2017-01-13 14:16:00
408,2015025615-06117               ,2015-03-05 00:00:00,TH,14:58:00,0,2,0,0,I,N,N,2.0,2,NJ 3                                              ,E,3,5.0,2,2.0,3.0,1.0,3.0,1.0,1.0,N,15:00,120N04738,2015-03-05 14:58:00
409,201302562013-000670            ,2013-01-17 00:00:00,TH,15:50:00,0,0,0,0,P,N,N,1.0,2,NJ 3                                              ,E,3,5.1,2,2.0,1.0,1.0,1.0,1.0,2.0,N,15:50,120N04738,2013-01-17 15:50:00
410,2017025617-00994               ,2017-01-14 00:00:00,SA,4:17:00,0,2,0,0,I,N,N,11.0,1,NJ 3                                              ,E,3,6.4,2,2.0,1.0,6.0,1.0,1.0,1.0,N,4:15,120-04736,2017-01-14 04:17:00
411,20180212ER-18-09465            ,2018-11-29 00:00:00,TH,8:06:00,0,0,0,0,P,N,N,1.0,2,NJ 3                                              ,E,3,7.2,2,2.0,1.0,1.0,1.0,1.0,1.0,N,8:05,120-04734,2018-11-29 08:06:00
412,2015025615-06187               ,2015-03-06 00:00:00,F ,8:17:00,0,0,0,0,P,N,N,11.0,2,NJ 3                                              ,E,3,5.0,2,2.0,4.0,1.0,1.0,5.0,1.0,N,8:15,120N04738,2015-03-06 08:17:00
413,201302562013-000716            ,2013-01-18 00:00:00,F ,14:00:00,0,0,0,0,P,N,N,2.0,2,NJ 3                                              ,E,3,5.1,2,2.0,1.0,1.0,1.0,1.0,2.0,N,14:00,120N04738,2013-01-18 14:00:00
414,2016025616-03474               ,2016-02-11 00:00:00,TH,13:32:00,0,0,0,0,P,N,N,11.0,1,NJ 3                                              ,E,3,6.2,2,2.0,1.0,1.0,1.0,2.0,1.0,N,13:30,120N04737,2016-02-11 13:32:00
415,2016025616-03775               ,2016-02-16 00:00:00,TU,5:35:00,0,0,0,0,P,N,N,11.0,1,NJ 3                                              ,E,3,6.0,2,2.0,2.0,6.0,2.0,1.0,1.0,N,5:35,120N04737,2016-02-16 05:35:00
416,2016025616-04368               ,2016-02-23 00:00:00,TU,20:02:00,0,0,0,0,P,N,N,1.0,2,NJ 3                                              ,E,3,5.93,2,2.0,2.0,6.0,2.0,1.0,1.0,N,20:00,120N04737,2016-02-23 20:02:00
417,2014025614-07410               ,2014-04-03 00:00:00,TH,6:25:00,0,1,0,0,I,N,N,1.0,3,NJ 3                                              ,E,3,5.0,2,2.0,1.0,1.0,1.0,1.0,2.0,N,6:25,120N04738,2014-04-03 06:25:00
418,2018025618-00592               ,2018-01-07 00:00:00,SU,3:17:00,0,0,0,0,P,N,N,10.0,1,NJ 3                                              ,E,3,5.4,2,2.0,1.0,6.0,1.0,1.0,1.0,N,3:15,120-04737,2018-01-07 03:17:00
419,2018025618-00617               ,2018-01-07 00:00:00,SU,12:31:00,0,0,0,0,P,N,N,2.0,2,NJ 3                                              ,E,3,5.0,2,2.0,1.0,1.0,1.0,1.0,1.0,N,12:30,120N04738,2018-01-07 12:31:00
420,2014025614-07473               ,2014-04-03 00:00:00,TH,20:01:00,0,1,0,0,I,N,N,11.0,1,NJ 3                                              ,E,3,6.5,2,2.0,1.0,6.0,1.0,2.0,1.0,N,20:00,120-04736,2014-04-03 20:01:00
421,201302562013-000868            ,2013-01-22 00:00:00,TU,7:40:00,0,0,0,0,P,N,N,1.0,2,NJ 3                                              ,E,3,6.0,2,2.0,1.0,1.0,1.0,3.0,1.0,N,7:40,120N04737,2013-01-22 07:40:00
423,2018025618-00658               ,2018-01-08 00:00:00,MO,8:55:00,0,0,0,0,P,N,N,1.0,2,NJ 3                                              ,E,3,6.0,2,2.0,1.0,1.0,1.0,1.0,1.0,N,8:55,120N04737,2018-01-08 08:55:00
424,2015025615-06944               ,2015-03-16 00:00:00,M ,7:37:00,0,0,0,0,P,N,N,1.0,2,NJ 3                                              ,E,3,6.4,2,2.0,1.0,1.0,1.0,1.0,1.0,N,7:35,120-04736,2015-03-16 07:37:00
425,2016025616-04934               ,2016-03-02 00:00:00,W ,17:35:00,0,0,0,0,P,N,N,2.0,2,NJ 3                                              ,E,3,6.8,2,1.0,1.0,3.0,1.0,1.0,1.0,N,17:35,120N04736,2016-03-02 17:35:00
426,2018025618-00859               ,2018-01-10 00:00:00,WE,8:34:00,0,0,0,0,P,N,N,1.0,2,NJ 3                                              ,E,3,5.6,2,2.0,1.0,1.0,1.0,1.0,1.0,N,8:35,120-04737,2018-01-10 08:34:00
427,2017025617-01667               ,2017-01-25 00:00:00,WE,8:01:00,0,0,0,0,P,N,N,1.0,2,NJ 3                                              ,E,3,6.0,2,2.0,1.0,1.0,1.0,1.0,1.0,N,8:00,120N04737,2017-01-25 08:01:00
428,2016025616-05385               ,2016-03-09 00:00:00,W ,8:43:00,0,1,0,0,I,N,N,1.0,3,NJ 3                                              ,E,3,5.1,2,2.0,1.0,1.0,1.0,1.0,1.0,N,8:45,120N04738,2016-03-09 08:43:00
429,2014025614-07739               ,2014-04-07 00:00:00,M ,20:00:00,0,0,0,0,P,N,N,11.0,2,NJ 3                                              ,E,3,6.0,2,2.0,2.0,6.0,2.0,1.0,2.0,N,20:00,120N04737,2014-04-07 20:00:00
430,2015025615-07330               ,2015-03-20 00:00:00,F ,19:00:00,0,0,0,0,P,N,N,11.0,1,NJ 3                                              ,E,3,6.2,2,2.0,3.0,6.0,3.0,1.0,1.0,N,19:00,120N04737,2015-03-20 19:00:00
431,201302562013-000911            ,2013-01-23 00:00:00,W ,7:00:00,0,1,0,0,I,N,N,15.0,2,NJ 3                                              ,E,3,6.5,2,2.0,1.0,1.0,1.0,1.0,1.0,N,7:00,120-04736,2013-01-23 07:00:00
433,2016025616-05389               ,2016-03-09 00:00:00,W ,9:22:00,0,0,0,0,P,N,N,1.0,2,NJ 3                                              ,E,3,5.1,2,2.0,1.0,1.0,1.0,1.0,1.0,N,9:20,120N04738,2016-03-09 09:22:00
434,2015025615-07586               ,2015-03-24 00:00:00,TU,7:14:00,0,0,0,0,P,N,N,1.0,2,NJ 3                                              ,E,3,6.0,2,2.0,1.0,1.0,1.0,1.0,1.0,N,7:15,120N04737,2015-03-24 07:14:00
435,2015025615-07634               ,2015-03-24 00:00:00,TU,17:35:00,0,0,0,0,P,N,N,15.0,3,NJ 3                                              ,E,3,5.0,2,2.0,1.0,1.0,1.0,1.0,1.0,N,17:35,120N04738,2015-03-24 17:35:00
436,2017025617-02093               ,2017-01-31 00:00:00,TU,16:22:00,0,0,0,0,P,N,N,1.0,2,NJ 3                                              ,E,3,5.99,2,2.0,2.0,1.0,3.0,5.0,1.0,N,16:20,120N04737,2017-01-31 16:22:00
437,2016025616-05585               ,2016-03-11 00:00:00,F ,17:06:00,0,1,0,0,I,N,N,1.0,2,NJ 3                                              ,E,3,6.0,2,2.0,1.0,1.0,1.0,1.0,1.0,N,17:05,120N04737,2016-03-11 17:06:00
438,2015025615-07856               ,2015-03-27 00:00:00,F ,4:50:00,0,0,0,0,P,N,N,11.0,1,NJ 3                                              ,E,3,6.5,2,2.0,2.0,6.0,2.0,1.0,1.0,N,4:50,120-04736,2015-03-27 04:50:00
439,2017025617-02104               ,2017-01-31 00:00:00,TU,18:39:00,0,0,0,0,P,N,N,1.0,2,NJ 3                                              ,E,3,6.5,2,2.0,2.0,6.0,1.0,1.0,1.0,N,18:40,120-04736,2017-01-31 18:39:00
440,2015025615-08651               ,2015-04-06 00:00:00,M ,3:58:00,0,0,0,0,P,Y,N,11.0,1,NJ 3                                              ,E,3,6.2,2,2.0,1.0,6.0,1.0,1.0,1.0,N,4:00,120N04737,2015-04-06 03:58:00
441,2016025616-05649               ,2016-03-12 00:00:00,SA,2:39:00,0,3,0,0,I,Y,N,11.0,3,NJ 3                                              ,E,3,6.2,2,2.0,1.0,7.0,1.0,1.0,1.0,N,2:40,120N04737,2016-03-12 02:39:00
442,201302562013-001039            ,2013-01-25 00:00:00,F ,17:39:00,0,0,0,0,P,N,N,1.0,2,NJ 3                                              ,E,3,6.5,2,1.0,3.0,6.0,3.0,1.0,1.0,N,17:40,120-04736,2013-01-25 17:39:00
443,2014025614-08204               ,2014-04-14 00:00:00,M ,19:46:00,0,0,0,0,P,N,N,2.0,2,NJ 3                                              ,E,3,6.5,2,2.0,1.0,3.0,1.0,1.0,1.0,N,19:45,120-04736,2014-04-14 19:46:00
444,2017025617-02105               ,2017-01-31 00:00:00,TU,18:47:00,0,1,0,0,I,N,N,11.0,2,NJ 3                                              ,E,3,6.8,2,1.0,2.0,6.0,5.0,1.0,1.0,N,18:45,120N04736,2017-01-31 18:47:00
445,201302562013-001112            ,2013-01-28 00:00:00,M ,8:00:00,0,0,0,0,P,N,N,2.0,2,NJ 3                                              ,E,3,4.95,2,2.0,1.0,1.0,1.0,5.0,2.0,N,8:00,120-04738,2013-01-28 08:00:00
446,2018025618-01365               ,2018-01-17 00:00:00,WE,7:00:00,0,0,0,0,P,N,N,2.0,2,NJ 3                                              ,E,3,6.0,2,2.0,3.0,1.0,3.0,1.0,1.0,N,7:00,120N04737,2018-01-17 07:00:00
447,2017025617-02302               ,2017-02-03 00:00:00,FR,5:32:00,0,0,0,0,P,N,N,2.0,2,NJ 3                                              ,E,3,6.4,2,2.0,1.0,2.0,1.0,1.0,1.0,N,5:30,120-04736,2017-02-03 05:32:00
448,2016025616-05660               ,2016-03-12 00:00:00,SA,7:20:00,0,1,0,0,I,N,N,11.0,1,NJ 3                                              ,E,3,6.5,2,2.0,1.0,1.0,1.0,1.0,1.0,N,7:20,120-04736,2016-03-12 07:20:00
449,2015025615-08894               ,2015-04-10 00:00:00,F ,4:27:00,0,1,0,0,I,N,N,11.0,1,NJ 3                                              ,E,3,6.36,2,2.0,2.0,6.0,2.0,1.0,1.0,N,4:25,120-04736,2015-04-10 04:27:00
450,2017025617-02321               ,2017-02-03 00:00:00,FR,10:18:00,0,1,0,0,I,N,N,1.0,3,NJ 3                                              ,E,3,6.5,2,2.0,1.0,1.0,1.0,1.0,1.0,N,10:20,120-04736,2017-02-03 10:18:00
451,2018025618-01463               ,2018-01-18 00:00:00,TH,9:42:00,0,0,0,0,P,N,N,1.0,2,NJ 3                                              ,E,3,6.8,2,2.0,1.0,1.0,1.0,1.0,1.0,N,9:40,120N04736,2018-01-18 09:42:00
452,201302562013-001335            ,2013-02-02 00:00:00,SA,12:49:00,0,0,0,0,P,N,N,2.0,2,NJ 3                                              ,E,3,5.0,2,2.0,1.0,1.0,1.0,1.0,2.0,N,12:50,120N04738,2013-02-02 12:49:00
453,2018025618-01598               ,2018-01-19 00:00:00,FR,15:59:00,0,0,0,0,P,N,N,1.0,2,NJ 3                                              ,E,3,5.93,2,2.0,1.0,1.0,1.0,5.0,1.0,N,16:00,120N04737,2018-01-19 15:59:00
454,2015025615-09705               ,2015-04-21 00:00:00,TU,8:21:00,0,0,0,0,P,N,N,1.0,2,NJ 3                                              ,E,3,6.1,2,2.0,2.0,1.0,1.0,1.0,1.0,N,8:20,120N04737,2015-04-21 08:21:00
455,2018025618-01833               ,2018-01-23 00:00:00,TU,7:37:00,0,0,0,0,P,N,N,2.0,2,NJ 3                                              ,E,3,6.6,2,2.0,2.0,1.0,2.0,1.0,1.0,N,7:35,120-04736,2018-01-23 07:37:00
456,2016025616-05985               ,2016-03-16 00:00:00,W ,17:17:00,0,0,0,0,P,N,N,1.0,2,NJ 3                                              ,E,3,5.95,2,2.0,1.0,1.0,1.0,5.0,2.0,N,17:15,120N04737,2016-03-16 17:17:00
457,2017025617-02740               ,2017-02-09 00:00:00,TH,11:34:00,0,0,0,0,P,N,N,11.0,1,NJ 3                                              ,E,3,6.5,2,2.0,3.0,1.0,3.0,1.0,1.0,N,11:35,120-04736,2017-02-09 11:34:00
458,2014025614-09052               ,2014-04-26 00:00:00,SA,2:09:00,0,0,0,0,P,N,N,1.0,2,NJ 3                                              ,E,3,6.6,2,2.0,2.0,6.0,2.0,1.0,1.0,N,2:10,120-04736,2014-04-26 02:09:00
460,2015025615-10178               ,2015-04-27 00:00:00,M ,6:06:00,0,1,0,0,I,N,N,1.0,2,NJ 3                                              ,E,3,6.0,2,2.0,1.0,1.0,1.0,1.0,1.0,N,6:05,120N04737,2015-04-27 06:06:00
461,2016025616-06735               ,2016-03-25 00:00:00,F ,14:08:00,0,1,0,0,I,N,N,3.0,3,NJ 3                                              ,E,3,5.3,2,1.0,1.0,1.0,5.0,1.0,1.0,N,14:10,120-04737,2016-03-25 14:08:00
462,2017025617-03068               ,2017-02-14 00:00:00,TU,8:18:00,0,0,0,0,P,N,N,1.0,2,NJ 3                                              ,E,3,6.5,2,2.0,1.0,1.0,1.0,1.0,1.0,N,8:20,120-04736,2017-02-14 08:18:00
463,2014025614-09433               ,2014-05-01 00:00:00,TH,8:31:00,0,0,0,0,P,N,N,1.0,2,NJ 3                                              ,E,3,5.3,2,2.0,2.0,1.0,2.0,1.0,2.0,N,8:30,120-04737,2014-05-01 08:31:00
464,2016025616-06807               ,2016-03-26 00:00:00,SA,11:48:00,0,0,0,0,P,N,N,2.0,2,NJ 3                                              ,E,3,6.8,2,2.0,1.0,1.0,1.0,1.0,1.0,N,11:50,120N04736,2016-03-26 11:48:00
465,2018025618-02423               ,2018-01-30 00:00:00,TU,21:21:00,0,0,0,0,P,N,N,2.0,2,NJ 3                                              ,E,3,6.5,2,1.0,1.0,6.0,1.0,1.0,1.0,N,21:20,120-04736,2018-01-30 21:21:00
466,2015025615-10768               ,2015-05-04 00:00:00,M ,21:41:00,0,0,0,0,P,N,N,1.0,2,NJ 3                                              ,E,3,6.8,2,1.0,1.0,6.0,1.0,1.0,1.0,N,21:40,120N04736,2015-05-04 21:41:00
467,2018025618-02461               ,2018-01-31 00:00:00,WE,8:42:00,0,0,0,0,P,N,N,1.0,2,NJ 3                                              ,E,3,5.0,2,2.0,1.0,1.0,1.0,1.0,1.0,N,8:40,120N04738,2018-01-31 08:42:00
468,2016025616-07558               ,2016-04-04 00:00:00,M ,17:56:00,0,2,0,0,I,N,N,11.0,1,NJ 3                                              ,E,3,6.4,2,2.0,2.0,1.0,2.0,1.0,1.0,N,17:55,120-04736,2016-04-04 17:56:00
469,2015025615-10772               ,2015-05-04 00:00:00,M ,22:11:00,0,1,0,0,I,N,N,1.0,2,NJ 3                                              ,E,3,6.8,2,1.0,1.0,6.0,1.0,1.0,1.0,N,22:10,120N04736,2015-05-04 22:11:00
470,2017025617-03581               ,2017-02-22 00:00:00,WE,6:25:00,0,0,0,0,P,N,N,1.0,3,NJ 3                                              ,E,3,6.1,2,2.0,1.0,1.0,1.0,1.0,1.0,N,6:25,120N04737,2017-02-22 06:25:00
471,2016025616-07809               ,2016-04-07 00:00:00,TH,14:52:00,0,0,0,0,P,N,N,11.0,1,NJ 3                                              ,E,3,6.5,2,2.0,2.0,1.0,2.0,5.0,1.0,N,14:50,120-04736,2016-04-07 14:52:00