,CRASH_ID,DATE,DAY,TIME,KILLED,INJURED,PED_KILL,PED_INJ,SEVERITY,ALCOHOL,HAZMAT,CRASH_TYPE,VEH_COUNT,LOCATION,LOC_DIR,ROUTE,MP,RD_SYS,RD_SURF,SURF_COND,LIGHT,WEATHER,RD_DIV,RD_WRKZN,CELL_USE,TIME_ROUND,TMC,timestamp
473,2017025617-03585               ,2017-02-22 00:00:00,WE,6:41:00,0,1,0,0,I,N,N,1.0,4,NJ 3                                              ,E,3,6.3,2,2.0,1.0,1.0,5.0,1.0,1.0,N,6:40,120-04736,2017-02-22 06:41:00
474,2015025615-11145               ,2015-05-08 00:00:00,F ,17:36:00,0,1,0,0,I,Y,N,11.0,1,NJ 3                                              ,E,3,6.4,2,2.0,1.0,1.0,1.0,3.0,1.0,N,17:35,120-04736,2015-05-08 17:36:00
475,201302562013-002310            ,2013-02-24 00:00:00,S ,9:23:00,0,0,0,0,P,N,N,11.0,1,NJ 3                                              ,E,3,6.5,2,2.0,2.0,1.0,1.0,2.0,1.0,N,9:25,120-04736,2013-02-24 09:23:00
476,2016025616-08212               ,2016-04-12 00:00:00,TU,19:42:00,0,0,0,0,P,N,N,2.0,2,NJ 3                                              ,E,3,5.6,2,2.0,1.0,6.0,1.0,1.0,1.0,N,19:40,120-04737,2016-04-12 19:42:00
477,201302562013-002319            ,2013-02-24 00:00:00,S ,15:00:00,0,1,0,0,I,N,N,11.0,1,NJ 3                                              ,E,3,6.2,2,2.0,1.0,1.0,1.0,1.0,2.0,N,15:00,120N04737,2013-02-24 15:00:00
478,2017025617-03590               ,2017-02-22 00:00:00,WE,6:54:00,0,1,0,0,I,N,N,2.0,3,NJ 3                                              ,E,3,6.3,2,2.0,1.0,1.0,5.0,1.0,1.0,N,6:55,120-04736,2017-02-22 06:54:00
479,2015025615-11435               ,2015-05-12 00:00:00,TU,17:14:00,0,4,0,0,I,N,N,2.0,3,NJ 3                                              ,E,3,6.0,2,2.0,1.0,1.0,1.0,5.0,1.0,N,17:15,120N04737,2015-05-12 17:14:00
480,2016025616-08237               ,2016-04-13 00:00:00,W ,6:30:00,0,0,0,0,P,N,N,1.0,2,NJ 3                                              ,E,3,6.3,2,2.0,1.0,1.0,1.0,1.0,1.0,N,6:30,120-04736,2016-04-13 06:30:00
481,201302562013-002345            ,2013-02-25 00:00:00,M ,5:32:00,0,0,0,0,P,N,N,15.0,2,NJ 3                                              ,E,3,5.3,2,2.0,1.0,6.0,1.0,1.0,2.0,N,5:30,120-04737,2013-02-25 05:32:00
482,2014025614-10166               ,2014-05-10 00:00:00,SA,12:57:00,0,0,0,0,P,N,N,2.0,2,NJ 3                                              ,E,3,6.0,2,2.0,1.0,1.0,1.0,1.0,1.0,N,12:55,120N04737,2014-05-10 12:57:00
483,2015025615-11555               ,2015-05-14 00:00:00,TH,6:50:00,0,1,0,0,I,N,N,1.0,2,NJ 3                                              ,E,3,6.5,2,2.0,1.0,1.0,1.0,1.0,1.0,N,6:50,120-04736,2015-05-14 06:50:00
484,2016025616-08239               ,2016-04-13 00:00:00,W ,6:45:00,0,0,0,0,P,N,N,15.0,2,NJ 3                                              ,E,3,6.5,2,2.0,1.0,1.0,1.0,1.0,1.0,N,6:45,120-04736,2016-04-13 06:45:00
485,2015025615-11556               ,2015-05-14 00:00:00,TH,7:12:00,0,0,0,0,P,N,N,1.0,2,NJ 3                                              ,E,3,5.2,2,2.0,1.0,1.0,1.0,1.0,1.0,N,7:10,120N04738,2015-05-14 07:12:00
486,201302562013-002350            ,2013-02-25 00:00:00,M ,8:39:00,0,0,0,0,P,N,N,1.0,2,NJ 3                                              ,E,3,6.0,2,2.0,1.0,1.0,1.0,1.0,2.0,N,8:40,120N04737,2013-02-25 08:39:00
487,2017025617-03732               ,2017-02-24 00:00:00,FR,8:16:00,0,0,0,0,P,N,N,1.0,2,NJ 3                                              ,E,3,6.2,2,2.0,1.0,1.0,1.0,5.0,1.0,N,8:15,120N04737,2017-02-24 08:16:00
488,2018025618-03083               ,2018-02-07 00:00:00,WE,10:40:00,0,0,0,0,P,N,N,11.0,1,NJ 3                                              ,E,3,6.4,2,2.0,3.0,1.0,3.0,5.0,1.0,N,10:40,120-04736,2018-02-07 10:40:00
489,2014025614-10221               ,2014-05-11 00:00:00,S ,2:55:00,0,0,0,0,P,N,N,11.0,1,NJ 3                                              ,E,3,6.5,2,2.0,2.0,6.0,1.0,1.0,1.0,N,2:55,120-04736,2014-05-11 02:55:00
490,201302562013-002351            ,2013-02-25 00:00:00,M ,8:48:00,0,0,0,0,P,N,N,1.0,3,NJ 3                                              ,E,3,5.8,2,2.0,1.0,1.0,1.0,1.0,1.0,N,8:50,120N04737,2013-02-25 08:48:00
491,2015025615-11561               ,2015-05-14 00:00:00,TH,9:02:00,0,1,0,0,I,N,N,1.0,2,NJ 3                                              ,E,3,6.3,2,2.0,1.0,1.0,1.0,1.0,1.0,N,9:00,120-04736,2015-05-14 09:02:00
492,2015025615-12407               ,2015-05-24 00:00:00,S ,13:14:00,0,3,0,0,I,N,N,2.0,2,NJ 3                                              ,E,3,5.0,2,2.0,1.0,1.0,1.0,1.0,1.0,N,13:15,120N04738,2015-05-24 13:14:00
493,2017025617-03861               ,2017-02-25 00:00:00,SA,23:55:00,0,0,0,0,P,N,N,2.0,2,NJ 3                                              ,E,3,6.2,2,2.0,1.0,6.0,1.0,1.0,1.0,N,23:55,120N04737,2017-02-25 23:55:00
494,2014025614-10386               ,2014-05-13 00:00:00,TU,8:14:00,0,0,0,0,P,N,N,2.0,2,NJ 3                                              ,E,3,6.6,2,2.0,1.0,1.0,1.0,1.0,1.0,N,8:15,120-04736,2014-05-13 08:14:00
495,2015025615-12541               ,2015-05-26 00:00:00,TU,8:44:00,0,0,0,0,P,N,N,3.0,2,NJ 3                                              ,E,3,0.0,2,2.0,1.0,1.0,1.0,5.0,1.0,N,8:45,120-07448,2015-05-26 08:44:00
496,2016025616-08888               ,2016-04-21 00:00:00,TH,8:53:00,0,0,0,0,P,N,N,2.0,2,NJ 3                                              ,E,3,6.2,2,2.0,1.0,1.0,1.0,1.0,1.0,N,8:55,120N04737,2016-04-21 08:53:00
497,2018025618-03796               ,2018-02-16 00:00:00,FR,3:49:00,0,0,0,0,P,N,N,6.0,2,NJ 3                                              ,E,3,6.4,2,2.0,2.0,6.0,2.0,1.0,2.0,N,3:50,120-04736,2018-02-16 03:49:00
498,2016025616-08949               ,2016-04-22 00:00:00,F ,7:20:00,0,0,0,0,P,N,N,1.0,2,NJ 3                                              ,E,3,6.4,2,2.0,1.0,1.0,1.0,1.0,1.0,N,7:20,120-04736,2016-04-22 07:20:00
499,2015025615-12991               ,2015-06-01 00:00:00,M ,1:44:00,0,0,0,0,P,N,N,1.0,2,NJ 3                                              ,E,3,6.5,2,2.0,2.0,6.0,2.0,5.0,1.0,N,1:45,120-04736,2015-06-01 01:44:00
500,2018025618-04085               ,2018-02-20 00:00:00,TU,6:11:00,0,0,0,0,P,N,N,1.0,2,NJ 3                                              ,E,3,6.5,2,2.0,2.0,2.0,2.0,1.0,1.0,N,6:10,120-04736,2018-02-20 06:11:00
501,2014025614-10901               ,2014-05-20 00:00:00,TU,13:31:00,0,2,0,0,I,N,N,11.0,2,NJ 3                                              ,E,3,5.6,2,2.0,1.0,1.0,1.0,1.0,2.0,N,13:30,120-04737,2014-05-20 13:31:00
502,2017025617-04233               ,2017-03-03 00:00:00,FR,9:19:00,0,0,0,0,P,N,N,1.0,2,NJ 3                                              ,E,3,6.8,2,1.0,1.0,1.0,1.0,2.0,1.0,N,9:20,120N04736,2017-03-03 09:19:00
503,2018025618-04503               ,2018-02-25 00:00:00,SU,4:02:00,0,0,0,0,P,N,N,11.0,1,NJ 3                                              ,E,3,6.4,2,2.0,2.0,6.0,2.0,1.0,1.0,N,4:00,120-04736,2018-02-25 04:02:00
505,2014025614-11251               ,2014-05-24 00:00:00,SA,12:49:00,0,0,0,0,P,N,N,1.0,2,NJ 3                                              ,E,3,5.5,2,2.0,1.0,1.0,1.0,1.0,2.0,N,12:50,120-04737,2014-05-24 12:49:00
506,2017025617-04570               ,2017-03-08 00:00:00,WE,10:34:00,0,0,0,0,P,N,N,15.0,2,NJ 3                                              ,E,3,6.1,2,2.0,1.0,1.0,1.0,1.0,1.0,N,10:35,120N04737,2017-03-08 10:34:00
508,2018025618-04901               ,2018-03-02 00:00:00,FR,17:18:00,0,0,0,0,P,N,N,2.0,2,NJ 3                                              ,E,3,6.0,2,2.0,2.0,3.0,7.0,1.0,1.0,N,17:20,120N04737,2018-03-02 17:18:00
509,2015025615-13957               ,2015-06-12 00:00:00,F ,15:42:00,0,0,0,0,P,N,N,1.0,2,NJ 3                                              ,E,3,5.0,2,2.0,1.0,1.0,1.0,1.0,1.0,N,15:40,120N04738,2015-06-12 15:42:00
510,2018025618-05116               ,2018-03-06 00:00:00,TU,6:45:00,0,0,0,0,P,N,N,2.0,2,NJ 3                                              ,E,3,5.2,2,2.0,1.0,1.0,1.0,1.0,1.0,N,6:45,120N04738,2018-03-06 06:45:00
511,2016025616-09739               ,2016-05-02 00:00:00,M ,21:01:00,0,0,0,0,P,N,N,2.0,2,NJ 3                                              ,E,3,6.7,2,1.0,1.0,6.0,1.0,1.0,1.0,N,21:00,120N04736,2016-05-02 21:01:00
513,2017025617-04990               ,2017-03-14 00:00:00,TU,6:00:00,0,0,0,0,P,N,N,11.0,1,NJ 3                                              ,E,3,5.8,2,2.0,3.0,2.0,3.0,1.0,1.0,N,6:00,120N04737,2017-03-14 06:00:00
514,2018025618-05118               ,2018-03-06 00:00:00,TU,7:12:00,0,0,0,0,P,N,N,1.0,2,NJ 3                                              ,E,3,6.0,2,2.0,1.0,1.0,1.0,1.0,1.0,N,7:10,120N04737,2018-03-06 07:12:00
515,2015025615-13960               ,2015-06-12 00:00:00,F ,16:07:00,0,1,0,0,I,N,N,1.0,3,NJ 3                                              ,E,3,6.5,2,2.0,1.0,1.0,1.0,1.0,1.0,N,16:05,120-04736,2015-06-12 16:07:00
516,2018025618-05177               ,2018-03-07 00:00:00,WE,2:00:00,0,0,0,0,P,N,N,11.0,1,NJ 3                                              ,E,3,5.0,2,2.0,2.0,7.0,2.0,1.0,1.0,N,2:00,120N04738,2018-03-07 02:00:00
517,2017025617-05011               ,2017-03-14 00:00:00,TU,7:43:00,0,0,0,0,P,N,N,11.0,1,NJ 3                                              ,E,3,6.0,2,2.0,3.0,1.0,3.0,1.0,5.0,N,7:45,120N04737,2017-03-14 07:43:00
518,2017025617-05030               ,2017-03-14 00:00:00,TU,12:44:00,0,0,0,0,P,N,N,11.0,1,NJ 3                                              ,E,3,6.0,2,2.0,5.0,1.0,7.0,1.0,1.0,N,12:45,120N04737,2017-03-14 12:44:00
519,2017025617-05044               ,2017-03-14 00:00:00,TU,18:00:00,0,1,0,0,I,N,N,11.0,1,NJ 3                                              ,E,3,6.4,2,2.0,3.0,1.0,7.0,1.0,1.0,N,18:00,120-04736,2017-03-14 18:00:00
520,2018025618-05348               ,2018-03-08 00:00:00,TH,8:11:00,0,0,0,0,P,N,N,2.0,2,NJ 3                                              ,E,3,6.8,2,2.0,5.0,1.0,1.0,1.0,1.0,N,8:10,120N04736,2018-03-08 08:11:00
522,2017025617-05212               ,2017-03-16 00:00:00,TH,17:23:00,0,0,0,0,P,N,N,1.0,2,NJ 3                                              ,E,3,5.0,2,2.0,1.0,1.0,1.0,1.0,1.0,N,17:25,120N04738,2017-03-16 17:23:00
523,2015025615-14376               ,2015-06-18 00:00:00,TH,9:50:00,0,0,0,0,P,N,N,2.0,2,NJ 3                                              ,E,3,6.8,2,2.0,1.0,1.0,5.0,1.0,1.0,N,9:50,120N04736,2015-06-18 09:50:00
524,2018025618-05858               ,2018-03-15 00:00:00,TH,6:45:00,0,0,0,0,P,N,N,1.0,2,NJ 3                                              ,E,3,6.0,2,2.0,1.0,1.0,1.0,1.0,1.0,N,6:45,120N04737,2018-03-15 06:45:00
525,2015025615-14737               ,2015-06-22 00:00:00,M ,8:49:00,0,2,0,0,I,N,N,3.0,2,NJ 3                                              ,E,3,6.02,2,2.0,1.0,1.0,1.0,5.0,1.0,N,8:50,120N04737,2015-06-22 08:49:00
526,2017025617-05581               ,2017-03-22 00:00:00,WE,8:06:00,0,0,0,0,P,N,N,1.0,3,NJ 3                                              ,E,3,5.9,2,2.0,1.0,1.0,1.0,1.0,1.0,N,8:05,120N04737,2017-03-22 08:06:00
527,2017025617-05907               ,2017-03-27 00:00:00,MO,7:52:00,0,1,0,0,I,N,N,1.0,2,NJ 3                                              ,E,3,5.7,2,2.0,2.0,1.0,2.0,1.0,1.0,N,7:50,120-04737,2017-03-27 07:52:00
528,2018025618-06197               ,2018-03-19 00:00:00,MO,5:56:00,0,0,0,0,P,N,N,2.0,2,NJ 3                                              ,E,3,5.8,2,2.0,1.0,6.0,1.0,1.0,2.0,N,5:55,120N04737,2018-03-19 05:56:00
529,2016025616-10090               ,2016-05-07 00:00:00,SA,2:37:00,0,0,0,0,P,N,N,11.0,1,NJ 3                                              ,E,3,6.5,2,2.0,2.0,5.0,2.0,1.0,1.0,N,2:35,120-04736,2016-05-07 02:37:00
530,2015025615-14958               ,2015-06-25 00:00:00,TH,7:50:00,0,0,0,0,P,N,N,2.0,2,NJ 3                                              ,E,3,5.0,2,2.0,1.0,1.0,1.0,1.0,1.0,N,7:50,120N04738,2015-06-25 07:50:00
531,2018025618-06226               ,2018-03-19 00:00:00,MO,14:16:00,0,0,0,0,P,N,N,8.0,2,NJ 3                                              ,E,3,6.2,2,2.0,1.0,1.0,1.0,2.0,2.0,N,14:15,120N04737,2018-03-19 14:16:00
532,2016025616-10107               ,2016-05-07 00:00:00,SA,7:27:00,0,0,0,0,P,N,N,11.0,1,NJ 3                                              ,E,3,6.4,2,2.0,2.0,1.0,2.0,5.0,1.0,N,7:25,120-04736,2016-05-07 07:27:00
533,2016025616-10210               ,2016-05-08 00:00:00,S ,7:43:00,0,0,0,0,P,N,N,11.0,1,NJ 3                                              ,E,3,6.4,2,2.0,2.0,1.0,2.0,1.0,1.0,N,7:45,120-04736,2016-05-08 07:43:00
534,2017025617-06006               ,2017-03-28 00:00:00,TU,20:09:00,0,0,0,0,P,N,N,11.0,2,NJ 3                                              ,E,3,6.5,2,2.0,2.0,6.0,2.0,1.0,1.0,N,20:10,120-04736,2017-03-28 20:09:00
535,2015025615-15401               ,2015-07-01 00:00:00,W ,8:48:00,0,0,0,0,P,N,N,1.0,2,NJ 3                                              ,E,3,6.8,2,1.0,1.0,1.0,1.0,2.0,1.0,N,8:50,120N04736,2015-07-01 08:48:00
537,201302562013-004013            ,2013-04-08 00:00:00,M ,11:32:00,0,0,0,0,P,N,N,15.0,2,NJ 3                                              ,E,3,6.5,2,2.0,1.0,1.0,1.0,5.0,1.0,N,11:30,120-04736,2013-04-08 11:32:00
538,2015025615-15775               ,2015-07-06 00:00:00,M ,14:57:00,0,0,0,0,P,N,N,2.0,2,NJ 3                                              ,E,3,6.5,2,2.0,1.0,1.0,1.0,1.0,1.0,N,14:55,120-04736,2015-07-06 14:57:00
539,2017025617-06397               ,2017-04-04 00:00:00,TU,4:05:00,0,0,0,0,P,N,N,11.0,1,NJ 3                                              ,E,3,5.6,2,2.0,2.0,6.0,2.0,1.0,1.0,N,4:05,120-04737,2017-04-04 04:05:00
540,2015025615-15830               ,2015-07-07 00:00:00,TU,12:44:00,0,2,0,0,I,N,N,11.0,2,NJ 3                                              ,E,3,6.8,2,2.0,1.0,1.0,1.0,1.0,1.0,N,12:45,120N04736,2015-07-07 12:44:00
541,201302562013-004107            ,2013-04-10 00:00:00,W ,11:00:00,0,1,0,0,I,N,N,11.0,1,NJ 3                                              ,E,3,5.6,2,2.0,1.0,1.0,1.0,1.0,2.0,N,11:00,120-04737,2013-04-10 11:00:00
542,2018025618-06945               ,2018-03-28 00:00:00,WE,9:35:00,0,0,0,0,P,N,N,2.0,2,NJ 3                                              ,E,3,5.7,2,2.0,1.0,1.0,1.0,1.0,2.0,N,9:35,120-04737,2018-03-28 09:35:00
543,2017025617-06534               ,2017-04-06 00:00:00,TH,7:30:00,0,1,0,0,I,N,N,1.0,3,NJ 3                                              ,E,3,6.5,2,1.0,2.0,1.0,2.0,1.0,1.0,N,7:30,120-04736,2017-04-06 07:30:00
544,2017025617-06542               ,2017-04-06 00:00:00,TH,8:21:00,0,0,0,0,P,N,N,1.0,2,NJ 3                                              ,E,3,5.1,2,2.0,2.0,1.0,2.0,1.0,1.0,N,8:20,120N04738,2017-04-06 08:21:00
545,2018025618-07034               ,2018-03-29 00:00:00,TH,9:47:00,0,0,0,0,P,N,N,2.0,2,NJ 3                                              ,E,3,5.1,2,2.0,2.0,1.0,2.0,1.0,2.0,N,9:45,120N04738,2018-03-29 09:47:00
546,2015025615-16368               ,2015-07-14 00:00:00,TU,8:16:00,0,0,0,0,P,N,N,1.0,2,NJ 3                                              ,E,3,6.0,2,2.0,1.0,1.0,1.0,1.0,1.0,N,8:15,120N04737,2015-07-14 08:16:00
547,2016025616-11248               ,2016-05-21 00:00:00,SA,5:52:00,0,0,0,0,P,N,N,1.0,2,NJ 3                                              ,E,3,6.2,2,2.0,1.0,1.0,1.0,1.0,1.0,N,5:50,120N04737,2016-05-21 05:52:00
548,201302562013-004351            ,2013-04-16 00:00:00,TU,6:48:00,0,0,0,0,P,N,N,1.0,2,NJ 3                                              ,E,3,5.0,2,2.0,1.0,1.0,1.0,1.0,2.0,N,6:50,120N04738,2013-04-16 06:48:00
549,2015025615-16956               ,2015-07-22 00:00:00,W ,12:39:00,0,0,0,0,P,N,N,1.0,3,NJ 3                                              ,E,3,5.0,2,2.0,1.0,1.0,1.0,1.0,1.0,N,12:40,120N04738,2015-07-22 12:39:00
550,2017025617-06544               ,2017-04-06 00:00:00,TH,9:01:00,0,0,0,0,P,N,N,1.0,2,NJ 3                                              ,E,3,5.0,2,1.0,2.0,1.0,2.0,1.0,1.0,N,9:00,120N04738,2017-04-06 09:01:00
551,2017025617-06668               ,2017-04-08 00:00:00,SA,6:47:00,0,0,0,0,P,N,N,99.0,2,NJ 3                                              ,E,3,5.1,2,2.0,1.0,1.0,1.0,1.0,1.0,N,6:45,120N04738,2017-04-08 06:47:00
552,2014025614-13315               ,2014-06-20 00:00:00,F ,20:01:00,0,0,0,0,P,N,N,2.0,2,NJ 3                                              ,E,3,6.8,2,2.0,1.0,1.0,1.0,1.0,1.0,N,20:00,120N04736,2014-06-20 20:01:00
553,2018025618-07370               ,2018-04-03 00:00:00,TU,6:06:00,0,0,0,0,P,N,N,2.0,2,NJ 3                                              ,E,3,5.3,2,2.0,2.0,6.0,1.0,1.0,2.0,N,6:05,120-04737,2018-04-03 06:06:00
554,201302562013-004439            ,2013-04-18 00:00:00,TH,8:18:00,0,0,0,0,P,N,N,2.0,3,NJ 3                                              ,E,3,5.7,2,2.0,1.0,1.0,1.0,1.0,2.0,N,8:20,120-04737,2013-04-18 08:18:00
555,2017025617-06684               ,2017-04-08 00:00:00,SA,12:08:00,0,0,0,0,P,N,N,1.0,2,NJ 3                                              ,E,3,6.4,2,2.0,1.0,1.0,1.0,1.0,1.0,N,12:10,120-04736,2017-04-08 12:08:00
556,2014025614-13327               ,2014-06-20 00:00:00,F ,23:22:00,0,0,0,0,P,N,N,2.0,2,NJ 3                                              ,E,3,6.5,2,2.0,1.0,1.0,1.0,1.0,1.0,N,23:20,120-04736,2014-06-20 23:22:00
557,2016025616-11922               ,2016-05-30 00:00:00,M ,1:00:00,0,0,0,0,P,N,N,11.0,1,NJ 3                                              ,E,3,6.8,2,2.0,2.0,6.0,2.0,1.0,1.0,N,1:00,120N04736,2016-05-30 01:00:00
558,201302562013-004539            ,2013-04-20 00:00:00,SA,2:17:00,0,2,0,0,I,N,N,1.0,2,NJ 3                                              ,E,3,5.0,2,2.0,2.0,6.0,2.0,1.0,2.0,N,2:15,120N04738,2013-04-20 02:17:00
559,2015025615-17177               ,2015-07-25 00:00:00,SA,10:30:00,0,0,0,0,P,N,N,2.0,2,NJ 3                                              ,E,3,6.2,2,2.0,1.0,1.0,1.0,1.0,1.0,N,10:30,120N04737,2015-07-25 10:30:00
560,2014025614-13345               ,2014-06-21 00:00:00,SA,5:53:00,0,0,0,0,P,N,N,1.0,2,NJ 3                                              ,E,3,6.4,2,2.0,1.0,1.0,1.0,1.0,2.0,N,5:55,120-04736,2014-06-21 05:53:00
561,2017025617-06828               ,2017-04-10 00:00:00,MO,18:21:00,0,0,0,0,P,N,N,2.0,2,NJ 3                                              ,E,3,6.5,2,2.0,1.0,1.0,1.0,1.0,1.0,N,18:20,120-04736,2017-04-10 18:21:00
562,2018025618-07565               ,2018-04-05 00:00:00,TH,8:02:00,0,0,0,0,P,N,N,2.0,3,NJ 3                                              ,E,3,5.6,2,2.0,1.0,1.0,1.0,1.0,2.0,N,8:00,120-04737,2018-04-05 08:02:00
563,2015025615-17183               ,2015-07-25 00:00:00,SA,11:13:00,0,0,0,0,P,N,N,2.0,2,NJ 3                                              ,E,3,6.2,2,2.0,1.0,1.0,1.0,1.0,1.0,N,11:15,120N04737,2015-07-25 11:13:00
564,2015025615-17184               ,2015-07-25 00:00:00,SA,11:36:00,0,0,0,0,P,N,N,15.0,2,NJ 3                                              ,E,3,6.2,2,2.0,1.0,1.0,1.0,1.0,1.0,N,11:35,120N04737,2015-07-25 11:36:00
565,2016025616-12210               ,2016-06-02 00:00:00,TH,16:13:00,0,0,0,0,P,N,N,1.0,3,NJ 3                                              ,E,3,6.4,2,2.0,1.0,1.0,1.0,3.0,1.0,N,16:15,120-04736,2016-06-02 16:13:00
566,2018025618-07646               ,2018-04-06 00:00:00,FR,9:52:00,0,0,0,0,P,N,N,2.0,2,NJ 3                                              ,E,3,6.4,2,2.0,2.0,1.0,2.0,1.0,2.0,N,9:50,120-04736,2018-04-06 09:52:00
567,2014025614-13440               ,2014-06-22 00:00:00,S ,8:45:00,0,0,0,0,P,N,N,11.0,1,NJ 3                                              ,E,3,5.6,2,2.0,1.0,1.0,1.0,1.0,2.0,N,8:45,120-04737,2014-06-22 08:45:00
568,2018025618-07666               ,2018-04-06 00:00:00,FR,12:26:00,0,0,0,0,P,N,N,1.0,2,NJ 3                                              ,E,3,5.95,2,2.0,2.0,1.0,5.0,5.0,1.0,N,12:25,120N04737,2018-04-06 12:26:00
569,2016025616-12610               ,2016-06-08 00:00:00,W ,6:57:00,0,2,0,0,I,N,N,1.0,2,NJ 3                                              ,E,3,6.0,2,2.0,1.0,1.0,1.0,1.0,1.0,N,6:55,120N04737,2016-06-08 06:57:00
570,2018025618-07858               ,2018-04-09 00:00:00,MO,5:50:00,0,1,0,0,I,N,N,1.0,3,NJ 3                                              ,E,3,5.3,2,2.0,1.0,1.0,1.0,1.0,1.0,N,5:50,120-04737,2018-04-09 05:50:00
571,2015025615-17925               ,2015-08-04 00:00:00,TU,16:41:00,0,0,0,0,P,N,N,1.0,2,NJ 3                                              ,E,3,5.99,2,2.0,1.0,1.0,1.0,5.0,1.0,N,16:40,120N04737,2015-08-04 16:41:00
572,2014025614-13578               ,2014-06-24 00:00:00,TU,13:31:00,0,0,0,0,P,N,N,15.0,2,NJ 3                                              ,E,3,6.2,2,2.0,1.0,1.0,1.0,5.0,1.0,N,13:30,120N04737,2014-06-24 13:31:00
573,2018025618-07865               ,2018-04-09 00:00:00,MO,8:02:00,0,0,0,0,P,N,N,2.0,2,NJ 3                                              ,E,3,6.5,2,2.0,1.0,1.0,1.0,1.0,1.0,N,8:00,120-04736,2018-04-09 08:02:00
574,2018025618-07935               ,2018-04-10 00:00:00,TU,8:40:00,0,0,0,0,P,N,N,2.0,2,NJ 3                                              ,E,3,5.7,2,2.0,1.0,1.0,1.0,1.0,2.0,N,8:40,120-04737,2018-04-10 08:40:00
575,2014025614-13627               ,2014-06-25 00:00:00,W ,13:10:00,0,0,0,0,P,N,N,99.0,1,NJ 3                                              ,E,3,6.2,2,2.0,1.0,1.0,1.0,1.0,2.0,N,13:10,120N04737,2014-06-25 13:10:00
576,2016025616-13224               ,2016-06-16 00:00:00,TH,5:39:00,0,0,0,0,P,N,N,11.0,1,NJ 3                                              ,E,3,6.5,2,1.0,2.0,2.0,2.0,1.0,1.0,N,5:40,120-04736,2016-06-16 05:39:00
577,2015025615-18042               ,2015-08-06 00:00:00,TH,10:22:00,0,0,0,0,P,N,N,2.0,2,NJ 3                                              ,E,3,6.8,2,2.0,1.0,1.0,1.0,1.0,1.0,N,10:20,120N04736,2015-08-06 10:22:00
578,2018025618-08043               ,2018-04-11 00:00:00,WE,18:39:00,0,0,0,0,P,N,N,1.0,2,NJ 3                                              ,E,3,5.0,2,1.0,1.0,1.0,1.0,1.0,1.0,N,18:40,120N04738,2018-04-11 18:39:00
579,201302562013-004981            ,2013-04-29 00:00:00,M ,23:02:00,0,1,0,0,I,N,N,11.0,1,NJ 3                                              ,E,3,6.5,2,1.0,1.0,6.0,5.0,5.0,1.0,N,23:00,120-04736,2013-04-29 23:02:00
580,2017025617-07518               ,2017-04-20 00:00:00,TH,4:33:00,0,0,0,0,P,N,N,11.0,1,NJ 3                                              ,E,3,6.5,2,1.0,2.0,6.0,2.0,1.0,1.0,N,4:35,120-04736,2017-04-20 04:33:00
581,2017025617-07913               ,2017-04-26 00:00:00,WE,10:31:00,0,0,0,0,P,N,N,1.0,2,NJ 3                                              ,E,3,5.0,2,2.0,2.0,1.0,2.0,1.0,1.0,N,10:30,120N04738,2017-04-26 10:31:00
582,2014025614-13955               ,2014-06-30 00:00:00,M ,19:39:00,0,0,0,0,P,N,N,11.0,1,NJ 3                                              ,E,3,6.5,2,2.0,1.0,1.0,1.0,1.0,2.0,N,19:40,120-04736,2014-06-30 19:39:00
583,201302562013-005091            ,2013-05-02 00:00:00,TH,9:26:00,0,1,0,0,I,N,N,1.0,3,NJ 3                                              ,E,3,6.6,2,2.0,1.0,1.0,1.0,5.0,1.0,N,9:25,120-04736,2013-05-02 09:26:00
584,2018025618-08311               ,2018-04-15 00:00:00,SU,11:01:00,0,1,0,0,I,N,N,1.0,2,NJ 3                                              ,E,3,5.0,2,2.0,1.0,1.0,1.0,1.0,1.0,N,11:00,120N04738,2018-04-15 11:01:00
586,2017025617-07977               ,2017-04-27 00:00:00,TH,6:12:00,0,0,0,0,P,N,N,2.0,2,NJ 3                                              ,E,3,5.6,2,2.0,2.0,1.0,5.0,1.0,1.0,N,6:10,120-04737,2017-04-27 06:12:00
587,2016025616-13555               ,2016-06-20 00:00:00,M ,6:33:00,0,0,0,0,P,N,N,1.0,2,NJ 3                                              ,E,3,6.2,2,2.0,1.0,1.0,1.0,1.0,1.0,N,6:35,120N04737,2016-06-20 06:33:00
588,2015025615-20272               ,2015-09-05 00:00:00,SA,11:30:00,0,1,0,0,I,N,N,2.0,2,NJ 3                                              ,E,3,6.1,2,2.0,1.0,1.0,1.0,1.0,1.0,N,11:30,120N04737,2015-09-05 11:30:00