,CRASH_ID,DATE,DAY,TIME,KILLED,INJURED,PED_KILL,PED_INJ,SEVERITY,ALCOHOL,HAZMAT,CRASH_TYPE,VEH_COUNT,LOCATION,LOC_DIR,ROUTE,MP,RD_SYS,RD_SURF,SURF_COND,LIGHT,WEATHER,RD_DIV,RD_WRKZN,CELL_USE,TIME_ROUND,TMC,timestamp
589,2017025617-08044               ,2017-04-27 00:00:00,TH,20:37:00,0,0,0,0,P,N,N,11.0,1,NJ 3                                              ,E,3,6.5,2,2.0,1.0,6.0,1.0,1.0,1.0,N,20:35,120-04736,2017-04-27 20:37:00
590,2018025618-08357               ,2018-04-16 00:00:00,MO,8:27:00,0,0,0,0,P,N,N,1.0,2,NJ 3                                              ,E,3,6.5,2,2.0,2.0,1.0,2.0,1.0,1.0,N,8:25,120-04736,2018-04-16 08:27:00
591,2015025615-20273               ,2015-09-05 00:00:00,SA,11:54:00,0,0,0,0,P,N,N,2.0,2,NJ 3                                              ,E,3,6.4,2,2.0,1.0,1.0,1.0,1.0,1.0,N,11:55,120-04736,2015-09-05 11:54:00
592,2017025617-08048               ,2017-04-27 00:00:00,TH,20:53:00,0,0,0,0,P,N,N,15.0,1,NJ 3                                              ,E,3,6.5,2,2.0,1.0,6.0,1.0,1.0,1.0,N,20:55,120-04736,2017-04-27 20:53:00
593,201302562013-005465            ,2013-05-10 00:00:00,F ,7:37:00,0,0,0,0,P,N,N,11.0,2,NJ 3                                              ,E,3,6.2,2,2.0,1.0,1.0,1.0,1.0,2.0,N,7:35,120N04737,2013-05-10 07:37:00
594,2015025615-20502               ,2015-09-08 00:00:00,TU,7:55:00,0,0,0,0,P,N,N,1.0,2,NJ 3                                              ,E,3,6.5,2,2.0,1.0,1.0,1.0,1.0,1.0,N,7:55,120-04736,2015-09-08 07:55:00
595,201302562013-005558            ,2013-05-12 00:00:00,S ,3:48:00,0,0,0,0,P,N,N,11.0,1,NJ 3                                              ,E,3,5.0,2,2.0,1.0,6.0,5.0,1.0,2.0,N,3:50,120N04738,2013-05-12 03:48:00
596,2015025615-20636               ,2015-09-10 00:00:00,TH,7:15:00,0,1,0,0,I,N,N,1.0,2,NJ 3                                              ,E,3,5.6,2,2.0,2.0,1.0,2.0,1.0,1.0,N,7:15,120-04737,2015-09-10 07:15:00
597,2018025618-08725               ,2018-04-21 00:00:00,SA,4:40:00,0,1,0,0,I,N,N,1.0,2,NJ 3                                              ,E,3,6.0,2,2.0,1.0,6.0,1.0,1.0,2.0,Y,4:40,120N04737,2018-04-21 04:40:00
598,2016025616-13867               ,2016-06-23 00:00:00,TH,21:32:00,0,0,0,0,P,N,N,15.0,2,NJ 3                                              ,E,3,6.5,2,2.0,1.0,6.0,1.0,1.0,1.0,N,21:30,120-04736,2016-06-23 21:32:00
599,2014025614-14461               ,2014-07-07 00:00:00,M ,16:33:00,0,0,0,0,P,N,N,1.0,2,NJ 3                                              ,E,3,5.95,2,2.0,1.0,1.0,1.0,5.0,1.0,N,16:35,120N04737,2014-07-07 16:33:00
600,2017025617-08452               ,2017-05-03 00:00:00,WE,7:15:00,0,0,0,0,P,N,N,1.0,2,NJ 3                                              ,E,3,6.1,2,2.0,1.0,1.0,1.0,1.0,1.0,N,7:15,120N04737,2017-05-03 07:15:00
601,2015025615-20696               ,2015-09-10 00:00:00,TH,22:06:00,0,0,0,0,P,N,N,11.0,1,NJ 3                                              ,E,3,6.5,2,2.0,2.0,7.0,5.0,2.0,1.0,N,22:05,120-04736,2015-09-10 22:06:00
602,2018025618-08746               ,2018-04-21 00:00:00,SA,12:53:00,0,0,0,0,P,N,N,1.0,2,NJ 3                                              ,E,3,6.8,2,2.0,1.0,1.0,1.0,1.0,1.0,N,12:55,120N04736,2018-04-21 12:53:00
603,2016025616-13951               ,2016-06-24 00:00:00,F ,21:48:00,0,1,0,0,I,N,N,10.0,1,NJ 3                                              ,E,3,5.7,2,2.0,1.0,6.0,1.0,1.0,1.0,N,21:50,120-04737,2016-06-24 21:48:00
604,2014025614-14517               ,2014-07-08 00:00:00,TU,10:27:00,0,0,0,0,P,N,N,1.0,2,NJ 3                                              ,E,3,6.2,2,2.0,1.0,1.0,1.0,5.0,2.0,N,10:25,120N04737,2014-07-08 10:27:00
605,2017025617-08459               ,2017-05-03 00:00:00,WE,8:40:00,0,3,0,0,I,N,N,1.0,2,NJ 3                                              ,E,3,6.2,2,2.0,1.0,1.0,1.0,1.0,1.0,N,8:40,120N04737,2017-05-03 08:40:00
606,2018025618-08909               ,2018-04-24 00:00:00,TU,1:12:00,0,0,0,0,P,N,N,10.0,1,NJ 3                                              ,E,3,6.36,2,2.0,1.0,6.0,1.0,5.0,1.0,N,1:10,120-04736,2018-04-24 01:12:00
607,2015025615-20699               ,2015-09-10 00:00:00,TH,22:11:00,0,0,0,0,P,N,N,1.0,2,NJ 3                                              ,E,3,6.5,2,2.0,2.0,6.0,5.0,1.0,1.0,N,22:10,120-04736,2015-09-10 22:11:00
608,2018025618-08918               ,2018-04-24 00:00:00,TU,8:52:00,0,0,0,0,P,N,N,2.0,2,NJ 3                                              ,E,3,6.2,2,2.0,1.0,1.0,1.0,1.0,2.0,N,8:50,120N04737,2018-04-24 08:52:00
609,2016025616-14139               ,2016-06-27 00:00:00,M ,22:01:00,0,1,0,0,I,N,N,11.0,1,NJ 3                                              ,E,3,6.6,2,2.0,2.0,6.0,2.0,1.0,1.0,N,22:00,120-04736,2016-06-27 22:01:00
610,2017025617-08620               ,2017-05-05 00:00:00,FR,14:13:00,0,0,0,0,P,N,N,11.0,1,NJ 3                                              ,E,3,6.8,2,2.0,2.0,1.0,2.0,1.0,1.0,N,14:15,120N04736,2017-05-05 14:13:00
612,2018025618-08977               ,2018-04-25 00:00:00,WE,6:12:00,0,2,0,0,I,N,N,1.0,3,NJ 3                                              ,E,3,5.0,2,2.0,2.0,2.0,2.0,1.0,1.0,N,6:10,120N04738,2018-04-25 06:12:00
613,2015025615-21152               ,2015-09-17 00:00:00,TH,7:15:00,0,0,0,0,P,N,N,1.0,2,NJ 3                                              ,E,3,6.1,2,2.0,1.0,1.0,1.0,1.0,1.0,N,7:15,120N04737,2015-09-17 07:15:00
614,2016025616-14236               ,2016-06-29 00:00:00,W ,14:08:00,0,1,0,0,I,N,N,15.0,1,NJ 3                                              ,E,3,5.0,2,1.0,1.0,1.0,1.0,1.0,1.0,N,14:10,120N04738,2016-06-29 14:08:00
615,2018025618-08979               ,2018-04-25 00:00:00,WE,6:21:00,0,1,0,0,I,N,N,1.0,2,NJ 3                                              ,E,3,5.3,2,2.0,2.0,1.0,2.0,1.0,1.0,N,6:20,120-04737,2018-04-25 06:21:00
616,2017025617-08806               ,2017-05-08 00:00:00,MO,9:03:00,0,0,0,0,P,N,N,2.0,2,NJ 3                                              ,E,3,6.1,2,2.0,1.0,1.0,1.0,1.0,1.0,N,9:05,120N04737,2017-05-08 09:03:00
617,2014025614-14813               ,2014-07-12 00:00:00,SA,20:29:00,0,0,0,0,P,N,N,11.0,1,NJ 3                                              ,E,3,6.8,2,1.0,1.0,6.0,1.0,1.0,1.0,N,20:30,120N04736,2014-07-12 20:29:00
618,2016025616-14341               ,2016-07-01 00:00:00,F ,16:39:00,0,1,0,0,I,N,N,11.0,1,NJ 3                                              ,E,3,6.4,2,2.0,2.0,1.0,1.0,3.0,1.0,N,16:40,120-04736,2016-07-01 16:39:00
619,2018025618-09014               ,2018-04-25 00:00:00,WE,16:20:00,0,0,0,0,P,N,N,2.0,2,NJ 3                                              ,E,3,6.5,2,2.0,2.0,1.0,1.0,5.0,1.0,N,16:20,120-04736,2018-04-25 16:20:00
620,2018025618-09119               ,2018-04-27 00:00:00,FR,8:51:00,0,0,0,0,P,N,N,1.0,2,NJ 3                                              ,E,3,5.7,2,2.0,2.0,1.0,2.0,1.0,2.0,N,8:50,120-04737,2018-04-27 08:51:00
621,2016025616-14522               ,2016-07-04 00:00:00,M ,2:49:00,0,1,0,0,I,N,N,11.0,1,NJ 3                                              ,E,3,6.8,2,1.0,1.0,6.0,1.0,1.0,1.0,Y,2:50,120N04736,2016-07-04 02:49:00
622,2018025618-09437               ,2018-05-02 00:00:00,WE,8:49:00,0,0,0,0,P,N,N,1.0,2,NJ 3                                              ,E,3,5.0,2,2.0,1.0,1.0,1.0,1.0,1.0,N,8:50,120N04738,2018-05-02 08:49:00
623,2016025616-14556               ,2016-07-04 00:00:00,M ,17:20:00,0,5,0,0,I,N,N,1.0,3,NJ 3                                              ,E,3,6.2,2,2.0,1.0,1.0,1.0,1.0,1.0,N,17:20,120N04737,2016-07-04 17:20:00
624,2018025618-09438               ,2018-05-02 00:00:00,WE,9:19:00,0,0,0,0,P,N,N,2.0,2,NJ 3                                              ,E,3,5.4,2,2.0,1.0,1.0,1.0,1.0,2.0,N,9:20,120-04737,2018-05-02 09:19:00
625,2017025617-08972               ,2017-05-10 00:00:00,WE,16:05:00,0,1,0,0,I,N,N,1.0,2,NJ 3                                              ,E,3,5.6,2,2.0,1.0,1.0,1.0,1.0,1.0,N,16:05,120-04737,2017-05-10 16:05:00
628,201302562013-006160            ,2013-05-24 00:00:00,F ,19:30:00,0,0,0,0,P,N,N,11.0,1,NJ 3                                              ,E,3,6.4,2,2.0,2.0,3.0,2.0,5.0,1.0,N,19:30,120-04736,2013-05-24 19:30:00
629,201302562013-006282            ,2013-05-28 00:00:00,TU,9:05:00,0,0,0,0,P,N,N,2.0,2,NJ 3                                              ,E,3,6.5,2,2.0,1.0,1.0,5.0,2.0,1.0,N,9:05,120-04736,2013-05-28 09:05:00
631,2018025618-10072               ,2018-05-10 00:00:00,TH,6:41:00,0,0,0,0,P,N,N,1.0,3,NJ 3                                              ,E,3,5.0,2,2.0,1.0,1.0,1.0,1.0,1.0,N,6:40,120N04738,2018-05-10 06:41:00
632,2016025616-14860               ,2016-07-08 00:00:00,F ,14:18:00,0,0,0,0,P,N,N,11.0,1,NJ 3                                              ,E,3,6.0,2,2.0,1.0,1.0,5.0,1.0,1.0,N,14:20,120N04737,2016-07-08 14:18:00
633,2017025617-09214               ,2017-05-14 00:00:00,SU,22:05:00,0,0,0,0,P,N,N,15.0,1,NJ 3                                              ,E,3,6.7,2,2.0,1.0,6.0,1.0,1.0,1.0,N,22:05,120N04736,2017-05-14 22:05:00
634,2014025614-15247               ,2014-07-18 00:00:00,F ,6:36:00,0,0,0,0,P,N,N,1.0,2,NJ 3                                              ,E,3,5.3,2,2.0,1.0,1.0,1.0,1.0,2.0,N,6:35,120-04737,2014-07-18 06:36:00
635,201302562013-006635            ,2013-06-05 00:00:00,W ,14:13:00,0,0,0,0,P,N,N,11.0,1,NJ 3                                              ,E,3,6.0,2,2.0,1.0,1.0,1.0,1.0,2.0,N,14:15,120N04737,2013-06-05 14:13:00
636,2018025618-10167               ,2018-05-11 00:00:00,FR,15:42:00,0,0,0,0,P,N,N,1.0,2,NJ 3                                              ,E,3,6.2,2,2.0,1.0,1.0,1.0,1.0,2.0,N,15:40,120N04737,2018-05-11 15:42:00
637,2017025617-09735               ,2017-05-23 00:00:00,TU,7:42:00,0,0,0,0,P,N,N,1.0,2,NJ 3                                              ,E,3,5.8,2,2.0,1.0,1.0,1.0,1.0,1.0,N,7:40,120N04737,2017-05-23 07:42:00
638,2018025618-10220               ,2018-05-12 00:00:00,SA,2:16:00,0,0,0,0,P,N,N,11.0,1,NJ 3                                              ,E,3,6.3,2,2.0,1.0,6.0,1.0,1.0,1.0,N,2:15,120-04736,2018-05-12 02:16:00
639,2018025618-10255               ,2018-05-12 00:00:00,SA,12:15:00,0,0,0,0,P,N,N,11.0,1,NJ 3                                              ,E,3,6.5,2,1.0,2.0,1.0,2.0,1.0,1.0,N,12:15,120-04736,2018-05-12 12:15:00
640,2015025615-23271               ,2015-10-15 00:00:00,TH,7:33:00,0,0,0,0,P,N,N,1.0,2,NJ 3                                              ,E,3,5.0,2,1.0,1.0,1.0,1.0,1.0,1.0,N,7:35,120N04738,2015-10-15 07:33:00
641,2016025616-15846               ,2016-07-21 00:00:00,TH,8:41:00,0,0,0,0,P,N,N,1.0,2,NJ 3                                              ,E,3,6.0,2,2.0,1.0,1.0,1.0,1.0,1.0,N,8:40,120N04737,2016-07-21 08:41:00
642,201302562013-006700            ,2013-06-07 00:00:00,F ,5:17:00,0,0,0,0,P,N,N,1.0,2,NJ 3                                              ,E,3,6.2,2,2.0,2.0,2.0,2.0,1.0,2.0,N,5:15,120N04737,2013-06-07 05:17:00
643,2018025618-10282               ,2018-05-12 00:00:00,SA,20:27:00,0,0,0,0,P,N,N,2.0,2,NJ 3                                              ,E,3,6.4,2,2.0,2.0,6.0,2.0,1.0,1.0,N,20:25,120-04736,2018-05-12 20:27:00
644,2018025618-10428               ,2018-05-15 00:00:00,TU,6:27:00,0,0,0,0,P,N,N,1.0,2,NJ 3                                              ,E,3,5.7,2,2.0,1.0,1.0,1.0,1.0,1.0,N,6:25,120-04737,2018-05-15 06:27:00
645,2017025617-10003               ,2017-05-26 00:00:00,FR,22:41:00,0,1,0,0,I,Y,N,11.0,1,NJ 3                                              ,E,3,5.0,2,2.0,1.0,6.0,1.0,1.0,1.0,N,22:40,120N04738,2017-05-26 22:41:00
646,2015025615-23324               ,2015-10-15 00:00:00,TH,19:38:00,0,0,0,0,P,N,N,2.0,2,NJ 3                                              ,E,3,5.7,2,2.0,1.0,6.0,1.0,5.0,1.0,N,19:40,120-04737,2015-10-15 19:38:00
647,201302562013-006813            ,2013-06-09 00:00:00,S ,18:45:00,0,1,0,0,I,N,N,11.0,1,NJ 3                                              ,E,3,6.1,2,2.0,1.0,1.0,1.0,1.0,2.0,N,18:45,120N04737,2013-06-09 18:45:00
648,2017025617-10009               ,2017-05-26 00:00:00,FR,23:13:00,0,0,0,0,P,N,N,2.0,2,NJ 3                                              ,E,3,6.6,2,2.0,1.0,6.0,1.0,1.0,1.0,N,23:15,120-04736,2017-05-26 23:13:00
649,2016025616-16042               ,2016-07-24 00:00:00,S ,13:30:00,0,0,0,0,P,N,N,11.0,1,NJ 3                                              ,E,3,6.8,2,2.0,1.0,1.0,1.0,1.0,1.0,N,13:30,120N04736,2016-07-24 13:30:00
650,2018025618-10494               ,2018-05-15 00:00:00,TU,19:04:00,0,0,0,0,P,N,N,11.0,1,NJ 3                                              ,E,3,6.4,2,2.0,2.0,3.0,2.0,5.0,1.0,N,19:05,120-04736,2018-05-15 19:04:00
651,2016025616-16413               ,2016-07-29 00:00:00,F ,22:22:00,0,0,0,0,P,N,N,11.0,1,NJ 3                                              ,E,3,6.5,2,2.0,1.0,6.0,1.0,1.0,1.0,N,22:20,120-04736,2016-07-29 22:22:00
652,2018025618-10529               ,2018-05-16 00:00:00,WE,7:40:00,0,0,0,0,P,N,N,2.0,2,NJ 3                                              ,E,3,5.4,2,2.0,2.0,1.0,2.0,1.0,2.0,N,7:40,120-04737,2018-05-16 07:40:00
653,201302562013-006901            ,2013-06-11 00:00:00,TU,15:11:00,0,0,0,0,P,N,N,1.0,2,NJ 3                                              ,E,3,6.5,2,2.0,1.0,1.0,1.0,1.0,1.0,N,15:10,120-04736,2013-06-11 15:11:00
654,2015025615-23673               ,2015-10-20 00:00:00,TU,7:52:00,0,0,0,0,P,N,N,1.0,3,NJ 3                                              ,E,3,6.5,2,2.0,1.0,1.0,1.0,1.0,1.0,N,7:50,120-04736,2015-10-20 07:52:00
655,2016025616-16469               ,2016-07-30 00:00:00,SA,16:14:00,0,1,0,0,I,N,N,1.0,2,NJ 3                                              ,E,3,6.6,2,2.0,2.0,1.0,2.0,1.0,1.0,N,16:15,120-04736,2016-07-30 16:14:00
656,2018025618-10814               ,2018-05-19 00:00:00,SA,16:43:00,0,0,0,0,P,N,N,11.0,1,NJ 3                                              ,E,3,6.4,2,2.0,2.0,1.0,2.0,2.0,1.0,N,16:45,120-04736,2018-05-19 16:43:00
657,2016025616-16474               ,2016-07-30 00:00:00,SA,17:18:00,0,0,0,0,P,N,N,11.0,1,NJ 3                                              ,E,3,6.5,2,1.0,2.0,1.0,2.0,1.0,1.0,N,17:20,120-04736,2016-07-30 17:18:00
658,2018025618-10865               ,2018-05-20 00:00:00,SU,8:40:00,0,0,0,0,P,N,N,11.0,1,NJ 3                                              ,E,3,6.4,2,2.0,2.0,1.0,2.0,2.0,1.0,N,8:40,120-04736,2018-05-20 08:40:00
659,2016025616-16538               ,2016-07-31 00:00:00,S ,5:54:00,0,0,0,0,P,N,N,11.0,1,NJ 3                                              ,E,3,6.5,2,1.0,2.0,2.0,2.0,1.0,1.0,N,5:55,120-04736,2016-07-31 05:54:00
660,2018025618-10929               ,2018-05-21 00:00:00,MO,9:46:00,0,0,0,0,P,N,N,1.0,3,NJ 3                                              ,E,3,6.5,2,1.0,1.0,1.0,1.0,1.0,1.0,N,9:45,120-04736,2018-05-21 09:46:00
661,2017025617-10965               ,2017-06-10 00:00:00,SA,21:10:00,0,2,0,0,I,N,N,10.0,1,NJ 3                                              ,E,3,5.0,2,2.0,1.0,6.0,1.0,1.0,1.0,N,21:10,120N04738,2017-06-10 21:10:00
662,2018025618-10957               ,2018-05-21 00:00:00,MO,13:16:00,0,0,0,0,P,N,N,2.0,2,NJ 3                                              ,E,3,6.7,2,1.0,1.0,1.0,1.0,1.0,2.0,N,13:15,120N04736,2018-05-21 13:16:00
663,2015025615-24269               ,2015-10-28 00:00:00,W ,9:01:00,0,1,0,0,I,N,N,1.0,2,NJ 3                                              ,E,3,5.95,2,2.0,1.0,1.0,5.0,5.0,1.0,N,9:00,120N04737,2015-10-28 09:01:00
664,2018025618-11123               ,2018-05-23 00:00:00,WE,10:16:00,0,0,0,0,P,N,N,1.0,2,NJ 3                                              ,E,3,6.0,2,2.0,1.0,1.0,1.0,1.0,2.0,N,10:15,120N04737,2018-05-23 10:16:00
665,201302562013-007193            ,2013-06-17 00:00:00,M ,21:54:00,0,0,0,0,P,N,N,11.0,1,NJ 3                                              ,E,3,6.5,2,2.0,1.0,6.0,1.0,1.0,1.0,N,21:55,120-04736,2013-06-17 21:54:00
666,2015025615-24358               ,2015-10-29 00:00:00,TH,1:46:00,0,1,0,0,I,N,N,1.0,2,NJ 3                                              ,E,3,5.6,2,2.0,2.0,6.0,2.0,1.0,1.0,N,1:45,120-04737,2015-10-29 01:46:00
667,2017025617-11240               ,2017-06-15 00:00:00,TH,7:14:00,0,0,0,0,P,N,N,1.0,2,NJ 3                                              ,E,3,6.2,2,2.0,1.0,1.0,1.0,1.0,1.0,N,7:15,120N04737,2017-06-15 07:14:00
668,2017025617-11241               ,2017-06-15 00:00:00,TH,7:19:00,0,0,0,0,P,N,N,1.0,2,NJ 3                                              ,E,3,6.1,2,2.0,1.0,1.0,1.0,1.0,1.0,N,7:20,120N04737,2017-06-15 07:19:00
669,2018025618-11367               ,2018-05-27 00:00:00,SU,6:37:00,0,0,0,0,P,N,N,11.0,1,NJ 3                                              ,E,3,5.8,2,2.0,2.0,1.0,2.0,1.0,2.0,N,6:35,120N04737,2018-05-27 06:37:00
670,2017025617-11274               ,2017-06-15 00:00:00,TH,13:48:00,0,0,0,0,P,N,N,2.0,2,NJ 3                                              ,E,3,6.3,2,2.0,1.0,1.0,1.0,1.0,1.0,N,13:50,120-04736,2017-06-15 13:48:00
671,2015025615-24767               ,2015-11-03 00:00:00,TU,9:11:00,0,2,0,0,I,N,N,1.0,2,NJ 3                                              ,E,3,5.0,2,2.0,1.0,1.0,1.0,1.0,1.0,N,9:10,120N04738,2015-11-03 09:11:00
673,2018025618-11693               ,2018-05-31 00:00:00,TH,22:49:00,0,1,0,0,I,Y,N,8.0,2,NJ 3                                              ,E,3,6.8,2,2.0,2.0,6.0,1.0,1.0,1.0,N,22:50,120N04736,2018-05-31 22:49:00
674,2014025614-17831               ,2014-08-24 00:00:00,S ,20:10:00,0,0,0,0,P,N,N,11.0,1,NJ 3                                              ,E,3,5.2,2,2.0,1.0,7.0,1.0,1.0,2.0,N,20:10,120N04738,2014-08-24 20:10:00
675,2016025616-17749               ,2016-08-18 00:00:00,TH,6:11:00,0,0,0,0,P,N,N,2.0,2,NJ 3                                              ,E,3,6.0,2,2.0,1.0,2.0,1.0,1.0,1.0,N,6:10,120N04737,2016-08-18 06:11:00
676,2015025615-25235               ,2015-11-09 00:00:00,M ,11:18:00,0,0,0,0,P,N,N,2.0,2,NJ 3                                              ,E,3,6.2,2,2.0,1.0,1.0,1.0,1.0,1.0,N,11:20,120N04737,2015-11-09 11:18:00
677,201302562013-007786            ,2013-06-30 00:00:00,S ,2:46:00,0,1,0,0,I,N,N,2.0,3,NJ 3                                              ,E,3,5.3,2,2.0,1.0,6.0,1.0,,2.0,N,2:45,120-04737,2013-06-30 02:46:00
678,2015025615-25288               ,2015-11-10 00:00:00,TU,6:38:00,0,0,0,0,P,N,N,1.0,2,NJ 3                                              ,E,3,6.2,2,2.0,1.0,1.0,5.0,1.0,1.0,N,6:40,120N04737,2015-11-10 06:38:00
679,2017025617-11350               ,2017-06-16 00:00:00,FR,16:22:00,0,1,0,0,I,N,N,1.0,2,NJ 3                                              ,E,3,5.0,2,2.0,1.0,1.0,1.0,1.0,1.0,N,16:20,120N04738,2017-06-16 16:22:00
680,2015025615-25291               ,2015-11-10 00:00:00,TU,7:20:00,0,0,0,0,P,N,N,2.0,2,NJ 3                                              ,E,3,6.0,2,2.0,2.0,1.0,2.0,1.0,1.0,N,7:20,120N04737,2015-11-10 07:20:00
681,2015025615-25305               ,2015-11-10 00:00:00,TU,9:40:00,0,0,0,0,P,N,N,1.0,2,NJ 3                                              ,E,3,5.4,2,2.0,2.0,1.0,2.0,1.0,1.0,N,9:40,120-04737,2015-11-10 09:40:00
682,201302562013-007864            ,2013-07-01 00:00:00,M ,15:20:00,0,1,0,0,I,N,N,11.0,1,NJ 3                                              ,E,3,6.5,2,2.0,2.0,1.0,2.0,5.0,1.0,N,15:20,120-04736,2013-07-01 15:20:00
683,2017025617-11413               ,2017-06-17 00:00:00,SA,14:04:00,0,3,0,0,I,N,N,11.0,1,NJ 3                                              ,E,3,6.5,2,2.0,2.0,1.0,5.0,1.0,1.0,N,14:05,120-04736,2017-06-17 14:04:00
684,2014025614-18759               ,2014-09-07 00:00:00,S ,15:39:00,0,0,0,0,P,N,N,2.0,2,NJ 3                                              ,E,3,6.6,2,2.0,1.0,1.0,1.0,1.0,1.0,N,15:40,120-04736,2014-09-07 15:39:00
685,2014025614-18799               ,2014-09-08 00:00:00,M ,8:17:00,0,0,0,0,P,N,N,2.0,2,NJ 3                                              ,E,3,6.2,2,2.0,1.0,1.0,1.0,1.0,2.0,N,8:15,120N04737,2014-09-08 08:17:00
686,201302562013-007929            ,2013-07-02 00:00:00,TU,20:32:00,0,0,0,0,P,N,N,11.0,1,NJ 3                                              ,E,3,6.5,2,2.0,2.0,6.0,2.0,1.0,1.0,N,20:30,120-04736,2013-07-02 20:32:00
687,2015025615-25549               ,2015-11-13 00:00:00,F ,8:14:00,0,0,0,0,P,N,N,9.0,2,NJ 3                                              ,E,3,6.6,2,2.0,1.0,1.0,1.0,2.0,1.0,N,8:15,120-04736,2015-11-13 08:14:00
688,2016025616-17948               ,2016-08-21 00:00:00,S ,2:00:00,0,0,0,0,P,N,N,1.0,2,NJ 3                                              ,E,3,6.8,2,1.0,1.0,6.0,1.0,1.0,1.0,N,2:00,120N04736,2016-08-21 02:00:00
689,2018025618-12118               ,2018-06-06 00:00:00,WE,9:09:00,0,0,0,0,P,N,N,1.0,2,NJ 3                                              ,E,3,6.8,2,1.0,1.0,1.0,1.0,1.0,1.0,N,9:10,120N04736,2018-06-06 09:09:00
690,2014025614-18944               ,2014-09-10 00:00:00,W ,7:27:00,0,0,0,0,P,N,N,1.0,2,NJ 3                                              ,E,3,5.1,2,2.0,1.0,1.0,1.0,1.0,1.0,N,7:25,120N04738,2014-09-10 07:27:00
691,2017025617-11607               ,2017-06-20 00:00:00,TU,20:13:00,0,0,0,0,P,N,N,15.0,2,NJ 3                                              ,E,3,5.6,2,2.0,1.0,3.0,1.0,1.0,1.0,N,20:15,120-04737,2017-06-20 20:13:00
692,2015025615-25647               ,2015-11-14 00:00:00,SA,19:17:00,0,0,0,0,P,N,N,2.0,2,NJ 3                                              ,E,3,6.2,2,2.0,1.0,6.0,1.0,1.0,1.0,N,19:15,120N04737,2015-11-14 19:17:00
693,2016025616-17955               ,2016-08-21 00:00:00,S ,7:11:00,0,0,0,0,P,N,N,11.0,1,NJ 3                                              ,E,3,6.4,2,2.0,2.0,1.0,2.0,1.0,1.0,N,7:10,120-04736,2016-08-21 07:11:00
694,2018025618-12183               ,2018-06-06 00:00:00,WE,20:57:00,0,1,0,0,I,N,N,10.0,1,NJ 3                                              ,E,3,6.5,2,2.0,2.0,6.0,1.0,1.0,1.0,N,20:55,120-04736,2018-06-06 20:57:00
695,2015025615-25715               ,2015-11-15 00:00:00,S ,19:31:00,0,0,0,0,P,N,N,12.0,1,NJ 3                                              ,E,3,6.2,2,2.0,1.0,6.0,1.0,1.0,1.0,N,19:30,120N04737,2015-11-15 19:31:00
696,2016025616-17995               ,2016-08-21 00:00:00,S ,21:45:00,0,0,0,0,P,N,N,11.0,1,NJ 3                                              ,E,3,6.5,2,1.0,2.0,6.0,2.0,1.0,1.0,N,21:45,120-04736,2016-08-21 21:45:00
697,2017025617-11732               ,2017-06-22 00:00:00,TH,13:50:00,0,1,0,0,I,N,N,1.0,2,NJ 3                                              ,E,3,6.5,2,2.0,1.0,1.0,1.0,1.0,1.0,N,13:50,120-04736,2017-06-22 13:50:00
698,2018025618-12271               ,2018-06-08 00:00:00,FR,6:56:00,0,0,0,0,P,N,N,2.0,3,NJ 3                                              ,E,3,5.7,2,2.0,1.0,1.0,1.0,1.0,3.0,N,6:55,120-04737,2018-06-08 06:56:00
699,2016025616-18104               ,2016-08-23 00:00:00,TU,6:50:00,0,0,0,0,P,N,N,1.0,2,NJ 3                                              ,E,3,6.5,2,2.0,1.0,1.0,1.0,1.0,1.0,N,6:50,120-04736,2016-08-23 06:50:00
700,2018025618-12289               ,2018-06-08 00:00:00,FR,9:34:00,0,0,0,0,P,N,N,2.0,2,NJ 3                                              ,E,3,5.8,2,2.0,1.0,1.0,1.0,5.0,1.0,N,9:35,120N04737,2018-06-08 09:34:00
701,2015025615-25742               ,2015-11-16 00:00:00,M ,7:52:00,0,0,0,0,P,N,N,1.0,3,NJ 3                                              ,E,3,6.1,2,2.0,1.0,1.0,1.0,1.0,1.0,N,7:50,120N04737,2015-11-16 07:52:00
702,2016025616-18107               ,2016-08-23 00:00:00,TU,7:15:00,0,0,0,0,P,N,N,1.0,2,NJ 3                                              ,E,3,6.2,2,2.0,1.0,1.0,1.0,1.0,1.0,N,7:15,120N04737,2016-08-23 07:15:00