,CRASH_ID,DATE,DAY,TIME,KILLED,INJURED,PED_KILL,PED_INJ,SEVERITY,ALCOHOL,HAZMAT,CRASH_TYPE,VEH_COUNT,LOCATION,LOC_DIR,ROUTE,MP,RD_SYS,RD_SURF,SURF_COND,LIGHT,WEATHER,RD_DIV,RD_WRKZN,CELL_USE,TIME_ROUND,TMC,timestamp
703,201302562013-007979            ,2013-07-03 00:00:00,W ,19:06:00,0,0,0,0,P,N,N,11.0,1,NJ 3                                              ,E,3,6.4,2,1.0,2.0,1.0,2.0,1.0,1.0,N,19:05,120-04736,2013-07-03 19:06:00
704,2017025617-11850               ,2017-06-24 00:00:00,SA,7:02:00,0,0,0,0,P,N,N,11.0,1,NJ 3                                              ,E,3,6.5,2,2.0,2.0,1.0,2.0,1.0,1.0,N,7:00,120-04736,2017-06-24 07:02:00
705,2015025615-25863               ,2015-11-17 00:00:00,TU,15:02:00,0,0,0,0,P,N,N,1.0,2,NJ 3                                              ,E,3,5.1,2,2.0,1.0,3.0,1.0,1.0,1.0,N,15:00,120N04738,2015-11-17 15:02:00
706,2014025614-19370               ,2014-09-16 00:00:00,TU,10:02:00,0,0,0,0,P,N,N,1.0,2,NJ 3                                              ,E,3,6.0,2,2.0,2.0,1.0,2.0,1.0,2.0,N,10:00,120N04737,2014-09-16 10:02:00
707,2015025615-25927               ,2015-11-18 00:00:00,W ,7:42:00,0,0,0,0,P,N,N,1.0,3,NJ 3                                              ,E,3,6.1,2,2.0,1.0,1.0,5.0,1.0,1.0,N,7:40,120N04737,2015-11-18 07:42:00
708,2016025616-18294               ,2016-08-25 00:00:00,TH,16:54:00,0,0,0,0,P,N,N,11.0,1,NJ 3                                              ,E,3,6.4,2,2.0,2.0,1.0,2.0,1.0,1.0,Y,16:55,120-04736,2016-08-25 16:54:00
709,2014025614-19528               ,2014-09-18 00:00:00,TH,8:22:00,0,0,0,0,P,N,N,1.0,2,NJ 3                                              ,E,3,5.0,2,2.0,1.0,1.0,1.0,1.0,2.0,N,8:20,120N04738,2014-09-18 08:22:00
710,2015025615-26006               ,2015-11-19 00:00:00,TH,8:35:00,0,0,0,0,P,N,N,1.0,2,NJ 3                                              ,E,3,6.2,2,2.0,1.0,1.0,5.0,1.0,1.0,N,8:35,120N04737,2015-11-19 08:35:00
711,2018025618-12526               ,2018-06-11 00:00:00,MO,10:44:00,0,0,0,0,P,N,N,1.0,2,NJ 3                                              ,E,3,6.4,2,2.0,1.0,1.0,1.0,1.0,1.0,N,10:45,120-04736,2018-06-11 10:44:00
712,2014025614-19557               ,2014-09-18 00:00:00,TH,17:48:00,0,0,0,0,P,N,N,1.0,2,NJ 3                                              ,E,3,6.2,2,2.0,1.0,1.0,1.0,1.0,1.0,N,17:50,120N04737,2014-09-18 17:48:00
713,2017025617-12566               ,2017-07-06 00:00:00,TH,12:21:00,0,0,0,0,P,N,N,2.0,2,NJ 3                                              ,E,3,6.39,2,2.0,1.0,1.0,5.0,5.0,1.0,N,12:20,120-04736,2017-07-06 12:21:00
714,201302562013-008366            ,2013-07-12 00:00:00,F ,13:02:00,0,0,0,0,P,N,N,2.0,2,NJ 3                                              ,E,3,5.0,2,2.0,1.0,1.0,1.0,2.0,2.0,N,13:00,120N04738,2013-07-12 13:02:00
715,2016025616-18827               ,2016-09-01 00:00:00,TH,9:49:00,0,0,0,0,P,N,N,11.0,1,NJ 3                                              ,E,3,6.5,2,1.0,2.0,1.0,2.0,1.0,1.0,N,9:50,120-04736,2016-09-01 09:49:00
716,2014025614-19907               ,2014-09-23 00:00:00,TU,7:35:00,0,0,0,0,P,N,N,1.0,2,NJ 3                                              ,E,3,6.2,2,2.0,1.0,1.0,1.0,1.0,1.0,N,7:35,120N04737,2014-09-23 07:35:00
717,201302562013-008401            ,2013-07-13 00:00:00,SA,8:38:00,0,0,0,0,P,N,N,11.0,1,NJ 3                                              ,E,3,6.5,2,1.0,2.0,1.0,2.0,1.0,1.0,N,8:40,120-04736,2013-07-13 08:38:00
718,2017025617-12617               ,2017-07-07 00:00:00,FR,12:38:00,0,2,0,0,I,N,N,4.0,2,NJ 3                                              ,E,3,6.5,2,2.0,2.0,1.0,1.0,1.0,1.0,N,12:40,120-04736,2017-07-07 12:38:00
719,2018025618-13194               ,2018-06-19 00:00:00,TU,18:56:00,0,0,0,0,P,N,N,2.0,2,NJ 3                                              ,E,3,6.2,2,2.0,1.0,1.0,1.0,1.0,1.0,N,18:55,120N04737,2018-06-19 18:56:00
720,2017025617-12622               ,2017-07-07 00:00:00,FR,14:21:00,0,0,0,0,P,N,N,2.0,2,NJ 3                                              ,E,3,6.5,2,2.0,2.0,1.0,1.0,1.0,1.0,N,14:20,120-04736,2017-07-07 14:21:00
721,2018025618-13274               ,2018-06-21 00:00:00,TH,7:59:00,0,0,0,0,P,N,N,1.0,2,NJ 3                                              ,E,3,6.0,2,2.0,2.0,1.0,5.0,1.0,1.0,N,8:00,120N04737,2018-06-21 07:59:00
722,2018025618-13360               ,2018-06-22 00:00:00,FR,8:36:00,0,0,0,0,P,N,N,2.0,2,NJ 3                                              ,E,3,5.3,2,2.0,1.0,1.0,1.0,1.0,2.0,N,8:35,120-04737,2018-06-22 08:36:00
724,201302562013-008452            ,2013-07-14 00:00:00,S ,7:42:00,0,0,0,0,P,N,N,11.0,1,NJ 3                                              ,E,3,4.0,2,2.0,2.0,1.0,5.0,3.0,1.0,N,7:40,120N04740,2013-07-14 07:42:00
725,2017025617-12739               ,2017-07-09 00:00:00,SU,14:56:00,0,0,0,0,P,N,N,2.0,2,NJ 3                                              ,E,3,6.0,2,2.0,1.0,1.0,1.0,1.0,1.0,N,14:55,120N04737,2017-07-09 14:56:00
726,2016025616-19251               ,2016-09-06 00:00:00,TU,23:35:00,0,0,0,0,P,N,N,11.0,1,NJ 3                                              ,E,3,6.4,2,2.0,2.0,6.0,2.0,1.0,1.0,N,23:35,120-04736,2016-09-06 23:35:00
727,2014025614-20069               ,2014-09-25 00:00:00,TH,14:36:00,0,0,0,0,P,N,N,11.0,1,NJ 3                                              ,E,3,6.5,2,2.0,2.0,1.0,2.0,2.0,2.0,N,14:35,120-04736,2014-09-25 14:36:00
728,2015025615-27093               ,2015-12-02 00:00:00,W ,22:00:00,0,0,0,0,P,N,N,11.0,1,NJ 3                                              ,E,3,6.5,2,2.0,2.0,6.0,2.0,5.0,1.0,N,22:00,120-04736,2015-12-02 22:00:00
729,2014025614-20454               ,2014-09-30 00:00:00,TU,8:10:00,0,0,0,0,P,N,N,2.0,2,NJ 3                                              ,E,3,6.5,2,2.0,1.0,1.0,1.0,1.0,1.0,N,8:10,120-04736,2014-09-30 08:10:00
730,2018025618-14065               ,2018-07-02 00:00:00,MO,8:23:00,0,0,0,0,P,N,N,1.0,2,NJ 3                                              ,E,3,6.0,2,2.0,1.0,1.0,1.0,1.0,2.0,N,8:25,120N04737,2018-07-02 08:23:00
731,201302562013-008580            ,2013-07-17 00:00:00,W ,8:51:00,0,0,0,0,P,N,N,1.0,2,NJ 3                                              ,E,3,5.4,2,2.0,1.0,1.0,1.0,1.0,2.0,N,8:50,120-04737,2013-07-17 08:51:00
733,201302562013-008600            ,2013-07-17 00:00:00,W ,15:38:00,0,0,0,0,P,N,N,15.0,1,NJ 3                                              ,E,3,5.6,2,2.0,1.0,1.0,1.0,1.0,2.0,N,15:40,120-04737,2013-07-17 15:38:00
734,2015025615-27367               ,2015-12-06 00:00:00,S ,10:03:00,0,2,0,0,I,N,N,2.0,2,NJ 3                                              ,E,3,6.2,2,2.0,1.0,1.0,1.0,1.0,1.0,N,10:05,120N04737,2015-12-06 10:03:00
735,2014025614-20797               ,2014-10-04 00:00:00,SA,11:08:00,0,1,0,0,I,N,N,11.0,1,NJ 3                                              ,E,3,6.8,2,2.0,2.0,1.0,2.0,1.0,1.0,N,11:10,120N04736,2014-10-04 11:08:00
736,201302562013-008603            ,2013-07-17 00:00:00,W ,16:07:00,0,0,0,0,P,N,N,15.0,1,NJ 3                                              ,E,3,5.6,2,2.0,1.0,1.0,1.0,1.0,2.0,N,16:05,120-04737,2013-07-17 16:07:00
737,2017025617-13084               ,2017-07-15 00:00:00,SA,6:29:00,0,0,0,0,P,N,N,11.0,1,NJ 3                                              ,E,3,6.36,2,2.0,2.0,1.0,5.0,1.0,1.0,N,6:30,120-04736,2017-07-15 06:29:00
738,2014025614-20801               ,2014-10-04 00:00:00,SA,12:13:00,0,1,0,0,I,N,N,10.0,1,NJ 3                                              ,E,3,6.4,2,2.0,2.0,1.0,2.0,1.0,1.0,N,12:15,120-04736,2014-10-04 12:13:00
739,2017025617-13090               ,2017-07-15 00:00:00,SA,10:18:00,0,0,0,0,P,N,N,1.0,2,NJ 3                                              ,E,3,5.0,2,2.0,1.0,1.0,1.0,1.0,1.0,N,10:20,120N04738,2017-07-15 10:18:00
740,201302562013-008604            ,2013-07-17 00:00:00,W ,15:38:00,0,0,0,0,P,N,N,15.0,1,NJ 3                                              ,E,3,5.6,2,2.0,1.0,1.0,1.0,1.0,2.0,N,15:40,120-04737,2013-07-17 15:38:00
741,2014025614-20983               ,2014-10-06 00:00:00,M ,17:17:00,0,0,0,0,P,N,N,1.0,3,NJ 3                                              ,E,3,6.5,2,2.0,1.0,1.0,1.0,1.0,1.0,N,17:15,120-04736,2014-10-06 17:17:00
742,201302562013-008607            ,2013-07-17 00:00:00,W ,16:16:00,0,0,0,0,P,N,N,15.0,1,NJ 3                                              ,E,3,5.6,2,2.0,1.0,1.0,1.0,1.0,2.0,N,16:15,120-04737,2013-07-17 16:16:00
743,2014025614-21525               ,2014-10-14 00:00:00,TU,13:55:00,0,0,0,0,P,N,N,11.0,1,NJ 3                                              ,E,3,6.36,2,2.0,1.0,1.0,1.0,1.0,1.0,N,13:55,120-04736,2014-10-14 13:55:00
744,2016025616-20125               ,2016-09-19 00:00:00,M ,7:51:00,0,0,0,0,P,N,N,1.0,2,NJ 3                                              ,E,3,5.2,2,2.0,2.0,1.0,2.0,1.0,1.0,N,7:50,120N04738,2016-09-19 07:51:00
745,201302562013-008608            ,2013-07-17 00:00:00,W ,15:38:00,0,0,0,0,P,N,N,15.0,1,NJ 3                                              ,E,3,5.6,2,2.0,1.0,1.0,1.0,1.0,2.0,N,15:40,120-04737,2013-07-17 15:38:00
746,201302562013-008609            ,2013-07-17 00:00:00,W ,15:38:00,0,0,0,0,P,N,N,15.0,1,NJ 3                                              ,E,3,5.6,2,2.0,1.0,1.0,1.0,1.0,2.0,N,15:40,120-04737,2013-07-17 15:38:00
747,2016025616-20380               ,2016-10-27 00:00:00,TH,22:35:00,0,0,0,0,P,N,N,11.0,1,NJ 3                                              ,E,3,6.4,2,2.0,2.0,6.0,2.0,2.0,1.0,N,22:35,120-04736,2016-10-27 22:35:00
748,201302562013-008613            ,2013-07-17 00:00:00,W ,17:03:00,0,0,0,0,P,N,N,2.0,2,NJ 3                                              ,E,3,6.5,2,1.0,1.0,1.0,1.0,1.0,1.0,N,17:05,120-04736,2013-07-17 17:03:00
749,2017025617-13256               ,2017-07-18 00:00:00,TU,8:45:00,0,2,0,0,I,N,N,1.0,4,NJ 3                                              ,E,3,6.7,2,2.0,1.0,1.0,1.0,1.0,1.0,N,8:45,120N04736,2017-07-18 08:45:00
750,2018025618-14921               ,2018-07-14 00:00:00,SA,11:31:00,0,1,0,0,I,N,N,2.0,2,NJ 3                                              ,E,3,5.7,2,2.0,1.0,1.0,1.0,1.0,2.0,N,11:30,120-04737,2018-07-14 11:31:00
751,2014025614-21971               ,2014-10-20 00:00:00,M ,7:12:00,0,0,0,0,P,N,N,1.0,2,NJ 3                                              ,E,3,5.8,2,2.0,1.0,1.0,1.0,1.0,1.0,N,7:10,120N04737,2014-10-20 07:12:00
752,2014025614-21981               ,2014-10-20 00:00:00,M ,8:45:00,0,0,0,0,P,N,N,1.0,2,NJ 3                                              ,E,3,5.0,2,2.0,1.0,1.0,1.0,1.0,1.0,N,8:45,120N04738,2014-10-20 08:45:00
753,2015025615-27839               ,2015-12-12 00:00:00,SA,15:03:00,0,0,0,0,P,N,N,11.0,1,NJ 3                                              ,E,3,5.2,2,2.0,1.0,1.0,1.0,1.0,1.0,N,15:05,120N04738,2015-12-12 15:03:00
754,2017025617-13414               ,2017-07-20 00:00:00,TH,8:13:00,0,1,0,0,I,N,N,2.0,3,NJ 3                                              ,E,3,6.4,2,2.0,1.0,1.0,1.0,1.0,1.0,N,8:15,120-04736,2017-07-20 08:13:00
755,2016025616-20487               ,2016-09-23 00:00:00,F ,12:23:00,0,1,0,0,I,N,N,1.0,2,NJ 3                                              ,E,3,6.7,2,2.0,1.0,1.0,1.0,1.0,1.0,N,12:25,120N04736,2016-09-23 12:23:00
756,2017025617-13420               ,2017-07-20 00:00:00,TH,8:13:00,0,0,0,0,P,N,N,3.0,2,NJ 3                                              ,E,3,6.1,2,2.0,1.0,1.0,1.0,1.0,1.0,N,8:15,120N04737,2017-07-20 08:13:00
758,2014025614-22545               ,2014-10-27 00:00:00,M ,11:54:00,0,1,0,0,I,N,N,11.0,2,NJ 3                                              ,E,3,5.5,2,2.0,1.0,1.0,1.0,1.0,4.0,N,11:55,120-04737,2014-10-27 11:54:00
760,2014025614-22645               ,2014-10-28 00:00:00,TU,18:49:00,0,0,0,0,P,N,N,1.0,2,NJ 3                                              ,E,3,6.5,2,2.0,1.0,6.0,1.0,2.0,1.0,N,18:50,120-04736,2014-10-28 18:49:00
761,2015025615-28020               ,2015-12-14 00:00:00,M ,18:00:00,0,0,0,0,P,N,N,2.0,2,NJ 3                                              ,E,3,0.0,2,2.0,2.0,6.0,2.0,5.0,1.0,N,18:00,120-07448,2015-12-14 18:00:00
762,2017025617-13828               ,2017-07-26 00:00:00,WE,6:44:00,0,0,0,0,P,N,N,1.0,3,NJ 3                                              ,E,3,6.5,2,2.0,1.0,1.0,1.0,1.0,1.0,N,6:45,120-04736,2017-07-26 06:44:00
763,2017025617-13901               ,2017-07-27 00:00:00,TH,9:31:00,0,0,0,0,P,N,N,1.0,2,NJ 3                                              ,E,3,5.0,2,2.0,1.0,1.0,1.0,1.0,1.0,N,9:30,120N04738,2017-07-27 09:31:00
764,2016025616-20787               ,2016-09-27 00:00:00,TU,6:47:00,0,0,0,0,P,N,N,1.0,2,NJ 3                                              ,E,3,6.0,2,2.0,2.0,2.0,2.0,1.0,1.0,N,6:45,120N04737,2016-09-27 06:47:00
765,2014025614-23052               ,2014-11-03 00:00:00,M ,1:19:00,0,0,0,0,P,Y,N,1.0,2,NJ 3                                              ,E,3,6.7,2,1.0,1.0,6.0,1.0,1.0,1.0,N,1:20,120N04736,2014-11-03 01:19:00
767,2016025616-20823               ,2016-09-27 00:00:00,TU,15:51:00,0,0,0,0,P,N,N,2.0,2,NJ 3                                              ,E,3,6.0,2,2.0,1.0,1.0,1.0,1.0,1.0,N,15:50,120N04737,2016-09-27 15:51:00
768,2017025617-14045               ,2017-07-29 00:00:00,SA,13:14:00,0,0,0,0,P,N,N,1.0,2,NJ 3                                              ,E,3,6.02,2,2.0,1.0,1.0,1.0,5.0,1.0,N,13:15,120N04737,2017-07-29 13:14:00
769,2018025618-15661               ,2018-07-25 00:00:00,WE,12:30:00,0,0,0,0,P,N,N,1.0,2,NJ 3                                              ,E,3,5.0,2,1.0,2.0,1.0,2.0,1.0,1.0,N,12:30,120N04738,2018-07-25 12:30:00
770,2015025615-28270               ,2015-12-17 00:00:00,TH,20:01:00,0,1,0,0,I,N,N,1.0,2,NJ 3                                              ,E,3,6.2,2,2.0,2.0,6.0,2.0,1.0,5.0,N,20:00,120N04737,2015-12-17 20:01:00
771,201302562013-009078            ,2013-07-27 00:00:00,SA,18:35:00,0,1,0,0,I,N,N,10.0,1,NJ 3                                              ,E,3,6.4,2,2.0,1.0,1.0,1.0,1.0,1.0,N,18:35,120-04736,2013-07-27 18:35:00
772,201302562013-009130            ,2013-07-29 00:00:00,M ,4:20:00,0,0,0,0,P,N,N,11.0,1,NJ 3                                              ,E,3,6.5,2,1.0,2.0,7.0,1.0,1.0,1.0,N,4:20,120-04736,2013-07-29 04:20:00
773,2015025615-28277               ,2015-12-17 00:00:00,TH,23:01:00,0,0,0,0,P,N,N,11.0,1,NJ 3                                              ,E,3,6.5,2,1.0,2.0,6.0,2.0,2.0,1.0,N,23:00,120-04736,2015-12-17 23:01:00
774,2014025614-23592               ,2014-11-10 00:00:00,M ,6:52:00,0,0,0,0,P,N,N,11.0,1,NJ 3                                              ,E,3,6.5,2,2.0,1.0,1.0,1.0,1.0,1.0,N,6:50,120-04736,2014-11-10 06:52:00
775,2016025616-20956               ,2016-09-29 00:00:00,TH,11:50:00,0,0,0,0,P,N,N,2.0,2,NJ 3                                              ,E,3,6.5,2,2.0,1.0,1.0,5.0,2.0,1.0,N,11:50,120-04736,2016-09-29 11:50:00
776,2014025614-23594               ,2014-11-10 00:00:00,M ,7:53:00,0,1,0,0,I,N,N,1.0,2,NJ 3                                              ,E,3,6.2,2,2.0,1.0,1.0,1.0,2.0,1.0,N,7:55,120N04737,2014-11-10 07:53:00
777,201302562013-009230            ,2013-07-31 00:00:00,W ,5:49:00,0,0,0,0,P,N,N,2.0,2,NJ 3                                              ,E,3,6.5,2,2.0,1.0,1.0,1.0,1.0,1.0,N,5:50,120-04736,2013-07-31 05:49:00
778,2015025615-28336               ,2015-12-18 00:00:00,F ,17:48:00,0,0,0,0,P,N,N,1.0,2,NJ 3                                              ,E,3,6.8,2,2.0,1.0,6.0,1.0,1.0,1.0,N,17:50,120N04736,2015-12-18 17:48:00
779,2017025617-14968               ,2017-08-11 00:00:00,FR,18:37:00,0,1,0,0,I,N,N,1.0,3,NJ 3                                              ,E,3,6.5,2,2.0,1.0,1.0,1.0,1.0,1.0,N,18:35,120-04736,2017-08-11 18:37:00
780,201302562013-009234            ,2013-07-31 00:00:00,W ,7:14:00,0,0,0,0,P,N,N,1.0,2,NJ 3                                              ,E,3,6.8,2,2.0,1.0,1.0,1.0,1.0,2.0,N,7:15,120N04736,2013-07-31 07:14:00
781,2015025615-28357               ,2015-12-18 00:00:00,F ,21:02:00,0,4,0,0,I,N,N,1.0,2,NJ 3                                              ,E,3,6.1,2,2.0,1.0,6.0,1.0,1.0,1.0,N,21:00,120N04737,2015-12-18 21:02:00
782,2014025614-23929               ,2014-11-14 00:00:00,F ,12:15:00,0,2,0,0,I,N,N,2.0,2,NJ 3                                              ,E,3,6.2,2,2.0,1.0,1.0,1.0,1.0,1.0,N,12:15,120N04737,2014-11-14 12:15:00
783,2016025616-21107               ,2016-09-30 00:00:00,F ,22:14:00,0,0,0,0,P,N,N,11.0,1,NJ 3                                              ,E,3,5.4,2,2.0,2.0,6.0,2.0,1.0,1.0,N,22:15,120-04737,2016-09-30 22:14:00
784,201302562013-009339            ,2013-08-02 00:00:00,F ,11:51:00,0,0,0,0,P,N,N,10.0,1,NJ 3                                              ,E,3,6.2,2,2.0,1.0,1.0,1.0,5.0,1.0,N,11:50,120N04737,2013-08-02 11:51:00
785,2015025615-28402               ,2015-12-19 00:00:00,SA,12:32:00,0,4,0,0,I,N,N,11.0,1,NJ 3                                              ,E,3,6.4,2,2.0,1.0,1.0,1.0,1.0,1.0,N,12:30,120-04736,2015-12-19 12:32:00
786,2017025617-15230               ,2017-08-15 00:00:00,TU,15:58:00,0,0,0,0,P,N,N,11.0,1,NJ 3                                              ,E,3,6.4,2,2.0,2.0,1.0,2.0,3.0,1.0,N,16:00,120-04736,2017-08-15 15:58:00
787,201302562013-009363            ,2013-08-02 00:00:00,F ,23:04:00,0,1,0,0,I,N,N,11.0,1,NJ 3                                              ,E,3,6.5,2,1.0,1.0,6.0,1.0,5.0,1.0,N,23:05,120-04736,2013-08-02 23:04:00
788,201302562013-009388            ,2013-08-03 00:00:00,SA,17:40:00,0,1,0,0,I,N,N,10.0,1,NJ 3                                              ,E,3,6.5,2,2.0,1.0,1.0,1.0,1.0,1.0,N,17:40,120-04736,2013-08-03 17:40:00
789,2015025615-28594               ,2015-12-22 00:00:00,TU,9:23:00,0,1,0,0,I,N,N,10.0,1,NJ 3                                              ,E,3,6.5,2,2.0,2.0,1.0,2.0,1.0,1.0,N,9:25,120-04736,2015-12-22 09:23:00
790,2016025616-21536               ,2016-10-07 00:00:00,F ,10:21:00,0,0,0,0,P,N,N,2.0,2,NJ 3                                              ,E,3,6.5,2,2.0,1.0,1.0,1.0,1.0,1.0,N,10:20,120-04736,2016-10-07 10:21:00
791,2015025615-28616               ,2015-12-22 00:00:00,TU,13:44:00,0,1,0,0,I,N,N,11.0,1,NJ 3                                              ,E,3,6.5,2,2.0,2.0,1.0,2.0,5.0,1.0,N,13:45,120-04736,2015-12-22 13:44:00
792,2014025614-24171               ,2014-11-18 00:00:00,TU,10:58:00,0,0,0,0,P,N,N,11.0,1,NJ 3                                              ,E,3,6.0,2,2.0,1.0,1.0,1.0,1.0,1.0,N,11:00,120N04737,2014-11-18 10:58:00
793,2016025616-21624               ,2016-10-08 00:00:00,SA,16:28:00,0,0,0,0,P,N,N,11.0,1,NJ 3                                              ,E,3,6.3,2,2.0,2.0,1.0,2.0,1.0,1.0,N,16:30,120-04736,2016-10-08 16:28:00
794,201302562013-009510            ,2013-08-06 00:00:00,TU,9:38:00,0,0,0,0,P,N,N,2.0,2,NJ 3                                              ,E,3,6.8,2,1.0,1.0,1.0,1.0,1.0,1.0,N,9:40,120N04736,2013-08-06 09:38:00
795,201302562013-009800            ,2013-08-12 00:00:00,M ,8:31:00,0,1,0,0,I,N,N,10.0,1,NJ 3                                              ,E,3,6.2,2,2.0,2.0,1.0,1.0,3.0,1.0,N,8:30,120N04737,2013-08-12 08:31:00
796,2016025616-21661               ,2016-10-09 00:00:00,S ,7:19:00,0,0,0,0,P,N,N,11.0,1,NJ 3                                              ,E,3,6.3,2,2.0,2.0,1.0,2.0,5.0,1.0,N,7:20,120-04736,2016-10-09 07:19:00
797,2014025614-24300               ,2014-11-19 00:00:00,W ,19:23:00,0,0,0,0,P,N,N,12.0,1,NJ 3                                              ,E,3,6.4,2,2.0,1.0,6.0,1.0,1.0,1.0,N,19:25,120-04736,2014-11-19 19:23:00
798,2016025616-21663               ,2016-10-09 00:00:00,S ,7:26:00,0,0,0,0,P,N,N,2.0,2,NJ 3                                              ,E,3,6.4,2,2.0,2.0,1.0,2.0,5.0,1.0,N,7:25,120-04736,2016-10-09 07:26:00
799,2014025614-24403               ,2014-11-21 00:00:00,F ,5:37:00,0,0,0,0,P,N,N,11.0,1,NJ 3                                              ,E,3,6.5,2,2.0,1.0,6.0,1.0,1.0,1.0,N,5:35,120-04736,2014-11-21 05:37:00
800,2017025617-15923               ,2017-08-26 00:00:00,SA,12:46:00,0,1,0,0,I,N,N,1.0,2,NJ 3                                              ,E,3,6.7,2,1.0,1.0,1.0,1.0,1.0,1.0,N,12:45,120N04736,2017-08-26 12:46:00
803,2014025614-24618               ,2014-11-24 00:00:00,M ,6:21:00,0,0,0,0,P,N,N,1.0,2,NJ 3                                              ,E,3,5.6,2,2.0,2.0,6.0,2.0,1.0,1.0,N,6:20,120-04737,2014-11-24 06:21:00
804,2016025616-21676               ,2016-10-09 00:00:00,S ,10:30:00,0,0,0,0,P,N,N,11.0,1,NJ 3                                              ,E,3,6.6,2,2.0,2.0,1.0,2.0,1.0,1.0,N,10:30,120-04736,2016-10-09 10:30:00
805,2015090815-001773              ,2015-02-06 00:00:00,F ,18:05:00,0,0,0,0,P,N,N,1.0,3,NJ 3                                              ,E,3,10.5,2,2.0,1.0,5.0,1.0,1.0,1.0,N,18:05,120N13767,2015-02-06 18:05:00
806,2014025614-24631               ,2014-11-24 00:00:00,M ,10:11:00,0,0,0,0,P,N,N,11.0,1,NJ 3                                              ,E,3,6.1,2,2.0,2.0,1.0,1.0,3.0,1.0,N,10:10,120N04737,2014-11-24 10:11:00
808,2016025616-21945               ,2016-10-12 00:00:00,W ,22:02:00,0,1,0,0,I,N,N,1.0,2,NJ 3                                              ,E,3,5.6,2,2.0,1.0,6.0,1.0,1.0,1.0,N,22:00,120-04737,2016-10-12 22:02:00
809,2015090815-016991              ,2015-11-13 00:00:00,F ,8:02:00,0,0,0,0,P,N,N,1.0,3,NJ 3                                              ,E,3,10.4,2,2.0,1.0,1.0,1.0,1.0,1.0,N,8:00,120N13767,2015-11-13 08:02:00
810,2017025617-16127               ,2017-08-30 00:00:00,WE,7:21:00,0,0,0,0,P,N,N,1.0,2,NJ 3                                              ,E,3,6.5,2,2.0,1.0,1.0,1.0,1.0,1.0,N,7:20,120-04736,2017-08-30 07:21:00
811,2014025614-24957               ,2014-11-28 00:00:00,F ,23:12:00,0,1,0,0,I,Y,N,1.0,2,NJ 3                                              ,E,3,6.2,2,2.0,1.0,6.0,1.0,1.0,1.0,N,23:10,120N04737,2014-11-28 23:12:00
812,2014025614-24963               ,2014-11-28 00:00:00,F ,23:23:00,0,0,0,0,P,N,N,1.0,2,NJ 3                                              ,E,3,5.7,2,2.0,1.0,6.0,1.0,1.0,1.0,N,23:25,120-04737,2014-11-28 23:23:00
813,2014025614-25087               ,2014-11-30 00:00:00,S ,19:17:00,0,0,0,0,P,N,N,1.0,2,NJ 3                                              ,E,3,6.39,2,2.0,1.0,5.0,1.0,2.0,1.0,N,19:15,120-04736,2014-11-30 19:17:00
814,2016025616-22677               ,2016-10-23 00:00:00,S ,3:52:00,0,1,0,0,I,N,N,11.0,1,NJ 3                                              ,E,3,5.0,2,2.0,1.0,6.0,1.0,1.0,1.0,N,3:50,120N04738,2016-10-23 03:52:00
815,2014025614-25281               ,2014-12-03 00:00:00,W ,8:08:00,0,0,0,0,P,N,N,2.0,2,NJ 3                                              ,E,3,6.8,2,2.0,2.0,1.0,1.0,1.0,1.0,N,8:10,120N04736,2014-12-03 08:08:00
816,2014025614-25538               ,2014-12-06 00:00:00,SA,1:27:00,0,1,0,0,I,N,N,11.0,1,NJ 3                                              ,E,3,6.5,2,2.0,2.0,6.0,2.0,1.0,1.0,N,1:25,120-04736,2014-12-06 01:27:00
817,2.02E+15,2015-01-18 00:00:00,S ,21:16:00,0,0,0,0,P,N,N,11.0,1,NJ 3                                              ,E,3,0.0,2,2.0,6.0,6.0,2.0,2.0,1.0,N,21:15,120-07448,2015-01-18 21:16:00
818,2016025616-22824               ,2016-10-25 00:00:00,TU,7:07:00,0,1,0,0,I,N,N,1.0,2,NJ 3                                              ,E,3,6.2,2,2.0,1.0,1.0,1.0,1.0,1.0,N,7:05,120N04737,2016-10-25 07:07:00
820,2018025618-17152               ,2018-08-15 00:00:00,WE,21:53:00,0,0,0,0,P,N,N,2.0,2,NJ 3                                              ,E,3,6.4,2,2.0,1.0,6.0,1.0,1.0,1.0,N,21:55,120-04736,2018-08-15 21:53:00