,CRASH_ID,DATE,DAY,TIME,KILLED,INJURED,PED_KILL,PED_INJ,SEVERITY,ALCOHOL,HAZMAT,CRASH_TYPE,VEH_COUNT,LOCATION,LOC_DIR,ROUTE,MP,RD_SYS,RD_SURF,SURF_COND,LIGHT,WEATHER,RD_DIV,RD_WRKZN,CELL_USE,TIME_ROUND,TMC,timestamp
821,201302562013-010629            ,2013-08-29 00:00:00,TH,19:14:00,0,0,0,0,P,N,N,2.0,2,NJ 3                                              ,E,3,6.8,2,2.0,1.0,1.0,1.0,1.0,1.0,N,19:15,120N04736,2013-08-29 19:14:00
822,201302562013-010841            ,2013-09-03 00:00:00,TU,16:00:00,0,0,0,0,P,N,N,11.0,1,NJ 3                                              ,E,3,4.95,2,2.0,1.0,1.0,1.0,1.0,1.0,N,16:00,120-04738,2013-09-03 16:00:00
823,201302562013-010874            ,2013-09-04 00:00:00,W ,7:32:00,0,1,0,0,I,N,N,1.0,2,NJ 3                                              ,E,3,6.0,2,2.0,1.0,1.0,1.0,1.0,1.0,N,7:30,120N04737,2013-09-04 07:32:00
824,2018025618-17228               ,2018-08-16 00:00:00,TH,22:55:00,0,0,0,0,P,N,N,1.0,2,NJ 3                                              ,E,3,5.94,2,2.0,1.0,6.0,1.0,5.0,1.0,N,22:55,120N04737,2018-08-16 22:55:00
825,2017025617-17003               ,2017-09-13 00:00:00,WE,18:13:00,0,0,0,0,P,N,N,1.0,2,NJ 3                                              ,E,3,6.01,2,2.0,1.0,1.0,5.0,5.0,1.0,N,18:15,120N04737,2017-09-13 18:13:00
826,2016025616-23058               ,2016-10-27 00:00:00,TH,16:27:00,0,0,0,0,P,N,N,11.0,1,NJ 3                                              ,E,3,6.5,2,1.0,2.0,5.0,2.0,1.0,1.0,N,16:25,120-04736,2016-10-27 16:27:00
827,201302562013-011088            ,2013-09-09 00:00:00,M ,7:13:00,0,0,0,0,P,N,N,1.0,2,NJ 3                                              ,E,3,6.7,2,2.0,1.0,1.0,1.0,1.0,1.0,N,7:15,120N04736,2013-09-09 07:13:00
829,2017025617-17024               ,2017-09-14 00:00:00,TH,8:16:00,0,0,0,0,P,N,N,1.0,3,NJ 3                                              ,E,3,6.2,2,2.0,1.0,1.0,5.0,1.0,1.0,N,8:15,120N04737,2017-09-14 08:16:00
830,201302562013-011112            ,2013-09-09 00:00:00,M ,16:10:00,0,0,0,0,P,N,N,1.0,2,NJ 3                                              ,E,3,6.5,2,2.0,1.0,1.0,1.0,2.0,1.0,N,16:10,120-04736,2013-09-09 16:10:00
831,2018025618-17629               ,2018-08-23 00:00:00,TH,23:58:00,0,1,0,0,I,N,N,1.0,3,NJ 3                                              ,E,3,5.3,2,2.0,1.0,6.0,1.0,1.0,2.0,N,0:00,120-04737,2018-08-23 23:58:00
832,201302562013-011143            ,2013-09-10 00:00:00,TU,10:04:00,0,1,0,0,I,N,N,11.0,3,NJ 3                                              ,E,3,5.7,2,2.0,1.0,1.0,1.0,1.0,2.0,N,10:05,120-04737,2013-09-10 10:04:00
833,2017025617-17084               ,2017-09-15 00:00:00,FR,7:28:00,0,1,0,0,I,N,N,1.0,2,NJ 3                                              ,E,3,6.2,2,2.0,1.0,1.0,1.0,1.0,1.0,N,7:30,120N04737,2017-09-15 07:28:00
834,2017025617-17249               ,2017-09-17 00:00:00,SU,21:30:00,0,0,0,0,P,N,N,2.0,2,NJ 3                                              ,E,3,6.0,2,2.0,1.0,6.0,1.0,1.0,1.0,N,21:30,120N04737,2017-09-17 21:30:00
836,2017025617-17283               ,2017-09-18 00:00:00,MO,14:31:00,0,1,0,0,I,N,N,1.0,4,NJ 3                                              ,E,3,6.4,2,2.0,1.0,1.0,1.0,1.0,1.0,N,14:30,120-04736,2017-09-18 14:31:00
837,2018025618-17723               ,2018-08-25 00:00:00,SA,13:32:00,0,0,0,0,P,N,N,11.0,1,NJ 3                                              ,E,3,6.5,2,2.0,1.0,1.0,1.0,3.0,1.0,N,13:30,120-04736,2018-08-25 13:32:00
838,2.02E+15,2015-04-24 00:00:00,F ,18:34:00,0,0,0,0,P,N,N,2.0,2,NJ 3                                              ,E,3,10.46,2,2.0,1.0,1.0,1.0,4.0,1.0,N,18:35,120N13767,2015-04-24 18:34:00
839,2016025616-23542               ,2016-11-03 00:00:00,TH,6:46:00,0,1,0,0,I,N,N,1.0,2,NJ 3                                              ,E,3,5.8,2,2.0,1.0,2.0,1.0,1.0,1.0,N,6:45,120N04737,2016-11-03 06:46:00
840,201302562013-011385            ,2013-09-15 00:00:00,S ,11:40:00,0,1,0,0,I,N,N,2.0,2,NJ 3                                              ,E,3,6.4,2,1.0,1.0,1.0,1.0,1.0,1.0,N,11:40,120-04736,2013-09-15 11:40:00
842,2016025616-23543               ,2016-11-03 00:00:00,TH,6:52:00,0,0,0,0,P,N,N,1.0,3,NJ 3                                              ,E,3,5.3,2,2.0,1.0,6.0,1.0,1.0,1.0,N,6:50,120-04737,2016-11-03 06:52:00
843,2014025614-26898               ,2014-12-24 00:00:00,W ,1:30:00,0,0,0,0,P,N,N,11.0,1,NJ 3                                              ,E,3,6.5,2,1.0,2.0,6.0,2.0,5.0,1.0,N,1:30,120-04736,2014-12-24 01:30:00
845,2016025616-23686               ,2016-11-04 00:00:00,F ,18:43:00,0,0,0,0,P,N,N,8.0,2,NJ 3                                              ,E,3,6.2,2,2.0,1.0,6.0,1.0,2.0,1.0,N,18:45,120N04737,2016-11-04 18:43:00
846,2.02E+15,2015-05-15 00:00:00,F ,10:14:00,0,0,0,0,P,N,N,2.0,2,NJ 3                                              ,E,3,0.0,2,2.0,1.0,1.0,1.0,5.0,1.0,N,10:15,120-07448,2015-05-15 10:14:00
847,2017025617-17909               ,2017-09-27 00:00:00,WE,15:27:00,0,0,0,0,P,N,N,15.0,2,NJ 3                                              ,E,3,5.0,2,2.0,1.0,1.0,1.0,1.0,1.0,N,15:25,120N04738,2017-09-27 15:27:00
848,2016025616-23852               ,2016-11-06 00:00:00,S ,18:07:00,0,1,0,0,I,N,N,1.0,2,NJ 3                                              ,E,3,6.5,2,2.0,1.0,6.0,1.0,1.0,1.0,N,18:05,120-04736,2016-11-06 18:07:00
849,2018025618-18052               ,2018-08-30 00:00:00,TH,9:43:00,0,0,0,0,P,N,N,1.0,2,NJ 3                                              ,E,3,6.5,2,1.0,1.0,1.0,1.0,1.0,1.0,N,9:45,120-04736,2018-08-30 09:43:00
851,2017025617-18152               ,2017-10-02 00:00:00,MO,6:39:00,0,0,0,0,P,N,N,1.0,2,NJ 3                                              ,E,3,5.0,2,2.0,1.0,1.0,1.0,1.0,1.0,N,6:40,120N04738,2017-10-02 06:39:00
853,2014090814-010349              ,2014-07-03 00:00:00,TH,6:10:00,3,0,0,0,F,N,N,11.0,1,NJ 3                                              ,E,3,10.5,2,2.0,1.0,2.0,5.0,1.0,1.0,N,6:10,120N13767,2014-07-03 06:10:00
855,2017025617-18329               ,2017-10-04 00:00:00,WE,19:08:00,0,0,0,0,P,N,N,1.0,2,NJ 3                                              ,E,3,5.0,2,2.0,1.0,6.0,1.0,1.0,1.0,N,19:10,120N04738,2017-10-04 19:08:00
856,2016025616-23999               ,2016-11-09 00:00:00,W ,6:37:00,0,1,0,0,I,N,N,1.0,3,NJ 3                                              ,E,3,6.1,2,2.0,1.0,1.0,1.0,1.0,1.0,N,6:35,120N04737,2016-11-09 06:37:00
857,201302562013-011670            ,2013-09-22 00:00:00,S ,2:02:00,0,1,0,0,I,N,N,2.0,2,NJ 3                                              ,E,3,6.8,2,2.0,2.0,6.0,2.0,1.0,1.0,N,2:00,120N04736,2013-09-22 02:02:00
858,2.01E+15,2014-01-17 00:00:00,F ,13:28:00,0,0,0,0,P,N,N,1.0,2,NJ 3                                              ,E,3,10.46,2,2.0,1.0,1.0,1.0,3.0,1.0,N,13:30,120N13767,2014-01-17 13:28:00
859,2.01E+15,2014-01-27 00:00:00,M ,5:22:00,0,0,0,0,P,N,N,99.0,1,NJ 3                                              ,E,3,10.5,2,2.0,2.0,6.0,1.0,2.0,1.0,N,5:20,120N13767,2014-01-27 05:22:00
860,2016025616-24214               ,2016-11-11 00:00:00,F ,17:19:00,0,1,0,0,I,N,N,1.0,2,NJ 3                                              ,E,3,6.4,2,2.0,1.0,6.0,1.0,2.0,1.0,N,17:20,120-04736,2016-11-11 17:19:00
863,2017025617-18547               ,2017-10-08 00:00:00,SU,9:14:00,0,0,0,0,P,N,N,11.0,1,NJ 3                                              ,E,3,6.4,2,2.0,2.0,1.0,2.0,2.0,1.0,N,9:15,120-04736,2017-10-08 09:14:00
865,2017025617-18549               ,2017-10-08 00:00:00,SU,9:44:00,0,0,0,0,P,N,N,11.0,1,NJ 3                                              ,E,3,6.4,2,2.0,2.0,1.0,2.0,2.0,1.0,N,9:45,120-04736,2017-10-08 09:44:00
866,2018025618-18781               ,2018-09-08 00:00:00,SA,18:45:00,0,3,0,0,I,N,N,11.0,1,NJ 3                                              ,E,3,6.5,2,2.0,2.0,3.0,2.0,2.0,1.0,N,18:45,120-04736,2018-09-08 18:45:00
867,2.01E+15,2014-02-16 00:00:00,S ,17:10:00,0,0,0,0,P,N,N,11.0,1,NJ 3                                              ,E,3,10.46,2,2.0,2.0,1.0,1.0,5.0,1.0,N,17:10,120N13767,2014-02-16 17:10:00
868,2018025618-18789               ,2018-09-08 00:00:00,SA,20:26:00,0,0,0,0,P,N,N,11.0,1,NJ 3                                              ,E,3,6.2,2,2.0,2.0,6.0,2.0,5.0,1.0,N,20:25,120N04737,2018-09-08 20:26:00
869,201302562013-011832            ,2013-09-25 00:00:00,W ,16:29:00,0,1,0,0,I,N,N,10.0,1,NJ 3                                              ,E,3,6.4,2,2.0,1.0,1.0,1.0,5.0,1.0,N,16:30,120-04736,2013-09-25 16:29:00
870,2017025617-18551               ,2017-10-08 00:00:00,SU,10:06:00,0,0,0,0,P,N,N,2.0,2,NJ 3                                              ,E,3,6.8,2,2.0,2.0,1.0,2.0,2.0,1.0,N,10:05,120N04736,2017-10-08 10:06:00
873,2017025617-18557               ,2017-10-08 00:00:00,SU,10:31:00,0,0,0,0,P,N,N,11.0,1,NJ 3                                              ,E,3,6.4,2,2.0,2.0,1.0,2.0,2.0,1.0,N,10:30,120-04736,2017-10-08 10:31:00
874,2016025616-24490               ,2016-11-15 00:00:00,TU,15:42:00,0,0,0,0,P,N,N,11.0,1,NJ 3                                              ,E,3,6.5,2,1.0,2.0,1.0,1.0,1.0,1.0,N,15:40,120-04736,2016-11-15 15:42:00
875,2018025618-18821               ,2018-09-09 00:00:00,SU,11:54:00,0,0,0,0,P,N,N,1.0,2,NJ 3                                              ,E,3,6.5,2,2.0,2.0,1.0,2.0,1.0,1.0,N,11:55,120-04736,2018-09-09 11:54:00
876,201302562013-011951            ,2013-09-28 00:00:00,SA,2:51:00,0,0,0,0,P,N,N,99.0,2,NJ 3                                              ,E,3,5.0,2,1.0,1.0,6.0,1.0,1.0,2.0,N,2:50,120N04738,2013-09-28 02:51:00
877,2017025617-18660               ,2017-10-10 00:00:00,TU,6:43:00,0,0,0,0,P,N,N,1.0,2,NJ 3                                              ,E,3,5.0,2,2.0,1.0,2.0,1.0,1.0,1.0,N,6:45,120N04738,2017-10-10 06:43:00
878,2018025618-18833               ,2018-09-09 00:00:00,SU,15:38:00,0,0,0,0,P,N,N,11.0,1,NJ 3                                              ,E,3,6.5,2,2.0,2.0,1.0,2.0,1.0,1.0,N,15:40,120-04736,2018-09-09 15:38:00
880,2017025617-18662               ,2017-10-10 00:00:00,TU,6:43:00,0,0,0,0,P,N,N,1.0,2,NJ 3                                              ,E,3,5.0,2,2.0,1.0,2.0,1.0,1.0,1.0,N,6:45,120N04738,2017-10-10 06:43:00
881,2016025616-24742               ,2016-11-18 00:00:00,F ,19:05:00,0,0,0,0,P,N,N,2.0,2,NJ 3                                              ,E,3,6.4,2,2.0,1.0,6.0,1.0,1.0,1.0,N,19:05,120-04736,2016-11-18 19:05:00
882,2018025618-18836               ,2018-09-09 00:00:00,SU,16:28:00,0,0,0,0,P,N,N,11.0,1,NJ 3                                              ,E,3,6.4,2,2.0,2.0,1.0,2.0,2.0,1.0,N,16:30,120-04736,2018-09-09 16:28:00
883,2.02E+15,2015-08-10 00:00:00,M ,14:10:00,0,1,0,0,I,N,N,1.0,2,NJ 3                                              ,E,3,10.83,2,2.0,1.0,1.0,1.0,1.0,,N,14:10,120N13767,2015-08-10 14:10:00
884,2.01E+15,2014-04-08 00:00:00,TU,9:49:00,0,0,0,0,P,N,N,2.0,2,NJ 3                                              ,E,3,10.5,2,2.0,1.0,1.0,1.0,,1.0,N,9:50,120N13767,2014-04-08 09:49:00
887,2.01E+15,2014-04-16 00:00:00,W ,6:31:00,0,2,0,0,I,N,N,1.0,5,NJ 3                                              ,E,3,10.55,2,2.0,2.0,1.0,1.0,1.0,1.0,N,6:30,120N13767,2014-04-16 06:31:00
888,2.02E+15,2015-09-03 00:00:00,TH,17:59:00,0,0,0,0,P,N,N,2.0,2,NJ 3                                              ,E,3,0.0,2,2.0,1.0,1.0,1.0,5.0,1.0,N,18:00,120-07448,2015-09-03 17:59:00
889,2017025617-18862               ,2017-10-12 00:00:00,TH,14:49:00,0,0,0,0,P,N,N,15.0,1,NJ 3                                              ,E,3,5.3,2,2.0,1.0,1.0,1.0,1.0,1.0,N,14:50,120-04737,2017-10-12 14:49:00
890,2.02E+15,2015-09-10 00:00:00,TH,14:51:00,0,1,0,0,I,N,N,11.0,1,NJ 3                                              ,E,3,10.79,2,2.0,2.0,1.0,2.0,1.0,1.0,N,14:50,120N13767,2015-09-10 14:51:00
891,2018025618-19154               ,2018-09-14 00:00:00,FR,8:23:00,0,0,0,0,P,N,N,2.0,2,NJ 3                                              ,E,3,5.0,2,1.0,1.0,1.0,5.0,1.0,1.0,N,8:25,120N04738,2018-09-14 08:23:00
892,2018025618-19187               ,2018-09-14 00:00:00,FR,14:08:00,0,0,0,0,P,N,N,2.0,2,NJ 3                                              ,E,3,6.0,2,2.0,1.0,1.0,1.0,1.0,1.0,N,14:10,120N04737,2018-09-14 14:08:00
893,2016025616-25269               ,2016-11-26 00:00:00,SA,7:51:00,0,1,0,0,I,N,N,11.0,1,NJ 3                                              ,E,3,6.4,2,2.0,1.0,1.0,1.0,5.0,1.0,N,7:50,120-04736,2016-11-26 07:51:00
894,2017025617-18967               ,2017-10-14 00:00:00,SA,3:47:00,0,0,0,0,P,N,N,11.0,1,NJ 3                                              ,E,3,6.6,2,2.0,2.0,6.0,2.0,1.0,1.0,N,3:45,120-04736,2017-10-14 03:47:00
896,2018025618-19198               ,2018-09-14 00:00:00,FR,15:42:00,0,0,0,0,P,N,N,11.0,1,NJ 3                                              ,E,3,6.3,2,2.0,1.0,1.0,1.0,1.0,1.0,N,15:40,120-04736,2018-09-14 15:42:00
897,2017025617-19218               ,2017-10-18 00:00:00,WE,8:20:00,0,0,0,0,P,N,N,2.0,2,NJ 3                                              ,E,3,5.5,2,2.0,1.0,1.0,1.0,1.0,1.0,N,8:20,120-04737,2017-10-18 08:20:00
898,2018025618-19201               ,2018-09-14 00:00:00,FR,15:56:00,0,0,0,0,P,N,N,1.0,2,NJ 3                                              ,E,3,6.3,2,2.0,1.0,1.0,1.0,1.0,1.0,N,15:55,120-04736,2018-09-14 15:56:00
899,2.02E+15,2015-10-02 00:00:00,F ,10:54:00,0,0,0,0,P,N,N,1.0,2,NJ 3                                              ,E,3,10.84,2,2.0,2.0,1.0,2.0,4.0,1.0,N,10:55,120N13767,2015-10-02 10:54:00
903,2017025617-19443               ,2017-10-21 00:00:00,SA,9:18:00,0,2,0,0,I,N,N,2.0,3,NJ 3                                              ,E,3,6.8,2,2.0,1.0,1.0,1.0,1.0,1.0,N,9:20,120N04736,2017-10-21 09:18:00
904,2.02E+15,2015-10-12 00:00:00,M ,10:06:00,0,0,0,0,P,N,N,1.0,2,NJ 3                                              ,E,3,10.85,2,1.0,1.0,1.0,1.0,1.0,1.0,N,10:05,120N13767,2015-10-12 10:06:00
905,2017025617-19540               ,2017-10-22 00:00:00,SU,19:38:00,0,0,0,0,P,N,N,12.0,1,NJ 3                                              ,E,3,6.4,2,2.0,1.0,6.0,1.0,1.0,1.0,N,19:40,120-04736,2017-10-22 19:38:00
906,2.01E+15,2014-06-27 00:00:00,F ,19:54:00,0,0,0,0,P,N,N,1.0,2,NJ 3                                              ,E,3,10.46,2,2.0,1.0,1.0,1.0,1.0,1.0,N,19:55,120N13767,2014-06-27 19:54:00
908,2016025616-25600               ,2016-12-01 00:00:00,TH,8:04:00,0,0,0,0,P,N,N,1.0,2,NJ 3                                              ,E,3,6.5,2,2.0,2.0,1.0,2.0,1.0,1.0,N,8:05,120-04736,2016-12-01 08:04:00
910,2018025618-19705               ,2018-09-21 00:00:00,FR,19:43:00,0,0,0,0,P,N,N,2.0,2,NJ 3                                              ,E,3,6.4,2,2.0,1.0,6.0,1.0,1.0,1.0,N,19:45,120-04736,2018-09-21 19:43:00
913,2016025616-25993               ,2016-12-07 00:00:00,W ,9:06:00,0,0,0,0,P,N,N,2.0,2,NJ 3                                              ,E,3,5.0,2,1.0,2.0,1.0,2.0,1.0,1.0,N,9:05,120N04738,2016-12-07 09:06:00
914,2017025617-19694               ,2017-10-25 00:00:00,WE,7:41:00,0,0,0,0,P,N,N,1.0,2,NJ 3                                              ,E,3,6.4,2,2.0,1.0,1.0,1.0,1.0,1.0,N,7:40,120-04736,2017-10-25 07:41:00
915,2017025617-19697               ,2017-10-25 00:00:00,WE,8:15:00,0,0,0,0,P,N,N,2.0,3,NJ 3                                              ,E,3,6.2,2,2.0,1.0,1.0,1.0,1.0,1.0,N,8:15,120N04737,2017-10-25 08:15:00
916,2018025618-19974               ,2018-09-25 00:00:00,TU,12:00:00,0,0,0,0,P,N,N,2.0,2,NJ 3                                              ,E,3,6.3,2,2.0,2.0,1.0,2.0,1.0,1.0,N,12:00,120-04736,2018-09-25 12:00:00
918,2017025617-19854               ,2017-10-27 00:00:00,FR,16:08:00,0,0,0,0,P,N,N,1.0,2,NJ 3                                              ,E,3,6.5,2,2.0,1.0,1.0,2.0,2.0,1.0,N,16:10,120-04736,2017-10-27 16:08:00
920,2016025616-26337               ,2016-12-12 00:00:00,M ,11:12:00,0,0,0,0,P,N,N,11.0,1,NJ 3                                              ,E,3,6.5,2,1.0,2.0,1.0,5.0,5.0,1.0,N,11:10,120-04736,2016-12-12 11:12:00
922,2018025618-20043               ,2018-09-26 00:00:00,WE,9:31:00,0,0,0,0,P,N,N,1.0,2,NJ 3                                              ,E,3,5.0,2,2.0,2.0,1.0,1.0,1.0,1.0,N,9:30,120N04738,2018-09-26 09:31:00
923,2017025617-19976               ,2017-10-29 00:00:00,SU,10:48:00,0,1,0,0,I,N,N,11.0,1,NJ 3                                              ,E,3,6.4,2,2.0,2.0,1.0,2.0,2.0,1.0,N,10:50,120-04736,2017-10-29 10:48:00
924,2018025618-20198               ,2018-09-28 00:00:00,FR,4:57:00,0,1,0,0,I,N,N,2.0,2,NJ 3                                              ,E,3,6.4,2,2.0,2.0,6.0,2.0,1.0,1.0,N,4:55,120-04736,2018-09-28 04:57:00
925,2017025617-20020               ,2017-10-30 00:00:00,MO,7:15:00,0,1,0,0,I,N,N,1.0,2,NJ 3                                              ,E,3,6.2,2,2.0,2.0,2.0,2.0,1.0,1.0,N,7:15,120N04737,2017-10-30 07:15:00
926,2016025616-26762               ,2016-12-17 00:00:00,SA,19:00:00,0,0,0,0,P,N,N,1.0,2,NJ 3                                              ,E,3,6.6,2,2.0,2.0,6.0,1.0,1.0,1.0,N,19:00,120-04736,2016-12-17 19:00:00
927,2016025616-26783               ,2016-12-18 00:00:00,S ,2:57:00,0,3,0,0,I,Y,N,11.0,2,NJ 3                                              ,E,3,6.0,2,2.0,2.0,6.0,4.0,1.0,1.0,N,2:55,120N04737,2016-12-18 02:57:00
929,2017025617-20295               ,2017-11-02 00:00:00,TH,8:40:00,0,0,0,0,P,N,N,1.0,2,NJ 3                                              ,E,3,5.3,2,2.0,1.0,1.0,1.0,1.0,1.0,N,8:40,120-04737,2017-11-02 08:40:00
930,201302562013-013334            ,2013-10-28 00:00:00,M ,21:51:00,0,0,0,0,P,N,N,2.0,2,NJ 3                                              ,E,3,5.5,2,2.0,1.0,6.0,1.0,1.0,2.0,N,21:50,120-04737,2013-10-28 21:51:00
931,2.02E+15,2015-11-25 00:00:00,W ,6:49:00,0,0,0,0,P,N,N,99.0,2,NJ 3                                              ,E,3,0.0,2,2.0,1.0,1.0,1.0,1.0,1.0,N,6:50,120-07448,2015-11-25 06:49:00
932,2016025616-26895               ,2016-12-20 00:00:00,TU,8:08:00,0,0,0,0,P,N,N,1.0,2,NJ 3                                              ,E,3,5.0,2,2.0,1.0,1.0,1.0,1.0,1.0,N,8:10,120N04738,2016-12-20 08:08:00
933,2017025617-20331               ,2017-11-02 00:00:00,TH,18:35:00,0,0,0,0,P,N,N,15.0,1,NJ 3                                              ,E,3,5.2,2,2.0,1.0,6.0,1.0,1.0,1.0,N,18:35,120N04738,2017-11-02 18:35:00
934,2018025618-20455               ,2018-10-02 00:00:00,TU,7:17:00,0,1,0,0,I,N,N,2.0,2,NJ 3                                              ,E,3,5.2,2,2.0,1.0,1.0,1.0,1.0,2.0,N,7:15,120N04738,2018-10-02 07:17:00
935,2018025618-20582               ,2018-10-03 00:00:00,WE,18:04:00,0,0,0,0,P,N,N,1.0,2,NJ 3                                              ,E,3,5.0,2,2.0,1.0,1.0,1.0,1.0,1.0,N,18:05,120N04738,2018-10-03 18:04:00
936,2017025617-20332               ,2017-11-02 00:00:00,TH,18:53:00,0,0,0,0,P,N,N,15.0,1,NJ 3                                              ,E,3,5.2,2,2.0,1.0,6.0,1.0,1.0,1.0,N,18:55,120N04738,2017-11-02 18:53:00
937,2016025616-26900               ,2016-12-20 00:00:00,TU,8:54:00,0,0,0,0,P,N,N,2.0,2,NJ 3                                              ,E,3,6.5,2,2.0,1.0,1.0,1.0,1.0,1.0,N,8:55,120-04736,2016-12-20 08:54:00
938,2.02E+15,2015-12-14 00:00:00,M ,14:50:00,0,2,0,0,I,N,N,1.0,2,NJ 3                                              ,E,3,10.46,2,2.0,1.0,1.0,1.0,1.0,1.0,N,14:50,120N13767,2015-12-14 14:50:00
939,201302562013-013530            ,2013-11-02 00:00:00,SA,5:43:00,0,0,0,0,P,N,N,2.0,3,NJ 3                                              ,E,3,6.5,2,2.0,1.0,6.0,1.0,1.0,1.0,N,5:45,120-04736,2013-11-02 05:43:00
940,2016025616-26954               ,2016-12-21 00:00:00,W ,6:24:00,0,0,0,0,P,N,N,1.0,2,NJ 3                                              ,E,3,6.5,2,2.0,1.0,6.0,1.0,2.0,1.0,N,6:25,120-04736,2016-12-21 06:24:00
941,2017025617-20512               ,2017-11-05 00:00:00,SU,16:45:00,0,0,0,0,P,N,N,11.0,1,NJ 3                                              ,E,3,6.5,2,2.0,2.0,5.0,2.0,1.0,1.0,N,16:45,120-04736,2017-11-05 16:45:00
943,201302562013-013531            ,2013-11-02 00:00:00,SA,5:53:00,0,0,0,0,P,N,N,1.0,2,NJ 3                                              ,E,3,6.5,2,2.0,1.0,6.0,1.0,1.0,1.0,N,5:55,120-04736,2013-11-02 05:53:00
944,2.01E+15,2014-10-23 00:00:00,TH,15:20:00,0,2,0,0,I,N,N,1.0,2,NJ 3                                              ,E,3,10.46,2,2.0,2.0,1.0,1.0,1.0,,N,15:20,120N13767,2014-10-23 15:20:00
946,201302562013-013542            ,2013-11-02 00:00:00,SA,13:16:00,0,0,0,0,P,N,N,1.0,2,NJ 3                                              ,E,3,5.16,2,2.0,1.0,1.0,1.0,1.0,2.0,N,13:15,120N04738,2013-11-02 13:16:00
947,2018025618-20675               ,2018-10-05 00:00:00,FR,2:53:00,0,2,0,0,I,N,N,1.0,2,NJ 3                                              ,E,3,6.3,2,2.0,1.0,6.0,1.0,1.0,2.0,N,2:55,120-04736,2018-10-05 02:53:00
948,2017025617-20558               ,2017-11-06 00:00:00,MO,9:04:00,0,0,0,0,P,N,N,2.0,2,NJ 3                                              ,E,3,6.5,2,2.0,2.0,1.0,5.0,1.0,1.0,N,9:05,120-04736,2017-11-06 09:04:00
949,2015090915-000097              ,2015-01-03 00:00:00,SA,16:15:00,0,1,0,0,I,N,N,2.0,2,NJ 3                                              ,E,3,8.62,2,2.0,2.0,6.0,2.0,5.0,1.0,N,16:15,120-04732,2015-01-03 16:15:00
950,2016025616-27147               ,2016-12-24 00:00:00,SA,9:25:00,0,2,0,0,I,N,N,2.0,2,NJ 3                                              ,E,3,6.5,2,2.0,2.0,1.0,2.0,4.0,1.0,N,9:25,120-04736,2016-12-24 09:25:00
951,2015090915-000368              ,2015-01-08 00:00:00,TH,11:31:00,0,2,0,0,I,N,N,1.0,2,NJ 3                                              ,E,3,10.04,2,2.0,1.0,1.0,1.0,2.0,1.0,N,11:30,120N04729,2015-01-08 11:31:00
952,2016025616-27158               ,2016-12-24 00:00:00,SA,9:35:00,0,1,0,0,I,N,N,11.0,1,NJ 3                                              ,E,3,6.8,2,2.0,2.0,1.0,2.0,1.0,1.0,N,9:35,120N04736,2016-12-24 09:35:00
953,2015090915-001185              ,2015-01-24 00:00:00,SA,2:47:00,0,0,0,0,P,N,N,11.0,1,NJ 3                                              ,E,3,9.8,2,2.0,3.0,7.0,3.0,1.0,,N,2:45,120N04729,2015-01-24 02:47:00
954,2016025616-27428               ,2016-12-29 00:00:00,TH,18:21:00,0,0,0,0,P,N,N,11.0,1,NJ 3                                              ,E,3,6.5,2,2.0,2.0,6.0,1.0,1.0,1.0,N,18:20,120-04736,2016-12-29 18:21:00
955,2015090915-001300              ,2015-01-26 00:00:00,M ,18:06:00,0,0,0,0,P,N,N,11.0,1,NJ 3                                              ,E,3,9.9,2,2.0,3.0,6.0,3.0,1.0,1.0,N,18:05,120N04729,2015-01-26 18:06:00
956,2018025618-21126               ,2018-10-11 00:00:00,TH,13:54:00,0,0,0,0,P,N,N,11.0,1,NJ 3                                              ,E,3,6.4,2,2.0,2.0,1.0,1.0,2.0,1.0,N,13:55,120-04736,2018-10-11 13:54:00
957,201602566-00908                ,2016-01-12 00:00:00,TU,11:33:00,0,2,0,0,I,N,N,10.0,1,NJ 3                                              ,E,3,6.8,2,1.0,1.0,1.0,5.0,1.0,1.0,N,11:35,120N04736,2016-01-12 11:33:00
958,2015090915-001835              ,2015-02-08 00:00:00,S ,3:19:00,0,0,0,0,P,N,N,11.0,1,NJ 3                                              ,E,3,9.5,2,2.0,2.0,6.0,1.0,1.0,1.0,N,3:20,120-04729,2015-02-08 03:19:00
959,201302562013-013911            ,2013-11-12 00:00:00,TU,11:38:00,0,0,0,0,P,N,N,15.0,2,NJ 3                                              ,E,3,5.16,2,1.0,1.0,1.0,5.0,1.0,2.0,N,11:40,120N04738,2013-11-12 11:38:00