,CRASH_ID,DATE,DAY,TIME,KILLED,INJURED,PED_KILL,PED_INJ,SEVERITY,ALCOHOL,HAZMAT,CRASH_TYPE,VEH_COUNT,LOCATION,LOC_DIR,ROUTE,MP,RD_SYS,RD_SURF,SURF_COND,LIGHT,WEATHER,RD_DIV,RD_WRKZN,CELL_USE,TIME_ROUND,TMC,timestamp
960,20160256BS-16-042153           ,2016-07-29 00:00:00,F ,11:26:00,0,0,0,0,P,N,N,2.0,2,NJ 3                                              ,E,3,6.59,2,2.0,1.0,1.0,5.0,1.0,1.0,N,11:25,120-04736,2016-07-29 11:26:00
961,2015090915-002023              ,2015-02-11 00:00:00,W ,12:14:00,1,2,0,0,F,N,N,11.0,2,NJ 3                                              ,E,3,10.0,2,2.0,1.0,1.0,1.0,1.0,1.0,N,12:15,120N04729,2015-02-11 12:14:00
962,2018025618-21412               ,2018-10-15 00:00:00,MO,11:25:00,0,0,0,0,P,N,N,2.0,2,NJ 3                                              ,E,3,6.39,2,2.0,2.0,1.0,2.0,1.0,1.0,N,11:25,120-04736,2018-10-15 11:25:00
963,2014090914-000907              ,2014-01-14 00:00:00,TU,14:28:00,0,0,0,0,P,N,N,99.0,1,NJ 3                                              ,E,3,9.75,2,2.0,2.0,1.0,2.0,1.0,1.0,N,14:30,120N04729,2014-01-14 14:28:00
964,2017025617-22047               ,2017-11-30 00:00:00,TH,6:31:00,0,0,0,0,P,N,N,1.0,2,NJ 3                                              ,E,3,6.0,2,2.0,1.0,2.0,1.0,1.0,1.0,N,6:30,120N04737,2017-11-30 06:31:00
966,2014090914-001148              ,2014-01-17 00:00:00,F ,18:08:00,0,0,0,0,P,N,N,2.0,2,NJ 3                                              ,E,3,10.24,2,2.0,1.0,6.0,1.0,2.0,1.0,N,18:10,120-13767,2014-01-17 18:08:00
968,2017025617-22050               ,2017-11-30 00:00:00,TH,7:03:00,0,0,0,0,P,N,N,1.0,2,NJ 3                                              ,E,3,6.5,2,2.0,1.0,1.0,1.0,2.0,1.0,N,7:05,120-04736,2017-11-30 07:03:00
969,2018025618-21479               ,2018-10-16 00:00:00,TU,9:57:00,0,0,0,0,P,N,N,15.0,1,NJ 3                                              ,E,3,6.6,2,2.0,1.0,1.0,1.0,1.0,1.0,N,9:55,120-04736,2018-10-16 09:57:00
970,2014090914-001152              ,2014-01-17 00:00:00,F ,18:56:00,0,0,0,0,P,N,N,1.0,2,NJ 3                                              ,E,3,10.24,2,2.0,1.0,6.0,1.0,1.0,1.0,N,18:55,120-13767,2014-01-17 18:56:00
971,2017025617-22115               ,2017-12-01 00:00:00,FR,9:00:00,0,0,0,0,P,N,N,1.0,2,NJ 3                                              ,E,3,6.2,2,2.0,1.0,1.0,1.0,1.0,1.0,N,9:00,120N04737,2017-12-01 09:00:00
972,201302562013-014066            ,2013-11-15 00:00:00,F ,20:05:00,0,4,0,0,I,N,N,1.0,3,NJ 3                                              ,E,3,6.4,2,2.0,1.0,6.0,1.0,1.0,1.0,N,20:05,120-04736,2013-11-15 20:05:00
973,201302562013-014105            ,2013-11-16 00:00:00,SA,16:58:00,0,0,0,0,P,N,N,1.0,3,NJ 3                                              ,E,3,5.0,2,1.0,1.0,6.0,1.0,1.0,2.0,N,17:00,120N04738,2013-11-16 16:58:00
975,2017025617-22930               ,2017-12-14 00:00:00,TH,12:01:00,0,1,0,0,I,N,N,1.0,3,NJ 3                                              ,E,3,5.95,2,2.0,2.0,1.0,1.0,5.0,1.0,N,12:00,120N04737,2017-12-14 12:01:00
976,2.02E+15,2016-02-13 00:00:00,SA,16:23:00,0,0,0,0,P,N,N,1.0,2,NJ 3                                              ,E,3,10.84,2,2.0,1.0,1.0,1.0,4.0,1.0,N,16:25,120N13767,2016-02-13 16:23:00
977,2018025618-22142               ,2018-10-26 00:00:00,FR,16:51:00,0,0,0,0,P,N,N,1.0,2,NJ 3                                              ,E,3,5.93,2,2.0,1.0,1.0,1.0,5.0,1.0,N,16:50,120N04737,2018-10-26 16:51:00
978,2015090915-003203              ,2015-03-05 00:00:00,TH,12:09:00,0,1,0,0,I,N,N,1.0,3,NJ 3                                              ,E,3,9.0,2,2.0,3.0,1.0,1.0,1.0,1.0,N,12:10,120-04731,2015-03-05 12:09:00
981,2018025618-22232               ,2018-10-28 00:00:00,SU,7:40:00,0,0,0,0,P,N,N,11.0,1,NJ 3                                              ,E,3,6.4,2,2.0,2.0,1.0,1.0,2.0,1.0,N,7:40,120-04736,2018-10-28 07:40:00
982,2018025618-22234               ,2018-10-28 00:00:00,SU,7:52:00,0,0,0,0,P,N,N,11.0,1,NJ 3                                              ,E,3,6.4,2,2.0,2.0,1.0,5.0,1.0,2.0,N,7:50,120-04736,2018-10-28 07:52:00
983,2017025617-23534               ,2017-12-22 00:00:00,FR,9:41:00,0,1,0,0,I,N,N,10.0,1,NJ 3                                              ,E,3,6.0,2,2.0,1.0,1.0,1.0,1.0,1.0,N,9:40,120N04737,2017-12-22 09:41:00
984,2014090914-003612              ,2014-02-23 00:00:00,S ,22:07:00,0,0,0,0,P,Y,N,2.0,2,NJ 3                                              ,E,3,10.2,2,2.0,1.0,4.0,1.0,2.0,1.0,N,22:05,120N04729,2014-02-23 22:07:00
985,2.02E+15,2016-03-04 00:00:00,F ,5:31:00,0,0,0,0,P,N,N,1.0,2,NJ 3                                              ,E,3,10.84,2,2.0,2.0,6.0,3.0,1.0,1.0,N,5:30,120N13767,2016-03-04 05:31:00
986,2018025618-22295               ,2018-10-29 00:00:00,MO,7:37:00,0,0,0,0,P,N,N,1.0,3,NJ 3                                              ,E,3,5.7,2,2.0,1.0,1.0,1.0,1.0,2.0,N,7:35,120-04737,2018-10-29 07:37:00
987,2017025617-23544               ,2017-12-22 00:00:00,FR,10:52:00,0,0,0,0,P,N,N,1.0,2,NJ 3                                              ,E,3,6.4,2,2.0,1.0,1.0,1.0,1.0,1.0,N,10:50,120-04736,2017-12-22 10:52:00
988,2.02E+15,2016-03-07 00:00:00,M ,20:16:00,0,0,0,0,P,N,N,1.0,2,NJ 3                                              ,E,3,10.46,2,2.0,1.0,6.0,1.0,1.0,1.0,N,20:15,120N13767,2016-03-07 20:16:00
989,2017025617-23548               ,2017-12-22 00:00:00,FR,11:03:00,0,0,0,0,P,N,N,2.0,2,NJ 3                                              ,E,3,6.4,2,2.0,1.0,1.0,1.0,1.0,1.0,N,11:05,120-04736,2017-12-22 11:03:00
990,2015090915-003777              ,2015-03-15 00:00:00,S ,13:45:00,0,2,0,0,I,N,N,1.0,2,NJ 3                                              ,E,3,9.89,2,2.0,1.0,1.0,1.0,2.0,1.0,N,13:45,120N04729,2015-03-15 13:45:00
991,2015090915-004247              ,2015-03-24 00:00:00,TU,7:39:00,0,0,0,0,P,N,N,2.0,2,NJ 3                                              ,E,3,10.0,2,2.0,1.0,1.0,1.0,2.0,1.0,N,7:40,120N04729,2015-03-24 07:39:00
992,2018025618-22391               ,2018-10-30 00:00:00,TU,15:11:00,0,0,0,0,P,N,N,15.0,1,NJ 3                                              ,E,3,5.4,2,2.0,1.0,1.0,1.0,1.0,1.0,N,15:10,120-04737,2018-10-30 15:11:00
993,2015090915-004375              ,2015-03-26 00:00:00,TH,8:33:00,0,0,0,0,P,N,N,1.0,2,NJ 3                                              ,E,3,9.65,2,2.0,1.0,1.0,5.0,2.0,1.0,N,8:35,120-04729,2015-03-26 08:33:00
994,2.02E+15,2016-03-11 00:00:00,F ,10:33:00,0,0,0,0,P,N,N,1.0,3,NJ 3                                              ,E,3,10.82,2,2.0,1.0,1.0,1.0,1.0,1.0,N,10:35,120N13767,2016-03-11 10:33:00
995,2018025618-22393               ,2018-10-30 00:00:00,TU,15:14:00,0,0,0,0,P,N,N,15.0,1,NJ 3                                              ,E,3,5.4,2,2.0,1.0,1.0,1.0,1.0,1.0,N,15:15,120-04737,2018-10-30 15:14:00
996,2017025617-23640               ,2017-12-24 00:00:00,SU,2:33:00,0,0,0,0,P,N,N,2.0,2,NJ 3                                              ,E,3,6.5,2,2.0,2.0,6.0,1.0,1.0,1.0,N,2:35,120-04736,2017-12-24 02:33:00
997,2015090915-004390              ,2015-03-26 00:00:00,TH,15:21:00,0,0,0,0,P,N,N,2.0,2,NJ 3                                              ,E,3,8.6,2,2.0,2.0,1.0,5.0,5.0,1.0,N,15:20,120-04732,2015-03-26 15:21:00
998,201302562013-014448            ,2013-11-25 00:00:00,M ,18:31:00,0,1,0,0,I,N,N,1.0,2,NJ 3                                              ,E,3,5.6,2,2.0,1.0,6.0,1.0,1.0,2.0,N,18:30,120-04737,2013-11-25 18:31:00
999,2015090915-004436              ,2015-03-27 00:00:00,F ,13:22:00,0,0,0,0,P,N,N,1.0,2,NJ 3                                              ,E,3,8.7,2,2.0,2.0,1.0,5.0,1.0,1.0,N,13:20,120-04731,2015-03-27 13:22:00
1000,2017025617-23704               ,2017-12-25 00:00:00,MO,12:10:00,0,0,0,0,P,N,N,11.0,2,NJ 3                                              ,E,3,5.0,2,2.0,1.0,1.0,1.0,1.0,1.0,N,12:10,120N04738,2017-12-25 12:10:00
1001,2015090915-004642              ,2015-03-31 00:00:00,TU,12:12:00,0,0,0,0,P,N,N,1.0,2,NJ 3                                              ,E,3,8.6,2,2.0,1.0,1.0,1.0,1.0,1.0,N,12:10,120-04732,2015-03-31 12:12:00
1002,2014090914-004666              ,2014-03-11 00:00:00,TU,13:35:00,0,0,0,0,P,N,N,2.0,2,NJ 3                                              ,E,3,8.62,2,2.0,1.0,1.0,1.0,1.0,1.0,N,13:35,120-04732,2014-03-11 13:35:00
1004,2018025618-22606               ,2018-11-01 00:00:00,TH,19:30:00,0,0,0,0,P,N,N,1.0,2,NJ 3                                              ,E,3,5.0,2,2.0,1.0,6.0,1.0,1.0,1.0,N,19:30,120N04738,2018-11-01 19:30:00
1005,201302562013-014620            ,2013-12-01 00:00:00,S ,9:50:00,0,0,0,0,P,N,N,2.0,2,NJ 3                                              ,E,3,6.2,2,1.0,1.0,1.0,1.0,1.0,2.0,N,9:50,120N04737,2013-12-01 09:50:00
1006,2014090914-005200              ,2014-03-19 00:00:00,W ,6:58:00,0,0,0,0,P,N,N,2.0,2,NJ 3                                              ,E,3,9.91,2,2.0,1.0,1.0,1.0,4.0,1.0,N,7:00,120N04729,2014-03-19 06:58:00
1007,2.02E+15,2016-04-16 00:00:00,SA,13:42:00,0,0,0,0,P,N,N,1.0,2,NJ 3                                              ,E,3,10.84,2,2.0,1.0,1.0,1.0,4.0,1.0,N,13:40,120N13767,2016-04-16 13:42:00
1008,2018025618-22868               ,2018-11-06 00:00:00,TU,14:47:00,0,0,0,0,P,N,N,2.0,2,NJ 3                                              ,E,3,6.39,2,2.0,2.0,1.0,2.0,1.0,1.0,N,14:45,120-04736,2018-11-06 14:47:00
1009,2015090915-004914              ,2015-04-04 00:00:00,SA,19:39:00,0,1,0,0,I,N,N,1.0,2,NJ 3                                              ,E,3,9.89,2,2.0,1.0,6.0,1.0,1.0,1.0,N,19:40,120N04729,2015-04-04 19:39:00
1011,2.02E+17,2017-03-07 00:00:00,TU,10:01:00,0,1,0,0,I,N,N,2.0,2,NJ 3                                              ,E,3,4.98,2,2.0,2.0,1.0,2.0,1.0,1.0,N,10:00,120-04738,2017-03-07 10:01:00
1012,2014090914-005325              ,2014-03-20 00:00:00,TH,14:05:00,0,0,0,0,P,N,N,1.0,2,NJ 3                                              ,E,3,10.04,2,2.0,1.0,1.0,1.0,5.0,1.0,N,14:05,120N04729,2014-03-20 14:05:00
1013,2014090914-005534              ,2014-03-23 00:00:00,S ,15:23:00,0,0,0,0,P,N,N,2.0,2,NJ 3                                              ,E,3,10.04,2,2.0,1.0,1.0,5.0,1.0,1.0,N,15:25,120N04729,2014-03-23 15:23:00
1014,2017090817-011228              ,2017-07-10 00:00:00,MO,11:08:00,0,0,0,0,P,N,N,2.0,2,NJ 3                                              ,E,3,10.33,2,2.0,1.0,1.0,1.0,5.0,1.0,N,11:10,120N13767,2017-07-10 11:08:00
1015,2.02E+15,2016-04-26 00:00:00,TU,8:30:00,0,0,0,0,P,N,N,1.0,2,NJ 3                                              ,E,3,10.46,2,2.0,2.0,1.0,5.0,1.0,,N,8:30,120N13767,2016-04-26 08:30:00
1016,2014090914-005770              ,2014-03-27 00:00:00,TH,6:03:00,0,1,0,0,I,N,N,1.0,2,NJ 3                                              ,E,3,10.04,2,1.0,1.0,2.0,1.0,1.0,1.0,N,6:05,120N04729,2014-03-27 06:03:00
1017,2013090813-006740              ,2013-01-28 00:00:00,M ,19:40:00,0,0,0,0,P,N,N,1.0,2,NJ 3                                              ,E,3,10.5,2,2.0,4.0,6.0,2.0,1.0,1.0,N,19:40,120N13767,2013-01-28 19:40:00
1018,2015090915-005798              ,2015-04-21 00:00:00,TU,8:57:00,0,0,0,0,P,N,N,2.0,2,NJ 3                                              ,E,3,9.4,2,2.0,2.0,1.0,2.0,5.0,1.0,Y,8:55,120-04730,2015-04-21 08:57:00
1021,2018025618-23133               ,2018-11-10 00:00:00,SA,19:17:00,0,0,0,0,P,N,N,12.0,1,NJ 3                                              ,E,3,6.5,2,2.0,1.0,6.0,1.0,1.0,1.0,N,19:15,120-04736,2018-11-10 19:17:00
1022,2015090915-005804              ,2015-04-21 00:00:00,TU,10:12:00,0,4,0,0,I,N,N,99.0,2,NJ 3                                              ,E,3,9.83,2,,,,,,,Y,10:10,120N04729,2015-04-21 10:12:00
1023,2015090915-005845              ,2015-04-22 00:00:00,W ,6:42:00,0,0,0,0,P,N,N,2.0,2,NJ 3                                              ,E,3,9.6,2,2.0,1.0,1.0,1.0,5.0,1.0,N,6:40,120-04729,2015-04-22 06:42:00
1025,2.02E+15,2016-05-08 00:00:00,S ,20:30:00,0,1,0,0,I,N,N,1.0,3,NJ 3                                              ,E,3,10.84,2,2.0,1.0,6.0,1.0,1.0,1.0,N,20:30,120N13767,2016-05-08 20:30:00
1026,2015090915-006045              ,2015-04-25 00:00:00,SA,21:49:00,0,0,0,0,P,N,N,1.0,2,NJ 3                                              ,E,3,8.0,2,2.0,1.0,6.0,1.0,1.0,1.0,N,21:50,120-04733,2015-04-25 21:49:00
1027,2018025618-23507               ,2018-11-15 00:00:00,TH,16:15:00,0,0,0,0,P,N,N,2.0,2,NJ 3                                              ,E,3,6.7,2,2.0,3.0,3.0,3.0,1.0,1.0,N,16:15,120N04736,2018-11-15 16:15:00
1028,2015090915-006152              ,2015-04-28 00:00:00,TU,8:35:00,0,1,0,0,I,N,N,1.0,2,NJ 3                                              ,E,3,8.0,2,2.0,1.0,1.0,1.0,1.0,1.0,N,8:35,120-04733,2015-04-28 08:35:00
1031,2018025618-23533               ,2018-11-15 00:00:00,TH,18:57:00,0,0,0,0,P,N,N,1.0,2,NJ 3                                              ,E,3,5.3,2,2.0,3.0,6.0,3.0,1.0,2.0,N,18:55,120-04737,2018-11-15 18:57:00
1032,2015090915-006482              ,2015-05-04 00:00:00,M ,7:26:00,0,0,0,0,P,N,N,1.0,2,NJ 3                                              ,E,3,8.88,2,2.0,1.0,1.0,1.0,1.0,1.0,N,7:25,120-04731,2015-05-04 07:26:00
1033,2.01E+15,2013-02-27 00:00:00,W ,11:42:00,0,0,0,0,P,N,N,1.0,2,NJ 3                                              ,E,3,10.46,2,2.0,2.0,1.0,2.0,1.0,1.0,N,11:40,120N13767,2013-02-27 11:42:00
1036,2018025618-23831               ,2018-11-19 00:00:00,MO,20:09:00,0,0,0,0,P,N,N,11.0,1,NJ 3                                              ,E,3,6.5,2,1.0,1.0,6.0,1.0,1.0,1.0,N,20:10,120-04736,2018-11-19 20:09:00
1037,2014090914-007161              ,2014-04-17 00:00:00,TH,8:59:00,0,0,0,0,P,N,N,3.0,2,NJ 3                                              ,E,3,8.6,2,2.0,1.0,1.0,1.0,5.0,1.0,N,9:00,120-04732,2014-04-17 08:59:00
1038,2015090915-006751              ,2015-05-07 00:00:00,TH,23:45:00,0,0,0,0,P,N,N,2.0,2,NJ 3                                              ,E,3,9.8,2,2.0,1.0,6.0,1.0,1.0,1.0,N,23:45,120N04729,2015-05-07 23:45:00
1039,2018025618-23832               ,2018-11-19 00:00:00,MO,20:15:00,0,0,0,0,P,N,N,1.0,2,NJ 3                                              ,E,3,6.5,2,1.0,1.0,6.0,1.0,1.0,1.0,N,20:15,120-04736,2018-11-19 20:15:00
1042,2018025618-23843               ,2018-11-19 00:00:00,MO,23:39:00,0,2,0,0,I,Y,N,3.0,2,NJ 3                                              ,E,3,6.8,2,2.0,1.0,6.0,1.0,1.0,1.0,N,23:40,120N04736,2018-11-19 23:39:00
1044,2018025618-23868               ,2018-11-20 00:00:00,TU,9:05:00,0,0,0,0,P,N,N,1.0,2,NJ 3                                              ,E,3,6.39,2,2.0,1.0,1.0,5.0,2.0,1.0,N,9:05,120-04736,2018-11-20 09:05:00
1045,2.02E+15,2016-07-01 00:00:00,F ,12:17:00,0,0,0,0,P,N,N,99.0,3,NJ 3                                              ,E,3,10.5,2,2.0,1.0,1.0,1.0,1.0,,N,12:15,120N13767,2016-07-01 12:17:00
1046,2.02E+15,2017-04-06 00:00:00,TH,9:27:00,0,0,0,0,P,N,N,1.0,3,NJ 3                                              ,E,3,10.46,2,2.0,2.0,1.0,2.0,3.0,1.0,N,9:25,120N13767,2017-04-06 09:27:00
1048,2018025618-24122               ,2018-11-24 00:00:00,SA,19:38:00,0,0,0,0,P,N,N,2.0,2,NJ 3                                              ,E,3,5.1,2,2.0,2.0,6.0,2.0,1.0,1.0,N,19:40,120N04738,2018-11-24 19:38:00
1049,2014090914-007917              ,2014-04-27 00:00:00,S ,12:48:00,0,1,0,0,I,N,N,2.0,2,NJ 3                                              ,E,3,9.89,2,2.0,1.0,1.0,1.0,1.0,1.0,N,12:50,120N04729,2014-04-27 12:48:00
1050,2.02E+15,2016-07-10 00:00:00,S ,14:52:00,0,0,0,0,P,N,N,2.0,2,NJ 3                                              ,E,3,10.46,2,2.0,1.0,1.0,1.0,1.0,1.0,N,14:50,120N13767,2016-07-10 14:52:00
1051,2.01E+15,2013-04-15 00:00:00,M ,8:50:00,0,0,0,0,P,N,N,1.0,2,NJ 3                                              ,E,3,10.46,2,2.0,1.0,1.0,1.0,5.0,1.0,N,8:50,120N13767,2013-04-15 08:50:00
1052,2.02E+15,2017-04-14 00:00:00,FR,23:22:00,0,0,0,0,P,N,N,8.0,2,NJ 3                                              ,E,3,10.84,2,2.0,1.0,6.0,1.0,1.0,1.0,N,23:20,120N13767,2017-04-14 23:22:00
1054,2018025618-24303               ,2018-11-27 00:00:00,TU,8:21:00,0,0,0,0,P,N,N,2.0,2,NJ 3                                              ,E,3,6.5,2,2.0,1.0,1.0,1.0,5.0,1.0,N,8:20,120-04736,2018-11-27 08:21:00
1055,2014090914-008291              ,2014-05-02 00:00:00,F ,9:40:00,0,0,0,0,P,N,N,1.0,2,NJ 3                                              ,E,3,10.04,2,2.0,1.0,1.0,1.0,5.0,1.0,N,9:40,120N04729,2014-05-02 09:40:00
1056,2.01E+15,2013-04-24 00:00:00,W ,17:02:00,0,1,0,0,I,N,N,1.0,3,NJ 3                                              ,E,3,10.5,2,2.0,1.0,1.0,1.0,2.0,1.0,N,17:00,120N13767,2013-04-24 17:02:00
1057,2014090914-008343              ,2014-05-02 00:00:00,F ,20:57:00,0,0,0,0,P,N,N,6.0,2,NJ 3                                              ,E,3,9.89,2,2.0,1.0,6.0,1.0,1.0,1.0,N,20:55,120N04729,2014-05-02 20:57:00
1058,2018025618-24343               ,2018-11-27 00:00:00,TU,17:28:00,0,0,0,0,P,N,N,1.0,2,NJ 3                                              ,E,3,5.0,2,2.0,1.0,6.0,1.0,5.0,1.0,N,17:30,120N04738,2018-11-27 17:28:00
1059,2.02E+15,2016-08-04 00:00:00,TH,7:57:00,0,1,0,0,I,N,N,2.0,2,NJ 3                                              ,E,3,10.55,2,2.0,1.0,1.0,1.0,1.0,1.0,N,7:55,120N13767,2016-08-04 07:57:00
1060,2.01E+15,2013-05-08 00:00:00,W ,7:46:00,0,0,0,0,P,N,N,1.0,2,NJ 3                                              ,E,3,10.83,2,2.0,2.0,1.0,2.0,1.0,1.0,N,7:45,120N13767,2013-05-08 07:46:00
1062,2018025618-24347               ,2018-11-27 00:00:00,TU,17:39:00,0,0,0,0,P,N,N,2.0,2,NJ 3                                              ,E,3,5.0,2,2.0,1.0,6.0,1.0,5.0,1.0,N,17:40,120N04738,2018-11-27 17:39:00
1063,2015090915-008157              ,2015-06-01 00:00:00,M ,7:04:00,0,0,0,0,P,N,N,1.0,2,NJ 3                                              ,E,3,8.8,2,2.0,2.0,1.0,5.0,5.0,1.0,N,7:05,120-04731,2015-06-01 07:04:00
1064,2015090915-008523              ,2015-06-07 00:00:00,S ,14:51:00,0,3,0,0,I,N,N,11.0,1,NJ 3                                              ,E,3,8.62,2,2.0,1.0,1.0,1.0,1.0,1.0,N,14:50,120-04732,2015-06-07 14:51:00
1065,2014090914-008553              ,2014-05-06 00:00:00,TU,7:20:00,0,0,0,0,P,N,N,1.0,2,NJ 3                                              ,E,3,9.8,2,2.0,1.0,1.0,1.0,1.0,1.0,N,7:20,120N04729,2014-05-06 07:20:00
1066,2.02E+15,2017-05-15 00:00:00,MO,6:15:00,0,0,0,0,P,N,N,1.0,2,NJ 3                                              ,E,3,10.4,2,2.0,1.0,1.0,1.0,1.0,,N,6:15,120N13767,2017-05-15 06:15:00
1067,2015090915-008598              ,2015-06-09 00:00:00,TU,7:54:00,0,1,0,0,I,N,N,1.0,2,NJ 3                                              ,E,3,9.3,2,2.0,2.0,1.0,1.0,5.0,1.0,N,7:55,120-04730,2015-06-09 07:54:00
1068,2014090914-008678              ,2014-05-07 00:00:00,W ,16:47:00,0,0,0,0,P,N,N,2.0,3,NJ 3                                              ,E,3,10.0,2,2.0,1.0,1.0,1.0,2.0,1.0,N,16:45,120N04729,2014-05-07 16:47:00
1069,2.02E+15,2017-05-15 00:00:00,MO,18:18:00,0,4,0,0,I,N,N,1.0,3,NJ 3                                              ,E,3,10.82,2,2.0,1.0,1.0,1.0,1.0,1.0,N,18:20,120N13767,2017-05-15 18:18:00
1070,2015090915-008799              ,2015-06-12 00:00:00,F ,13:12:00,0,0,0,0,P,N,N,15.0,3,NJ 3                                              ,E,3,9.7,2,2.0,1.0,1.0,1.0,1.0,1.0,N,13:10,120-04729,2015-06-12 13:12:00
1071,2018025618-24646               ,2018-12-02 00:00:00,SU,3:46:00,0,0,0,0,P,N,N,11.0,1,NJ 3                                              ,E,3,6.5,2,1.0,2.0,6.0,2.0,1.0,1.0,N,3:45,120-04736,2018-12-02 03:46:00
1072,2015090915-008887              ,2015-06-14 00:00:00,S ,7:26:00,0,0,0,0,P,N,N,1.0,2,NJ 3                                              ,E,3,8.6,2,2.0,1.0,1.0,1.0,1.0,1.0,N,7:25,120-04732,2015-06-14 07:26:00
1073,2014090914-008902              ,2014-05-10 00:00:00,SA,22:16:00,0,0,0,0,P,N,N,1.0,2,NJ 3                                              ,E,3,9.7,2,2.0,2.0,6.0,5.0,1.0,1.0,N,22:15,120-04729,2014-05-10 22:16:00
1074,2.01E+15,2013-06-23 00:00:00,S ,15:39:00,0,0,0,0,P,N,N,2.0,2,NJ 3                                              ,E,3,0.0,2,2.0,1.0,1.0,1.0,1.0,1.0,N,15:40,120-07448,2013-06-23 15:39:00
1075,2018025618-24679               ,2018-12-02 00:00:00,SU,13:05:00,0,0,0,0,P,N,N,11.0,1,NJ 3                                              ,E,3,6.5,2,2.0,2.0,1.0,2.0,5.0,1.0,N,13:05,120-04736,2018-12-02 13:05:00
1076,2014090914-009463              ,2014-05-19 00:00:00,M ,15:25:00,0,0,0,0,P,N,N,2.0,2,NJ 3                                              ,E,3,8.61,2,2.0,1.0,1.0,1.0,1.0,1.0,N,15:25,120-04732,2014-05-19 15:25:00
1077,2015090915-008931              ,2015-06-15 00:00:00,M ,9:45:00,0,0,0,0,P,N,N,2.0,2,NJ 3                                              ,E,3,9.5,2,3.0,2.0,1.0,5.0,1.0,1.0,N,9:45,120-04729,2015-06-15 09:45:00
1080,2.01E+15,2013-07-12 00:00:00,F ,17:34:00,0,0,0,0,P,N,N,2.0,2,NJ 3                                              ,E,3,10.46,2,,,,,,,N,17:35,120N13767,2013-07-12 17:34:00
1082,2018025618-24741               ,2018-12-03 00:00:00,MO,8:22:00,0,1,0,0,I,N,N,11.0,1,NJ 3                                              ,E,3,6.4,2,2.0,2.0,1.0,1.0,1.0,1.0,N,8:20,120-04736,2018-12-03 08:22:00
1083,2014090914-009660              ,2014-05-22 00:00:00,TH,8:28:00,0,0,0,0,P,N,N,2.0,2,NJ 3                                              ,E,3,8.6,2,2.0,2.0,1.0,1.0,5.0,1.0,N,8:30,120-04732,2014-05-22 08:28:00
1084,2.02E+15,2017-05-25 00:00:00,TH,17:46:00,0,0,0,0,P,N,N,8.0,2,NJ 3                                              ,E,3,10.85,2,2.0,2.0,1.0,2.0,1.0,1.0,N,17:45,120N13767,2017-05-25 17:46:00
1085,2018025618-24785               ,2018-12-03 00:00:00,MO,18:55:00,0,0,0,0,P,N,N,1.0,2,NJ 3                                              ,E,3,6.02,2,2.0,1.0,6.0,1.0,5.0,1.0,N,18:55,120N04737,2018-12-03 18:55:00
1087,2015090915-009287              ,2015-06-21 00:00:00,S ,19:38:00,0,0,0,0,P,N,N,11.0,1,NJ 3                                              ,E,3,8.6,2,2.0,1.0,1.0,1.0,5.0,1.0,N,19:40,120-04732,2015-06-21 19:38:00
1088,2.01E+15,2013-07-16 00:00:00,TU,8:33:00,0,0,0,0,P,N,N,1.0,2,NJ 3                                              ,E,3,10.5,2,2.0,1.0,1.0,1.0,1.0,1.0,N,8:35,120N13767,2013-07-16 08:33:00
1089,2015090915-009294              ,2015-06-21 00:00:00,S ,22:23:00,0,0,0,0,P,N,N,11.0,1,NJ 3                                              ,E,3,9.6,2,2.0,2.0,6.0,2.0,2.0,1.0,N,22:25,120-04729,2015-06-21 22:23:00
1090,2.02E+15,2017-06-05 00:00:00,MO,12:39:00,0,0,0,0,P,N,N,11.0,2,NJ 3                                              ,E,3,10.84,2,2.0,1.0,1.0,1.0,1.0,1.0,N,12:40,120N13767,2017-06-05 12:39:00
1092,2.02E+15,2016-11-04 00:00:00,F ,8:24:00,0,0,0,0,P,N,N,1.0,2,NJ 3                                              ,E,3,10.5,2,2.0,1.0,1.0,1.0,4.0,1.0,N,8:25,120N13767,2016-11-04 08:24:00
1095,2015090915-009394              ,2015-06-23 00:00:00,TU,17:33:00,0,1,0,0,I,N,N,1.0,2,NJ 3                                              ,E,3,10.0,2,2.0,1.0,1.0,5.0,2.0,1.0,N,17:35,120N04729,2015-06-23 17:33:00
1096,2014090914-010596              ,2014-06-06 00:00:00,F ,10:19:00,0,0,0,0,P,N,N,1.0,2,NJ 3                                              ,E,3,10.04,2,2.0,1.0,1.0,1.0,5.0,1.0,N,10:20,120N04729,2014-06-06 10:19:00
1097,2.02E+15,2017-06-27 00:00:00,TU,11:00:00,0,1,0,0,I,N,N,1.0,2,NJ 3                                              ,E,3,10.46,2,2.0,1.0,1.0,1.0,3.0,1.0,N,11:00,120N13767,2017-06-27 11:00:00
1098,2.01E+15,2013-08-10 00:00:00,SA,3:56:00,3,2,0,0,F,Y,N,11.0,1,NJ 3                                              ,E,3,0.0,2,2.0,1.0,6.0,1.0,3.0,1.0,N,3:55,120-07448,2013-08-10 03:56:00