,CRASH_ID,DATE,DAY,TIME,KILLED,INJURED,PED_KILL,PED_INJ,SEVERITY,ALCOHOL,HAZMAT,CRASH_TYPE,VEH_COUNT,LOCATION,LOC_DIR,ROUTE,MP,RD_SYS,RD_SURF,SURF_COND,LIGHT,WEATHER,RD_DIV,RD_WRKZN,CELL_USE,TIME_ROUND,TMC,timestamp
1099,2018025618-25714               ,2018-12-14 00:00:00,FR,8:46:00,0,0,0,0,P,N,N,1.0,2,NJ 3                                              ,E,3,6.0,2,2.0,1.0,1.0,1.0,1.0,2.0,N,8:45,120N04737,2018-12-14 08:46:00
1100,2014090914-010984              ,2014-06-13 00:00:00,F ,20:32:00,0,2,0,0,I,N,N,1.0,3,NJ 3                                              ,E,3,8.5,2,2.0,2.0,6.0,1.0,5.0,1.0,N,20:30,120-04732,2014-06-13 20:32:00
1101,2.01E+15,2013-08-14 00:00:00,W ,4:12:00,0,1,0,0,I,N,N,11.0,1,NJ 3                                              ,E,3,0.0,2,2.0,1.0,6.0,1.0,3.0,1.0,N,4:10,120-07448,2013-08-14 04:12:00
1102,2015090915-009603              ,2015-06-27 00:00:00,SA,7:56:00,0,0,0,0,P,N,N,11.0,1,NJ 3                                              ,E,3,8.0,2,2.0,1.0,1.0,1.0,1.0,1.0,N,7:55,120-04733,2015-06-27 07:56:00
1103,2014090914-010986              ,2014-06-13 00:00:00,F ,20:49:00,0,1,0,0,I,N,N,1.0,2,NJ 3                                              ,E,3,8.5,2,2.0,2.0,6.0,5.0,1.0,3.0,N,20:50,120-04732,2014-06-13 20:49:00
1104,2.02E+15,2016-11-10 00:00:00,TH,21:55:00,0,0,0,0,P,N,N,2.0,2,NJ 3                                              ,E,3,10.46,2,2.0,1.0,6.0,1.0,1.0,1.0,N,21:55,120N13767,2016-11-10 21:55:00
1107,2018025618-25816               ,2018-12-15 00:00:00,SA,14:08:00,0,0,0,0,P,N,N,1.0,2,NJ 3                                              ,E,3,5.0,2,2.0,1.0,1.0,5.0,1.0,1.0,N,14:10,120N04738,2018-12-15 14:08:00
1108,2018025618-25913               ,2018-12-17 00:00:00,MO,15:43:00,0,0,0,0,P,N,N,15.0,3,NJ 3                                              ,E,3,5.0,2,1.0,1.0,1.0,5.0,1.0,1.0,N,15:45,120N04738,2018-12-17 15:43:00
1109,2015090915-010147              ,2015-07-07 00:00:00,TU,18:09:00,0,0,0,0,P,N,N,1.0,2,NJ 3                                              ,E,3,10.0,2,2.0,1.0,1.0,1.0,2.0,1.0,N,18:10,120N04729,2015-07-07 18:09:00
1110,2.02E+15,2016-12-04 00:00:00,S ,4:24:00,0,0,0,0,P,N,N,11.0,1,NJ 3                                              ,E,3,10.44,2,2.0,1.0,5.0,1.0,1.0,1.0,N,4:25,120N13767,2016-12-04 04:24:00
1111,2.02E+15,2017-07-15 00:00:00,SA,4:35:00,0,0,0,0,P,N,N,2.0,2,NJ 3                                              ,E,3,10.46,2,2.0,2.0,7.0,2.0,1.0,,N,4:35,120N13767,2017-07-15 04:35:00
1112,2.02E+15,2016-12-04 00:00:00,S ,4:35:00,0,0,0,0,P,N,N,1.0,2,NJ 3                                              ,E,3,10.48,2,2.0,1.0,5.0,1.0,1.0,1.0,N,4:35,120N13767,2016-12-04 04:35:00
1114,2018025618-25924               ,2018-12-17 00:00:00,MO,18:01:00,0,0,0,0,P,N,N,2.0,2,NJ 3                                              ,E,3,6.2,2,2.0,1.0,6.0,1.0,1.0,1.0,N,18:00,120N04737,2018-12-17 18:01:00
1115,2.02E+15,2016-12-15 00:00:00,TH,22:55:00,0,0,0,0,P,N,N,11.0,1,NJ 3                                              ,E,3,10.84,2,2.0,1.0,6.0,1.0,1.0,1.0,N,22:55,120N13767,2016-12-15 22:55:00
1116,2.02E+15,2017-07-24 00:00:00,MO,14:27:00,0,0,0,0,P,N,N,11.0,1,NJ 3                                              ,E,3,10.84,2,2.0,1.0,1.0,1.0,4.0,1.0,N,14:25,120N13767,2017-07-24 14:27:00
1117,2.01E+15,2013-09-29 00:00:00,S ,1:50:00,0,0,0,0,P,N,N,99.0,1,NJ 3                                              ,E,3,10.5,2,2.0,1.0,4.0,1.0,3.0,1.0,N,1:50,120N13767,2013-09-29 01:50:00
1118,2.01E+15,2013-10-08 00:00:00,TU,8:34:00,0,0,0,0,P,N,N,1.0,2,NJ 3                                              ,E,3,10.84,2,2.0,1.0,1.0,1.0,5.0,1.0,N,8:35,120N13767,2013-10-08 08:34:00
1119,2.01E+15,2013-10-13 00:00:00,S ,4:25:00,0,0,0,0,P,N,N,11.0,1,NJ 3                                              ,E,3,10.46,2,2.0,1.0,5.0,1.0,3.0,1.0,N,4:25,120N13767,2013-10-13 04:25:00
1120,2.02E+15,2016-12-26 00:00:00,M ,23:07:00,0,0,0,0,P,N,N,11.0,1,NJ 3                                              ,E,3,10.46,2,2.0,2.0,6.0,2.0,1.0,1.0,N,23:05,120N13767,2016-12-26 23:07:00
1121,2.02E+15,2017-07-24 00:00:00,MO,22:07:00,0,0,0,0,P,N,N,2.0,2,NJ 3                                              ,E,3,10.48,2,2.0,1.0,6.0,1.0,3.0,2.0,N,22:05,120N13767,2017-07-24 22:07:00
1122,2015090915-010751              ,2015-07-18 00:00:00,SA,9:00:00,0,0,0,0,P,N,N,99.0,2,NJ 3                                              ,E,3,9.4,2,2.0,6.0,1.0,2.0,1.0,1.0,N,9:00,120-04730,2015-07-18 09:00:00
1123,2.02E+15,2016-12-30 00:00:00,F ,16:21:00,0,0,0,0,P,N,N,1.0,2,NJ 3                                              ,E,3,10.84,2,2.0,2.0,6.0,1.0,4.0,1.0,N,16:20,120N13767,2016-12-30 16:21:00
1124,2014090914-013311              ,2014-08-02 00:00:00,SA,8:03:00,0,0,0,0,P,N,N,11.0,1,NJ 3                                              ,E,3,9.9,2,2.0,2.0,1.0,2.0,1.0,1.0,Y,8:05,120N04729,2014-08-02 08:03:00
1125,2.01E+15,2013-10-19 00:00:00,SA,12:47:00,0,0,0,0,P,N,N,3.0,2,NJ 3                                              ,E,3,10.57,2,2.0,1.0,1.0,1.0,3.0,1.0,N,12:45,120N13767,2013-10-19 12:47:00
1127,2015090915-011073              ,2015-07-24 00:00:00,F ,8:32:00,0,0,0,0,P,N,N,2.0,2,NJ 3                                              ,E,3,4.39,2,2.0,1.0,1.0,1.0,4.0,1.0,N,8:30,120N04740,2015-07-24 08:32:00
1128,2014090914-013453              ,2014-08-05 00:00:00,TU,17:13:00,0,0,0,0,P,N,N,2.0,2,NJ 3                                              ,E,3,9.4,2,2.0,1.0,1.0,1.0,1.0,1.0,N,17:15,120-04730,2014-08-05 17:13:00
1129,2018025618-26245               ,2018-12-21 00:00:00,FR,11:32:00,0,0,0,0,P,N,N,11.0,1,NJ 3                                              ,E,3,6.6,2,2.0,2.0,1.0,2.0,1.0,1.0,N,11:30,120-04736,2018-12-21 11:32:00
1130,2016090916-000013              ,2016-01-01 00:00:00,F ,5:23:00,0,0,0,0,P,N,N,11.0,1,NJ 3                                              ,E,3,10.0,2,2.0,1.0,6.0,1.0,3.0,1.0,N,5:25,120N04729,2016-01-01 05:23:00
1132,2.02E+15,2017-09-14 00:00:00,TH,15:27:00,0,0,0,0,P,N,N,2.0,2,NJ 3                                              ,E,3,5.8,2,2.0,1.0,1.0,1.0,4.0,1.0,N,15:25,120N04737,2017-09-14 15:27:00
1133,2014090914-013599              ,2014-08-08 00:00:00,F ,18:49:00,0,0,0,0,P,N,N,1.0,2,NJ 3                                              ,E,3,9.8,2,2.0,1.0,1.0,1.0,2.0,1.0,N,18:50,120N04729,2014-08-08 18:49:00
1134,2.02E+15,2017-09-21 00:00:00,TH,10:56:00,0,0,0,0,P,N,N,2.0,2,NJ 3                                              ,E,3,10.5,2,2.0,1.0,1.0,1.0,1.0,,N,10:55,120N13767,2017-09-21 10:56:00
1136,2014090914-013700              ,2014-08-11 00:00:00,M ,11:51:00,0,0,0,0,P,N,N,11.0,1,NJ 3                                              ,E,3,9.4,2,2.0,1.0,1.0,1.0,2.0,1.0,N,11:50,120-04730,2014-08-11 11:51:00
1137,2018025618-26635               ,2018-12-28 00:00:00,FR,13:07:00,0,2,0,0,I,N,N,11.0,2,NJ 3                                              ,E,3,5.7,2,2.0,2.0,1.0,2.0,1.0,2.0,N,13:05,120-04737,2018-12-28 13:07:00
1138,2015090915-011727              ,2015-08-04 00:00:00,TU,19:36:00,0,2,0,0,I,N,N,1.0,2,NJ 3                                              ,E,3,8.6,2,2.0,1.0,1.0,1.0,5.0,1.0,N,19:35,120-04732,2015-08-04 19:36:00
1139,2.02E+15,2017-09-27 00:00:00,WE,8:02:00,0,0,0,0,P,N,N,2.0,2,NJ 3                                              ,E,3,10.5,2,2.0,1.0,1.0,1.0,4.0,1.0,N,8:00,120N13767,2017-09-27 08:02:00
1140,2015090915-011771              ,2015-08-05 00:00:00,W ,17:44:00,0,0,0,0,P,N,N,2.0,2,NJ 3                                              ,E,3,10.1,2,2.0,1.0,1.0,5.0,2.0,1.0,N,17:45,120N04729,2015-08-05 17:44:00
1141,20130908SO-13-016314           ,2013-09-02 00:00:00,M ,3:33:00,1,1,0,0,F,N,N,10.0,1,NJ 3                                              ,E,3,10.5,2,2.0,2.0,6.0,2.0,3.0,1.0,N,3:35,120N13767,2013-09-02 03:33:00
1142,2.02E+15,2017-10-03 00:00:00,TU,6:25:00,0,0,0,0,P,N,N,1.0,2,NJ 3                                              ,E,3,10.46,2,1.0,1.0,1.0,1.0,1.0,1.0,N,6:25,120N13767,2017-10-03 06:25:00
1145,2015090915-012355              ,2015-08-17 00:00:00,M ,7:15:00,0,1,0,0,I,N,N,1.0,2,NJ 3                                              ,E,3,9.12,2,1.0,1.0,1.0,1.0,2.0,1.0,N,7:15,120-04731,2015-08-17 07:15:00
1146,2014090914-014001              ,2014-08-18 00:00:00,M ,22:06:00,0,0,0,0,P,N,N,2.0,2,NJ 3                                              ,E,3,0.0,2,2.0,1.0,6.0,1.0,3.0,1.0,N,22:05,120-07448,2014-08-18 22:06:00
1147,2015090915-012576              ,2015-08-21 00:00:00,F ,9:13:00,0,0,0,0,P,N,N,2.0,2,NJ 3                                              ,E,3,8.6,2,1.0,1.0,1.0,1.0,4.0,1.0,N,9:15,120-04732,2015-08-21 09:13:00
1148,2015090915-012727              ,2015-08-24 00:00:00,M ,8:17:00,0,0,0,0,P,N,N,2.0,2,NJ 3                                              ,E,3,9.85,2,2.0,1.0,1.0,1.0,2.0,1.0,N,8:15,120N04729,2015-08-24 08:17:00
1149,2018090818-048529              ,2018-06-07 00:00:00,TH,22:44:00,0,1,0,0,I,N,N,1.0,4,NJ 3                                              ,E,3,10.46,2,2.0,1.0,7.0,1.0,1.0,1.0,N,22:45,120N13767,2018-06-07 22:44:00
1150,2016090916-001024              ,2016-01-20 00:00:00,W ,14:27:00,0,1,0,0,I,N,N,2.0,2,NJ 3                                              ,E,3,9.9,2,2.0,1.0,1.0,1.0,4.0,1.0,N,14:25,120N04729,2016-01-20 14:27:00
1153,2016090916-001035              ,2016-01-20 00:00:00,W ,20:26:00,0,0,0,0,P,N,N,1.0,4,NJ 3                                              ,E,3,10.1,2,2.0,1.0,6.0,1.0,1.0,1.0,N,20:25,120N04729,2016-01-20 20:26:00
1154,2.02E+15,2017-10-31 00:00:00,TU,11:11:00,0,0,0,0,P,N,N,1.0,2,NJ 3                                              ,E,3,10.84,2,2.0,1.0,1.0,1.0,4.0,1.0,N,11:10,120N13767,2017-10-31 11:11:00
1155,2013090913-000920              ,2013-01-15 00:00:00,TU,17:22:00,0,0,0,0,P,N,N,1.0,2,NJ 3                                              ,E,3,10.04,2,2.0,1.0,6.0,1.0,,1.0,N,17:20,120N04729,2013-01-15 17:22:00
1156,2016090916-001090              ,2016-01-21 00:00:00,TH,17:03:00,0,1,0,0,I,N,N,2.0,2,NJ 3                                              ,E,3,10.0,2,2.0,1.0,3.0,1.0,1.0,1.0,N,17:05,120N04729,2016-01-21 17:03:00
1157,2015090915-012942              ,2015-08-28 00:00:00,F ,13:44:00,0,2,0,0,I,N,N,1.0,2,NJ 3                                              ,E,3,10.2,2,2.0,1.0,1.0,1.0,2.0,1.0,N,13:45,120N04729,2015-08-28 13:44:00
1159,2018090818-063085              ,2018-07-16 00:00:00,MO,10:20:00,0,0,0,0,P,N,N,1.0,2,NJ 3                                              ,E,3,10.84,2,2.0,1.0,1.0,1.0,1.0,1.0,N,10:20,120N13767,2018-07-16 10:20:00
1160,2016090916-001109              ,2016-01-22 00:00:00,F ,5:18:00,0,0,0,0,P,N,N,2.0,2,NJ 3                                              ,E,3,9.9,2,2.0,1.0,6.0,1.0,5.0,1.0,N,5:20,120N04729,2016-01-22 05:18:00
1163,2.02E+15,2017-12-13 00:00:00,WE,8:22:00,0,0,0,0,P,N,N,2.0,2,NJ 3                                              ,E,3,10.84,2,1.0,1.0,1.0,1.0,5.0,1.0,N,8:20,120N13767,2017-12-13 08:22:00
1164,2015090915-013236              ,2015-09-03 00:00:00,TH,14:21:00,0,0,0,0,P,N,N,1.0,2,NJ 3                                              ,E,3,9.4,2,2.0,1.0,1.0,1.0,2.0,1.0,N,14:20,120-04730,2015-09-03 14:21:00
1165,2016090916-001266              ,2016-01-25 00:00:00,M ,7:25:00,0,0,0,0,P,N,N,1.0,2,NJ 3                                              ,E,3,9.5,2,2.0,4.0,1.0,1.0,2.0,1.0,N,7:25,120-04729,2016-01-25 07:25:00
1166,2015090915-013266              ,2015-09-04 00:00:00,F ,4:13:00,0,1,0,0,I,Y,N,11.0,1,NJ 3                                              ,E,3,9.8,2,2.0,1.0,6.0,1.0,1.0,1.0,N,4:15,120N04729,2015-09-04 04:13:00
1167,2014090914-014956              ,2014-09-08 00:00:00,M ,11:57:00,0,1,0,0,I,N,N,2.0,2,NJ 3                                              ,E,3,9.12,2,2.0,1.0,1.0,1.0,5.0,1.0,N,11:55,120-04731,2014-09-08 11:57:00
1168,2015090915-013344              ,2015-09-05 00:00:00,SA,15:34:00,0,0,0,0,P,N,N,1.0,2,NJ 3                                              ,E,3,9.8,2,2.0,1.0,1.0,1.0,1.0,1.0,N,15:35,120N04729,2015-09-05 15:34:00
1169,2016090916-001453              ,2016-01-28 00:00:00,TH,5:54:00,0,0,0,0,P,N,N,2.0,2,NJ 3                                              ,E,3,10.2,2,2.0,2.0,2.0,1.0,5.0,1.0,N,5:55,120N04729,2016-01-28 05:54:00
1170,20170908SO-17-004673           ,2017-02-13 00:00:00,MO,11:51:00,0,1,0,0,I,N,N,1.0,2,NJ 3                                              ,E,3,10.84,2,2.0,1.0,1.0,1.0,1.0,1.0,N,11:50,120N13767,2017-02-13 11:51:00
1172,2014090914-015370              ,2014-09-18 00:00:00,TH,7:00:00,0,0,0,0,P,N,N,2.0,2,NJ 3                                              ,E,3,10.1,2,2.0,1.0,1.0,1.0,5.0,1.0,N,7:00,120N04729,2014-09-18 07:00:00
1175,2017090917-000191              ,2017-01-03 00:00:00,TU,20:25:00,0,0,0,0,P,N,N,1.0,2,NJ 3                                              ,E,3,9.9,2,2.0,2.0,6.0,5.0,4.0,1.0,N,20:25,120N04729,2017-01-03 20:25:00
1176,2014090914-015678              ,2014-09-25 00:00:00,TH,8:55:00,0,0,0,0,P,N,N,1.0,2,NJ 3                                              ,E,3,10.04,2,2.0,2.0,1.0,2.0,2.0,1.0,N,8:55,120N04729,2014-09-25 08:55:00
1177,2013090913-003259              ,2013-02-21 00:00:00,TH,17:55:00,0,0,0,0,P,N,N,1.0,2,NJ 3                                              ,E,3,9.12,2,2.0,1.0,6.0,1.0,2.0,1.0,N,17:55,120-04731,2013-02-21 17:55:00
1178,2018090818-082486              ,2018-09-09 00:00:00,SU,8:21:00,0,0,0,0,P,N,N,11.0,1,NJ 3                                              ,E,3,10.84,2,2.0,2.0,1.0,2.0,1.0,1.0,N,8:20,120N13767,2018-09-09 08:21:00
1179,2017090917-000492              ,2017-01-09 00:00:00,MO,17:07:00,0,0,0,0,P,N,N,1.0,2,NJ 3                                              ,E,3,10.24,2,2.0,2.0,6.0,1.0,4.0,1.0,N,17:05,120-13767,2017-01-09 17:07:00
1180,2014090914-015968              ,2014-10-01 00:00:00,W ,17:36:00,0,0,0,0,P,N,N,2.0,2,NJ 3                                              ,E,3,8.6,2,2.0,1.0,1.0,1.0,5.0,1.0,Y,17:35,120-04732,2014-10-01 17:36:00
1181,2015090915-014318              ,2015-09-24 00:00:00,TH,19:06:00,0,0,0,0,P,N,N,2.0,2,NJ 3                                              ,E,3,9.6,2,2.0,1.0,6.0,1.0,1.0,1.0,N,19:05,120-04729,2015-09-24 19:06:00
1182,2016090916-002005              ,2016-02-06 00:00:00,SA,18:32:00,0,1,0,0,I,N,N,1.0,2,NJ 3                                              ,E,3,10.1,2,2.0,1.0,6.0,1.0,2.0,1.0,N,18:30,120N04729,2016-02-06 18:32:00
1183,2015090915-014412              ,2015-09-26 00:00:00,SA,14:17:00,0,0,0,0,P,N,N,2.0,2,NJ 3                                              ,E,3,10.04,2,2.0,1.0,1.0,1.0,2.0,1.0,N,14:15,120N04729,2015-09-26 14:17:00
1184,2014090914-016008              ,2014-10-02 00:00:00,TH,18:01:00,0,0,0,0,P,N,N,1.0,2,NJ 3                                              ,E,3,9.23,2,2.0,1.0,3.0,1.0,3.0,1.0,N,18:00,120N04731,2014-10-02 18:01:00
1186,2014090914-016077              ,2014-10-03 00:00:00,F ,20:05:00,0,1,0,0,I,N,N,1.0,2,NJ 3                                              ,E,3,9.0,2,2.0,1.0,6.0,1.0,1.0,1.0,N,20:05,120-04731,2014-10-03 20:05:00
1187,2015090915-014430              ,2015-09-26 00:00:00,SA,21:00:00,0,0,0,0,P,N,N,1.0,2,NJ 3                                              ,E,3,10.04,2,2.0,1.0,6.0,1.0,5.0,1.0,N,21:00,120N04729,2015-09-26 21:00:00
1188,2016090916-002177              ,2016-02-10 00:00:00,W ,6:03:00,0,1,0,0,I,N,N,1.0,2,NJ 3                                              ,E,3,9.8,2,2.0,2.0,6.0,3.0,1.0,1.0,N,6:05,120N04729,2016-02-10 06:03:00
1190,2014090914-016493              ,2014-10-12 00:00:00,S ,10:00:00,0,0,0,0,P,N,N,2.0,2,NJ 3                                              ,E,3,8.6,2,2.0,1.0,1.0,1.0,5.0,1.0,N,10:00,120-04732,2014-10-12 10:00:00
1191,2015090915-014615              ,2015-10-01 00:00:00,TH,7:48:00,0,2,0,0,I,N,N,1.0,3,NJ 3                                              ,E,3,9.95,2,2.0,1.0,1.0,1.0,1.0,1.0,N,7:50,120N04729,2015-10-01 07:48:00
1192,2018090818-097030              ,2018-10-17 00:00:00,WE,20:16:00,0,1,0,0,I,N,N,5.0,2,NJ 3                                              ,E,3,10.46,2,2.0,1.0,6.0,1.0,5.0,1.0,N,20:15,120N13767,2018-10-17 20:16:00
1193,2017090917-001031              ,2017-01-19 00:00:00,TH,11:27:00,0,0,0,0,P,N,N,1.0,2,NJ 3                                              ,E,3,8.6,2,2.0,1.0,1.0,1.0,3.0,1.0,N,11:25,120-04732,2017-01-19 11:27:00
1194,2016090916-002238              ,2016-02-10 00:00:00,W ,23:01:00,0,0,0,0,P,N,N,2.0,2,NJ 3                                              ,E,3,9.1,2,2.0,1.0,6.0,1.0,2.0,1.0,N,23:00,120-04731,2016-02-10 23:01:00
1195,2013090913-004313              ,2013-03-11 00:00:00,M ,10:30:00,0,0,0,0,P,N,N,2.0,2,NJ 3                                              ,E,3,9.2,2,2.0,1.0,1.0,1.0,1.0,0.0,N,10:30,120-04731,2013-03-11 10:30:00
1197,2014090914-016527              ,2014-10-13 00:00:00,M ,7:13:00,0,0,0,0,P,N,N,12.0,1,NJ 3                                              ,E,3,9.4,2,2.0,1.0,1.0,5.0,2.0,1.0,N,7:15,120-04730,2014-10-13 07:13:00
1198,2017090917-001057              ,2017-01-19 00:00:00,TH,18:06:00,0,0,0,0,P,N,N,1.0,2,NJ 3                                              ,E,3,8.55,2,2.0,1.0,6.0,1.0,5.0,1.0,N,18:05,120-04732,2017-01-19 18:06:00
1199,2014090914-016583              ,2014-10-14 00:00:00,TU,12:50:00,0,0,0,0,P,N,N,3.0,2,NJ 3                                              ,E,3,9.4,2,2.0,1.0,1.0,1.0,2.0,1.0,N,12:50,120-04730,2014-10-14 12:50:00
1200,2016090916-002548              ,2016-02-16 00:00:00,TU,7:32:00,0,0,0,0,P,N,N,2.0,2,NJ 3                                              ,E,3,9.1,2,2.0,2.0,1.0,2.0,1.0,1.0,N,7:30,120-04731,2016-02-16 07:32:00
1201,2015090915-014717              ,2015-10-02 00:00:00,F ,20:47:00,0,0,0,0,P,N,N,1.0,2,NJ 3                                              ,E,3,9.6,2,2.0,2.0,6.0,2.0,,1.0,N,20:45,120-04729,2015-10-02 20:47:00
1202,2018090818-099401              ,2018-10-24 00:00:00,WE,8:18:00,0,0,0,0,P,N,N,2.0,2,NJ 3                                              ,E,3,10.46,2,2.0,1.0,1.0,1.0,1.0,2.0,N,8:20,120N13767,2018-10-24 08:18:00
1203,2016090916-002579              ,2016-02-16 00:00:00,TU,14:39:00,0,0,0,0,P,N,N,11.0,1,NJ 3                                              ,E,3,9.8,2,2.0,2.0,1.0,2.0,1.0,1.0,N,14:40,120N04729,2016-02-16 14:39:00
1204,2018090818-101981              ,2018-10-30 00:00:00,TU,18:27:00,0,0,0,0,P,N,N,1.0,2,NJ 3                                              ,E,3,10.46,2,2.0,1.0,3.0,1.0,1.0,1.0,N,18:25,120N13767,2018-10-30 18:27:00
1205,2015090915-014875              ,2015-10-06 00:00:00,TU,12:47:00,0,0,0,0,P,N,N,2.0,2,NJ 3                                              ,E,3,9.6,2,2.0,1.0,1.0,1.0,5.0,1.0,N,12:45,120-04729,2015-10-06 12:47:00
1206,2016090916-002634              ,2016-02-17 00:00:00,W ,11:17:00,0,1,0,0,I,N,N,1.0,2,NJ 3                                              ,E,3,9.98,2,2.0,1.0,1.0,5.0,5.0,1.0,N,11:15,120N04729,2016-02-17 11:17:00
1207,2014090914-017114              ,2014-10-25 00:00:00,SA,13:12:00,0,0,0,0,P,N,N,2.0,2,NJ 3                                              ,E,3,9.9,2,2.0,1.0,1.0,1.0,1.0,1.0,N,13:10,120N04729,2014-10-25 13:12:00
1208,2016090916-002872              ,2016-02-21 00:00:00,S ,13:27:00,0,0,0,0,P,N,N,1.0,2,NJ 3                                              ,E,3,10.04,2,1.0,1.0,1.0,1.0,5.0,1.0,Y,13:25,120N04729,2016-02-21 13:27:00
1210,2015090915-014933              ,2015-10-07 00:00:00,W ,12:44:00,0,0,0,0,P,N,N,11.0,1,NJ 3                                              ,E,3,9.95,2,1.0,1.0,1.0,1.0,2.0,1.0,N,12:45,120N04729,2015-10-07 12:44:00
1211,2016090916-002955              ,2016-02-23 00:00:00,TU,13:09:00,0,1,0,0,I,N,N,2.0,2,NJ 3                                              ,E,3,10.04,2,2.0,2.0,1.0,2.0,5.0,1.0,N,13:10,120N04729,2016-02-23 13:09:00
1212,2013090913-004783              ,2013-03-18 00:00:00,M ,20:42:00,0,0,0,0,P,N,N,11.0,1,NJ 3                                              ,E,3,10.19,2,2.0,3.0,6.0,3.0,1.0,1.0,N,20:40,120N04729,2013-03-18 20:42:00
1213,2018090818-104317              ,2018-11-05 00:00:00,MO,19:41:00,0,0,0,0,P,N,N,1.0,2,NJ 3                                              ,E,3,10.75,2,2.0,2.0,6.0,2.0,1.0,1.0,N,19:40,120N13767,2018-11-05 19:41:00
1214,2016090916-003012              ,2016-02-24 00:00:00,W ,11:33:00,0,0,0,0,P,N,N,11.0,2,NJ 3                                              ,E,3,9.7,2,2.0,2.0,1.0,2.0,1.0,1.0,N,11:35,120-04729,2016-02-24 11:33:00
1215,2014090914-017344              ,2014-10-30 00:00:00,TH,9:01:00,0,1,0,0,I,N,N,1.0,2,NJ 3                                              ,E,3,0.0,2,2.0,1.0,1.0,1.0,2.0,1.0,N,9:00,120-07448,2014-10-30 09:01:00
1216,2015090915-014955              ,2015-10-07 00:00:00,W ,18:43:00,0,0,0,0,P,N,N,1.0,2,NJ 3                                              ,E,3,9.12,2,2.0,1.0,6.0,1.0,5.0,1.0,N,18:45,120-04731,2015-10-07 18:43:00
1217,2015090915-014976              ,2015-10-08 00:00:00,TH,9:01:00,0,1,0,0,I,N,N,1.0,2,NJ 3                                              ,E,3,8.64,2,2.0,1.0,1.0,1.0,1.0,1.0,N,9:00,120-04732,2015-10-08 09:01:00
1218,2017090917-002126              ,2017-02-08 00:00:00,WE,17:49:00,0,0,0,0,P,N,N,1.0,2,NJ 3                                              ,E,3,9.9,2,2.0,1.0,6.0,1.0,1.0,1.0,N,17:50,120N04729,2017-02-08 17:49:00
1219,2018090818-105487              ,2018-11-09 00:00:00,FR,2:47:00,0,1,0,0,I,N,N,6.0,2,NJ 3                                              ,E,3,10.6,2,2.0,1.0,6.0,1.0,1.0,2.0,N,2:45,120N13767,2018-11-09 02:47:00
1221,2017090917-002144              ,2017-02-09 00:00:00,TH,8:21:00,0,0,0,0,P,N,N,2.0,2,NJ 3                                              ,E,3,8.7,2,2.0,3.0,1.0,3.0,5.0,1.0,N,8:20,120-04731,2017-02-09 08:21:00
1222,2018090818-106431              ,2018-11-11 00:00:00,SU,16:24:00,0,0,0,0,P,N,N,2.0,2,NJ 3                                              ,E,3,10.46,2,2.0,1.0,1.0,1.0,3.0,1.0,N,16:25,120N13767,2018-11-11 16:24:00
1223,2014090914-017353              ,2014-10-30 00:00:00,TH,13:18:00,0,0,0,0,P,N,N,2.0,2,NJ 3                                              ,E,3,3.91,2,2.0,1.0,1.0,1.0,1.0,1.0,N,13:20,120-04740,2014-10-30 13:18:00
1224,2015090915-014977              ,2015-10-08 00:00:00,TH,9:06:00,0,0,0,0,P,N,N,2.0,2,NJ 3                                              ,E,3,10.5,2,2.0,1.0,1.0,1.0,4.0,1.0,N,9:05,120N13767,2015-10-08 09:06:00
1225,2013090913-005281              ,2013-03-26 00:00:00,TU,14:37:00,0,0,0,0,P,N,N,11.0,1,NJ 3                                              ,E,3,8.63,2,2.0,1.0,1.0,1.0,1.0,1.0,N,14:35,120-04732,2013-03-26 14:37:00
1226,2017090917-002160              ,2017-02-09 00:00:00,TH,11:56:00,0,0,0,0,P,N,N,11.0,1,NJ 3                                              ,E,3,8.8,2,2.0,2.0,1.0,3.0,5.0,1.0,N,11:55,120-04731,2017-02-09 11:56:00
1227,2018090818-108431              ,2018-11-16 00:00:00,FR,23:46:00,0,0,0,0,P,N,N,2.0,2,NJ 3                                              ,E,3,10.5,2,2.0,1.0,6.0,1.0,4.0,1.0,N,23:45,120N13767,2018-11-16 23:46:00
1228,2017090917-002164              ,2017-02-09 00:00:00,TH,13:37:00,0,0,0,0,P,N,N,11.0,1,NJ 3                                              ,E,3,8.7,2,2.0,3.0,1.0,1.0,5.0,1.0,N,13:35,120-04731,2017-02-09 13:37:00
1229,2015090915-015179              ,2015-10-12 00:00:00,M ,7:09:00,0,0,0,0,P,N,N,2.0,2,NJ 3                                              ,E,3,9.9,2,2.0,1.0,1.0,1.0,5.0,1.0,N,7:10,120N04729,2015-10-12 07:09:00