,CRASH_ID,DATE,DAY,TIME,KILLED,INJURED,PED_KILL,PED_INJ,SEVERITY,ALCOHOL,HAZMAT,CRASH_TYPE,VEH_COUNT,LOCATION,LOC_DIR,ROUTE,MP,RD_SYS,RD_SURF,SURF_COND,LIGHT,WEATHER,RD_DIV,RD_WRKZN,CELL_USE,TIME_ROUND,TMC,timestamp
1230,2016090916-003395              ,2016-03-02 00:00:00,W ,16:15:00,0,0,0,0,P,N,N,1.0,3,NJ 3                                              ,E,3,10.1,2,2.0,1.0,1.0,1.0,5.0,1.0,N,16:15,120N04729,2016-03-02 16:15:00
1231,2017090917-002299              ,2017-02-12 00:00:00,SU,10:47:00,0,0,0,0,P,N,N,11.0,1,NJ 3                                              ,E,3,9.1,2,2.0,5.0,1.0,7.0,2.0,1.0,N,10:45,120-04731,2017-02-12 10:47:00
1232,2015090915-015326              ,2015-10-15 00:00:00,TH,8:00:00,0,0,0,0,P,N,N,1.0,2,NJ 3                                              ,E,3,10.0,2,2.0,1.0,1.0,1.0,5.0,1.0,N,8:00,120N04729,2015-10-15 08:00:00
1233,2015090915-015354              ,2015-10-15 00:00:00,TH,15:10:00,0,0,0,0,P,N,N,99.0,1,NJ 3                                              ,E,3,8.7,2,1.0,1.0,1.0,1.0,5.0,1.0,N,15:10,120-04731,2015-10-15 15:10:00
1234,2016090916-003676              ,2016-03-08 00:00:00,TU,17:10:00,0,0,0,0,P,N,N,1.0,2,NJ 3                                              ,E,3,9.8,2,2.0,1.0,1.0,1.0,2.0,1.0,N,17:10,120N04729,2016-03-08 17:10:00
1235,2017090917-002767              ,2017-02-20 00:00:00,MO,16:44:00,0,0,0,0,P,N,N,1.0,2,NJ 3                                              ,E,3,9.89,2,2.0,1.0,1.0,1.0,1.0,1.0,N,16:45,120N04729,2017-02-20 16:44:00
1236,2018090818-110891              ,2018-11-23 00:00:00,FR,12:29:00,0,0,0,0,P,N,N,3.0,2,NJ 3                                              ,E,3,10.84,2,2.0,1.0,1.0,1.0,5.0,1.0,N,12:30,120N13767,2018-11-23 12:29:00
1237,2017090917-003092              ,2017-02-25 00:00:00,SA,15:35:00,0,0,0,0,P,N,N,1.0,2,NJ 3                                              ,E,3,9.12,2,2.0,1.0,1.0,1.0,5.0,1.0,N,15:35,120-04731,2017-02-25 15:35:00
1239,2014090914-017989              ,2014-11-14 00:00:00,F ,13:25:00,0,6,0,0,I,N,N,2.0,4,NJ 3                                              ,E,3,8.5,2,2.0,1.0,1.0,1.0,5.0,1.0,N,13:25,120-04732,2014-11-14 13:25:00
1240,2017090917-003510              ,2017-03-04 00:00:00,SA,1:08:00,0,0,0,0,P,N,N,2.0,2,NJ 3                                              ,E,3,8.69,2,2.0,1.0,7.0,1.0,1.0,1.0,N,1:10,120-04731,2017-03-04 01:08:00
1242,2017090917-003538              ,2017-03-04 00:00:00,SA,12:46:00,0,0,0,0,P,N,N,2.0,2,NJ 3                                              ,E,3,9.8,2,2.0,1.0,1.0,1.0,4.0,1.0,N,12:45,120N04729,2017-03-04 12:46:00
1243,2013090913-005938              ,2013-04-06 00:00:00,SA,4:24:00,0,2,0,0,I,Y,N,4.0,2,NJ 3                                              ,E,3,9.95,2,2.0,1.0,6.0,1.0,1.0,2.0,N,4:25,120N04729,2013-04-06 04:24:00
1244,2015090915-015890              ,2015-10-25 00:00:00,S ,9:38:00,0,0,0,0,P,N,N,99.0,1,NJ 3                                              ,E,3,10.05,2,2.0,2.0,1.0,5.0,1.0,1.0,N,9:40,120N04729,2015-10-25 09:38:00
1245,2013090913-005959              ,2013-04-06 00:00:00,SA,14:56:00,0,0,0,0,P,N,N,2.0,2,NJ 3                                              ,E,3,9.89,2,2.0,1.0,1.0,1.0,2.0,1.0,N,14:55,120N04729,2013-04-06 14:56:00
1246,2015090915-016000              ,2015-10-27 00:00:00,TU,8:26:00,0,0,0,0,P,N,N,2.0,2,NJ 3                                              ,E,3,9.2,2,2.0,1.0,1.0,1.0,2.0,1.0,N,8:25,120-04731,2015-10-27 08:26:00
1247,2015090915-016382              ,2015-11-02 00:00:00,M ,15:28:00,0,3,0,0,I,N,N,1.0,2,NJ 3                                              ,E,3,9.7,2,2.0,1.0,1.0,1.0,2.0,1.0,N,15:30,120-04729,2015-11-02 15:28:00
1248,2018090818-126071              ,2018-12-31 00:00:00,MO,10:10:00,0,0,0,0,P,N,N,2.0,2,NJ 3                                              ,E,3,10.46,2,2.0,1.0,1.0,1.0,4.0,1.0,N,10:10,120N13767,2018-12-31 10:10:00
1250,2013090913-006096              ,2013-04-08 00:00:00,M ,23:34:00,0,1,0,0,I,N,N,2.0,2,NJ 3                                              ,E,3,8.59,2,2.0,1.0,6.0,1.0,5.0,2.0,N,23:35,120-04732,2013-04-08 23:34:00
1251,2016090916-004693              ,2016-03-28 00:00:00,M ,6:59:00,0,0,0,0,P,N,N,2.0,2,NJ 3                                              ,E,3,9.4,2,2.0,2.0,6.0,2.0,5.0,1.0,N,7:00,120-04730,2016-03-28 06:59:00
1252,2015090915-016553              ,2015-11-05 00:00:00,TH,17:52:00,0,0,0,0,P,N,N,1.0,2,NJ 3                                              ,E,3,9.8,2,2.0,2.0,6.0,1.0,5.0,1.0,N,17:50,120N04729,2015-11-05 17:52:00
1253,2017090917-004246              ,2017-03-16 00:00:00,TH,9:42:00,0,0,0,0,P,N,N,1.0,2,NJ 3                                              ,E,3,9.8,2,2.0,1.0,1.0,1.0,5.0,1.0,N,9:40,120N04729,2017-03-16 09:42:00
1254,2.02E+15,2018-01-03 00:00:00,WE,14:31:00,0,0,0,0,P,N,N,2.0,2,NJ 3                                              ,E,3,10.84,2,2.0,2.0,1.0,1.0,1.0,1.0,N,14:30,120N13767,2018-01-03 14:31:00
1255,2.02E+15,2018-01-05 00:00:00,FR,2:13:00,0,0,0,0,P,N,N,11.0,1,NJ 3                                              ,E,3,10.46,2,2.0,3.0,6.0,3.0,4.0,1.0,N,2:15,120N13767,2018-01-05 02:13:00
1256,2.02E+15,2018-01-06 00:00:00,SA,8:45:00,0,1,0,0,I,N,N,5.0,2,NJ 3                                              ,E,3,10.46,2,2.0,1.0,1.0,1.0,2.0,1.0,N,8:45,120N13767,2018-01-06 08:45:00
1257,2016090916-005118              ,2016-04-04 00:00:00,M ,12:16:00,0,0,0,0,P,N,N,15.0,2,NJ 3                                              ,E,3,8.55,2,2.0,2.0,1.0,2.0,5.0,1.0,N,12:15,120-04732,2016-04-04 12:16:00
1258,2017090917-004511              ,2017-03-21 00:00:00,TU,9:47:00,0,1,0,0,I,N,N,2.0,2,NJ 3                                              ,E,3,9.9,2,2.0,1.0,1.0,1.0,5.0,1.0,N,9:45,120N04729,2017-03-21 09:47:00
1259,2017090917-004659              ,2017-03-23 00:00:00,TH,15:55:00,0,0,0,0,P,N,N,2.0,2,NJ 3                                              ,E,3,8.7,2,2.0,1.0,1.0,1.0,4.0,1.0,N,15:55,120-04731,2017-03-23 15:55:00
1260,2015090915-017004              ,2015-11-13 00:00:00,F ,11:45:00,0,1,0,0,I,N,N,1.0,2,NJ 3                                              ,E,3,9.7,2,2.0,1.0,1.0,1.0,5.0,1.0,N,11:45,120-04729,2015-11-13 11:45:00
1261,2016090916-005163              ,2016-04-05 00:00:00,TU,8:49:00,0,2,0,0,I,N,N,1.0,2,NJ 3                                              ,E,3,10.04,2,2.0,1.0,1.0,1.0,5.0,1.0,N,8:50,120N04729,2016-04-05 08:49:00
1262,2017090917-004684              ,2017-03-24 00:00:00,FR,4:30:00,0,0,0,0,P,Y,N,2.0,2,NJ 3                                              ,E,3,9.3,2,2.0,1.0,6.0,1.0,1.0,1.0,N,4:30,120-04730,2017-03-24 04:30:00
1263,2016090916-005336              ,2016-04-08 00:00:00,F ,17:22:00,0,0,0,0,P,N,N,3.0,2,NJ 3                                              ,E,3,9.1,2,2.0,1.0,1.0,1.0,5.0,1.0,N,17:20,120-04731,2016-04-08 17:22:00
1264,2017090917-004793              ,2017-03-25 00:00:00,SA,23:57:00,0,0,0,0,P,N,N,2.0,2,NJ 3                                              ,E,3,9.98,2,2.0,1.0,7.0,1.0,1.0,1.0,N,23:55,120N04729,2017-03-25 23:57:00
1265,2.02E+15,2018-02-03 00:00:00,SA,4:08:00,0,1,0,0,I,N,N,3.0,2,NJ 3                                              ,E,3,10.46,2,2.0,1.0,3.0,1.0,4.0,1.0,N,4:10,120N13767,2018-02-03 04:08:00
1266,2017090917-004997              ,2017-03-30 00:00:00,TH,6:20:00,0,0,0,0,P,N,N,1.0,2,NJ 3                                              ,E,3,9.12,2,2.0,1.0,1.0,1.0,5.0,1.0,N,6:20,120-04731,2017-03-30 06:20:00
1267,2016090916-005381              ,2016-04-09 00:00:00,SA,15:52:00,0,0,0,0,P,N,N,1.0,2,NJ 3                                              ,E,3,10.04,2,2.0,2.0,1.0,2.0,5.0,1.0,N,15:50,120N04729,2016-04-09 15:52:00
1268,2013090913-007051              ,2013-04-24 00:00:00,W ,9:27:00,0,0,0,0,P,N,N,1.0,2,NJ 3                                              ,E,3,10.5,2,2.0,1.0,1.0,1.0,1.0,1.0,N,9:25,120N13767,2013-04-24 09:27:00
1269,2015090915-017190              ,2015-11-16 00:00:00,M ,20:38:00,0,0,0,0,P,N,N,2.0,2,NJ 3                                              ,E,3,9.7,2,2.0,1.0,6.0,1.0,,1.0,N,20:40,120-04729,2015-11-16 20:38:00
1270,2014090914-019121              ,2014-12-10 00:00:00,W ,3:10:00,0,0,0,0,P,N,N,1.0,2,NJ 3                                              ,E,3,9.4,2,2.0,2.0,6.0,1.0,2.0,1.0,N,3:10,120-04730,2014-12-10 03:10:00
1271,2013090913-007136              ,2013-04-25 00:00:00,TH,20:22:00,0,0,0,0,P,N,N,2.0,2,NJ 3                                              ,E,3,9.8,2,2.0,1.0,6.0,1.0,1.0,1.0,N,20:20,120N04729,2013-04-25 20:22:00
1272,2017090917-005082              ,2017-03-31 00:00:00,FR,12:17:00,0,0,0,0,P,N,N,2.0,2,NJ 3                                              ,E,3,9.9,2,2.0,2.0,1.0,2.0,5.0,1.0,N,12:15,120N04729,2017-03-31 12:17:00
1273,2016090916-005631              ,2016-04-14 00:00:00,TH,15:51:00,0,1,0,0,I,N,N,2.0,2,NJ 3                                              ,E,3,10.1,2,2.0,1.0,1.0,1.0,2.0,1.0,N,15:50,120N04729,2016-04-14 15:51:00
1274,2015090915-017348              ,2015-11-19 00:00:00,TH,17:21:00,0,1,0,0,I,N,N,2.0,2,NJ 3                                              ,E,3,10.2,2,2.0,2.0,6.0,2.0,2.0,1.0,N,17:20,120N04729,2015-11-19 17:21:00
1275,2.02E+15,2018-02-06 00:00:00,TU,8:31:00,0,0,0,0,P,N,N,1.0,2,NJ 3                                              ,E,3,10.46,2,2.0,1.0,1.0,1.0,1.0,1.0,N,8:30,120N13767,2018-02-06 08:31:00
1276,2017090917-005278              ,2017-04-03 00:00:00,MO,20:00:00,0,3,0,0,I,N,N,1.0,2,NJ 3                                              ,E,3,9.89,2,2.0,1.0,6.0,1.0,2.0,1.0,N,20:00,120N04729,2017-04-03 20:00:00
1277,2014090914-019142              ,2014-12-10 00:00:00,W ,10:54:00,0,0,0,0,P,N,N,1.0,2,NJ 3                                              ,E,3,4.39,2,2.0,2.0,1.0,2.0,1.0,1.0,N,10:55,120N04740,2014-12-10 10:54:00
1280,2014090914-019146              ,2014-12-10 00:00:00,W ,12:02:00,0,1,0,0,I,N,N,1.0,2,NJ 3                                              ,E,3,9.4,2,2.0,2.0,1.0,2.0,2.0,1.0,N,12:00,120-04730,2014-12-10 12:02:00
1281,2017090917-005356              ,2017-04-05 00:00:00,WE,9:15:00,0,0,0,0,P,N,N,2.0,2,NJ 3                                              ,E,3,8.52,2,2.0,1.0,1.0,1.0,5.0,1.0,N,9:15,120-04732,2017-04-05 09:15:00
1282,2016090916-006105              ,2016-04-23 00:00:00,SA,16:25:00,0,2,0,0,I,Y,N,1.0,2,NJ 3                                              ,E,3,8.6,2,2.0,1.0,1.0,1.0,5.0,1.0,Y,16:25,120-04732,2016-04-23 16:25:00
1283,2015090915-017678              ,2015-11-25 00:00:00,W ,18:59:00,0,1,0,0,I,N,N,1.0,2,NJ 3                                              ,E,3,10.04,2,2.0,1.0,7.0,1.0,2.0,1.0,N,19:00,120N04729,2015-11-25 18:59:00
1284,2.02E+15,2018-02-18 00:00:00,SU,19:50:00,0,0,0,0,P,N,N,1.0,2,NJ 3                                              ,E,3,10.46,2,2.0,2.0,6.0,1.0,1.0,1.0,N,19:50,120N13767,2018-02-18 19:50:00
1286,2015090915-017757              ,2015-11-27 00:00:00,F ,13:54:00,0,4,0,0,I,N,N,1.0,3,NJ 3                                              ,E,3,9.7,2,2.0,1.0,1.0,1.0,5.0,1.0,N,13:55,120-04729,2015-11-27 13:54:00
1287,2016090916-006517              ,2016-05-01 00:00:00,S ,12:57:00,0,0,0,0,P,N,N,1.0,2,NJ 3                                              ,E,3,9.89,2,2.0,2.0,1.0,2.0,5.0,1.0,Y,12:55,120N04729,2016-05-01 12:57:00
1288,2017090917-005440              ,2017-04-06 00:00:00,TH,17:18:00,0,0,0,0,P,N,N,11.0,2,NJ 3                                              ,E,3,9.8,2,2.0,2.0,1.0,2.0,1.0,1.0,N,17:20,120N04729,2017-04-06 17:18:00
1289,2.02E+15,2018-03-14 00:00:00,WE,6:41:00,0,0,0,0,P,N,N,2.0,2,NJ 3                                              ,E,3,10.5,2,2.0,1.0,6.0,1.0,2.0,1.0,N,6:40,120N13767,2018-03-14 06:41:00
1291,2015090915-017961              ,2015-12-01 00:00:00,TU,17:01:00,0,0,0,0,P,N,N,3.0,2,NJ 3                                              ,E,3,8.6,2,2.0,2.0,6.0,2.0,5.0,1.0,N,17:00,120-04732,2015-12-01 17:01:00
1292,2014090914-019688              ,2014-12-22 00:00:00,M ,16:07:00,0,0,0,0,P,N,N,11.0,1,NJ 3                                              ,E,3,9.4,2,2.0,2.0,3.0,2.0,2.0,1.0,N,16:05,120-04730,2014-12-22 16:07:00
1293,2017090917-005517              ,2017-04-07 00:00:00,FR,15:48:00,0,1,0,0,I,N,N,1.0,2,NJ 3                                              ,E,3,10.0,2,2.0,1.0,1.0,5.0,5.0,1.0,N,15:50,120N04729,2017-04-07 15:48:00
1294,2014090914-019757              ,2014-12-24 00:00:00,W ,13:43:00,0,2,0,0,I,N,N,1.0,2,NJ 3                                              ,E,3,9.9,2,2.0,2.0,1.0,2.0,2.0,1.0,N,13:45,120N04729,2014-12-24 13:43:00
1295,2.02E+15,2018-03-18 00:00:00,SU,5:43:00,0,0,0,0,P,N,N,11.0,1,NJ 3                                              ,E,3,10.84,2,2.0,1.0,5.0,1.0,1.0,1.0,N,5:45,120N13767,2018-03-18 05:43:00
1296,2015090915-018364              ,2015-12-09 00:00:00,W ,9:17:00,0,0,0,0,P,N,N,2.0,2,NJ 3                                              ,E,3,8.6,2,2.0,1.0,1.0,1.0,5.0,1.0,Y,9:15,120-04732,2015-12-09 09:17:00
1297,2015090915-018589              ,2015-12-13 00:00:00,S ,4:03:00,0,0,0,0,P,N,N,11.0,1,NJ 3                                              ,E,3,8.5,2,1.0,1.0,6.0,1.0,5.0,1.0,N,4:05,120-04732,2015-12-13 04:03:00
1298,2014090914-019920              ,2014-12-28 00:00:00,S ,16:56:00,0,0,0,0,P,N,N,1.0,2,NJ 3                                              ,E,3,8.51,2,2.0,1.0,6.0,1.0,5.0,1.0,N,16:55,120-04732,2014-12-28 16:56:00
1299,2013090913-008540              ,2013-05-17 00:00:00,F ,21:17:00,0,0,0,0,P,N,N,2.0,3,NJ 3                                              ,E,3,8.8,2,2.0,1.0,6.0,1.0,5.0,1.0,N,21:15,120-04731,2013-05-17 21:17:00
1300,2017090917-005677              ,2017-04-10 00:00:00,MO,9:02:00,0,0,0,0,P,N,N,2.0,2,NJ 3                                              ,E,3,9.6,2,2.0,1.0,1.0,1.0,1.0,1.0,N,9:00,120-04729,2017-04-10 09:02:00
1302,2016090916-006655              ,2016-05-04 00:00:00,W ,6:41:00,0,2,0,0,I,N,N,1.0,3,NJ 3                                              ,E,3,10.2,2,2.0,2.0,2.0,5.0,1.0,1.0,N,6:40,120N04729,2016-05-04 06:41:00
1303,2016090916-006656              ,2016-05-04 00:00:00,W ,7:54:00,0,0,0,0,P,N,N,1.0,2,NJ 3                                              ,E,3,9.7,2,2.0,1.0,1.0,1.0,5.0,1.0,N,7:55,120-04729,2016-05-04 07:54:00
1304,2015090915-018847              ,2015-12-17 00:00:00,TH,12:49:00,0,0,0,0,P,N,N,1.0,2,NJ 3                                              ,E,3,9.77,2,2.0,2.0,6.0,2.0,5.0,1.0,N,12:50,120N04729,2015-12-17 12:49:00
1305,2017090917-006053              ,2017-04-15 00:00:00,SA,23:44:00,0,0,0,0,P,N,N,2.0,2,NJ 3                                              ,E,3,10.0,2,2.0,1.0,6.0,1.0,5.0,1.0,N,23:45,120N04729,2017-04-15 23:44:00
1306,2.02E+15,2018-04-13 00:00:00,FR,23:45:00,0,0,0,0,P,N,N,99.0,1,NJ 3                                              ,E,3,10.84,2,2.0,1.0,3.0,1.0,2.0,1.0,N,23:45,120N13767,2018-04-13 23:45:00
1307,2.02E+15,2018-04-16 00:00:00,MO,8:10:00,0,0,0,0,P,N,N,1.0,2,NJ 3                                              ,E,3,10.46,2,2.0,2.0,1.0,2.0,4.0,1.0,N,8:10,120N13767,2018-04-16 08:10:00
1308,2.02E+15,2018-04-19 00:00:00,TH,9:35:00,0,0,0,0,P,N,N,2.0,2,NJ 3                                              ,E,3,10.46,2,2.0,1.0,1.0,5.0,1.0,1.0,N,9:35,120N13767,2018-04-19 09:35:00
1309,2015090915-019033              ,2015-12-21 00:00:00,M ,6:56:00,0,0,0,0,P,N,N,2.0,2,NJ 3                                              ,E,3,8.5,2,1.0,1.0,2.0,1.0,4.0,1.0,N,6:55,120-04732,2015-12-21 06:56:00
1310,2016090916-006786              ,2016-05-06 00:00:00,F ,8:16:00,0,1,0,0,I,N,N,1.0,2,NJ 3                                              ,E,3,10.0,2,2.0,2.0,1.0,2.0,4.0,1.0,N,8:15,120N04729,2016-05-06 08:16:00
1311,2017090917-006541              ,2017-04-22 00:00:00,SA,11:01:00,0,0,0,0,P,N,N,1.0,2,NJ 3                                              ,E,3,10.0,2,2.0,1.0,1.0,5.0,5.0,1.0,N,11:00,120N04729,2017-04-22 11:01:00
1314,2017090917-006689              ,2017-04-25 00:00:00,TU,14:43:00,0,0,0,0,P,N,N,1.0,2,NJ 3                                              ,E,3,9.1,2,2.0,2.0,1.0,2.0,1.0,1.0,N,14:45,120-04731,2017-04-25 14:43:00
1315,2013090913-009169              ,2013-05-28 00:00:00,TU,19:19:00,0,0,0,0,P,N,N,11.0,1,NJ 3                                              ,E,3,9.91,2,2.0,2.0,3.0,2.0,3.0,1.0,Y,19:20,120N04729,2013-05-28 19:19:00
1316,2014160213-165                 ,2014-01-06 00:00:00,M ,7:33:00,0,0,0,0,P,N,N,1.0,2,NJ 3                                              ,E,3,0.1,2,2.0,2.0,1.0,2.0,5.0,1.0,N,7:35,120-07448,2014-01-06 07:33:00
1317,2014160214-0833                ,2014-06-23 00:00:00,M ,8:31:00,0,0,0,0,P,N,N,1.0,2,NJ 3                                              ,E,3,2.62,2,2.0,1.0,1.0,1.0,1.0,1.0,N,8:30,120-07443,2014-06-23 08:31:00
1318,2017090917-006717              ,2017-04-25 00:00:00,TU,20:46:00,0,0,0,0,P,N,N,11.0,1,NJ 3                                              ,E,3,9.6,2,2.0,2.0,7.0,2.0,3.0,1.0,N,20:45,120-04729,2017-04-25 20:46:00
1319,2013090913-009262              ,2013-05-30 00:00:00,TH,13:06:00,0,0,0,0,P,N,N,2.0,2,NJ 3                                              ,E,3,3.91,2,2.0,1.0,1.0,1.0,1.0,,N,13:05,120-04740,2013-05-30 13:06:00
1321,2014160214-100103              ,2014-12-09 00:00:00,TU,20:51:00,0,0,0,0,P,N,N,2.0,2,NJ 3                                              ,E,3,0.51,2,2.0,2.0,6.0,1.0,1.0,1.0,N,20:50,120N07448,2014-12-09 20:51:00
1322,2017090917-006816              ,2017-04-27 00:00:00,TH,14:38:00,0,0,0,0,P,N,N,11.0,1,NJ 3                                              ,E,3,8.6,2,2.0,1.0,1.0,1.0,2.0,1.0,N,14:40,120-04732,2017-04-27 14:38:00
1323,2.02E+15,2018-05-01 00:00:00,TU,7:44:00,0,0,0,0,P,N,N,1.0,2,NJ 3                                              ,E,3,10.84,2,2.0,1.0,1.0,1.0,1.0,,N,7:45,120N13767,2018-05-01 07:44:00
1324,2013090913-009316              ,2013-05-31 00:00:00,F ,9:03:00,0,0,0,0,P,N,N,1.0,2,NJ 3                                              ,E,3,8.6,2,2.0,1.0,1.0,1.0,4.0,1.0,N,9:05,120-04732,2013-05-31 09:03:00
1325,2017090917-006849              ,2017-04-27 00:00:00,TH,21:50:00,0,1,0,0,I,N,N,11.0,1,NJ 3                                              ,E,3,9.5,2,2.0,1.0,6.0,1.0,1.0,,N,21:50,120-04729,2017-04-27 21:50:00
1326,2015090915-019195              ,2015-07-17 00:00:00,F ,13:42:00,0,0,0,0,P,N,N,1.0,2,NJ 3                                              ,E,3,9.89,2,2.0,1.0,1.0,1.0,1.0,1.0,Y,13:40,120N04729,2015-07-17 13:42:00
1327,2017090917-006859              ,2017-04-28 00:00:00,FR,8:07:00,0,0,0,0,P,N,N,1.0,2,NJ 3                                              ,E,3,8.54,2,2.0,2.0,1.0,1.0,5.0,1.0,N,8:05,120-04732,2017-04-28 08:07:00
1328,2013090913-009492              ,2013-06-03 00:00:00,M ,7:47:00,0,0,0,0,P,N,N,2.0,3,NJ 3                                              ,E,3,8.62,2,2.0,2.0,1.0,2.0,1.0,1.0,N,7:45,120-04732,2013-06-03 07:47:00
1329,2.02E+15,2015-06-26 00:00:00,F ,22:33:00,0,0,0,0,P,N,N,2.0,2,NJ 3                                              ,E,3,10.2,2,2.0,1.0,6.0,1.0,4.0,1.0,N,22:35,120N04729,2015-06-26 22:33:00
1331,2018090918-000114              ,2018-01-02 00:00:00,TU,18:57:00,0,0,0,0,P,N,N,1.0,2,NJ 3                                              ,E,3,8.6,2,2.0,1.0,6.0,1.0,4.0,1.0,N,18:55,120-04732,2018-01-02 18:57:00
1332,2017090917-006936              ,2017-04-29 00:00:00,SA,16:39:00,0,0,0,0,P,N,N,1.0,2,NJ 3                                              ,E,3,9.89,2,2.0,1.0,1.0,1.0,5.0,1.0,N,16:40,120N04729,2017-04-29 16:39:00
1333,2017090917-006940              ,2017-04-29 00:00:00,SA,18:08:00,0,0,0,0,P,N,N,11.0,1,NJ 3                                              ,E,3,8.84,2,2.0,1.0,1.0,1.0,2.0,1.0,N,18:10,120-04731,2017-04-29 18:08:00
1334,2018090918-000204              ,2018-01-04 00:00:00,TH,8:06:00,0,0,0,0,P,N,N,11.0,1,NJ 3                                              ,E,3,9.88,2,2.0,3.0,1.0,3.0,1.0,1.0,N,8:05,120N04729,2018-01-04 08:06:00
1335,2018090918-000228              ,2018-01-04 00:00:00,TH,13:13:00,0,0,0,0,P,N,N,1.0,2,NJ 3                                              ,E,3,8.6,2,2.0,3.0,1.0,3.0,2.0,1.0,N,13:15,120-04732,2018-01-04 13:13:00
1336,2016090916-007811              ,2016-05-24 00:00:00,TU,7:25:00,0,0,0,0,P,N,N,1.0,2,NJ 3                                              ,E,3,9.1,2,2.0,2.0,1.0,2.0,1.0,1.0,N,7:25,120-04731,2016-05-24 07:25:00
1337,20150909SO-15-025903           ,2015-09-26 00:00:00,SA,22:14:00,0,1,0,0,I,N,N,1.0,2,NJ 3                                              ,E,3,9.89,2,2.0,1.0,6.0,1.0,4.0,1.0,N,22:15,120N04729,2015-09-26 22:14:00
1338,2013090913-009944              ,2013-06-10 00:00:00,M ,7:52:00,0,0,0,0,P,N,N,2.0,2,NJ 3                                              ,E,3,9.9,2,2.0,1.0,1.0,5.0,2.0,1.0,N,7:50,120N04729,2013-06-10 07:52:00
1339,2014160214-10064               ,2014-09-21 00:00:00,S ,3:56:00,0,2,0,0,I,N,N,1.0,2,NJ 3                                              ,E,3,1.87,2,2.0,2.0,6.0,2.0,1.0,1.0,N,3:55,120-07444,2014-09-21 03:56:00
1340,2017090917-0070444             ,2017-05-08 00:00:00,MO,7:40:00,0,0,0,0,P,N,N,2.0,2,NJ 3                                              ,E,3,9.4,2,2.0,1.0,1.0,1.0,2.0,1.0,N,7:40,120-04730,2017-05-08 07:40:00
1341,2013090913-010008              ,2013-06-11 00:00:00,TU,7:52:00,0,0,0,0,P,N,N,2.0,2,NJ 3                                              ,E,3,9.85,2,2.0,1.0,1.0,1.0,1.0,1.0,N,7:50,120N04729,2013-06-11 07:52:00
1342,2014160214-100646              ,2014-12-13 00:00:00,SA,20:53:00,0,0,0,0,P,N,N,2.0,2,NJ 3                                              ,E,3,0.53,2,2.0,1.0,6.0,1.0,1.0,1.0,N,20:55,120N07448,2014-12-13 20:53:00
1343,2018090918-000367              ,2018-01-06 00:00:00,SA,15:02:00,0,0,0,0,P,N,N,1.0,2,NJ 3                                              ,E,3,9.89,2,2.0,1.0,1.0,1.0,3.0,1.0,N,15:00,120N04729,2018-01-06 15:02:00
1344,2016090916-008439              ,2016-06-03 00:00:00,F ,5:22:00,0,0,0,0,P,N,N,99.0,1,NJ 3                                              ,E,3,8.0,2,2.0,1.0,2.0,1.0,2.0,1.0,N,5:20,120-04733,2016-06-03 05:22:00
1345,2018090918-000371              ,2018-01-06 00:00:00,SA,16:39:00,0,0,0,0,P,N,N,1.0,2,NJ 3                                              ,E,3,9.89,2,2.0,1.0,3.0,1.0,2.0,1.0,N,16:40,120N04729,2018-01-06 16:39:00
1346,2013090913-010248              ,2013-06-14 00:00:00,F ,20:53:00,0,1,0,0,I,N,N,11.0,1,NJ 3                                              ,E,3,8.0,2,2.0,1.0,6.0,1.0,1.0,1.0,N,20:55,120-04733,2013-06-14 20:53:00
1347,2014160214-100655              ,2014-12-13 00:00:00,SA,23:29:00,0,2,0,0,I,N,N,1.0,2,NJ 3                                              ,E,3,1.44,2,2.0,1.0,6.0,1.0,1.0,1.0,N,23:30,120-07444,2014-12-13 23:29:00
1348,2017090917-007310              ,2017-05-05 00:00:00,FR,17:30:00,0,0,0,0,P,N,N,2.0,2,NJ 3                                              ,E,3,9.2,2,2.0,2.0,1.0,2.0,2.0,1.0,N,17:30,120-04731,2017-05-05 17:30:00
1349,2018090918-000560              ,2018-01-09 00:00:00,TU,15:08:00,0,0,0,0,P,N,N,2.0,2,NJ 3                                              ,E,3,9.9,2,2.0,1.0,1.0,1.0,2.0,1.0,N,15:10,120N04729,2018-01-09 15:08:00
1350,2016090916-008661              ,2016-06-06 00:00:00,M ,17:10:00,0,0,0,0,P,N,N,1.0,2,NJ 3                                              ,E,3,8.6,2,2.0,1.0,1.0,1.0,1.0,1.0,N,17:10,120-04732,2016-06-06 17:10:00
1351,2017090917-007391              ,2017-05-07 00:00:00,SU,2:37:00,0,0,0,0,P,N,N,2.0,2,NJ 3                                              ,E,3,9.9,2,2.0,1.0,6.0,1.0,5.0,1.0,N,2:35,120N04729,2017-05-07 02:37:00