,CRASH_ID,DATE,DAY,TIME,KILLED,INJURED,PED_KILL,PED_INJ,SEVERITY,ALCOHOL,HAZMAT,CRASH_TYPE,VEH_COUNT,LOCATION,LOC_DIR,ROUTE,MP,RD_SYS,RD_SURF,SURF_COND,LIGHT,WEATHER,RD_DIV,RD_WRKZN,CELL_USE,TIME_ROUND,TMC,timestamp
1353,2018090918-000692              ,2018-01-11 00:00:00,TH,9:07:00,0,0,0,0,P,N,N,15.0,1,NJ 3                                              ,E,3,8.6,2,2.0,2.0,1.0,5.0,5.0,1.0,N,9:05,120-04732,2018-01-11 09:07:00
1354,2017090917-007595              ,2017-05-10 00:00:00,WE,19:22:00,0,0,0,0,P,N,N,2.0,2,NJ 3                                              ,E,3,10.1,2,2.0,1.0,1.0,1.0,5.0,1.0,N,19:20,120N04729,2017-05-10 19:22:00
1355,2017090917-007642              ,2017-05-11 00:00:00,TH,14:28:00,0,0,0,0,P,N,N,2.0,2,NJ 3                                              ,E,3,9.7,2,2.0,1.0,1.0,1.0,5.0,1.0,N,14:30,120-04729,2017-05-11 14:28:00
1356,2018090918-000824              ,2018-01-13 00:00:00,SA,15:16:00,0,0,0,0,P,N,N,1.0,2,NJ 3                                              ,E,3,9.8,2,2.0,1.0,1.0,1.0,2.0,1.0,N,15:15,120N04729,2018-01-13 15:16:00
1357,2014160214-100850              ,2014-12-15 00:00:00,M ,9:44:00,0,1,0,0,I,N,N,1.0,2,NJ 3                                              ,E,3,2.67,2,2.0,1.0,1.0,1.0,5.0,1.0,N,9:45,120-07443,2014-12-15 09:44:00
1358,2017090917-007687              ,2017-05-12 00:00:00,FR,8:16:00,0,0,0,0,P,N,N,1.0,2,NJ 3                                              ,E,3,9.0,2,2.0,1.0,1.0,1.0,1.0,1.0,N,8:15,120-04731,2017-05-12 08:16:00
1359,2013090913-010939              ,2013-06-26 00:00:00,W ,8:28:00,0,1,0,0,I,N,N,1.0,2,NJ 3                                              ,E,3,9.5,2,2.0,1.0,1.0,1.0,1.0,1.0,N,8:30,120-04729,2013-06-26 08:28:00
1360,2018090918-000941              ,2018-01-15 00:00:00,MO,13:40:00,0,0,0,0,P,N,N,2.0,2,NJ 3                                              ,E,3,8.7,2,2.0,1.0,1.0,1.0,2.0,1.0,N,13:40,120-04731,2018-01-15 13:40:00
1361,2017090917-007835              ,2017-05-14 00:00:00,SU,19:37:00,0,0,0,0,P,N,N,1.0,2,NJ 3                                              ,E,3,10.24,2,2.0,1.0,6.0,1.0,2.0,1.0,N,19:35,120-13767,2017-05-14 19:37:00
1362,2017090917-007955              ,2017-05-16 00:00:00,TU,17:39:00,0,0,0,0,P,N,N,2.0,2,NJ 3                                              ,E,3,9.12,2,2.0,1.0,1.0,1.0,2.0,1.0,N,17:40,120-04731,2017-05-16 17:39:00
1363,2018090918-001010              ,2018-01-16 00:00:00,TU,15:47:00,0,1,0,0,I,N,N,1.0,2,NJ 3                                              ,E,3,9.89,2,2.0,1.0,1.0,5.0,5.0,1.0,N,15:45,120N04729,2018-01-16 15:47:00
1364,2016090916-009227              ,2016-06-16 00:00:00,TH,17:40:00,0,0,0,0,P,N,N,2.0,2,NJ 3                                              ,E,3,10.0,2,2.0,1.0,1.0,1.0,2.0,1.0,N,17:40,120N04729,2016-06-16 17:40:00
1365,2018090918-001145              ,2018-01-18 00:00:00,TH,16:12:00,0,1,0,0,I,N,N,1.0,2,NJ 3                                              ,E,3,10.04,2,2.0,1.0,1.0,1.0,5.0,1.0,N,16:10,120N04729,2018-01-18 16:12:00
1366,2018090918-001168              ,2018-01-19 00:00:00,FR,7:01:00,0,1,0,0,I,N,N,1.0,2,NJ 3                                              ,E,3,10.04,2,2.0,1.0,2.0,1.0,2.0,,N,7:00,120N04729,2018-01-19 07:01:00
1367,2014160214-101002              ,2014-12-16 00:00:00,TU,8:08:00,0,0,0,0,P,N,N,12.0,1,NJ 3                                              ,E,3,0.1,2,2.0,1.0,1.0,5.0,5.0,1.0,N,8:10,120-07448,2014-12-16 08:08:00
1368,2016090916-009510              ,2016-06-22 00:00:00,W ,9:49:00,0,0,0,0,P,N,N,1.0,2,NJ 3                                              ,E,3,10.0,2,2.0,1.0,1.0,1.0,5.0,1.0,N,9:50,120N04729,2016-06-22 09:49:00
1370,2016090916-009563              ,2016-06-23 00:00:00,TH,7:02:00,0,1,0,0,I,N,N,2.0,2,NJ 3                                              ,E,3,8.59,2,2.0,1.0,1.0,1.0,5.0,1.0,N,7:00,120-04732,2016-06-23 07:02:00
1371,2017090917-008230              ,2017-05-21 00:00:00,SU,16:35:00,0,0,0,0,P,N,N,2.0,2,NJ 3                                              ,E,3,10.1,2,2.0,1.0,1.0,1.0,5.0,1.0,N,16:35,120N04729,2017-05-21 16:35:00
1372,2013090913-011837              ,2013-07-11 00:00:00,TH,7:34:00,0,0,0,0,P,N,N,2.0,2,NJ 3                                              ,E,3,0.0,2,2.0,1.0,1.0,1.0,2.0,1.0,N,7:35,120-07448,2013-07-11 07:34:00
1373,2017090917-008416              ,2017-05-23 00:00:00,TU,14:34:00,0,0,0,0,P,N,N,2.0,2,NJ 3                                              ,E,3,9.3,2,2.0,1.0,1.0,1.0,5.0,1.0,N,14:35,120-04730,2017-05-23 14:34:00
1374,2016090916-009730              ,2016-06-26 00:00:00,S ,20:13:00,0,1,0,0,I,N,N,10.0,1,NJ 3                                              ,E,3,9.4,2,2.0,1.0,1.0,1.0,3.0,1.0,N,20:15,120-04730,2016-06-26 20:13:00
1376,2014160214-101348              ,2014-12-18 00:00:00,TH,14:06:00,0,1,0,0,I,N,N,1.0,2,NJ 3                                              ,E,3,1.24,2,2.0,1.0,1.0,1.0,5.0,1.0,N,14:05,120N07447,2014-12-18 14:06:00
1377,2017090917-008551              ,2017-05-25 00:00:00,TH,14:51:00,0,0,0,0,P,N,N,2.0,2,NJ 3                                              ,E,3,10.0,2,2.0,2.0,1.0,2.0,5.0,1.0,N,14:50,120N04729,2017-05-25 14:51:00
1378,2016090916-009821              ,2016-06-28 00:00:00,TU,17:02:00,0,0,0,0,P,N,N,2.0,2,NJ 3                                              ,E,3,10.0,2,1.0,1.0,1.0,5.0,4.0,1.0,Y,17:00,120N04729,2016-06-28 17:02:00
1379,2017090917-008552              ,2017-05-25 00:00:00,TH,15:06:00,0,1,0,0,I,N,N,6.0,2,NJ 3                                              ,E,3,10.0,2,2.0,2.0,1.0,1.0,2.0,1.0,N,15:05,120N04729,2017-05-25 15:06:00
1380,2018090918-001489              ,2018-01-24 00:00:00,WE,17:07:00,0,1,0,0,I,N,N,1.0,2,NJ 3                                              ,E,3,10.04,2,2.0,1.0,6.0,1.0,2.0,1.0,N,17:05,120N04729,2018-01-24 17:07:00
1381,2018090918-001490              ,2018-01-24 00:00:00,WE,17:38:00,0,0,0,0,P,N,N,1.0,2,NJ 3                                              ,E,3,9.8,2,2.0,1.0,6.0,1.0,1.0,1.0,N,17:40,120N04729,2018-01-24 17:38:00
1382,2016090916-009845              ,2016-06-28 00:00:00,TU,22:52:00,0,0,0,0,P,N,N,2.0,2,NJ 3                                              ,E,3,9.89,2,2.0,2.0,6.0,2.0,2.0,1.0,N,22:50,120N04729,2016-06-28 22:52:00
1384,2016090916-009919              ,2016-06-30 00:00:00,TH,12:49:00,0,0,0,0,P,N,N,2.0,2,NJ 3                                              ,E,3,8.6,2,2.0,1.0,1.0,1.0,2.0,1.0,N,12:50,120-04732,2016-06-30 12:49:00
1386,2017090917-009130              ,2017-06-03 00:00:00,SA,9:56:00,0,1,0,0,I,N,N,1.0,2,NJ 3                                              ,E,3,9.12,2,2.0,1.0,1.0,1.0,5.0,1.0,N,9:55,120-04731,2017-06-03 09:56:00
1387,2014160214-101944              ,2014-12-23 00:00:00,TU,7:00:00,0,0,0,0,P,N,N,2.0,2,NJ 3                                              ,E,3,4.89,2,2.0,2.0,1.0,2.0,1.0,1.0,N,7:00,120-04738,2014-12-23 07:00:00
1388,2016090916-010154              ,2016-07-05 00:00:00,TU,17:54:00,0,0,0,0,P,N,N,2.0,2,NJ 3                                              ,E,3,9.85,2,2.0,1.0,1.0,1.0,5.0,1.0,N,17:55,120N04729,2016-07-05 17:54:00
1389,2017090917-009178              ,2017-06-04 00:00:00,SU,3:19:00,0,3,0,0,I,N,N,11.0,1,NJ 3                                              ,E,3,10.24,2,2.0,1.0,5.0,1.0,2.0,1.0,N,3:20,120-13767,2017-06-04 03:19:00
1390,2013090913-014088              ,2013-08-18 00:00:00,S ,5:12:00,0,0,0,0,P,Y,N,11.0,1,NJ 3                                              ,E,3,9.7,2,2.0,1.0,6.0,1.0,99.0,2.0,N,5:10,120-04729,2013-08-18 05:12:00
1391,2017090917-009236              ,2017-06-05 00:00:00,MO,14:52:00,0,0,0,0,P,N,N,1.0,2,NJ 3                                              ,E,3,10.1,2,2.0,1.0,1.0,1.0,1.0,1.0,N,14:50,120N04729,2017-06-05 14:52:00
1392,2017090917-009240              ,2017-06-05 00:00:00,MO,15:18:00,0,0,0,0,P,N,N,6.0,2,NJ 3                                              ,E,3,10.1,2,2.0,1.0,1.0,1.0,1.0,1.0,N,15:20,120N04729,2017-06-05 15:18:00
1393,2014160214-102021              ,2014-12-23 00:00:00,TU,15:18:00,0,0,0,0,P,N,N,2.0,2,NJ 3                                              ,E,3,0.0,2,2.0,2.0,1.0,2.0,1.0,1.0,N,15:20,120-07448,2014-12-23 15:18:00
1394,2017090917-009556              ,2017-06-12 00:00:00,MO,7:58:00,0,0,0,0,P,N,N,2.0,2,NJ 3                                              ,E,3,9.6,2,2.0,1.0,1.0,1.0,2.0,1.0,N,8:00,120-04729,2017-06-12 07:58:00
1395,2017090917-009776              ,2017-06-15 00:00:00,TH,11:12:00,0,0,0,0,P,N,N,3.0,2,NJ 3                                              ,E,3,8.0,2,2.0,1.0,1.0,1.0,2.0,1.0,N,11:10,120-04733,2017-06-15 11:12:00
1396,2014160214-102164              ,2014-12-24 00:00:00,W ,17:28:00,0,0,0,0,P,N,N,2.0,2,NJ 3                                              ,E,3,3.82,2,2.0,2.0,6.0,2.0,1.0,1.0,N,17:30,120-04740,2014-12-24 17:28:00
1397,2018090918-002838              ,2018-02-16 00:00:00,FR,20:40:00,0,0,0,0,P,N,N,2.0,2,NJ 3                                              ,E,3,9.9,2,2.0,1.0,6.0,1.0,2.0,1.0,N,20:40,120N04729,2018-02-16 20:40:00
1398,2017090917-009990              ,2017-06-19 00:00:00,MO,8:33:00,0,1,0,0,I,N,N,1.0,2,NJ 3                                              ,E,3,10.24,2,2.0,1.0,1.0,1.0,1.0,1.0,N,8:35,120-13767,2017-06-19 08:33:00
1399,2018090918-002859              ,2018-02-17 00:00:00,SA,10:18:00,0,0,0,0,P,N,N,2.0,2,NJ 3                                              ,E,3,10.04,2,2.0,1.0,1.0,1.0,2.0,1.0,N,10:20,120N04729,2018-02-17 10:18:00
1400,2015132615MN11940              ,2015-05-09 00:00:00,SA,13:30:00,0,0,0,0,P,N,N,1.0,2,MONMOUTH COUNTY 3                                 ,E,3,1.43,5,2.0,1.0,1.0,1.0,5.0,1.0,N,13:30,120-07444,2015-05-09 13:30:00
1401,2018090918-003073              ,2018-02-21 00:00:00,WE,6:48:00,0,0,0,0,P,N,N,1.0,2,NJ 3                                              ,E,3,10.1,2,2.0,1.0,1.0,1.0,2.0,1.0,N,6:50,120N04729,2018-02-21 06:48:00
1403,2016090916-011044              ,2016-07-23 00:00:00,SA,13:13:00,0,1,0,0,I,N,N,1.0,2,NJ 3                                              ,E,3,9.89,2,2.0,1.0,1.0,1.0,2.0,,N,13:15,120N04729,2016-07-23 13:13:00
1404,2018090918-003521              ,2018-02-28 00:00:00,WE,9:14:00,0,0,0,0,P,N,N,1.0,2,NJ 3                                              ,E,3,9.12,2,2.0,1.0,1.0,1.0,2.0,1.0,N,9:15,120-04731,2018-02-28 09:14:00
1405,2013090913-016264              ,2013-09-23 00:00:00,M ,20:44:00,0,0,0,0,P,N,N,15.0,1,NJ 3                                              ,E,3,8.8,2,2.0,1.0,6.0,1.0,1.0,1.0,N,20:45,120-04731,2013-09-23 20:44:00
1406,2016090916-011333              ,2016-07-29 00:00:00,F ,5:14:00,0,1,0,0,I,N,N,11.0,2,NJ 3                                              ,E,3,9.7,2,2.0,6.0,2.0,2.0,1.0,1.0,N,5:15,120-04729,2016-07-29 05:14:00
1407,2017090917-010952              ,2017-07-05 00:00:00,WE,18:55:00,0,3,0,0,I,N,N,1.0,3,NJ 3                                              ,E,3,9.7,2,2.0,1.0,1.0,1.0,1.0,1.0,N,18:55,120-04729,2017-07-05 18:55:00
1408,2016090916-011339              ,2016-07-29 00:00:00,F ,9:05:00,0,1,0,0,I,N,N,1.0,2,NJ 3                                              ,E,3,10.0,2,2.0,2.0,1.0,5.0,5.0,1.0,N,9:05,120N04729,2016-07-29 09:05:00
1409,2013090913-016708              ,2013-09-30 00:00:00,M ,18:39:00,0,0,0,0,P,N,N,11.0,1,NJ 3                                              ,E,3,8.0,2,2.0,1.0,3.0,1.0,1.0,1.0,N,18:40,120-04733,2013-09-30 18:39:00
1410,2013090913-016875              ,2013-10-03 00:00:00,TH,5:07:00,0,0,0,0,P,N,N,15.0,2,NJ 3                                              ,E,3,10.5,2,2.0,1.0,5.0,1.0,1.0,1.0,N,5:05,120N13767,2013-10-03 05:07:00
1412,2018090918-003870              ,2018-03-06 00:00:00,TU,9:41:00,0,0,0,0,P,N,N,2.0,2,NJ 3                                              ,E,3,9.6,2,2.0,1.0,1.0,1.0,1.0,1.0,N,9:40,120-04729,2018-03-06 09:41:00
1413,2013090913-016922              ,2013-10-03 00:00:00,TH,22:30:00,0,0,0,0,P,N,N,1.0,3,NJ 3                                              ,E,3,8.8,2,2.0,1.0,6.0,1.0,1.0,2.0,N,22:30,120-04731,2013-10-03 22:30:00
1414,2013090913-016974              ,2013-10-04 00:00:00,F ,17:34:00,0,0,0,0,P,N,N,1.0,3,NJ 3                                              ,E,3,8.6,2,2.0,2.0,1.0,1.0,1.0,1.0,N,17:35,120-04732,2013-10-04 17:34:00
1415,2017090917-011081              ,2017-07-07 00:00:00,FR,13:44:00,0,0,0,0,P,N,N,1.0,2,NJ 3                                              ,E,3,10.04,2,2.0,1.0,1.0,1.0,5.0,1.0,N,13:45,120N04729,2017-07-07 13:44:00
1418,2016090916-012190              ,2016-08-13 00:00:00,SA,22:13:00,0,0,0,0,P,N,N,2.0,2,NJ 3                                              ,E,3,9.7,2,2.0,1.0,6.0,1.0,4.0,1.0,N,22:15,120-04729,2016-08-13 22:13:00
1419,2013090913-017154              ,2013-10-08 00:00:00,TU,6:38:00,0,0,0,0,P,N,N,1.0,2,NJ 3                                              ,E,3,10.04,2,2.0,1.0,1.0,1.0,1.0,1.0,N,6:40,120N04729,2013-10-08 06:38:00
1420,2017090917-011371              ,2017-07-12 00:00:00,WE,16:34:00,0,0,0,0,P,N,N,2.0,2,NJ 3                                              ,E,3,8.9,2,2.0,1.0,1.0,1.0,1.0,1.0,N,16:35,120-04731,2017-07-12 16:34:00
1421,2015132615MN15371              ,2015-06-12 00:00:00,F ,8:53:00,0,0,0,0,P,N,N,1.0,2,MONMOUTH COUNTY 3                                 ,E,3,0.0,5,2.0,1.0,1.0,1.0,5.0,,N,8:55,120-07448,2015-06-12 08:53:00
1422,2015132615MN15575              ,2015-06-14 00:00:00,S ,16:49:00,0,2,0,0,I,N,N,1.0,3,MONMOUTH COUNTY 3                                 ,E,3,0.5,5,2.0,1.0,1.0,1.0,5.0,,N,16:50,120N07448,2015-06-14 16:49:00
1423,2018090918-004204              ,2018-03-12 00:00:00,MO,6:12:00,0,1,0,0,I,N,N,2.0,2,NJ 3                                              ,E,3,9.12,2,2.0,1.0,6.0,1.0,2.0,1.0,N,6:10,120-04731,2018-03-12 06:12:00
1424,2018090918-004397              ,2018-03-15 00:00:00,TH,13:33:00,0,0,0,0,P,N,N,5.0,2,NJ 3                                              ,E,3,9.4,2,2.0,1.0,1.0,1.0,5.0,1.0,N,13:35,120-04730,2018-03-15 13:33:00
1425,2016090916-012944              ,2016-08-27 00:00:00,SA,13:48:00,0,0,0,0,P,N,N,1.0,2,NJ 3                                              ,E,3,9.7,2,2.0,1.0,1.0,1.0,5.0,1.0,N,13:50,120-04729,2016-08-27 13:48:00
1426,2014160214-10343               ,2014-09-27 00:00:00,SA,19:13:00,0,0,0,0,P,N,N,2.0,2,NJ 3                                              ,E,3,2.36,2,2.0,1.0,4.0,1.0,1.0,1.0,N,19:15,120-07443,2014-09-27 19:13:00
1427,2016090916-012952              ,2016-08-27 00:00:00,SA,16:11:00,0,0,0,0,P,N,N,1.0,2,NJ 3                                              ,E,3,9.3,2,2.0,1.0,1.0,1.0,4.0,1.0,N,16:10,120-04730,2016-08-27 16:11:00
1428,2018090918-004466              ,2018-03-16 00:00:00,FR,15:23:00,0,0,0,0,P,N,N,2.0,2,NJ 3                                              ,E,3,9.4,2,2.0,1.0,1.0,1.0,1.0,1.0,N,15:25,120-04730,2018-03-16 15:23:00
1429,2017090917-011884              ,2017-07-21 00:00:00,FR,14:13:00,0,2,0,0,I,N,N,1.0,2,NJ 3                                              ,E,3,9.89,2,2.0,1.0,1.0,1.0,2.0,1.0,N,14:15,120N04729,2017-07-21 14:13:00
1430,2018090918-004485              ,2018-03-16 00:00:00,FR,18:52:00,0,1,0,0,I,N,N,1.0,2,NJ 3                                              ,E,3,10.04,2,2.0,1.0,1.0,1.0,5.0,1.0,N,18:50,120N04729,2018-03-16 18:52:00
1431,2013090913-018759              ,2013-11-02 00:00:00,SA,15:31:00,0,0,0,0,P,N,N,1.0,2,NJ 3                                              ,E,3,5.67,2,2.0,1.0,1.0,5.0,5.0,1.0,N,15:30,120-04737,2013-11-02 15:31:00
1433,2018090918-005018              ,2018-03-26 00:00:00,MO,3:11:00,0,1,0,0,I,Y,N,2.0,2,NJ 3                                              ,E,3,9.2,2,2.0,1.0,7.0,1.0,2.0,1.0,N,3:10,120-04731,2018-03-26 03:11:00
1434,2015132615MN18875              ,2015-07-15 00:00:00,W ,19:28:00,0,1,0,0,I,N,N,11.0,1,MONMOUTH COUNTY 3                                 ,E,3,1.72,5,2.0,2.0,1.0,2.0,5.0,1.0,N,19:30,120-07444,2015-07-15 19:28:00
1435,2017090917-012170              ,2017-07-26 00:00:00,WE,16:37:00,0,0,0,0,P,N,N,1.0,2,NJ 3                                              ,E,3,10.04,2,2.0,1.0,,1.0,2.0,1.0,N,16:35,120N04729,2017-07-26 16:37:00
1437,2018090918-005218              ,2018-03-29 00:00:00,TH,10:09:00,0,0,0,0,P,N,N,8.0,2,NJ 3                                              ,E,3,9.0,2,2.0,2.0,1.0,2.0,2.0,1.0,N,10:10,120-04731,2018-03-29 10:09:00
1438,2017090917-012191              ,2017-07-27 00:00:00,TH,7:57:00,0,1,0,0,I,N,N,1.0,3,NJ 3                                              ,E,3,9.1,2,2.0,1.0,1.0,1.0,4.0,1.0,N,7:55,120-04731,2017-07-27 07:57:00
1439,2016090916-014444              ,2016-09-23 00:00:00,F ,11:22:00,0,0,0,0,P,N,N,99.0,3,NJ 3                                              ,E,3,8.9,2,2.0,1.0,1.0,1.0,1.0,1.0,N,11:20,120-04731,2016-09-23 11:22:00
1440,2018090918-005277              ,2018-03-30 00:00:00,FR,5:59:00,0,0,0,0,P,N,N,2.0,2,NJ 3                                              ,E,3,9.8,2,2.0,2.0,7.0,2.0,4.0,1.0,N,6:00,120N04729,2018-03-30 05:59:00
1442,2015132615MN21242              ,2015-08-05 00:00:00,W ,10:16:00,0,0,0,0,P,N,N,11.0,1,MONMOUTH COUNTY 3                                 ,E,3,0.55,5,2.0,1.0,0.0,1.0,5.0,1.0,N,10:15,120N07448,2015-08-05 10:16:00
1443,2017090917-012441              ,2017-08-01 00:00:00,TU,8:59:00,0,0,0,0,P,N,N,1.0,2,NJ 3                                              ,E,3,8.6,2,2.0,1.0,1.0,1.0,5.0,1.0,N,9:00,120-04732,2017-08-01 08:59:00
1444,2018090918-005283              ,2018-03-30 00:00:00,FR,7:41:00,0,0,0,0,P,N,N,2.0,2,NJ 3                                              ,E,3,9.5,2,2.0,1.0,1.0,1.0,1.0,1.0,N,7:40,120-04729,2018-03-30 07:41:00
1445,2014160214-10665               ,2014-10-06 00:00:00,M ,5:35:00,0,0,0,0,P,N,N,1.0,2,NJ 3                                              ,E,3,1.44,2,2.0,1.0,6.0,1.0,1.0,1.0,N,5:35,120-07444,2014-10-06 05:35:00
1446,2017090917-012604              ,2017-08-04 00:00:00,FR,3:20:00,0,1,0,0,I,Y,N,11.0,1,NJ 3                                              ,E,3,9.3,2,2.0,1.0,6.0,1.0,1.0,1.0,N,3:20,120-04730,2017-08-04 03:20:00
1447,2016090916-014592              ,2016-09-26 00:00:00,M ,10:34:00,0,0,0,0,P,N,N,2.0,2,NJ 3                                              ,E,3,9.89,2,2.0,1.0,1.0,1.0,2.0,1.0,N,10:35,120N04729,2016-09-26 10:34:00
1449,2017090917-012681              ,2017-08-05 00:00:00,SA,5:23:00,0,0,0,0,P,N,N,1.0,2,NJ 3                                              ,E,3,8.7,2,2.0,2.0,2.0,2.0,1.0,1.0,N,5:25,120-04731,2017-08-05 05:23:00
1450,2016090916-014593              ,2016-09-26 00:00:00,M ,10:39:00,0,0,0,0,P,N,N,2.0,2,NJ 3                                              ,E,3,9.9,2,2.0,1.0,1.0,1.0,5.0,1.0,N,10:40,120N04729,2016-09-26 10:39:00
1451,2013090913-021286              ,2013-12-11 00:00:00,W ,17:45:00,0,0,0,0,P,N,N,11.0,1,NJ 3                                              ,E,3,10.5,2,2.0,1.0,6.0,1.0,1.0,1.0,N,17:45,120N13767,2013-12-11 17:45:00
1453,2017090917-012806              ,2017-08-07 00:00:00,MO,12:15:00,0,0,0,0,P,N,N,2.0,2,NJ 3                                              ,E,3,8.5,2,1.0,2.0,1.0,2.0,5.0,1.0,N,12:15,120-04732,2017-08-07 12:15:00
1454,2018090918-005540              ,2018-04-03 00:00:00,TU,21:05:00,0,1,0,0,I,N,N,2.0,2,NJ 3                                              ,E,3,9.4,2,2.0,2.0,6.0,1.0,2.0,1.0,N,21:05,120-04730,2018-04-03 21:05:00
1455,2014160214-10740               ,2014-10-08 00:00:00,W ,8:18:00,0,0,0,0,P,N,N,2.0,2,NJ 3                                              ,E,3,2.64,2,2.0,1.0,1.0,1.0,1.0,1.0,N,8:20,120-07443,2014-10-08 08:18:00
1456,2017090917-012830              ,2017-08-07 00:00:00,MO,18:27:00,0,2,0,0,I,N,N,1.0,2,NJ 3                                              ,E,3,9.8,2,2.0,2.0,3.0,2.0,1.0,1.0,N,18:25,120N04729,2017-08-07 18:27:00
1457,2015132615MN22992              ,2015-08-21 00:00:00,F ,13:56:00,0,1,0,0,I,N,N,3.0,2,MONMOUTH COUNTY 3                                 ,E,3,2.2,5,2.0,1.0,1.0,1.0,,1.0,N,13:55,120N07444,2015-08-21 13:56:00
1458,2018090918-005655              ,2018-04-05 00:00:00,TH,12:21:00,0,0,0,0,P,N,N,2.0,2,NJ 3                                              ,E,3,9.2,2,2.0,1.0,1.0,1.0,5.0,1.0,N,12:20,120-04731,2018-04-05 12:21:00
1460,2017090917-013070              ,2017-08-11 00:00:00,FR,18:36:00,0,1,0,0,I,N,N,1.0,2,NJ 3                                              ,E,3,9.7,2,1.0,1.0,1.0,1.0,2.0,1.0,N,18:35,120-04729,2017-08-11 18:36:00
1462,2015132615MN23915              ,2015-08-28 00:00:00,F ,22:36:00,0,4,0,0,I,N,N,7.0,2,MONMOUTH COUNTY 3                                 ,E,3,2.22,5,2.0,1.0,7.0,1.0,5.0,1.0,N,22:35,120N07444,2015-08-28 22:36:00
1463,20130909SO-013704              ,2013-07-18 00:00:00,TH,15:05:00,0,0,0,0,P,N,N,1.0,2,NJ 3                                              ,E,3,9.12,2,1.0,1.0,1.0,1.0,4.0,1.0,N,15:05,120-04731,2013-07-18 15:05:00
1464,2016090916-015747              ,2016-10-15 00:00:00,SA,14:29:00,0,4,0,0,I,N,N,1.0,2,NJ 3                                              ,E,3,9.8,2,2.0,1.0,1.0,1.0,5.0,,N,14:30,120N04729,2016-10-15 14:29:00
1466,2017090917-013136              ,2017-08-12 00:00:00,SA,23:25:00,0,0,0,0,P,N,N,1.0,2,NJ 3                                              ,E,3,8.8,2,2.0,1.0,6.0,1.0,5.0,1.0,N,23:25,120-04731,2017-08-12 23:25:00
1467,2018090918-006047              ,2018-04-11 00:00:00,WE,10:20:00,0,0,0,0,P,N,N,15.0,2,NJ 3                                              ,E,3,9.89,2,2.0,1.0,1.0,1.0,4.0,1.0,N,10:20,120N04729,2018-04-11 10:20:00
1468,2016090916-0157524             ,2016-10-14 00:00:00,F ,21:28:00,0,0,0,0,P,N,N,1.0,2,NJ 3                                              ,E,3,9.9,2,2.0,1.0,6.0,1.0,5.0,1.0,N,21:30,120N04729,2016-10-14 21:28:00
1469,20130909SO-13-011223           ,2013-06-10 00:00:00,M ,11:57:00,0,0,0,0,P,N,N,11.0,1,NJ 3                                              ,E,3,9.12,2,2.0,2.0,1.0,2.0,1.0,1.0,N,11:55,120-04731,2013-06-10 11:57:00
1470,2014160214-1094                ,2014-01-29 00:00:00,W ,9:27:00,0,0,0,0,P,N,N,2.0,2,NJ 3                                              ,E,3,3.82,2,2.0,2.0,1.0,1.0,1.0,2.0,N,9:25,120-04740,2014-01-29 09:27:00
1471,2018090918-006144              ,2018-04-12 00:00:00,TH,13:25:00,0,0,0,0,P,N,N,1.0,2,NJ 3                                              ,E,3,9.9,2,2.0,1.0,1.0,1.0,2.0,1.0,N,13:25,120N04729,2018-04-12 13:25:00
1472,20130909SO-13-022355           ,2013-12-31 00:00:00,TU,15:51:00,0,0,0,0,P,N,N,1.0,2,NJ 3                                              ,E,3,10.04,2,2.0,1.0,1.0,1.0,2.0,1.0,N,15:50,120N04729,2013-12-31 15:51:00
1473,2016090916-016003              ,2016-10-19 00:00:00,W ,22:25:00,0,0,0,0,P,N,N,1.0,2,NJ 3                                              ,E,3,10.2,2,2.0,1.0,6.0,1.0,1.0,1.0,N,22:25,120N04729,2016-10-19 22:25:00
1475,2018090918-006176              ,2018-04-12 00:00:00,TH,17:56:00,0,0,0,0,P,N,N,2.0,2,NJ 3                                              ,E,3,9.1,2,2.0,1.0,1.0,1.0,2.0,1.0,N,17:55,120-04731,2018-04-12 17:56:00
1476,2016090916-016039              ,2016-10-20 00:00:00,TH,14:28:00,0,0,0,0,P,N,N,1.0,2,NJ 3                                              ,E,3,9.12,2,2.0,1.0,1.0,1.0,1.0,1.0,N,14:30,120-04731,2016-10-20 14:28:00
1477,2013160213-1003                ,2013-01-28 00:00:00,M ,7:42:00,0,0,0,0,P,N,N,1.0,2,NJ 3                                              ,E,3,4.83,2,2.0,1.0,1.0,1.0,1.0,2.0,N,7:40,120-04738,2013-01-28 07:42:00