,CRASH_ID,DATE,DAY,TIME,KILLED,INJURED,PED_KILL,PED_INJ,SEVERITY,ALCOHOL,HAZMAT,CRASH_TYPE,VEH_COUNT,LOCATION,LOC_DIR,ROUTE,MP,RD_SYS,RD_SURF,SURF_COND,LIGHT,WEATHER,RD_DIV,RD_WRKZN,CELL_USE,TIME_ROUND,TMC,timestamp
1478,2016090916-016250              ,2016-10-24 00:00:00,M ,7:15:00,0,1,0,0,I,N,N,1.0,3,NJ 3                                              ,E,3,8.6,2,2.0,2.0,1.0,1.0,5.0,1.0,N,7:15,120-04732,2016-10-24 07:15:00
1479,2017090917-013477              ,2017-08-18 00:00:00,FR,16:00:00,0,2,0,0,I,N,N,1.0,2,NJ 3                                              ,E,3,9.3,2,2.0,1.0,1.0,1.0,1.0,1.0,N,16:00,120-04730,2017-08-18 16:00:00
1480,2014160214-11056               ,2014-10-16 00:00:00,TH,12:46:00,0,0,0,0,P,N,N,15.0,2,NJ 3                                              ,E,3,4.8,2,2.0,1.0,1.0,1.0,1.0,1.0,N,12:45,120-04738,2014-10-16 12:46:00
1481,2018090918-006227              ,2018-04-13 00:00:00,FR,22:39:00,0,3,0,0,I,N,N,1.0,2,NJ 3                                              ,E,3,8.58,2,2.0,1.0,6.0,1.0,5.0,1.0,N,22:40,120-04732,2018-04-13 22:39:00
1482,2017090917-013535              ,2017-08-19 00:00:00,SA,16:24:00,0,0,0,0,P,N,N,2.0,2,NJ 3                                              ,E,3,10.0,2,2.0,1.0,1.0,1.0,2.0,1.0,N,16:25,120N04729,2017-08-19 16:24:00
1484,2013160213-10080               ,2013-09-09 00:00:00,M ,8:41:00,0,0,0,0,P,N,N,1.0,2,NJ 3                                              ,E,3,4.78,2,2.0,1.0,1.0,4.0,1.0,2.0,N,8:40,120-04738,2013-09-09 08:41:00
1485,2017090917-013615              ,2017-08-21 00:00:00,MO,10:53:00,0,0,0,0,P,N,N,1.0,2,NJ 3                                              ,E,3,9.2,2,2.0,1.0,1.0,1.0,4.0,1.0,N,10:55,120-04731,2017-08-21 10:53:00
1486,2016090916-016490              ,2016-10-28 00:00:00,F ,10:32:00,0,0,0,0,P,N,N,1.0,2,NJ 3                                              ,E,3,10.0,2,2.0,1.0,1.0,1.0,1.0,1.0,N,10:30,120N04729,2016-10-28 10:32:00
1487,2015132615MN27708              ,2015-10-01 00:00:00,TH,13:03:00,0,2,0,0,I,N,N,8.0,2,MONMOUTH COUNTY 3                                 ,E,3,3.9,5,2.0,2.0,1.0,2.0,4.0,1.0,N,13:05,120-04740,2015-10-01 13:03:00
1488,2013160213-10093               ,2013-09-09 00:00:00,M ,15:07:00,0,0,0,0,P,N,N,1.0,2,NJ 3                                              ,E,3,4.89,2,2.0,1.0,1.0,1.0,1.0,2.0,N,15:05,120-04738,2013-09-09 15:07:00
1489,2016090916-016814              ,2016-11-03 00:00:00,TH,9:03:00,0,0,0,0,P,N,N,1.0,2,NJ 3                                              ,E,3,8.58,2,2.0,1.0,1.0,5.0,5.0,1.0,Y,9:05,120-04732,2016-11-03 09:03:00
1490,2017090917-013723              ,2017-08-22 00:00:00,TU,23:15:00,0,0,0,0,P,N,N,11.0,1,NJ 3                                              ,E,3,10.2,2,2.0,2.0,6.0,2.0,2.0,1.0,N,23:15,120N04729,2017-08-22 23:15:00
1491,2014160214-11100               ,2014-10-17 00:00:00,F ,8:02:00,0,0,0,0,P,N,N,1.0,2,NJ 3                                              ,E,3,2.14,2,2.0,1.0,1.0,1.0,1.0,1.0,N,8:00,120-07444,2014-10-17 08:02:00
1492,2018090918-006690              ,2018-04-21 00:00:00,SA,3:04:00,0,0,0,0,P,N,N,1.0,2,NJ 3                                              ,E,3,9.5,2,2.0,1.0,6.0,1.0,1.0,1.0,N,3:05,120-04729,2018-04-21 03:04:00
1493,2014160214-11101               ,2014-10-17 00:00:00,F ,8:27:00,0,0,0,0,P,N,N,1.0,2,NJ 3                                              ,E,3,2.55,2,2.0,1.0,1.0,1.0,1.0,1.0,N,8:25,120-07443,2014-10-17 08:27:00
1494,2018090918-006759              ,2018-04-22 00:00:00,SU,16:28:00,0,0,0,0,P,N,N,1.0,2,NJ 3                                              ,E,3,9.8,2,2.0,1.0,1.0,1.0,2.0,1.0,N,16:30,120N04729,2018-04-22 16:28:00
1495,2014160214-11105               ,2014-10-17 00:00:00,F ,9:18:00,0,0,0,0,P,N,N,15.0,1,NJ 3                                              ,E,3,3.8,2,2.0,1.0,1.0,1.0,1.0,5.0,N,9:20,120-04740,2014-10-17 09:18:00
1496,2018090918-006897              ,2018-04-25 00:00:00,WE,4:08:00,0,0,0,0,P,N,N,11.0,1,NJ 3                                              ,E,3,9.6,2,2.0,2.0,6.0,2.0,1.0,,N,4:10,120-04729,2018-04-25 04:08:00
1497,2016090916-017050              ,2016-11-07 00:00:00,M ,12:14:00,0,0,0,0,P,N,N,1.0,2,NJ 3                                              ,E,3,9.8,2,2.0,1.0,1.0,1.0,,1.0,N,12:15,120N04729,2016-11-07 12:14:00
1498,2014160214-11116               ,2014-10-17 00:00:00,F ,16:19:00,0,0,0,0,P,N,N,15.0,1,NJ 3                                              ,E,3,0.98,2,2.0,1.0,1.0,1.0,5.0,1.0,N,16:20,120-07447,2014-10-17 16:19:00
1499,2017090917-014159              ,2017-08-29 00:00:00,TU,16:16:00,0,0,0,0,P,N,N,2.0,2,NJ 3                                              ,E,3,8.7,2,2.0,2.0,1.0,2.0,2.0,1.0,N,16:15,120-04731,2017-08-29 16:16:00
1500,2016090916-017095              ,2016-11-08 00:00:00,TU,7:20:00,0,0,0,0,P,N,N,1.0,2,NJ 3                                              ,E,3,10.1,2,2.0,1.0,1.0,1.0,1.0,1.0,N,7:20,120N04729,2016-11-08 07:20:00
1501,2014160214-11181               ,2014-10-19 00:00:00,S ,20:19:00,0,0,0,0,P,N,N,1.0,2,NJ 3                                              ,E,3,3.46,2,2.0,1.0,6.0,1.0,1.0,1.0,N,20:20,120N07442,2014-10-19 20:19:00
1502,2018090918-007204              ,2018-04-30 00:00:00,MO,12:43:00,0,0,0,0,P,N,N,2.0,2,NJ 3                                              ,E,3,9.0,2,2.0,1.0,1.0,1.0,1.0,1.0,N,12:45,120-04731,2018-04-30 12:43:00
1503,2017090917-014217              ,2017-08-30 00:00:00,WE,17:53:00,0,0,0,0,P,N,N,1.0,2,NJ 3                                              ,E,3,9.95,2,2.0,1.0,1.0,1.0,2.0,1.0,N,17:55,120N04729,2017-08-30 17:53:00
1505,2018090918-007379              ,2018-05-03 00:00:00,TH,8:11:00,0,0,0,0,P,N,N,2.0,2,NJ 3                                              ,E,3,8.8,2,2.0,1.0,1.0,1.0,4.0,1.0,N,8:10,120-04731,2018-05-03 08:11:00
1506,2016090916-017329              ,2016-11-12 00:00:00,SA,4:46:00,0,0,0,0,P,N,N,11.0,1,NJ 3                                              ,E,3,9.89,2,2.0,1.0,6.0,1.0,2.0,1.0,N,4:45,120N04729,2016-11-12 04:46:00
1507,2014160214-11201               ,2014-10-20 00:00:00,M ,14:13:00,0,1,0,0,I,N,N,1.0,3,NJ 3                                              ,E,3,2.64,2,2.0,1.0,1.0,1.0,5.0,1.0,N,14:15,120-07443,2014-10-20 14:13:00
1508,2018090918-007617              ,2018-05-07 00:00:00,MO,12:38:00,0,0,0,0,P,N,N,1.0,2,NJ 3                                              ,E,3,10.0,2,2.0,1.0,1.0,1.0,5.0,1.0,N,12:40,120N04729,2018-05-07 12:38:00
1509,2017090917-014306              ,2017-08-31 00:00:00,TH,18:25:00,0,3,0,0,I,N,N,1.0,2,NJ 3                                              ,E,3,10.04,2,2.0,1.0,1.0,1.0,2.0,1.0,N,18:25,120N04729,2017-08-31 18:25:00
1510,2013160213-10326               ,2013-09-15 00:00:00,S ,1:06:00,0,0,0,0,P,N,N,12.0,1,NJ 3                                              ,E,3,0.1,2,2.0,1.0,6.0,1.0,1.0,1.0,N,1:05,120-07448,2013-09-15 01:06:00
1511,2018090918-007663              ,2018-05-08 00:00:00,TU,7:23:00,0,4,0,0,I,N,N,1.0,3,NJ 3                                              ,E,3,9.6,2,2.0,1.0,1.0,1.0,1.0,1.0,N,7:25,120-04729,2018-05-08 07:23:00
1512,2013160213-10359               ,2013-09-16 00:00:00,M ,8:10:00,0,1,0,0,I,N,N,1.0,3,NJ 3                                              ,E,3,3.93,2,2.0,2.0,1.0,2.0,1.0,2.0,N,8:10,120-04740,2013-09-16 08:10:00
1513,2018090918-007668              ,2018-05-08 00:00:00,TU,8:27:00,0,0,0,0,P,N,N,1.0,2,NJ 3                                              ,E,3,9.7,2,2.0,1.0,1.0,1.0,2.0,1.0,N,8:25,120-04729,2018-05-08 08:27:00
1514,2017090917-014365              ,2017-09-01 00:00:00,FR,16:17:00,0,2,0,0,I,N,N,1.0,2,NJ 3                                              ,E,3,10.04,2,2.0,1.0,1.0,1.0,2.0,1.0,N,16:15,120N04729,2017-09-01 16:17:00
1515,2018090918-007755              ,2018-05-09 00:00:00,WE,8:00:00,0,0,0,0,P,N,N,2.0,2,NJ 3                                              ,E,3,9.8,2,2.0,1.0,1.0,1.0,2.0,1.0,N,8:00,120N04729,2018-05-09 08:00:00
1516,2016090916-017540              ,2016-11-16 00:00:00,W ,7:42:00,0,0,0,0,P,N,N,1.0,2,NJ 3                                              ,E,3,8.5,2,2.0,1.0,1.0,1.0,5.0,1.0,N,7:40,120-04732,2016-11-16 07:42:00
1517,2018090918-007851              ,2018-05-10 00:00:00,TH,15:22:00,0,0,0,0,P,N,N,2.0,2,NJ 3                                              ,E,3,8.6,2,2.0,1.0,1.0,1.0,1.0,1.0,N,15:20,120-04732,2018-05-10 15:22:00
1518,2018090918-007878              ,2018-05-10 00:00:00,TH,22:04:00,0,0,0,0,P,N,N,2.0,2,NJ 3                                              ,E,3,8.6,2,2.0,2.0,6.0,2.0,1.0,1.0,N,22:05,120-04732,2018-05-10 22:04:00
1520,2016090916-017600              ,2016-11-16 00:00:00,W ,21:13:00,0,2,0,0,I,N,N,2.0,2,NJ 3                                              ,E,3,9.8,2,2.0,1.0,6.0,1.0,5.0,1.0,N,21:15,120N04729,2016-11-16 21:13:00
1521,2017090917-014490              ,2017-09-03 00:00:00,SU,12:25:00,0,0,0,0,P,N,N,1.0,2,NJ 3                                              ,E,3,10.0,2,2.0,2.0,1.0,2.0,5.0,1.0,N,12:25,120N04729,2017-09-03 12:25:00
1523,2017090917-014618              ,2017-09-05 00:00:00,TU,18:18:00,0,0,0,0,P,N,N,2.0,2,NJ 3                                              ,E,3,8.7,2,2.0,1.0,1.0,1.0,1.0,1.0,N,18:20,120-04731,2017-09-05 18:18:00
1524,2016090916-017610              ,2016-11-17 00:00:00,TH,6:36:00,0,0,0,0,P,N,N,1.0,2,NJ 3                                              ,E,3,9.9,2,2.0,1.0,1.0,1.0,1.0,1.0,N,6:35,120N04729,2016-11-17 06:36:00
1525,2015132615MN35061              ,2015-12-04 00:00:00,F ,7:23:00,0,1,0,0,I,N,N,7.0,2,MONMOUTH COUNTY 3                                 ,E,3,1.43,5,2.0,1.0,1.0,1.0,5.0,1.0,N,7:25,120-07444,2015-12-04 07:23:00
1527,2013160213-10449               ,2013-09-18 00:00:00,W ,7:19:00,0,2,0,0,I,N,N,1.0,2,NJ 3                                              ,E,3,3.93,2,2.0,1.0,1.0,1.0,1.0,2.0,N,7:20,120-04740,2013-09-18 07:19:00
1528,2017090917-014675              ,2017-09-06 00:00:00,WE,21:18:00,0,0,0,0,P,N,N,11.0,2,NJ 3                                              ,E,3,9.75,2,2.0,2.0,6.0,2.0,2.0,1.0,N,21:20,120N04729,2017-09-06 21:18:00
1529,2018090918-008063              ,2018-05-14 00:00:00,MO,12:15:00,0,0,0,0,P,N,N,2.0,2,NJ 3                                              ,E,3,10.0,2,2.0,1.0,1.0,5.0,2.0,1.0,N,12:15,120N04729,2018-05-14 12:15:00
1531,2014160214-1134                ,2014-01-30 00:00:00,TH,7:44:00,0,0,0,0,P,N,N,1.0,2,NJ 3                                              ,E,3,4.89,2,2.0,1.0,1.0,1.0,1.0,2.0,N,7:45,120-04738,2014-01-30 07:44:00
1532,2018090918-008164              ,2018-05-15 00:00:00,TU,17:46:00,0,0,0,0,P,N,N,2.0,2,NJ 3                                              ,E,3,8.6,2,2.0,2.0,6.0,2.0,2.0,1.0,N,17:45,120-04732,2018-05-15 17:46:00
1533,2017090917-014692              ,2017-09-07 00:00:00,TH,8:38:00,0,0,0,0,P,N,N,2.0,2,NJ 3                                              ,E,3,10.24,2,2.0,1.0,1.0,1.0,1.0,1.0,N,8:40,120-13767,2017-09-07 08:38:00
1535,2014160214-1136                ,2014-01-30 00:00:00,TH,8:40:00,0,0,0,0,P,N,N,1.0,2,NJ 3                                              ,E,3,3.78,2,2.0,1.0,1.0,1.0,1.0,1.0,N,8:40,120-04740,2014-01-30 08:40:00
1536,2017090917-014781              ,2017-09-08 00:00:00,FR,15:14:00,0,0,0,0,P,N,N,2.0,2,NJ 3                                              ,E,3,9.89,2,2.0,1.0,1.0,1.0,2.0,1.0,N,15:15,120N04729,2017-09-08 15:14:00
1537,2018090918-008297              ,2018-05-17 00:00:00,TH,19:02:00,0,0,0,0,P,N,N,1.0,2,NJ 3                                              ,E,3,10.04,2,2.0,1.0,1.0,1.0,5.0,1.0,N,19:00,120N04729,2018-05-17 19:02:00
1538,2014160214-11366               ,2014-10-24 00:00:00,F ,16:53:00,0,0,0,0,P,N,N,2.0,2,NJ 3                                              ,E,3,3.14,2,2.0,1.0,1.0,1.0,1.0,1.0,N,16:55,120-07442,2014-10-24 16:53:00
1539,2017090917-014790              ,2017-09-08 00:00:00,FR,17:29:00,0,0,0,0,P,N,N,11.0,2,NJ 3                                              ,E,3,8.5,2,2.0,1.0,1.0,1.0,5.0,1.0,N,17:30,120-04732,2017-09-08 17:29:00
1540,2018090918-008514              ,2018-05-22 00:00:00,TU,11:35:00,0,0,0,0,P,N,N,1.0,2,NJ 3                                              ,E,3,8.8,2,2.0,1.0,1.0,5.0,5.0,1.0,N,11:35,120-04731,2018-05-22 11:35:00
1541,2015132615MN37303              ,2015-12-23 00:00:00,W ,11:48:00,0,0,0,0,P,N,N,3.0,2,MONMOUTH COUNTY 3                                 ,E,3,1.07,5,2.0,2.0,1.0,2.0,5.0,1.0,N,11:50,120-07447,2015-12-23 11:48:00
1542,2013160213-10457               ,2013-09-18 00:00:00,W ,8:08:00,0,0,0,0,P,N,N,1.0,2,NJ 3                                              ,E,3,1.44,2,2.0,1.0,1.0,1.0,1.0,1.0,N,8:10,120-07444,2013-09-18 08:08:00
1544,2015132615MN37312              ,2015-12-23 00:00:00,W ,14:12:00,0,2,0,0,I,N,N,1.0,3,MONMOUTH COUNTY 3                                 ,E,3,0.67,5,2.0,2.0,1.0,2.0,5.0,,N,14:10,120N07448,2015-12-23 14:12:00
1545,2013160213-1050                ,2013-01-29 00:00:00,TU,8:57:00,0,1,0,0,I,N,N,1.0,2,NJ 3                                              ,E,3,4.85,2,2.0,1.0,1.0,1.0,1.0,2.0,N,8:55,120-04738,2013-01-29 08:57:00
1546,2017090917-014994              ,2017-09-12 00:00:00,TU,17:10:00,0,0,0,0,P,N,N,2.0,2,NJ 3                                              ,E,3,9.9,2,2.0,1.0,1.0,1.0,1.0,1.0,N,17:10,120N04729,2017-09-12 17:10:00
1547,2018090918-008631              ,2018-05-24 00:00:00,TH,10:02:00,0,0,0,0,P,N,N,2.0,2,NJ 3                                              ,E,3,10.04,2,2.0,1.0,1.0,1.0,2.0,1.0,N,10:00,120N04729,2018-05-24 10:02:00
1549,2014160214-11418               ,2014-10-26 00:00:00,S ,1:57:00,0,0,0,0,P,Y,N,11.0,1,NJ 3                                              ,E,3,2.78,2,2.0,2.0,6.0,2.0,1.0,1.0,N,1:55,120-07443,2014-10-26 01:57:00
1550,2017090917-015004              ,2017-09-12 00:00:00,TU,19:59:00,0,1,0,0,I,N,N,1.0,2,NJ 3                                              ,E,3,9.6,2,2.0,1.0,6.0,1.0,1.0,1.0,N,20:00,120-04729,2017-09-12 19:59:00
1551,2015132615MN37717              ,2015-12-29 00:00:00,TU,14:54:00,0,1,0,0,I,N,N,11.0,1,MONMOUTH COUNTY 3                                 ,E,3,1.07,5,2.0,2.0,1.0,2.0,5.0,1.0,N,14:55,120-07447,2015-12-29 14:54:00
1552,2014160214-11458               ,2014-10-27 00:00:00,M ,10:03:00,0,0,0,0,P,N,N,2.0,2,NJ 3                                              ,E,3,3.93,2,2.0,1.0,1.0,1.0,1.0,1.0,N,10:05,120-04740,2014-10-27 10:03:00
1553,2013160213-10545               ,2013-09-20 00:00:00,F ,16:44:00,0,0,0,0,P,N,N,2.0,2,NJ 3                                              ,E,3,4.32,2,2.0,1.0,1.0,1.0,1.0,1.0,N,16:45,120N04740,2013-09-20 16:44:00
1554,2017090917-015206              ,2017-09-16 00:00:00,SA,18:03:00,0,2,0,0,I,N,N,2.0,2,NJ 3                                              ,E,3,9.89,2,2.0,1.0,1.0,1.0,2.0,1.0,N,18:05,120N04729,2017-09-16 18:03:00
1555,2017090917-015230              ,2017-09-17 00:00:00,SU,1:43:00,0,1,0,1,I,N,N,13.0,1,NJ 3                                              ,E,3,9.4,2,2.0,1.0,6.0,1.0,1.0,1.0,N,1:45,120-04730,2017-09-17 01:43:00
1556,2016090916-017965              ,2016-11-22 00:00:00,TU,20:12:00,0,0,0,0,P,N,N,1.0,2,NJ 3                                              ,E,3,9.6,2,2.0,1.0,6.0,1.0,5.0,1.0,N,20:10,120-04729,2016-11-22 20:12:00
1557,2018090918-008804              ,2018-05-27 00:00:00,SU,8:37:00,0,0,0,0,P,N,N,11.0,1,NJ 3                                              ,E,3,9.7,2,2.0,2.0,1.0,2.0,1.0,1.0,N,8:35,120-04729,2018-05-27 08:37:00
1558,2017090917-015775              ,2017-09-25 00:00:00,MO,16:50:00,0,0,0,0,P,N,N,1.0,2,NJ 3                                              ,E,3,9.89,2,2.0,1.0,1.0,1.0,2.0,1.0,N,16:50,120N04729,2017-09-25 16:50:00
1559,2015132815-005034              ,2015-02-22 00:00:00,S ,8:57:00,0,1,0,0,I,N,N,11.0,1,MONMOUTH COUNTY 3                                 ,E,3,7.76,5,2.0,4.0,1.0,1.0,5.0,1.0,N,8:55,120-04733,2015-02-22 08:57:00
1560,2016090916-018204              ,2016-11-27 00:00:00,S ,22:43:00,0,4,0,0,I,N,N,11.0,2,NJ 3                                              ,E,3,8.79,2,2.0,1.0,7.0,1.0,1.0,,N,22:45,120-04731,2016-11-27 22:43:00
1561,2018090918-009101              ,2018-05-31 00:00:00,TH,16:41:00,0,0,0,0,P,N,N,11.0,1,NJ 3                                              ,E,3,8.8,2,2.0,2.0,1.0,5.0,5.0,1.0,N,16:40,120-04731,2018-05-31 16:41:00
1562,2013160213-10639               ,2013-09-23 00:00:00,M ,14:32:00,0,0,0,0,P,N,N,1.0,2,NJ 3                                              ,E,3,1.44,2,2.0,1.0,1.0,1.0,1.0,3.0,N,14:30,120-07444,2013-09-23 14:32:00
1563,2017090917-015821              ,2017-09-26 00:00:00,TU,8:27:00,0,0,0,0,P,N,N,1.0,2,NJ 3                                              ,E,3,10.04,2,2.0,1.0,1.0,1.0,2.0,1.0,N,8:25,120N04729,2017-09-26 08:27:00
1565,2016090916-018903              ,2016-12-09 00:00:00,F ,17:08:00,0,0,0,0,P,N,N,1.0,2,NJ 3                                              ,E,3,9.6,2,2.0,1.0,5.0,1.0,4.0,1.0,N,17:10,120-04729,2016-12-09 17:08:00
1567,2018090918-009354              ,2018-06-04 00:00:00,MO,11:40:00,0,0,0,0,P,N,N,2.0,2,NJ 3                                              ,E,3,8.49,2,2.0,1.0,1.0,5.0,5.0,1.0,N,11:40,120-04732,2018-06-04 11:40:00
1568,2017090917-015961              ,2017-09-28 00:00:00,TH,9:00:00,0,0,0,0,P,N,N,2.0,2,NJ 3                                              ,E,3,9.8,2,2.0,1.0,1.0,1.0,2.0,1.0,N,9:00,120N04729,2017-09-28 09:00:00
1570,2016090916-018921              ,2016-12-09 00:00:00,F ,22:19:00,0,0,0,0,P,N,N,1.0,2,NJ 3                                              ,E,3,9.89,2,2.0,1.0,5.0,1.0,4.0,1.0,N,22:20,120N04729,2016-12-09 22:19:00
1571,2013160213-10678               ,2013-09-24 00:00:00,TU,13:13:00,0,1,0,0,I,N,N,1.0,2,NJ 3                                              ,E,3,2.49,2,2.0,1.0,1.0,1.0,1.0,2.0,N,13:15,120-07443,2013-09-24 13:13:00
1573,2013160213-10696               ,2013-09-24 00:00:00,TU,18:31:00,0,0,0,0,P,N,N,1.0,2,NJ 3                                              ,E,3,3.0,2,2.0,1.0,1.0,1.0,1.0,1.0,N,18:30,120-07443,2013-09-24 18:31:00
1574,2018090918-009778              ,2018-06-11 00:00:00,MO,17:26:00,0,0,0,0,P,N,N,1.0,2,NJ 3                                              ,E,3,10.1,2,2.0,1.0,1.0,1.0,5.0,1.0,N,17:25,120N04729,2018-06-11 17:26:00
1575,2014160214-11742               ,2014-11-03 00:00:00,M ,14:52:00,0,0,0,0,P,N,N,9.0,2,NJ 3                                              ,E,3,2.64,2,2.0,1.0,1.0,1.0,1.0,1.0,N,14:50,120-07443,2014-11-03 14:52:00
1576,2013160213-10699               ,2013-09-24 00:00:00,TU,19:30:00,0,0,0,0,P,N,N,1.0,2,NJ 3                                              ,E,3,3.82,2,2.0,1.0,6.0,1.0,1.0,1.0,N,19:30,120-04740,2013-09-24 19:30:00
1577,2016090916-019173              ,2016-12-14 00:00:00,W ,18:45:00,0,2,0,0,I,N,N,1.0,2,NJ 3                                              ,E,3,9.6,2,2.0,1.0,6.0,1.0,5.0,1.0,N,18:45,120-04729,2016-12-14 18:45:00
1578,2018090918-009788              ,2018-06-11 00:00:00,MO,18:57:00,0,1,0,0,I,N,N,1.0,2,NJ 3                                              ,E,3,10.0,2,2.0,1.0,1.0,1.0,5.0,1.0,N,18:55,120N04729,2018-06-11 18:57:00
1579,2018090918-010001              ,2018-06-13 00:00:00,WE,10:20:00,0,0,0,0,P,N,N,99.0,1,NJ 3                                              ,E,3,8.5,2,2.0,1.0,1.0,1.0,5.0,1.0,N,10:20,120-04732,2018-06-13 10:20:00
1580,2017090917-016210              ,2017-10-02 00:00:00,MO,15:17:00,0,0,0,0,P,N,N,2.0,2,NJ 3                                              ,E,3,9.6,2,2.0,1.0,1.0,1.0,5.0,1.0,N,15:15,120-04729,2017-10-02 15:17:00
1581,2016090916-019219              ,2016-12-15 00:00:00,TH,16:11:00,0,0,0,0,P,N,N,1.0,2,NJ 3                                              ,E,3,9.89,2,2.0,1.0,1.0,1.0,2.0,1.0,N,16:10,120N04729,2016-12-15 16:11:00
1583,2018090918-010672              ,2018-06-18 00:00:00,MO,13:36:00,0,0,0,0,P,N,N,1.0,2,NJ 3                                              ,E,3,8.6,2,2.0,1.0,1.0,1.0,2.0,1.0,N,13:35,120-04732,2018-06-18 13:36:00
1584,2016090916-019414              ,2016-12-18 00:00:00,S ,17:28:00,0,0,0,0,P,N,N,1.0,2,NJ 3                                              ,E,3,10.04,2,2.0,2.0,6.0,5.0,5.0,1.0,Y,17:30,120N04729,2016-12-18 17:28:00
1586,2017090917-016723              ,2017-10-10 00:00:00,TU,7:08:00,0,0,0,0,P,N,N,2.0,2,NJ 3                                              ,E,3,9.0,2,2.0,1.0,1.0,1.0,5.0,1.0,N,7:10,120-04731,2017-10-10 07:08:00
1587,2013160213-10763               ,2013-09-26 00:00:00,TH,11:25:00,0,1,0,0,I,N,N,1.0,3,NJ 3                                              ,E,3,4.87,2,2.0,1.0,1.0,1.0,1.0,2.0,N,11:25,120-04738,2013-09-26 11:25:00
1588,2016090916-019613              ,2016-12-21 00:00:00,W ,18:36:00,0,0,0,0,P,N,N,2.0,2,NJ 3                                              ,E,3,9.12,2,2.0,1.0,6.0,1.0,5.0,1.0,N,18:35,120-04731,2016-12-21 18:36:00
1589,2013160213-10790               ,2013-09-26 00:00:00,TH,23:16:00,0,0,0,0,P,N,N,1.0,2,NJ 3                                              ,E,3,4.01,2,2.0,1.0,6.0,1.0,1.0,2.0,N,23:15,120N04740,2013-09-26 23:16:00
1590,2017090917-017088              ,2017-10-15 00:00:00,SU,16:17:00,0,1,0,0,I,N,N,2.0,2,NJ 3                                              ,E,3,10.01,2,2.0,1.0,1.0,1.0,2.0,1.0,N,16:15,120N04729,2017-10-15 16:17:00
1592,2016090916-020087              ,2016-12-31 00:00:00,SA,10:27:00,0,0,0,0,P,N,N,1.0,2,NJ 3                                              ,E,3,10.04,2,2.0,1.0,1.0,1.0,2.0,1.0,N,10:25,120N04729,2016-12-31 10:27:00
1593,2017090917-017453              ,2017-10-21 00:00:00,SA,18:33:00,0,0,0,0,P,N,N,1.0,2,NJ 3                                              ,E,3,10.1,2,2.0,1.0,6.0,1.0,1.0,1.0,N,18:35,120N04729,2017-10-21 18:33:00
1595,2013160213-10795               ,2013-09-27 00:00:00,F ,9:09:00,0,1,0,0,I,N,N,1.0,4,NJ 3                                              ,E,3,3.84,2,2.0,1.0,1.0,1.0,1.0,1.0,N,9:10,120-04740,2013-09-27 09:09:00
1596,2017090917-017461              ,2017-10-21 00:00:00,SA,20:10:00,0,0,0,0,P,N,N,2.0,2,NJ 3                                              ,E,3,8.9,2,2.0,1.0,6.0,1.0,1.0,1.0,N,20:10,120-04731,2017-10-21 20:10:00
1597,2018090918-012445              ,2018-07-01 00:00:00,SU,13:23:00,0,1,0,0,I,N,N,1.0,2,NJ 3                                              ,E,3,10.0,2,2.0,1.0,1.0,1.0,2.0,1.0,N,13:25,120N04729,2018-07-01 13:23:00
1599,2017090917-017496              ,2017-10-22 00:00:00,SU,20:02:00,0,0,0,0,P,N,N,1.0,2,NJ 3                                              ,E,3,8.9,2,2.0,1.0,6.0,1.0,1.0,1.0,N,20:00,120-04731,2017-10-22 20:02:00
1601,2018090918-012599              ,2018-07-02 00:00:00,MO,16:30:00,0,0,0,0,P,N,N,8.0,2,NJ 3                                              ,E,3,9.8,2,2.0,1.0,1.0,1.0,1.0,1.0,N,16:30,120N04729,2018-07-02 16:30:00
1604,2014160214-11928               ,2014-11-08 00:00:00,SA,1:23:00,0,0,0,0,P,N,N,2.0,2,NJ 3                                              ,E,3,3.23,2,2.0,1.0,5.0,1.0,1.0,1.0,N,1:25,120-07442,2014-11-08 01:23:00
1605,2017090917-017829              ,2017-10-28 00:00:00,SA,20:45:00,0,0,0,0,P,N,N,11.0,1,NJ 3                                              ,E,3,9.0,2,2.0,1.0,6.0,1.0,1.0,1.0,N,20:45,120-04731,2017-10-28 20:45:00
1606,2013160213-10926               ,2013-09-30 00:00:00,M ,18:21:00,0,0,0,0,P,N,N,15.0,1,NJ 3                                              ,E,3,1.44,2,2.0,1.0,1.0,1.0,1.0,1.0,N,18:20,120-07444,2013-09-30 18:21:00