,CRASH_ID,DATE,DAY,TIME,KILLED,INJURED,PED_KILL,PED_INJ,SEVERITY,ALCOHOL,HAZMAT,CRASH_TYPE,VEH_COUNT,LOCATION,LOC_DIR,ROUTE,MP,RD_SYS,RD_SURF,SURF_COND,LIGHT,WEATHER,RD_DIV,RD_WRKZN,CELL_USE,TIME_ROUND,TMC,timestamp
1608,2017090917-017929              ,2017-10-30 00:00:00,MO,14:47:00,0,0,0,0,P,N,N,1.0,2,NJ 3                                              ,E,3,10.04,2,2.0,1.0,1.0,1.0,5.0,1.0,N,14:45,120N04729,2017-10-30 14:47:00
1609,2014160214-11989               ,2014-11-09 00:00:00,S ,13:41:00,0,2,0,0,I,N,N,1.0,4,NJ 3                                              ,E,3,2.65,2,2.0,1.0,1.0,1.0,1.0,1.0,N,13:40,120-07443,2014-11-09 13:41:00
1610,2017090917-017965              ,2017-10-31 00:00:00,TU,6:44:00,0,0,0,0,P,N,N,1.0,2,NJ 3                                              ,E,3,9.12,2,2.0,1.0,2.0,1.0,1.0,1.0,N,6:45,120-04731,2017-10-31 06:44:00
1614,2.02E+17,2016-01-08 00:00:00,F ,15:57:00,0,0,0,0,P,N,N,1.0,2,NJ 3                                              ,E,3,0.56,2,2.0,1.0,1.0,1.0,1.0,1.0,N,15:55,120N07448,2016-01-08 15:57:00
1615,2013160213-11075               ,2013-10-04 00:00:00,F ,13:15:00,0,0,0,0,P,N,N,2.0,2,NJ 3                                              ,E,3,3.41,2,2.0,1.0,1.0,1.0,1.0,2.0,N,13:15,120-07442,2013-10-04 13:15:00
1616,2.02E+17,2016-01-11 00:00:00,M ,7:42:00,0,0,0,0,P,N,N,1.0,2,NJ 3                                              ,E,3,2.59,2,2.0,1.0,1.0,1.0,1.0,1.0,N,7:40,120-07443,2016-01-11 07:42:00
1617,2013160213-11084               ,2013-10-04 00:00:00,F ,17:28:00,0,0,0,0,P,N,N,1.0,2,NJ 3                                              ,E,3,2.66,2,2.0,1.0,1.0,1.0,1.0,1.0,N,17:30,120-07443,2013-10-04 17:28:00
1618,2017090917-018211              ,2017-11-03 00:00:00,FR,12:39:00,0,0,0,0,P,N,N,2.0,2,NJ 3                                              ,E,3,8.5,2,2.0,1.0,1.0,1.0,1.0,,N,12:40,120-04732,2017-11-03 12:39:00
1619,2018090918-016812              ,2018-08-04 00:00:00,SA,11:05:00,0,0,0,0,P,N,N,2.0,2,NJ 3                                              ,E,3,9.3,2,2.0,2.0,1.0,2.0,5.0,1.0,N,11:05,120-04730,2018-08-04 11:05:00
1620,2017090917-018352              ,2017-11-05 00:00:00,SU,22:45:00,0,0,0,0,P,N,N,11.0,1,NJ 3                                              ,E,3,9.8,2,2.0,2.0,6.0,5.0,5.0,1.0,N,22:45,120N04729,2017-11-05 22:45:00
1621,2.02E+17,2016-01-12 00:00:00,TU,7:57:00,0,0,0,0,P,N,N,1.0,2,NJ 3                                              ,E,3,2.5,2,2.0,1.0,1.0,1.0,5.0,1.0,N,7:55,120-07443,2016-01-12 07:57:00
1622,2018090918-017054              ,2018-08-06 00:00:00,MO,14:40:00,0,0,0,0,P,N,N,2.0,2,NJ 3                                              ,E,3,9.1,2,2.0,1.0,1.0,1.0,1.0,1.0,N,14:40,120-04731,2018-08-06 14:40:00
1623,2017090917-018502              ,2017-11-08 00:00:00,WE,8:37:00,0,0,0,0,P,N,N,1.0,2,NJ 3                                              ,E,3,9.8,2,2.0,1.0,1.0,1.0,1.0,1.0,N,8:35,120N04729,2017-11-08 08:37:00
1625,2014160214-1222                ,2014-02-01 00:00:00,SA,5:20:00,0,1,0,0,I,N,N,11.0,1,NJ 3                                              ,E,3,4.7,2,2.0,1.0,5.0,1.0,1.0,2.0,N,5:20,120N04739,2014-02-01 05:20:00
1626,2017090917-018613              ,2017-11-09 00:00:00,TH,18:07:00,0,0,0,0,P,N,N,2.0,2,NJ 3                                              ,E,3,8.49,2,2.0,1.0,6.0,1.0,5.0,1.0,N,18:05,120-04732,2017-11-09 18:07:00
1627,2.02E+17,2016-01-13 00:00:00,W ,9:36:00,0,0,0,0,P,N,N,1.0,3,NJ 3                                              ,E,3,2.73,2,2.0,1.0,1.0,1.0,1.0,1.0,N,9:35,120-07443,2016-01-13 09:36:00
1629,2017090917-018810              ,2017-11-13 00:00:00,MO,13:26:00,0,0,0,0,P,N,N,11.0,2,NJ 3                                              ,E,3,8.6,2,2.0,2.0,1.0,5.0,2.0,1.0,N,13:25,120-04732,2017-11-13 13:26:00
1630,2018090918-018016              ,2018-08-14 00:00:00,TU,6:02:00,0,0,0,0,P,N,N,2.0,2,NJ 3                                              ,E,3,9.0,2,2.0,1.0,0.0,1.0,1.0,1.0,N,6:00,120-04731,2018-08-14 06:02:00
1631,2017090917-018864              ,2017-11-14 00:00:00,TU,9:26:00,0,0,0,0,P,N,N,1.0,3,NJ 3                                              ,E,3,8.59,2,2.0,1.0,1.0,1.0,5.0,1.0,N,9:25,120-04732,2017-11-14 09:26:00
1633,2018090918-018252              ,2018-08-15 00:00:00,WE,21:05:00,0,0,0,0,P,N,N,2.0,2,NJ 3                                              ,E,3,10.05,2,2.0,1.0,6.0,1.0,2.0,1.0,N,21:05,120N04729,2018-08-15 21:05:00
1635,2013160213-11290               ,2013-10-10 00:00:00,TH,7:07:00,0,0,0,0,P,N,N,1.0,3,NJ 3                                              ,E,3,2.7,2,2.0,1.0,2.0,1.0,1.0,1.0,N,7:05,120-07443,2013-10-10 07:07:00
1636,2018090918-018365              ,2018-08-16 00:00:00,TH,18:43:00,0,1,0,0,I,N,N,1.0,2,NJ 3                                              ,E,3,8.8,2,2.0,1.0,1.0,1.0,1.0,1.0,N,18:45,120-04731,2018-08-16 18:43:00
1637,2017090917-019057              ,2017-11-17 00:00:00,FR,4:34:00,0,2,0,0,I,N,N,1.0,2,NJ 3                                              ,E,3,10.0,2,2.0,1.0,6.0,1.0,5.0,,N,4:35,120N04729,2017-11-17 04:34:00
1639,2013160213-11293               ,2013-10-10 00:00:00,TH,8:31:00,0,0,0,0,P,N,N,1.0,2,NJ 3                                              ,E,3,2.45,2,2.0,2.0,1.0,2.0,1.0,1.0,N,8:30,120-07443,2013-10-10 08:31:00
1640,2.02E+17,2016-01-15 00:00:00,F ,11:10:00,0,0,0,0,P,N,N,2.0,2,NJ 3                                              ,E,3,3.88,2,2.0,1.0,1.0,1.0,1.0,1.0,N,11:10,120-04740,2016-01-15 11:10:00
1641,2017090917-019071              ,2017-11-17 00:00:00,FR,8:14:00,0,0,0,0,P,N,N,1.0,2,NJ 3                                              ,E,3,9.8,2,2.0,1.0,1.0,1.0,2.0,1.0,N,8:15,120N04729,2017-11-17 08:14:00
1642,2014160214-12413               ,2014-11-20 00:00:00,TH,7:07:00,0,0,0,0,P,N,N,15.0,2,NJ 3                                              ,E,3,3.42,2,2.0,1.0,1.0,1.0,1.0,1.0,N,7:05,120-07442,2014-11-20 07:07:00
1643,2017090917-019198              ,2017-11-19 00:00:00,SU,17:36:00,0,0,0,0,P,N,N,1.0,2,NJ 3                                              ,E,3,10.0,2,2.0,1.0,6.0,1.0,1.0,1.0,N,17:35,120N04729,2017-11-19 17:36:00
1644,2017090917-019454              ,2017-11-24 00:00:00,FR,16:06:00,0,0,0,0,P,N,N,2.0,2,NJ 3                                              ,E,3,8.6,2,2.0,1.0,1.0,1.0,1.0,1.0,N,16:05,120-04732,2017-11-24 16:06:00
1646,2017090917-019504              ,2017-11-26 00:00:00,SU,11:40:00,0,0,0,0,P,N,N,1.0,3,NJ 3                                              ,E,3,9.9,2,2.0,1.0,1.0,1.0,5.0,1.0,N,11:40,120N04729,2017-11-26 11:40:00
1648,2.02E+17,2016-01-18 00:00:00,M ,8:09:00,0,1,0,0,I,N,N,11.0,1,NJ 3                                              ,E,3,3.87,2,2.0,4.0,1.0,1.0,1.0,1.0,N,8:10,120-04740,2016-01-18 08:09:00
1649,2018090918-020279              ,2018-09-02 00:00:00,SU,17:45:00,0,0,0,0,P,N,N,1.0,2,NJ 3                                              ,E,3,10.04,2,2.0,1.0,1.0,1.0,2.0,1.0,N,17:45,120N04729,2018-09-02 17:45:00
1651,2014160214-12509               ,2014-11-23 00:00:00,S ,2:45:00,0,0,0,0,P,Y,N,11.0,1,NJ 3                                              ,E,3,0.0,2,2.0,1.0,6.0,1.0,2.0,1.0,N,2:45,120-07448,2014-11-23 02:45:00
1652,2013160213-11460               ,2013-10-14 00:00:00,M ,12:48:00,0,0,0,0,P,N,N,2.0,2,NJ 3                                              ,E,3,0.01,2,2.0,1.0,1.0,1.0,2.0,1.0,N,12:50,120-07448,2013-10-14 12:48:00
1653,2015132815-037766              ,2015-12-12 00:00:00,SA,18:40:00,0,0,0,0,P,N,N,7.0,2,MONMOUTH COUNTY 3                                 ,E,3,5.99,5,2.0,1.0,4.0,1.0,5.0,1.0,N,18:40,120N04737,2015-12-12 18:40:00
1654,2018090918-020329              ,2018-09-03 00:00:00,MO,2:38:00,0,0,0,0,P,N,N,11.0,1,NJ 3                                              ,E,3,8.6,2,2.0,1.0,6.0,1.0,1.0,1.0,N,2:40,120-04732,2018-09-03 02:38:00
1655,2013160213-11491               ,2013-10-15 00:00:00,TU,9:08:00,0,0,0,0,P,N,N,1.0,3,NJ 3                                              ,E,3,1.8,2,2.0,1.0,1.0,1.0,1.0,1.0,N,9:10,120-07444,2013-10-15 09:08:00
1656,2.02E+17,2016-01-20 00:00:00,W ,9:05:00,0,0,0,0,P,N,N,1.0,2,NJ 3                                              ,E,3,2.66,2,2.0,1.0,1.0,1.0,1.0,1.0,N,9:05,120-07443,2016-01-20 09:05:00
1657,2018090918-020482              ,2018-09-04 00:00:00,TU,16:34:00,0,1,0,0,I,N,N,1.0,2,NJ 3                                              ,E,3,9.6,2,2.0,1.0,1.0,1.0,2.0,1.0,N,16:35,120-04729,2018-09-04 16:34:00
1660,2018090918-021019              ,2018-09-10 00:00:00,MO,7:22:00,0,0,0,0,P,N,N,2.0,3,NJ 3                                              ,E,3,9.0,2,2.0,2.0,1.0,2.0,1.0,1.0,N,7:20,120-04731,2018-09-10 07:22:00
1661,2017090917-020377              ,2017-12-11 00:00:00,MO,6:08:00,0,0,0,0,P,N,N,1.0,2,NJ 3                                              ,E,3,10.17,2,2.0,1.0,6.0,1.0,1.0,1.0,N,6:10,120N04729,2017-12-11 06:08:00
1662,2013160213-11619               ,2013-10-18 00:00:00,F ,7:29:00,0,0,0,0,P,N,N,1.0,2,NJ 3                                              ,E,3,0.0,2,2.0,1.0,1.0,1.0,1.0,1.0,N,7:30,120-07448,2013-10-18 07:29:00
1663,2018090918-021784              ,2018-09-17 00:00:00,MO,7:50:00,0,0,0,0,P,N,N,2.0,2,NJ 3                                              ,E,3,9.82,2,2.0,1.0,1.0,1.0,2.0,1.0,N,7:50,120N04729,2018-09-17 07:50:00
1665,2.02E+17,2016-01-22 00:00:00,F ,18:20:00,0,1,0,0,I,N,N,1.0,2,NJ 3                                              ,E,3,2.58,2,2.0,1.0,6.0,1.0,1.0,1.0,N,18:20,120-07443,2016-01-22 18:20:00
1666,2018090918-021950              ,2018-09-18 00:00:00,TU,11:45:00,0,1,0,0,I,N,N,1.0,2,NJ 3                                              ,E,3,9.12,2,2.0,2.0,1.0,2.0,2.0,1.0,N,11:45,120-04731,2018-09-18 11:45:00
1668,2018090918-022065              ,2018-09-19 00:00:00,WE,8:58:00,0,1,0,0,I,N,N,1.0,3,NJ 3                                              ,E,3,8.49,2,1.0,1.0,1.0,1.0,5.0,1.0,N,9:00,120-04732,2018-09-19 08:58:00
1669,2017090917-020809              ,2017-12-18 00:00:00,MO,14:25:00,0,0,0,0,P,N,N,1.0,2,NJ 3                                              ,E,3,10.04,2,2.0,1.0,1.0,1.0,5.0,1.0,N,14:25,120N04729,2017-12-18 14:25:00
1670,2013160213-11692               ,2013-10-19 00:00:00,SA,19:33:00,0,0,0,0,P,N,N,1.0,3,NJ 3                                              ,E,3,0.0,2,2.0,1.0,6.0,5.0,5.0,1.0,N,19:35,120-07448,2013-10-19 19:33:00
1671,2014160214-12678               ,2014-11-28 00:00:00,F ,12:52:00,0,0,0,0,P,N,N,1.0,2,NJ 3                                              ,E,3,4.12,2,2.0,1.0,1.0,1.0,5.0,1.0,N,12:50,120N04740,2014-11-28 12:52:00
1672,2018090918-022199              ,2018-09-20 00:00:00,TH,7:23:00,0,0,0,0,P,N,N,2.0,2,NJ 3                                              ,E,3,9.8,2,2.0,1.0,1.0,5.0,1.0,2.0,N,7:25,120N04729,2018-09-20 07:23:00
1673,2015132815-17544               ,2015-06-12 00:00:00,F ,14:41:00,0,1,0,0,I,N,N,3.0,3,MONMOUTH COUNTY 3                                 ,E,3,9.95,5,2.0,1.0,1.0,1.0,5.0,1.0,N,14:40,120N04729,2015-06-12 14:41:00
1676,2013160213-11775               ,2013-10-22 00:00:00,TU,10:36:00,0,0,0,0,P,N,N,2.0,2,NJ 3                                              ,E,3,3.43,2,2.0,1.0,1.0,1.0,1.0,1.0,N,10:35,120N07442,2013-10-22 10:36:00
1677,2017090917-021026              ,2017-12-15 00:00:00,FR,15:05:00,0,0,0,0,P,N,N,11.0,1,NJ 3                                              ,E,3,9.89,2,2.0,2.0,1.0,3.0,5.0,1.0,N,15:05,120N04729,2017-12-15 15:05:00
1678,2017090917-021065              ,2017-12-22 00:00:00,FR,9:24:00,0,1,0,0,I,N,N,1.0,2,NJ 3                                              ,E,3,8.8,2,2.0,1.0,1.0,1.0,1.0,1.0,N,9:25,120-04731,2017-12-22 09:24:00
1680,2017090917-021096              ,2017-12-22 00:00:00,FR,17:03:00,0,1,0,0,I,N,N,1.0,2,NJ 3                                              ,E,3,10.24,2,2.0,1.0,6.0,1.0,2.0,1.0,N,17:05,120-13767,2017-12-22 17:03:00
1681,2018090918-022733              ,2018-09-24 00:00:00,MO,16:44:00,0,1,0,0,I,N,N,1.0,2,NJ 3                                              ,E,3,10.04,2,2.0,1.0,1.0,1.0,1.0,2.0,N,16:45,120N04729,2018-09-24 16:44:00
1684,2.02E+17,2016-01-27 00:00:00,W ,9:00:00,0,1,0,0,I,N,N,1.0,2,NJ 3                                              ,E,3,2.66,2,2.0,1.0,1.0,1.0,1.0,1.0,N,9:00,120-07443,2016-01-27 09:00:00
1685,2018090918-022759              ,2018-09-24 00:00:00,MO,19:29:00,0,0,0,0,P,N,N,1.0,2,NJ 3                                              ,E,3,9.12,2,1.0,1.0,7.0,1.0,5.0,1.0,N,19:30,120-04731,2018-09-24 19:29:00
1686,2014160214-12839               ,2014-12-03 00:00:00,W ,8:59:00,0,0,0,0,P,N,N,1.0,2,NJ 3                                              ,E,3,4.8,2,2.0,2.0,1.0,5.0,1.0,1.0,N,9:00,120-04738,2014-12-03 08:59:00
1687,2017090917-021337              ,2017-12-27 00:00:00,WE,13:36:00,0,0,0,0,P,N,N,2.0,2,NJ 3                                              ,E,3,8.9,2,2.0,1.0,1.0,1.0,2.0,1.0,N,13:35,120-04731,2017-12-27 13:36:00
1688,2014160214-12921               ,2014-12-06 00:00:00,SA,1:58:00,0,0,0,0,P,N,N,2.0,2,NJ 3                                              ,E,3,2.75,2,2.0,2.0,6.0,2.0,1.0,1.0,N,2:00,120-07443,2014-12-06 01:58:00
1689,2018090918-022927              ,2018-09-25 00:00:00,TU,18:16:00,0,1,0,0,I,N,N,1.0,3,NJ 3                                              ,E,3,9.1,2,2.0,2.0,3.0,2.0,3.0,1.0,N,18:15,120-04731,2018-09-25 18:16:00
1690,2017090917-021409              ,2017-12-28 00:00:00,TH,18:38:00,0,0,0,0,P,N,N,1.0,2,NJ 3                                              ,E,3,9.12,2,1.0,1.0,6.0,1.0,1.0,1.0,N,18:40,120-04731,2017-12-28 18:38:00
1691,2013160213-11941               ,2013-10-26 00:00:00,SA,21:23:00,0,0,0,0,P,N,N,1.0,2,NJ 3                                              ,E,3,0.0,2,2.0,1.0,6.0,1.0,2.0,1.0,N,21:25,120-07448,2013-10-26 21:23:00
1692,2017090917-021581              ,2017-12-31 00:00:00,SU,3:24:00,0,0,0,0,P,N,N,11.0,1,NJ 3                                              ,E,3,8.6,2,2.0,2.0,6.0,1.0,5.0,1.0,N,3:25,120-04732,2017-12-31 03:24:00
1693,2018090918-023016              ,2018-09-26 00:00:00,WE,7:43:00,0,0,0,0,P,N,N,2.0,2,NJ 3                                              ,E,3,9.1,2,2.0,2.0,1.0,2.0,1.0,1.0,N,7:45,120-04731,2018-09-26 07:43:00
1694,2014160214-12984               ,2014-12-08 00:00:00,M ,7:58:00,0,0,0,0,P,N,N,11.0,1,NJ 3                                              ,E,3,2.92,2,2.0,1.0,1.0,1.0,1.0,1.0,N,8:00,120-07443,2014-12-08 07:58:00
1695,2018090918-023139              ,2018-09-26 00:00:00,WE,23:07:00,0,0,0,0,P,N,N,11.0,1,NJ 3                                              ,E,3,9.7,2,2.0,2.0,6.0,1.0,3.0,1.0,N,23:05,120-04729,2018-09-26 23:07:00
1696,2015132815-30554               ,2015-10-07 00:00:00,W ,15:51:00,0,0,0,0,P,N,N,2.0,2,MONMOUTH COUNTY 3                                 ,E,3,9.95,5,2.0,1.0,1.0,1.0,5.0,1.0,N,15:50,120N04729,2015-10-07 15:51:00
1697,2014160214-1335                ,2014-02-04 00:00:00,TU,7:52:00,0,0,0,0,P,N,N,1.0,3,NJ 3                                              ,E,3,2.55,2,2.0,1.0,1.0,1.0,1.0,1.0,N,7:50,120-07443,2014-02-04 07:52:00
1698,2015132815-31336               ,2015-10-14 00:00:00,W ,9:07:00,0,0,0,0,P,N,N,1.0,2,MONMOUTH COUNTY 3                                 ,E,3,9.66,5,2.0,1.0,1.0,1.0,5.0,1.0,N,9:05,120-04729,2015-10-14 09:07:00
1699,2018090918-023324              ,2018-09-28 00:00:00,FR,8:24:00,0,1,0,0,I,N,N,1.0,2,NJ 3                                              ,E,3,10.04,2,2.0,2.0,1.0,5.0,2.0,1.0,N,8:25,120N04729,2018-09-28 08:24:00
1701,2018090918-023406              ,2018-09-28 00:00:00,FR,20:03:00,0,2,0,0,I,N,N,1.0,2,NJ 3                                              ,E,3,8.6,2,2.0,1.0,6.0,1.0,4.0,1.0,N,20:05,120-04732,2018-09-28 20:03:00
1702,2018090918-023752              ,2018-10-02 00:00:00,TU,5:55:00,0,0,0,0,P,N,N,15.0,1,NJ 3                                              ,E,3,9.12,2,2.0,1.0,6.0,1.0,1.0,1.0,N,5:55,120-04731,2018-10-02 05:55:00
1703,20170909SO-17-033570           ,2017-10-16 00:00:00,MO,12:20:00,0,0,0,0,P,N,N,2.0,2,NJ 3                                              ,E,3,10.24,2,2.0,1.0,1.0,1.0,4.0,1.0,N,12:20,120-13767,2017-10-16 12:20:00
1704,2018090918-024032              ,2018-10-04 00:00:00,TH,8:15:00,0,0,0,0,P,N,N,1.0,2,NJ 3                                              ,E,3,9.9,2,2.0,1.0,1.0,1.0,1.0,1.0,N,8:15,120N04729,2018-10-04 08:15:00
1706,2013160213-12051               ,2013-10-29 00:00:00,TU,15:13:00,0,1,0,0,I,N,N,1.0,2,NJ 3                                              ,E,3,2.65,2,2.0,1.0,1.0,1.0,1.0,1.0,N,15:15,120-07443,2013-10-29 15:13:00
1707,2.02E+17,2016-02-01 00:00:00,M ,19:23:00,0,1,0,0,I,N,N,1.0,2,NJ 3                                              ,E,3,2.92,2,2.0,1.0,5.0,1.0,1.0,1.0,N,19:25,120-07443,2016-02-01 19:23:00
1709,2013160213-12081               ,2013-10-30 00:00:00,W ,10:05:00,0,0,0,0,P,N,Y,15.0,2,NJ 3                                              ,E,3,4.85,2,2.0,1.0,1.0,1.0,1.0,2.0,N,10:05,120-04738,2013-10-30 10:05:00
1710,2014160214-1350                ,2014-02-04 00:00:00,TU,11:44:00,0,1,0,0,I,N,N,2.0,2,NJ 3                                              ,E,3,4.95,2,2.0,2.0,1.0,1.0,1.0,2.0,N,11:45,120-04738,2014-02-04 11:44:00
1712,2.02E+17,2017-01-02 00:00:00,MO,15:32:00,0,2,0,0,I,N,N,1.0,2,NJ 3                                              ,E,3,3.78,2,2.0,2.0,1.0,2.0,1.0,1.0,N,15:30,120-04740,2017-01-02 15:32:00
1713,2018090918-024364              ,2018-10-07 00:00:00,SU,16:45:00,0,0,0,0,P,N,N,2.0,2,NJ 3                                              ,E,3,9.12,2,2.0,1.0,1.0,1.0,4.0,1.0,N,16:45,120-04731,2018-10-07 16:45:00
1714,2.02E+17,2017-01-03 00:00:00,TU,11:52:00,0,0,0,0,P,N,N,2.0,2,NJ 3                                              ,E,3,0.0,2,2.0,2.0,1.0,2.0,2.0,1.0,N,11:50,120-07448,2017-01-03 11:52:00
1715,2018090918-024476              ,2018-10-08 00:00:00,MO,19:16:00,0,0,0,0,P,N,N,1.0,2,NJ 3                                              ,E,3,9.76,2,2.0,1.0,6.0,1.0,1.0,1.0,N,19:15,120N04729,2018-10-08 19:16:00
1716,2018090918-024556              ,2018-10-09 00:00:00,TU,11:58:00,0,1,0,0,I,N,N,1.0,2,NJ 3                                              ,E,3,10.04,2,2.0,1.0,1.0,5.0,2.0,2.0,N,12:00,120N04729,2018-10-09 11:58:00
1717,2014160214-1519                ,2014-02-08 00:00:00,SA,10:07:00,0,0,0,0,P,N,N,2.0,2,NJ 3                                              ,E,3,0.0,2,1.0,2.0,1.0,3.0,1.0,1.0,N,10:05,120-07448,2014-02-08 10:07:00
1719,2013160213-12382               ,2013-11-06 00:00:00,W ,7:58:00,0,0,0,0,P,N,N,1.0,2,NJ 3                                              ,E,3,2.67,2,2.0,1.0,1.0,1.0,1.0,1.0,N,8:00,120-07443,2013-11-06 07:58:00
1722,2.02E+17,2017-01-04 00:00:00,WE,19:13:00,0,0,0,0,P,N,N,1.0,2,NJ 3                                              ,E,3,2.26,2,2.0,1.0,6.0,1.0,1.0,1.0,N,19:15,120N07444,2017-01-04 19:13:00
1723,20151328MT-15-013547           ,2015-05-11 00:00:00,M ,13:42:00,0,0,0,0,P,N,N,4.0,2,MONMOUTH COUNTY 3                                 ,E,3,7.82,5,2.0,1.0,1.0,1.0,5.0,1.0,N,13:40,120-04733,2015-05-11 13:42:00
1724,2018090918-025618              ,2018-10-18 00:00:00,TH,10:22:00,0,0,0,0,P,N,N,1.0,2,NJ 3                                              ,E,3,9.12,2,2.0,1.0,1.0,1.0,5.0,1.0,N,10:20,120-04731,2018-10-18 10:22:00
1725,2.02E+17,2016-02-12 00:00:00,F ,16:21:00,0,0,0,0,P,N,N,1.0,2,NJ 3                                              ,E,3,3.27,2,2.0,1.0,1.0,1.0,1.0,1.0,N,16:20,120-07442,2016-02-12 16:21:00
1726,2.02E+17,2017-01-05 00:00:00,TH,6:46:00,0,0,0,0,P,N,N,1.0,3,NJ 3                                              ,E,3,3.78,2,2.0,1.0,3.0,1.0,1.0,1.0,N,6:45,120-04740,2017-01-05 06:46:00
1727,2018090918-025763              ,2018-10-19 00:00:00,FR,9:36:00,0,0,0,0,P,N,N,2.0,3,NJ 3                                              ,E,3,10.04,2,2.0,1.0,1.0,1.0,5.0,2.0,N,9:35,120N04729,2018-10-19 09:36:00
1729,2014160214-168                 ,2014-01-06 00:00:00,M ,8:01:00,0,0,0,0,P,N,N,1.0,3,NJ 3                                              ,E,3,0.51,2,2.0,2.0,1.0,2.0,1.0,1.0,N,8:00,120N07448,2014-01-06 08:01:00
1730,2018090918-025845              ,2018-10-19 00:00:00,FR,20:56:00,0,0,0,0,P,N,N,1.0,2,NJ 3                                              ,E,3,9.12,2,2.0,1.0,6.0,1.0,1.0,1.0,N,20:55,120-04731,2018-10-19 20:56:00
1731,2.02E+17,2016-02-13 00:00:00,SA,12:51:00,0,0,0,0,P,N,N,4.0,2,NJ 3                                              ,E,3,3.82,2,2.0,1.0,1.0,1.0,1.0,1.0,N,12:50,120-04740,2016-02-13 12:51:00
1733,2.02E+17,2017-01-05 00:00:00,TH,8:59:00,0,2,0,0,I,N,N,1.0,2,NJ 3                                              ,E,3,4.89,2,1.0,1.0,1.0,1.0,5.0,1.0,N,9:00,120-04738,2017-01-05 08:59:00
1734,20151330I-2015-000337          ,2015-01-07 00:00:00,W ,17:57:00,0,2,0,0,I,N,N,3.0,2,MONMOUTH COUNTY 3                                 ,E,3,12.35,5,2.0,1.0,6.0,1.0,4.0,1.0,N,17:55,120N13767,2015-01-07 17:57:00
1735,2.02E+17,2017-01-06 00:00:00,FR,10:33:00,0,0,0,0,P,N,N,1.0,2,NJ 3                                              ,E,3,0.01,2,2.0,1.0,1.0,1.0,2.0,1.0,N,10:35,120-07448,2017-01-06 10:33:00
1736,2013160213-125                 ,2013-01-04 00:00:00,F ,16:50:00,0,1,0,0,I,N,N,1.0,2,NJ 3                                              ,E,3,4.89,2,2.0,1.0,1.0,1.0,1.0,2.0,N,16:50,120-04738,2013-01-04 16:50:00
1738,20151330I-2015-001547          ,2015-01-28 00:00:00,W ,16:09:00,0,0,0,0,P,N,N,1.0,2,MONMOUTH COUNTY 3                                 ,E,3,10.72,5,2.0,1.0,1.0,1.0,4.0,1.0,N,16:10,120N13767,2015-01-28 16:09:00
1739,2.02E+17,2016-02-16 00:00:00,TU,5:55:00,0,0,0,0,P,N,N,11.0,1,NJ 3                                              ,E,3,2.55,2,2.0,4.0,6.0,2.0,1.0,1.0,N,5:55,120-07443,2016-02-16 05:55:00
1740,2018090918-026207              ,2018-10-23 00:00:00,TU,11:51:00,0,0,0,0,P,N,N,1.0,2,NJ 3                                              ,E,3,9.12,2,2.0,1.0,1.0,1.0,1.0,1.0,N,11:50,120-04731,2018-10-23 11:51:00
1742,2018090918-026507              ,2018-10-25 00:00:00,TH,16:00:00,0,0,0,0,P,N,N,2.0,2,NJ 3                                              ,E,3,8.6,2,2.0,1.0,1.0,1.0,1.0,1.0,N,16:00,120-04732,2018-10-25 16:00:00
1744,2014160214-1796                ,2014-02-14 00:00:00,F ,11:04:00,0,1,0,0,I,N,N,10.0,1,NJ 3                                              ,E,3,1.17,2,2.0,1.0,1.0,1.0,5.0,1.0,N,11:05,120N07447,2014-02-14 11:04:00
1745,2018090918-026702              ,2018-10-27 00:00:00,SA,3:30:00,0,1,0,0,I,N,N,11.0,1,NJ 3                                              ,E,3,9.12,2,2.0,2.0,6.0,2.0,1.0,1.0,N,3:30,120-04731,2018-10-27 03:30:00
1747,2.02E+17,2017-01-09 00:00:00,MO,9:08:00,0,0,0,0,P,N,N,1.0,2,NJ 3                                              ,E,3,0.12,2,2.0,1.0,1.0,1.0,5.0,1.0,N,9:10,120-07448,2017-01-09 09:08:00
1748,2013160213-12592               ,2013-11-12 00:00:00,TU,8:13:00,0,0,0,0,P,N,N,1.0,3,NJ 3                                              ,E,3,3.81,2,2.0,3.0,1.0,3.0,1.0,2.0,N,8:15,120-04740,2013-11-12 08:13:00
1749,2018090918-026750              ,2018-10-27 00:00:00,SA,10:42:00,0,0,0,0,P,N,N,2.0,2,NJ 3                                              ,E,3,9.76,2,1.0,2.0,1.0,2.0,2.0,1.0,N,10:40,120N04729,2018-10-27 10:42:00
1750,20151330I-2015-003852          ,2015-03-13 00:00:00,F ,18:17:00,0,0,0,0,P,N,N,1.0,2,MONMOUTH COUNTY 3                                 ,E,3,11.53,5,2.0,1.0,1.0,1.0,5.0,1.0,N,18:15,120N13767,2015-03-13 18:17:00
1751,2013160213-12596               ,2013-11-12 00:00:00,TU,9:15:00,0,0,0,0,P,N,N,2.0,2,NJ 3                                              ,E,3,2.55,2,2.0,2.0,1.0,1.0,1.0,1.0,N,9:15,120-07443,2013-11-12 09:15:00