,CRASH_ID,DATE,DAY,TIME,KILLED,INJURED,PED_KILL,PED_INJ,SEVERITY,ALCOHOL,HAZMAT,CRASH_TYPE,VEH_COUNT,LOCATION,LOC_DIR,ROUTE,MP,RD_SYS,RD_SURF,SURF_COND,LIGHT,WEATHER,RD_DIV,RD_WRKZN,CELL_USE,TIME_ROUND,TMC,timestamp
1752,2018090918-026772              ,2018-10-27 00:00:00,SA,15:38:00,0,1,0,0,I,N,N,1.0,2,NJ 3                                              ,E,3,10.04,2,2.0,2.0,1.0,2.0,1.0,2.0,N,15:40,120N04729,2018-10-27 15:38:00
1754,2018090918-026875              ,2018-10-28 00:00:00,SU,14:32:00,0,0,0,0,P,N,N,1.0,2,NJ 3                                              ,E,3,9.12,2,2.0,1.0,1.0,1.0,1.0,1.0,N,14:30,120-04731,2018-10-28 14:32:00
1755,2013160213-12622               ,2013-11-13 00:00:00,W ,6:52:00,0,0,0,0,P,N,N,1.0,2,NJ 3                                              ,E,3,2.55,2,2.0,1.0,1.0,1.0,1.0,1.0,N,6:50,120-07443,2013-11-13 06:52:00
1756,2018090918-026889              ,2018-10-28 00:00:00,SU,18:26:00,0,1,0,0,I,N,N,1.0,2,NJ 3                                              ,E,3,9.76,2,2.0,1.0,3.0,1.0,1.0,1.0,N,18:25,120N04729,2018-10-28 18:26:00
1757,2013160213-12624               ,2013-11-13 00:00:00,W ,7:40:00,0,1,0,0,I,N,N,1.0,2,NJ 3                                              ,E,3,0.53,2,2.0,1.0,1.0,1.0,1.0,1.0,N,7:40,120N07448,2013-11-13 07:40:00
1758,2018090918-026995              ,2018-10-29 00:00:00,MO,17:36:00,0,1,0,0,I,N,N,1.0,2,NJ 3                                              ,E,3,10.04,2,2.0,1.0,3.0,1.0,1.0,1.0,N,17:35,120N04729,2018-10-29 17:36:00
1759,2.02E+17,2016-02-20 00:00:00,SA,3:21:00,0,1,0,0,I,Y,N,11.0,1,NJ 3                                              ,E,3,1.53,2,2.0,1.0,6.0,1.0,1.0,1.0,N,3:20,120-07444,2016-02-20 03:21:00
1761,2014160214-1938                ,2014-02-17 00:00:00,M ,19:55:00,0,0,0,0,P,N,N,15.0,1,NJ 3                                              ,E,3,2.64,2,2.0,1.0,6.0,1.0,1.0,1.0,N,19:55,120-07443,2014-02-17 19:55:00
1762,2.02E+17,2016-02-20 00:00:00,SA,13:48:00,0,1,0,0,I,N,N,1.0,2,NJ 3                                              ,E,3,3.93,2,2.0,1.0,1.0,1.0,1.0,1.0,N,13:50,120-04740,2016-02-20 13:48:00
1763,2018090918-027185              ,2018-10-31 00:00:00,WE,7:34:00,0,0,0,0,P,N,N,1.0,2,NJ 3                                              ,E,3,9.12,2,2.0,1.0,1.0,1.0,4.0,1.0,N,7:35,120-04731,2018-10-31 07:34:00
1764,20151330I-2015-006601          ,2015-05-05 00:00:00,TU,15:18:00,0,0,0,0,P,N,N,11.0,1,MONMOUTH COUNTY 3                                 ,E,3,11.13,5,2.0,1.0,1.0,1.0,5.0,1.0,Y,15:20,120N13767,2015-05-05 15:18:00
1765,2014160214-1998                ,2014-02-19 00:00:00,W ,8:18:00,0,1,0,0,I,N,N,1.0,3,NJ 3                                              ,E,3,3.4,2,2.0,1.0,1.0,5.0,5.0,1.0,N,8:20,120-07442,2014-02-19 08:18:00
1766,2.02E+17,2016-02-20 00:00:00,SA,19:28:00,0,1,0,0,I,N,N,2.0,2,NJ 3                                              ,E,3,3.73,2,2.0,1.0,6.0,1.0,1.0,1.0,N,19:30,120-04740,2016-02-20 19:28:00
1768,2014160214-2027                ,2014-02-19 00:00:00,W ,18:17:00,0,0,0,0,P,N,N,5.0,2,NJ 3                                              ,E,3,3.43,2,2.0,2.0,6.0,1.0,5.0,1.0,N,18:15,120N07442,2014-02-19 18:17:00
1769,2018090918-027569              ,2018-11-03 00:00:00,SA,11:05:00,0,1,0,0,I,N,N,1.0,2,NJ 3                                              ,E,3,10.0,2,2.0,1.0,1.0,1.0,2.0,2.0,N,11:05,120N04729,2018-11-03 11:05:00
1770,20151330I-2015-006928          ,2015-05-12 00:00:00,TU,8:22:00,0,0,0,0,P,N,N,1.0,2,MONMOUTH COUNTY 3                                 ,E,3,12.35,5,2.0,1.0,1.0,1.0,5.0,1.0,N,8:20,120N13767,2015-05-12 08:22:00
1773,2.02E+17,2017-01-12 00:00:00,TH,22:19:00,0,1,0,0,I,N,N,1.0,2,NJ 3                                              ,E,3,3.42,2,2.0,2.0,7.0,1.0,1.0,1.0,N,22:20,120-07442,2017-01-12 22:19:00
1774,2.02E+17,2016-02-21 00:00:00,S ,14:18:00,0,1,0,0,I,N,N,2.0,2,NJ 3                                              ,E,3,3.91,2,2.0,1.0,1.0,5.0,1.0,1.0,N,14:20,120-04740,2016-02-21 14:18:00
1775,2014160214-204                 ,2014-01-07 00:00:00,TU,5:00:00,0,1,0,0,I,N,N,11.0,1,NJ 3                                              ,E,3,4.01,2,2.0,1.0,6.0,1.0,1.0,1.0,N,5:00,120N04740,2014-01-07 05:00:00
1776,2018090918-027740              ,2018-11-05 00:00:00,MO,6:37:00,0,0,0,0,P,N,N,2.0,2,NJ 3                                              ,E,3,9.3,2,2.0,1.0,2.0,1.0,1.0,1.0,N,6:35,120-04730,2018-11-05 06:37:00
1777,2018090918-027793              ,2018-11-05 00:00:00,MO,12:35:00,0,0,0,0,P,N,N,1.0,2,NJ 3                                              ,E,3,10.24,2,2.0,1.0,1.0,1.0,2.0,1.0,N,12:35,120-13767,2018-11-05 12:35:00
1779,2018090918-027920              ,2018-11-06 00:00:00,TU,10:59:00,0,0,0,0,P,N,N,2.0,2,NJ 3                                              ,E,3,10.05,2,2.0,2.0,1.0,2.0,2.0,1.0,N,11:00,120N04729,2018-11-06 10:59:00
1780,20151330I-2015-008042          ,2015-05-31 00:00:00,S ,9:07:00,0,0,0,0,P,N,N,3.0,2,MONMOUTH COUNTY 3                                 ,E,3,10.71,5,2.0,1.0,1.0,1.0,5.0,1.0,N,9:05,120N13767,2015-05-31 09:07:00
1782,2018090918-028168              ,2018-11-08 00:00:00,TH,15:11:00,0,0,0,0,P,N,N,1.0,2,NJ 3                                              ,E,3,8.9,2,2.0,1.0,1.0,1.0,1.0,1.0,N,15:10,120-04731,2018-11-08 15:11:00
1785,2014160214-2105                ,2014-02-21 00:00:00,F ,13:34:00,0,0,0,0,P,N,N,2.0,2,NJ 3                                              ,E,3,4.64,2,2.0,1.0,1.0,5.0,1.0,1.0,N,13:35,120N04739,2014-02-21 13:34:00
1786,2018090918-028265              ,2018-11-09 00:00:00,FR,15:20:00,0,0,0,0,P,N,N,1.0,2,NJ 3                                              ,E,3,10.24,2,2.0,2.0,1.0,2.0,5.0,1.0,N,15:20,120-13767,2018-11-09 15:20:00
1788,2018090918-028457              ,2018-11-11 00:00:00,SU,17:53:00,0,0,0,0,P,Y,N,1.0,2,NJ 3                                              ,E,3,10.0,2,2.0,1.0,6.0,1.0,1.0,1.0,N,17:55,120N04729,2018-11-11 17:53:00
1790,2.02E+17,2016-02-25 00:00:00,TH,8:43:00,0,0,0,0,P,N,N,1.0,2,NJ 3                                              ,E,3,1.44,2,2.0,1.0,1.0,5.0,1.0,1.0,N,8:45,120-07444,2016-02-25 08:43:00
1791,20151330I-2015-009325          ,2015-06-27 00:00:00,SA,16:49:00,0,1,0,0,I,N,N,3.0,2,MONMOUTH COUNTY 3                                 ,E,3,11.26,5,2.0,2.0,3.0,2.0,5.0,1.0,N,16:50,120N13767,2015-06-27 16:49:00
1792,20151330I-2015-009977          ,2015-07-12 00:00:00,S ,1:37:00,0,1,0,0,I,Y,N,11.0,1,MONMOUTH COUNTY 3                                 ,E,3,11.54,5,2.0,1.0,6.0,1.0,5.0,1.0,Y,1:35,120N13767,2015-07-12 01:37:00
1794,2.02E+17,2016-02-29 00:00:00,M ,7:25:00,0,0,0,0,P,N,N,1.0,2,NJ 3                                              ,E,3,4.78,2,2.0,1.0,1.0,1.0,1.0,1.0,N,7:25,120-04738,2016-02-29 07:25:00
1795,2013160213-12800               ,2013-11-17 00:00:00,S ,14:12:00,0,0,0,0,P,N,N,2.0,2,NJ 3                                              ,E,3,0.0,2,2.0,2.0,1.0,2.0,4.0,1.0,N,14:10,120-07448,2013-11-17 14:12:00
1796,2018090918-029055              ,2018-11-16 00:00:00,FR,1:18:00,0,0,0,0,P,N,N,11.0,1,NJ 3                                              ,E,3,9.3,2,2.0,3.0,6.0,3.0,2.0,1.0,N,1:20,120-04730,2018-11-16 01:18:00
1797,2018090918-029079              ,2018-11-16 00:00:00,FR,8:49:00,0,0,0,0,P,N,N,2.0,2,NJ 3                                              ,E,3,10.1,2,2.0,2.0,1.0,1.0,4.0,1.0,N,8:50,120N04729,2018-11-16 08:49:00
1798,20151330I-2015-011521          ,2015-08-13 00:00:00,TH,17:58:00,0,2,0,0,I,N,N,2.0,3,MONMOUTH COUNTY 3                                 ,E,3,12.1,5,2.0,1.0,1.0,1.0,4.0,1.0,N,18:00,120N13767,2015-08-13 17:58:00
1799,2013160213-12873               ,2013-11-19 00:00:00,TU,13:31:00,0,0,0,0,P,N,N,2.0,2,NJ 3                                              ,E,3,2.41,2,2.0,1.0,1.0,1.0,1.0,1.0,N,13:30,120-07443,2013-11-19 13:31:00
1800,2018090918-029138              ,2018-11-16 00:00:00,FR,17:00:00,0,0,0,0,P,N,N,1.0,3,NJ 3                                              ,E,3,9.6,2,2.0,1.0,6.0,1.0,1.0,1.0,N,17:00,120-04729,2018-11-16 17:00:00
1801,20151330I-2015-011565          ,2015-08-14 00:00:00,F ,17:15:00,0,0,0,0,P,N,N,3.0,2,MONMOUTH COUNTY 3                                 ,E,3,12.35,5,2.0,1.0,1.0,1.0,4.0,1.0,N,17:15,120N13767,2015-08-14 17:15:00
1802,2013160213-1288                ,2013-02-03 00:00:00,S ,8:38:00,0,0,0,0,P,N,N,11.0,1,NJ 3                                              ,E,3,1.28,2,2.0,2.0,1.0,1.0,5.0,1.0,N,8:40,120-07446,2013-02-03 08:38:00
1804,2.02E+17,2017-01-19 00:00:00,TH,13:14:00,0,0,0,0,P,N,N,2.0,2,NJ 3                                              ,E,3,4.5,2,2.0,1.0,1.0,5.0,5.0,1.0,N,13:15,120N04739,2017-01-19 13:14:00
1806,2013160213-1294                ,2013-02-03 00:00:00,S ,12:01:00,0,2,0,0,I,N,N,1.0,2,NJ 3                                              ,E,3,4.83,2,2.0,2.0,1.0,1.0,1.0,2.0,N,12:00,120-04738,2013-02-03 12:01:00
1807,2014160214-2468                ,2014-03-01 00:00:00,SA,19:18:00,0,0,0,0,P,N,N,2.0,2,NJ 3                                              ,E,3,4.12,2,2.0,1.0,7.0,1.0,1.0,1.0,N,19:20,120N04740,2014-03-01 19:18:00
1808,2013160213-12991               ,2013-11-22 00:00:00,F ,8:54:00,0,0,0,0,P,N,N,1.0,2,NJ 3                                              ,E,3,4.89,2,2.0,2.0,1.0,2.0,1.0,2.0,N,8:55,120-04738,2013-11-22 08:54:00
1809,2.02E+17,2017-01-21 00:00:00,SA,18:38:00,0,0,0,0,P,N,N,1.0,2,NJ 3                                              ,E,3,3.96,2,2.0,1.0,6.0,1.0,1.0,1.0,N,18:40,120-04740,2017-01-21 18:38:00
1811,2.02E+17,2017-01-22 00:00:00,SU,1:52:00,0,1,0,0,I,Y,N,11.0,1,NJ 3                                              ,E,3,4.36,2,2.0,1.0,6.0,4.0,1.0,1.0,N,1:50,120N04740,2017-01-22 01:52:00
1812,2018090918-029888              ,2018-11-22 00:00:00,TH,12:42:00,0,3,0,0,I,N,N,1.0,3,NJ 3                                              ,E,3,8.6,2,2.0,1.0,1.0,1.0,5.0,1.0,N,12:40,120-04732,2018-11-22 12:42:00
1813,2.02E+17,2016-03-05 00:00:00,SA,12:45:00,0,0,0,0,P,N,N,1.0,2,NJ 3                                              ,E,3,3.82,2,2.0,1.0,1.0,1.0,1.0,1.0,N,12:45,120-04740,2016-03-05 12:45:00
1814,2013160213-13064               ,2013-11-23 00:00:00,SA,17:59:00,0,0,0,0,P,N,N,2.0,2,NJ 3                                              ,E,3,3.82,2,2.0,1.0,6.0,1.0,5.0,1.0,N,18:00,120-04740,2013-11-23 17:59:00
1815,2014160214-2535                ,2014-03-03 00:00:00,M ,19:20:00,0,0,0,0,P,N,N,1.0,2,NJ 3                                              ,E,3,4.07,2,2.0,1.0,6.0,1.0,1.0,1.0,N,19:20,120N04740,2014-03-03 19:20:00
1816,2018090918-030131              ,2018-11-24 00:00:00,SA,18:20:00,0,1,0,0,I,N,N,1.0,2,NJ 3                                              ,E,3,10.0,2,2.0,2.0,6.0,2.0,1.0,2.0,N,18:20,120N04729,2018-11-24 18:20:00
1817,20151330I-2015-014306          ,2015-10-10 00:00:00,SA,14:52:00,0,1,0,0,I,N,N,1.0,4,MONMOUTH COUNTY 3                                 ,E,3,12.62,5,2.0,1.0,1.0,1.0,5.0,2.0,N,14:50,120N13767,2015-10-10 14:52:00
1818,2.02E+17,2016-03-06 00:00:00,S ,9:43:00,0,1,0,0,I,N,N,2.0,2,NJ 3                                              ,E,3,1.38,2,2.0,1.0,1.0,5.0,5.0,1.0,N,9:45,120-07444,2016-03-06 09:43:00
1819,2013160213-13083               ,2013-11-24 00:00:00,S ,12:06:00,0,0,0,0,P,N,N,15.0,1,NJ 3                                              ,E,3,4.89,2,2.0,1.0,1.0,1.0,1.0,2.0,N,12:05,120-04738,2013-11-24 12:06:00
1823,2014160214-2621                ,2014-03-06 00:00:00,TH,8:54:00,0,0,0,0,P,N,N,1.0,2,NJ 3                                              ,E,3,4.91,2,2.0,1.0,1.0,1.0,1.0,1.0,N,8:55,120-04738,2014-03-06 08:54:00
1824,20151330I-2015-014916          ,2015-10-25 00:00:00,S ,8:29:00,0,0,0,0,P,N,N,11.0,1,MONMOUTH COUNTY 3                                 ,E,3,10.36,5,2.0,2.0,1.0,2.0,5.0,1.0,N,8:30,120N13767,2015-10-25 08:29:00
1826,2014160214-2709                ,2014-03-08 00:00:00,SA,9:06:00,0,0,0,0,P,N,N,11.0,2,NJ 3                                              ,E,3,2.66,2,2.0,1.0,1.0,1.0,1.0,1.0,N,9:05,120-07443,2014-03-08 09:06:00
1827,20151330I-2015-016027          ,2015-11-20 00:00:00,F ,11:19:00,0,1,0,0,I,N,N,1.0,4,MONMOUTH COUNTY 3                                 ,E,3,12.31,5,2.0,1.0,1.0,1.0,5.0,1.0,N,11:20,120N13767,2015-11-20 11:19:00
1828,2014160214-2779                ,2014-03-10 00:00:00,M ,12:47:00,0,0,0,0,P,N,N,2.0,2,NJ 3                                              ,E,3,1.28,2,2.0,1.0,1.0,1.0,1.0,1.0,N,12:45,120-07446,2014-03-10 12:47:00
1829,20151330I-2015-016373          ,2015-11-28 00:00:00,SA,17:12:00,0,0,0,0,P,N,N,11.0,1,MONMOUTH COUNTY 3                                 ,E,3,11.19,5,2.0,2.0,6.0,2.0,4.0,1.0,N,17:10,120N13767,2015-11-28 17:12:00
1830,2.02E+17,2017-01-25 00:00:00,WE,22:40:00,0,1,0,0,I,N,N,11.0,1,NJ 3                                              ,E,3,4.07,2,2.0,1.0,7.0,1.0,1.0,1.0,N,22:40,120N04740,2017-01-25 22:40:00
1831,20151330I-2015-017325          ,2015-12-22 00:00:00,TU,18:09:00,0,0,0,0,P,N,N,7.0,2,MONMOUTH COUNTY 3                                 ,E,3,11.68,5,2.0,2.0,7.0,1.0,4.0,1.0,N,18:10,120N13767,2015-12-22 18:09:00
1832,2.02E+17,2016-03-14 00:00:00,M ,15:14:00,0,0,0,0,P,N,N,1.0,2,NJ 3                                              ,E,3,1.44,2,2.0,2.0,1.0,2.0,1.0,1.0,N,15:15,120-07444,2016-03-14 15:14:00
1833,2.02E+17,2016-03-14 00:00:00,M ,18:28:00,0,0,0,0,P,N,N,2.0,2,NJ 3                                              ,E,3,1.27,2,2.0,2.0,6.0,2.0,1.0,1.0,N,18:30,120N07447,2016-03-14 18:28:00
1834,2014160214-2865                ,2014-03-12 00:00:00,W ,16:37:00,0,0,0,0,P,N,N,1.0,2,NJ 3                                              ,E,3,3.79,2,2.0,2.0,1.0,2.0,1.0,1.0,N,16:35,120-04740,2014-03-12 16:37:00
1835,2014160214-2867                ,2014-03-12 00:00:00,W ,16:51:00,0,0,0,0,P,N,N,1.0,2,NJ 3                                              ,E,3,2.14,2,2.0,2.0,1.0,2.0,1.0,1.0,N,16:50,120-07444,2014-03-12 16:51:00
1836,2015160215-000194              ,2015-01-02 00:00:00,F ,14:00:00,0,0,0,0,P,N,N,1.0,2,NJ 3                                              ,E,3,3.82,2,2.0,1.0,1.0,1.0,1.0,1.0,N,14:00,120-04740,2015-01-02 14:00:00
1837,2013160213-13175               ,2013-11-26 00:00:00,TU,17:20:00,0,0,0,0,P,N,N,1.0,2,NJ 3                                              ,E,3,4.12,2,2.0,2.0,6.0,2.0,1.0,2.0,N,17:20,120N04740,2013-11-26 17:20:00
1838,2.02E+17,2016-03-17 00:00:00,TH,5:20:00,0,1,0,0,I,N,N,10.0,1,NJ 3                                              ,E,3,2.83,2,2.0,1.0,5.0,1.0,1.0,1.0,N,5:20,120-07443,2016-03-17 05:20:00
1839,2015160215-000635              ,2015-01-06 00:00:00,TU,9:46:00,0,0,0,0,P,N,N,1.0,2,NJ 3                                              ,E,3,3.4,2,2.0,3.0,2.0,3.0,1.0,1.0,N,9:45,120-07442,2015-01-06 09:46:00
1840,2013160213-13194               ,2013-11-27 00:00:00,W ,6:01:00,0,0,0,0,P,N,N,11.0,1,NJ 3                                              ,E,3,3.42,2,2.0,2.0,6.0,2.0,1.0,1.0,N,6:00,120-07442,2013-11-27 06:01:00
1841,2014160214-288                 ,2014-01-09 00:00:00,TH,11:57:00,0,0,0,0,P,N,N,2.0,2,NJ 3                                              ,E,3,4.8,2,2.0,1.0,1.0,1.0,1.0,2.0,N,11:55,120-04738,2014-01-09 11:57:00
1843,2014160214-2886                ,2014-03-13 00:00:00,TH,6:31:00,0,0,0,0,P,N,N,1.0,2,NJ 3                                              ,E,3,4.86,2,2.0,1.0,1.0,1.0,1.0,1.0,N,6:30,120-04738,2014-03-13 06:31:00
1844,2018090918-031252              ,2018-12-02 00:00:00,SU,14:35:00,0,1,0,0,I,N,N,1.0,2,NJ 3                                              ,E,3,9.12,2,2.0,2.0,1.0,2.0,2.0,1.0,N,14:35,120-04731,2018-12-02 14:35:00
1848,2014160214-2940                ,2014-03-14 00:00:00,F ,15:20:00,0,0,0,0,P,N,N,2.0,2,NJ 3                                              ,E,3,4.89,2,1.0,1.0,1.0,1.0,1.0,2.0,N,15:20,120-04738,2014-03-14 15:20:00
1851,2013160213-13314               ,2013-11-30 00:00:00,SA,20:47:00,0,0,0,0,P,N,N,11.0,1,NJ 3                                              ,E,3,4.2,2,2.0,1.0,6.0,1.0,2.0,2.0,N,20:45,120N04740,2013-11-30 20:47:00
1853,2015160215-006463              ,2015-02-12 00:00:00,TH,9:17:00,0,0,0,0,P,N,N,11.0,1,NJ 3                                              ,E,3,2.25,2,2.0,1.0,1.0,5.0,5.0,1.0,N,9:15,120N07444,2015-02-12 09:17:00
1854,2013160213-1335                ,2013-02-04 00:00:00,M ,11:30:00,0,0,0,0,P,N,N,1.0,2,NJ 3                                              ,E,3,3.38,2,2.0,1.0,1.0,1.0,1.0,1.0,N,11:30,120-07442,2013-02-04 11:30:00
1855,2014160214-3073                ,2014-03-18 00:00:00,TU,7:56:00,0,0,0,0,P,N,N,2.0,2,NJ 3                                              ,E,3,4.85,2,2.0,1.0,1.0,1.0,1.0,2.0,N,7:55,120-04738,2014-03-18 07:56:00
1856,2.02E+17,2017-02-02 00:00:00,TH,10:11:00,0,0,0,0,P,N,N,1.0,3,NJ 3                                              ,E,3,4.85,2,2.0,1.0,1.0,1.0,5.0,1.0,N,10:10,120-04738,2017-02-02 10:11:00
1857,2018090918-031992              ,2018-12-08 00:00:00,SA,17:06:00,0,4,0,0,I,N,N,1.0,3,NJ 3                                              ,E,3,9.9,2,2.0,1.0,6.0,1.0,1.0,1.0,N,17:05,120N04729,2018-12-08 17:06:00
1858,2018090918-032067              ,2018-12-09 00:00:00,SU,13:44:00,0,0,0,0,P,N,N,2.0,2,NJ 3                                              ,E,3,9.6,2,2.0,1.0,1.0,1.0,2.0,1.0,N,13:45,120-04729,2018-12-09 13:44:00
1862,2014160214-3109                ,2014-03-19 00:00:00,W ,8:09:00,0,0,0,0,P,N,N,1.0,2,NJ 3                                              ,E,3,3.73,2,2.0,1.0,1.0,1.0,1.0,2.0,N,8:10,120-04740,2014-03-19 08:09:00
1863,2014160214-3110                ,2014-03-19 00:00:00,W ,8:09:00,0,0,0,0,P,N,N,1.0,2,NJ 3                                              ,E,3,3.97,2,2.0,1.0,1.0,5.0,1.0,2.0,N,8:10,120-04740,2014-03-19 08:09:00
1865,2014160214-3143                ,2014-03-20 00:00:00,TH,16:02:00,0,0,0,0,P,N,N,1.0,2,NJ 3                                              ,E,3,3.46,2,2.0,4.0,1.0,4.0,1.0,1.0,N,16:00,120N07442,2014-03-20 16:02:00
1866,2015160215-019912              ,2015-05-05 00:00:00,TU,11:57:00,0,0,0,0,P,N,N,15.0,1,NJ 3                                              ,E,3,1.44,2,2.0,1.0,1.0,1.0,5.0,1.0,N,11:55,120-07444,2015-05-05 11:57:00
1869,2014160214-3199                ,2014-03-21 00:00:00,F ,13:45:00,0,0,0,0,P,N,N,1.0,2,NJ 3                                              ,E,3,1.4,2,2.0,1.0,1.0,1.0,5.0,1.0,N,13:45,120-07444,2014-03-21 13:45:00
1871,2.02E+17,2017-01-04 00:00:00,WE,18:25:00,0,1,0,0,I,N,N,1.0,2,NJ 3                                              ,E,3,2.47,2,2.0,1.0,6.0,1.0,1.0,1.0,N,18:25,120-07443,2017-01-04 18:25:00
1873,2018090918-032599              ,2018-12-13 00:00:00,TH,9:35:00,0,0,0,0,P,N,N,2.0,2,NJ 3                                              ,E,3,8.7,2,2.0,1.0,1.0,3.0,1.0,1.0,N,9:35,120-04731,2018-12-13 09:35:00
1874,2015160215-027963              ,2015-06-21 00:00:00,S ,14:06:00,0,0,0,0,P,N,N,1.0,2,NJ 3                                              ,E,3,0.0,2,2.0,1.0,1.0,1.0,5.0,1.0,N,14:05,120-07448,2015-06-21 14:06:00
1875,2014160214-3286                ,2014-03-24 00:00:00,M ,8:03:00,0,0,0,0,P,N,N,1.0,2,NJ 3                                              ,E,3,3.91,2,2.0,1.0,1.0,1.0,1.0,2.0,N,8:05,120-04740,2014-03-24 08:03:00
1879,2015160215-032190              ,2015-07-16 00:00:00,TH,12:52:00,0,2,0,0,I,N,N,1.0,2,NJ 3                                              ,E,3,0.42,2,2.0,1.0,1.0,1.0,5.0,1.0,N,12:50,120N07448,2015-07-16 12:52:00
1880,2013160213-13679               ,2013-12-09 00:00:00,M ,16:53:00,0,1,0,0,I,N,N,1.0,2,NJ 3                                              ,E,3,4.07,2,2.0,2.0,6.0,1.0,1.0,1.0,N,16:55,120N04740,2013-12-09 16:53:00
1881,2018090918-033409              ,2018-12-18 00:00:00,TU,20:18:00,0,0,0,0,P,N,N,1.0,5,NJ 3                                              ,E,3,10.2,2,2.0,1.0,6.0,1.0,5.0,2.0,N,20:20,120N04729,2018-12-18 20:18:00
1883,2.02E+17,2017-02-11 00:00:00,SA,12:45:00,0,0,0,0,P,N,N,99.0,1,NJ 3                                              ,E,3,3.33,2,2.0,1.0,1.0,1.0,1.0,1.0,N,12:45,120-07442,2017-02-11 12:45:00
1884,2018090918-033500              ,2018-12-19 00:00:00,WE,10:32:00,0,0,0,0,P,N,N,1.0,2,NJ 3                                              ,E,3,10.1,2,2.0,1.0,1.0,1.0,2.0,1.0,N,10:30,120N04729,2018-12-19 10:32:00
1888,2.02E+17,2017-02-12 00:00:00,SU,11:52:00,0,0,0,0,P,N,N,2.0,2,NJ 3                                              ,E,3,2.65,2,2.0,2.0,1.0,7.0,1.0,1.0,N,11:50,120-07443,2017-02-12 11:52:00
1894,2.02E+17,2017-02-14 00:00:00,TU,12:23:00,0,0,0,0,P,N,N,1.0,2,NJ 3                                              ,E,3,0.51,2,2.0,1.0,1.0,1.0,5.0,1.0,N,12:25,120N07448,2017-02-14 12:23:00
1896,2013160213-13805               ,2013-12-12 00:00:00,TH,7:57:00,0,0,0,0,P,N,N,2.0,2,NJ 3                                              ,E,3,1.24,2,2.0,1.0,1.0,1.0,5.0,1.0,N,7:55,120N07447,2013-12-12 07:57:00
1897,2018090918-034539              ,2018-12-27 00:00:00,TH,11:03:00,0,0,0,0,P,N,N,1.0,2,NJ 3                                              ,E,3,9.2,2,2.0,1.0,1.0,1.0,1.0,1.0,N,11:05,120-04731,2018-12-27 11:03:00
1898,2018090918-034672              ,2018-12-28 00:00:00,FR,12:03:00,0,0,0,0,P,N,N,1.0,2,NJ 3                                              ,E,3,10.0,2,2.0,2.0,1.0,2.0,1.0,2.0,N,12:05,120N04729,2018-12-28 12:03:00
1899,2014160214-339                 ,2014-01-10 00:00:00,F ,13:35:00,0,0,0,0,P,N,N,15.0,2,NJ 3                                              ,E,3,4.89,2,2.0,1.0,1.0,5.0,1.0,2.0,N,13:35,120-04738,2014-01-10 13:35:00
1901,2014160214-340                 ,2014-01-10 00:00:00,F ,13:36:00,0,0,0,0,P,N,N,1.0,2,NJ 3                                              ,E,3,4.42,2,2.0,3.0,1.0,3.0,1.0,2.0,N,13:35,120-04739,2014-01-10 13:36:00
1902,2018090918-034708              ,2018-12-28 00:00:00,FR,18:56:00,0,0,0,0,P,N,N,2.0,2,NJ 3                                              ,E,3,9.89,2,2.0,2.0,6.0,2.0,2.0,1.0,N,18:55,120N04729,2018-12-28 18:56:00
1904,2013160213-13893               ,2013-12-14 00:00:00,SA,3:13:00,0,0,0,0,P,N,N,11.0,1,NJ 3                                              ,E,3,3.42,2,2.0,1.0,6.0,1.0,1.0,1.0,N,3:15,120-07442,2013-12-14 03:13:00
1905,2013160213-13934               ,2013-12-15 00:00:00,S ,10:45:00,0,0,0,0,P,N,N,15.0,2,NJ 3                                              ,E,3,3.42,2,2.0,2.0,1.0,1.0,1.0,1.0,N,10:45,120-07442,2013-12-15 10:45:00
1906,2014160214-3477                ,2014-03-29 00:00:00,SA,13:58:00,0,0,0,0,P,N,N,1.0,2,NJ 3                                              ,E,3,4.83,2,2.0,2.0,1.0,2.0,5.0,2.0,N,14:00,120-04738,2014-03-29 13:58:00
1909,2014160214-3530                ,2014-03-31 00:00:00,M ,6:11:00,0,0,0,0,P,N,N,1.0,2,NJ 3                                              ,E,3,4.84,2,2.0,2.0,2.0,2.0,1.0,1.0,N,6:10,120-04738,2014-03-31 06:11:00
1911,2014160214-3531                ,2014-03-31 00:00:00,M ,7:47:00,0,1,0,0,I,N,N,1.0,2,NJ 3                                              ,E,3,1.07,2,2.0,2.0,1.0,0.0,5.0,1.0,N,7:45,120-07447,2014-03-31 07:47:00
1912,2.02E+17,2018-01-02 00:00:00,TU,7:43:00,0,0,0,0,P,N,N,1.0,2,NJ 3                                              ,E,3,2.55,2,2.0,1.0,1.0,1.0,5.0,1.0,N,7:45,120-07443,2018-01-02 07:43:00
1913,2013160213-14058               ,2013-12-18 00:00:00,W ,9:59:00,0,0,0,0,P,N,N,1.0,2,NJ 3                                              ,E,3,2.64,2,2.0,2.0,1.0,1.0,1.0,1.0,N,10:00,120-07443,2013-12-18 09:59:00