,CRASH_ID,DATE,DAY,TIME,KILLED,INJURED,PED_KILL,PED_INJ,SEVERITY,ALCOHOL,HAZMAT,CRASH_TYPE,VEH_COUNT,LOCATION,LOC_DIR,ROUTE,MP,RD_SYS,RD_SURF,SURF_COND,LIGHT,WEATHER,RD_DIV,RD_WRKZN,CELL_USE,TIME_ROUND,TMC,timestamp
1914,2.02E+17,2017-02-22 00:00:00,WE,8:31:00,0,1,0,0,I,N,N,1.0,2,NJ 3                                              ,E,3,2.26,2,2.0,1.0,1.0,1.0,1.0,1.0,N,8:30,120N07444,2017-02-22 08:31:00
1915,2.02E+17,2018-01-02 00:00:00,TU,8:44:00,0,0,0,0,P,N,N,1.0,3,NJ 3                                              ,E,3,2.49,2,2.0,1.0,1.0,1.0,5.0,1.0,N,8:45,120-07443,2018-01-02 08:44:00
1917,2.02E+17,2018-01-04 00:00:00,TH,15:17:00,0,0,0,0,P,N,N,11.0,1,NJ 3                                              ,E,3,2.64,2,2.0,5.0,1.0,3.0,1.0,1.0,N,15:15,120-07443,2018-01-04 15:17:00
1918,2.02E+17,2016-04-13 00:00:00,W ,7:51:00,0,0,0,0,P,N,N,1.0,2,NJ 3                                              ,E,3,4.8,2,2.0,1.0,1.0,1.0,1.0,1.0,N,7:50,120-04738,2016-04-13 07:51:00
1920,2013160213-14115               ,2013-12-19 00:00:00,TH,14:10:00,0,6,0,0,I,N,N,2.0,2,NJ 3                                              ,E,3,3.43,2,2.0,1.0,1.0,1.0,1.0,1.0,N,14:10,120N07442,2013-12-19 14:10:00
1924,2013160213-14145               ,2013-12-19 00:00:00,TH,23:13:00,0,0,0,0,P,N,N,2.0,2,NJ 3                                              ,E,3,0.0,2,2.0,1.0,6.0,1.0,2.0,1.0,N,23:15,120-07448,2013-12-19 23:13:00
1925,2.02E+17,2018-01-11 00:00:00,TH,6:52:00,0,0,0,0,P,N,N,1.0,3,NJ 3                                              ,E,3,2.55,2,2.0,1.0,2.0,1.0,1.0,1.0,N,6:50,120-07443,2018-01-11 06:52:00
1926,2.02E+17,2017-02-24 00:00:00,FR,12:58:00,0,0,0,0,P,N,N,2.0,2,NJ 3                                              ,E,3,3.82,2,2.0,1.0,1.0,1.0,5.0,1.0,N,13:00,120-04740,2017-02-24 12:58:00
1927,2013160213-1417                ,2013-02-06 00:00:00,W ,7:47:00,0,0,0,0,P,N,N,1.0,2,NJ 3                                              ,E,3,4.85,2,2.0,1.0,1.0,1.0,1.0,2.0,N,7:45,120-04738,2013-02-06 07:47:00
1929,2015160215-12336               ,2015-03-19 00:00:00,TH,13:25:00,0,0,0,0,P,N,N,2.0,2,NJ 3                                              ,E,3,2.14,2,2.0,1.0,1.0,1.0,1.0,1.0,N,13:25,120-07444,2015-03-19 13:25:00
1930,2014160214-3727                ,2014-04-05 00:00:00,SA,10:25:00,0,1,0,0,I,N,N,11.0,1,NJ 3                                              ,E,3,3.82,2,2.0,1.0,1.0,1.0,1.0,,N,10:25,120-04740,2014-04-05 10:25:00
1931,2.02E+17,2016-04-18 00:00:00,M ,13:31:00,0,1,0,0,I,N,N,15.0,1,NJ 3                                              ,E,3,0.0,2,2.0,1.0,1.0,1.0,2.0,1.0,N,13:30,120-07448,2016-04-18 13:31:00
1932,2.02E+17,2018-01-11 00:00:00,TH,16:24:00,0,1,0,0,I,N,N,1.0,2,NJ 3                                              ,E,3,0.5,2,2.0,2.0,3.0,1.0,1.0,1.0,N,16:25,120N07448,2018-01-11 16:24:00
1933,2.02E+17,2018-01-11 00:00:00,TH,17:56:00,0,0,0,0,P,N,N,2.0,2,NJ 3                                              ,E,3,0.42,2,2.0,2.0,6.0,1.0,1.0,1.0,N,17:55,120N07448,2018-01-11 17:56:00
1934,2.02E+17,2018-04-18 00:00:00,WE,19:11:00,0,0,0,0,P,N,N,1.0,2,NJ 3                                              ,E,3,2.55,2,2.0,1.0,1.0,1.0,1.0,1.0,N,19:10,120-07443,2018-04-18 19:11:00
1938,2.02E+17,2016-04-19 00:00:00,TU,16:23:00,0,1,0,0,I,N,N,1.0,2,NJ 3                                              ,E,3,2.73,2,2.0,1.0,1.0,1.0,1.0,1.0,N,16:25,120-07443,2016-04-19 16:23:00
1940,2.02E+17,2017-03-01 00:00:00,WE,16:11:00,0,0,0,0,P,N,N,11.0,1,NJ 3                                              ,E,3,2.89,2,2.0,2.0,1.0,1.0,1.0,1.0,N,16:10,120-07443,2017-03-01 16:11:00
1941,2015160215-1307                ,2015-01-10 00:00:00,SA,18:36:00,0,0,0,0,P,N,N,2.0,2,NJ 3                                              ,E,3,3.82,2,2.0,1.0,6.0,1.0,4.0,1.0,N,18:35,120-04740,2015-01-10 18:36:00
1942,2.02E+17,2017-03-01 00:00:00,WE,16:13:00,0,1,0,0,I,N,N,1.0,2,NJ 3                                              ,E,3,2.67,2,2.0,2.0,1.0,1.0,1.0,1.0,N,16:15,120-07443,2017-03-01 16:13:00
1943,2.02E+17,2016-04-23 00:00:00,SA,8:33:00,0,0,0,0,P,N,N,2.0,2,NJ 3                                              ,E,3,1.4,2,2.0,2.0,1.0,2.0,5.0,1.0,N,8:35,120-07444,2016-04-23 08:33:00
1944,2014160214-3891                ,2014-04-09 00:00:00,W ,11:04:00,0,1,0,0,I,N,N,1.0,2,NJ 3                                              ,E,3,3.38,2,2.0,1.0,1.0,1.0,1.0,1.0,N,11:05,120-07442,2014-04-09 11:04:00
1945,2014160214-3893                ,2014-04-09 00:00:00,W ,11:30:00,0,0,0,0,P,N,N,1.0,2,NJ 3                                              ,E,3,3.8,2,2.0,1.0,1.0,1.0,1.0,1.0,N,11:30,120-04740,2014-04-09 11:30:00
1948,2014160214-3894                ,2014-04-09 00:00:00,W ,11:58:00,0,0,0,0,P,N,N,2.0,2,NJ 3                                              ,E,3,3.86,2,2.0,1.0,1.0,1.0,1.0,2.0,N,12:00,120-04740,2014-04-09 11:58:00
1950,2013160213-1697                ,2013-02-12 00:00:00,TU,8:12:00,0,0,0,0,P,N,N,1.0,2,NJ 3                                              ,E,3,3.44,2,2.0,1.0,1.0,1.0,1.0,1.0,N,8:10,120N07442,2013-02-12 08:12:00
1951,2014160214-3900                ,2014-04-04 00:00:00,F ,13:15:00,0,0,0,0,P,N,N,1.0,2,NJ 3                                              ,E,3,3.84,2,2.0,1.0,1.0,1.0,1.0,2.0,N,13:15,120-04740,2014-04-04 13:15:00
1952,2.02E+17,2016-04-25 00:00:00,M ,4:16:00,0,0,0,0,P,N,N,2.0,2,NJ 3                                              ,E,3,2.64,2,2.0,1.0,6.0,1.0,1.0,1.0,N,4:15,120-07443,2016-04-25 04:16:00
1953,2013160213-1704                ,2013-02-12 00:00:00,TU,11:24:00,0,0,0,0,P,N,N,1.0,2,NJ 3                                              ,E,3,4.7,2,2.0,1.0,1.0,1.0,1.0,2.0,N,11:25,120N04739,2013-02-12 11:24:00
1955,2014160214-4009                ,2014-04-12 00:00:00,SA,12:43:00,0,2,0,0,I,N,N,1.0,2,NJ 3                                              ,E,3,2.68,2,2.0,1.0,1.0,1.0,5.0,1.0,N,12:45,120-07443,2014-04-12 12:43:00
1960,2.02E+17,2017-03-07 00:00:00,TU,7:42:00,0,0,0,0,P,N,N,1.0,3,NJ 3                                              ,E,3,1.82,2,2.0,2.0,1.0,2.0,1.0,1.0,N,7:40,120-07444,2017-03-07 07:42:00
1961,2.02E+17,2018-01-18 00:00:00,TH,8:26:00,0,1,0,0,I,N,N,1.0,2,NJ 3                                              ,E,3,2.48,2,2.0,1.0,1.0,1.0,5.0,1.0,N,8:25,120-07443,2018-01-18 08:26:00
1962,2.02E+17,2018-01-18 00:00:00,TH,14:22:00,0,1,0,0,I,N,N,11.0,4,NJ 3                                              ,E,3,2.67,2,2.0,1.0,1.0,1.0,1.0,1.0,N,14:20,120-07443,2018-01-18 14:22:00
1963,2.02E+17,2018-01-19 00:00:00,FR,6:46:00,0,0,0,0,P,N,N,1.0,2,NJ 3                                              ,E,3,2.91,2,2.0,1.0,1.0,1.0,1.0,1.0,N,6:45,120-07443,2018-01-19 06:46:00
1964,2014160214-4197                ,2014-04-17 00:00:00,TH,3:29:00,0,0,0,0,P,N,N,15.0,1,NJ 3                                              ,E,3,4.7,2,2.0,1.0,6.0,1.0,1.0,2.0,N,3:30,120N04739,2014-04-17 03:29:00
1965,2.02E+17,2016-05-03 00:00:00,TU,6:39:00,0,1,0,0,I,N,N,1.0,2,NJ 3                                              ,E,3,2.66,2,2.0,2.0,1.0,2.0,1.0,1.0,N,6:40,120-07443,2016-05-03 06:39:00
1966,2014160214-43                  ,2014-01-02 00:00:00,TH,8:56:00,0,0,0,0,P,N,N,3.0,2,NJ 3                                              ,E,3,4.89,2,2.0,2.0,1.0,5.0,1.0,2.0,N,8:55,120-04738,2014-01-02 08:56:00
1968,2014160214-433                 ,2014-01-13 00:00:00,M ,8:35:00,0,0,0,0,P,N,N,1.0,2,NJ 3                                              ,E,3,1.82,2,2.0,1.0,1.0,1.0,1.0,1.0,N,8:35,120-07444,2014-01-13 08:35:00
1969,2.02E+17,2016-05-03 00:00:00,TU,9:39:00,0,0,0,0,P,N,N,11.0,1,NJ 3                                              ,E,3,3.31,2,2.0,2.0,1.0,2.0,1.0,1.0,N,9:40,120-07442,2016-05-03 09:39:00
1974,2.02E+17,2016-05-05 00:00:00,TH,2:51:00,0,0,0,0,P,N,N,2.0,2,NJ 3                                              ,E,3,0.49,2,2.0,2.0,6.0,2.0,1.0,1.0,N,2:50,120N07448,2016-05-05 02:51:00
1978,2.02E+17,2018-01-24 00:00:00,WE,11:31:00,0,2,0,0,I,N,N,1.0,4,NJ 3                                              ,E,3,1.2,2,2.0,1.0,1.0,1.0,1.0,1.0,N,11:30,120N07447,2018-01-24 11:31:00
1979,2014160214-4410                ,2014-04-23 00:00:00,W ,8:42:00,0,0,0,0,P,N,N,1.0,4,NJ 3                                              ,E,3,4.8,2,2.0,1.0,1.0,1.0,1.0,2.0,N,8:40,120-04738,2014-04-23 08:42:00
1981,2014160214-4416                ,2014-04-23 00:00:00,W ,13:16:00,0,0,0,0,P,N,N,2.0,2,NJ 3                                              ,E,3,4.83,2,2.0,1.0,1.0,1.0,1.0,2.0,N,13:15,120-04738,2014-04-23 13:16:00
1985,2015160215-15161               ,2015-04-06 00:00:00,M ,18:47:00,0,1,0,0,I,N,N,1.0,2,NJ 3                                              ,E,3,1.53,2,2.0,1.0,3.0,1.0,1.0,1.0,N,18:45,120-07444,2015-04-06 18:47:00
1987,2013160213-2023                ,2013-02-19 00:00:00,TU,18:26:00,0,1,0,0,I,N,N,2.0,2,NJ 3                                              ,E,3,0.51,2,2.0,2.0,6.0,2.0,1.0,1.0,N,18:25,120N07448,2013-02-19 18:26:00
1988,2.02E+17,2017-03-14 00:00:00,TU,3:38:00,0,0,0,0,P,N,N,11.0,1,NJ 3                                              ,E,3,4.53,2,2.0,3.0,6.0,3.0,1.0,1.0,N,3:40,120N04739,2017-03-14 03:38:00
1993,2014160214-4460                ,2014-04-24 00:00:00,TH,11:27:00,0,0,0,0,P,N,N,1.0,2,NJ 3                                              ,E,3,3.82,2,2.0,1.0,1.0,1.0,4.0,1.0,N,11:25,120-04740,2014-04-24 11:27:00
1994,2013160213-2034                ,2013-02-20 00:00:00,W ,8:18:00,0,0,0,0,P,N,N,1.0,2,NJ 3                                              ,E,3,4.83,2,2.0,1.0,1.0,1.0,1.0,2.0,N,8:20,120-04738,2013-02-20 08:18:00
1995,2.02E+17,2017-03-16 00:00:00,TH,8:52:00,0,0,0,0,P,N,N,15.0,1,NJ 3                                              ,E,3,0.51,2,2.0,1.0,1.0,1.0,5.0,1.0,N,8:50,120N07448,2017-03-16 08:52:00
1996,2013160213-2052                ,2013-02-20 00:00:00,W ,11:37:00,0,0,0,0,P,N,N,1.0,2,NJ 3                                              ,E,3,2.73,2,2.0,1.0,1.0,1.0,1.0,1.0,N,11:35,120-07443,2013-02-20 11:37:00
2000,2.02E+17,2017-03-17 00:00:00,FR,11:05:00,0,0,0,0,P,N,N,1.0,3,NJ 3                                              ,E,3,3.4,2,2.0,1.0,1.0,1.0,2.0,1.0,N,11:05,120-07442,2017-03-17 11:05:00
2001,2.02E+17,2017-03-18 00:00:00,SA,10:04:00,0,0,0,0,P,N,N,2.0,2,NJ 3                                              ,E,3,0.49,2,2.0,1.0,1.0,5.0,5.0,1.0,N,10:05,120N07448,2017-03-18 10:04:00
2002,2014160214-4524                ,2014-04-25 00:00:00,F ,10:47:00,0,0,0,0,P,N,N,1.0,2,NJ 3                                              ,E,3,2.7,2,2.0,1.0,1.0,1.0,1.0,1.0,N,10:45,120-07443,2014-04-25 10:47:00
2005,2013160213-2073                ,2013-02-20 00:00:00,W ,18:02:00,0,0,0,0,P,N,N,1.0,2,NJ 3                                              ,E,3,3.86,2,2.0,1.0,6.0,1.0,1.0,1.0,N,18:00,120-04740,2013-02-20 18:02:00
2007,2.02E+17,2018-01-28 00:00:00,SU,15:47:00,0,0,0,0,P,N,N,2.0,2,NJ 3                                              ,E,3,1.64,2,2.0,1.0,1.0,1.0,1.0,1.0,N,15:45,120-07444,2018-01-28 15:47:00
2008,2.02E+17,2017-03-18 00:00:00,SA,22:43:00,0,0,0,0,P,N,N,1.0,2,NJ 3                                              ,E,3,3.85,2,2.0,1.0,6.0,1.0,1.0,1.0,N,22:45,120-04740,2017-03-18 22:43:00
2012,2014160214-4584                ,2014-04-27 00:00:00,S ,14:00:00,0,1,0,0,I,N,N,1.0,2,NJ 3                                              ,E,3,0.51,2,2.0,1.0,1.0,1.0,5.0,1.0,N,14:00,120N07448,2014-04-27 14:00:00
2014,2.02E+17,2018-01-31 00:00:00,WE,12:06:00,0,0,0,0,P,N,N,1.0,2,NJ 3                                              ,E,3,2.6,2,2.0,1.0,1.0,1.0,1.0,1.0,N,12:05,120-07443,2018-01-31 12:06:00
2015,2014160214-4593                ,2014-04-27 00:00:00,S ,19:25:00,0,0,0,0,P,N,N,1.0,2,NJ 3                                              ,E,3,2.66,2,2.0,1.0,3.0,1.0,1.0,1.0,N,19:25,120-07443,2014-04-27 19:25:00
2017,2.02E+17,2018-01-31 00:00:00,WE,17:27:00,0,0,0,0,P,N,N,1.0,2,NJ 3                                              ,E,3,2.36,2,2.0,1.0,6.0,1.0,1.0,1.0,N,17:25,120-07443,2018-01-31 17:27:00
2018,2013160213-2252                ,2013-02-25 00:00:00,M ,15:23:00,0,0,0,0,P,N,N,2.0,2,NJ 3                                              ,E,3,3.27,2,2.0,1.0,1.0,1.0,1.0,1.0,N,15:25,120-07442,2013-02-25 15:23:00
2019,2.02E+17,2018-02-01 00:00:00,TH,6:10:00,0,0,0,0,P,N,N,2.0,2,NJ 3                                              ,E,3,1.23,2,2.0,1.0,2.0,1.0,1.0,1.0,N,6:10,120N07447,2018-02-01 06:10:00
2020,2013160213-2276                ,2013-02-26 00:00:00,TU,8:01:00,0,0,0,0,P,N,N,1.0,2,NJ 3                                              ,E,3,3.7,2,2.0,1.0,1.0,1.0,1.0,1.0,N,8:00,120-04740,2013-02-26 08:01:00
2022,2015160215-17293               ,2015-04-19 00:00:00,S ,19:31:00,0,1,0,0,I,N,N,2.0,2,NJ 3                                              ,E,3,1.44,2,2.0,1.0,1.0,1.0,1.0,1.0,N,19:30,120-07444,2015-04-19 19:31:00
2024,2014160214-4642                ,2014-04-28 00:00:00,M ,23:26:00,0,1,0,0,I,N,N,1.0,2,NJ 3                                              ,E,3,4.75,2,2.0,1.0,6.0,1.0,1.0,2.0,N,23:25,120-04738,2014-04-28 23:26:00
2025,2013160213-2318                ,2013-02-27 00:00:00,W ,7:35:00,0,1,0,0,I,N,N,1.0,2,NJ 3                                              ,E,3,1.44,2,2.0,2.0,1.0,2.0,1.0,1.0,N,7:35,120-07444,2013-02-27 07:35:00
2027,2.02E+17,2017-03-21 00:00:00,TU,7:59:00,0,0,0,0,P,N,N,11.0,1,NJ 3                                              ,E,3,2.79,2,2.0,1.0,1.0,1.0,1.0,1.0,N,8:00,120-07443,2017-03-21 07:59:00
2032,2.02E+17,2018-02-01 00:00:00,TH,20:25:00,0,0,0,0,P,N,N,99.0,1,NJ 3                                              ,E,3,1.25,2,2.0,2.0,6.0,2.0,1.0,1.0,N,20:25,120N07447,2018-02-01 20:25:00
2033,2.02E+17,2016-05-24 00:00:00,TU,11:00:00,0,1,0,0,I,N,N,1.0,2,NJ 3                                              ,E,3,3.43,2,2.0,2.0,1.0,5.0,1.0,1.0,N,11:00,120N07442,2016-05-24 11:00:00
2034,2.02E+17,2017-03-22 00:00:00,WE,1:47:00,0,0,0,0,P,N,N,2.0,2,NJ 3                                              ,E,3,3.51,2,2.0,1.0,6.0,1.0,1.0,1.0,N,1:45,120-04740,2017-03-22 01:47:00
2036,2.02E+17,2017-03-22 00:00:00,WE,6:58:00,0,0,0,0,P,N,N,1.0,2,NJ 3                                              ,E,3,3.46,2,2.0,1.0,1.0,1.0,1.0,1.0,N,7:00,120N07442,2017-03-22 06:58:00
2038,2013160213-255                 ,2013-01-08 00:00:00,TU,6:44:00,0,1,0,0,I,N,N,1.0,2,NJ 3                                              ,E,3,0.53,2,2.0,1.0,2.0,1.0,1.0,1.0,N,6:45,120N07448,2013-01-08 06:44:00
2043,2015160215-19665               ,2015-05-03 00:00:00,S ,21:46:00,0,0,0,0,P,N,N,2.0,2,NJ 3                                              ,E,3,4.12,2,2.0,1.0,4.0,1.0,5.0,1.0,N,21:45,120N04740,2015-05-03 21:46:00
2044,2.02E+17,2018-02-04 00:00:00,SU,14:10:00,0,2,0,0,I,N,N,1.0,2,NJ 3                                              ,E,3,3.41,2,2.0,2.0,1.0,2.0,2.0,1.0,N,14:10,120-07442,2018-02-04 14:10:00
2045,2.02E+17,2018-02-05 00:00:00,MO,8:42:00,0,0,0,0,P,N,N,1.0,2,NJ 3                                              ,E,3,4.8,2,2.0,2.0,1.0,1.0,1.0,1.0,N,8:40,120-04738,2018-02-05 08:42:00
2047,2.02E+17,2018-02-05 00:00:00,MO,21:12:00,0,0,0,0,P,N,N,1.0,2,NJ 3                                              ,E,3,0.5,2,2.0,1.0,6.0,1.0,1.0,1.0,N,21:10,120N07448,2018-02-05 21:12:00
2048,2.02E+17,2017-03-24 00:00:00,FR,1:32:00,0,1,0,0,I,N,N,1.0,2,NJ 3                                              ,E,3,2.68,2,2.0,1.0,6.0,1.0,1.0,1.0,N,1:30,120-07443,2017-03-24 01:32:00
2049,2015160215-20154               ,2015-05-06 00:00:00,W ,15:22:00,0,0,0,0,P,N,N,1.0,2,NJ 3                                              ,E,3,3.82,2,2.0,1.0,1.0,1.0,1.0,1.0,N,15:20,120-04740,2015-05-06 15:22:00
2052,2013160213-2711                ,2013-03-08 00:00:00,F ,9:05:00,0,0,0,0,P,N,N,1.0,3,NJ 3                                              ,E,3,2.62,2,2.0,3.0,1.0,3.0,1.0,1.0,N,9:05,120-07443,2013-03-08 09:05:00
2053,2.02E+17,2018-02-06 00:00:00,TU,6:44:00,0,0,0,0,P,N,N,1.0,2,NJ 3                                              ,E,3,2.65,2,2.0,1.0,1.0,1.0,1.0,1.0,N,6:45,120-07443,2018-02-06 06:44:00
2054,2013160213-2713                ,2013-03-08 00:00:00,F ,9:32:00,0,0,0,0,P,N,N,1.0,2,NJ 3                                              ,E,3,1.22,2,2.0,3.0,1.0,3.0,1.0,1.0,N,9:30,120N07447,2013-03-08 09:32:00
2057,2.02E+17,2018-02-07 00:00:00,WE,15:57:00,0,0,0,0,P,N,N,2.0,2,NJ 3                                              ,E,3,0.19,2,2.0,2.0,1.0,2.0,4.0,1.0,N,15:55,120-07448,2018-02-07 15:57:00
2059,2.02E+17,2017-03-27 00:00:00,MO,9:08:00,0,0,0,0,P,N,N,1.0,2,NJ 3                                              ,E,3,1.44,2,2.0,2.0,1.0,2.0,1.0,1.0,N,9:10,120-07444,2017-03-27 09:08:00
2060,2.02E+17,2018-02-08 00:00:00,TH,8:13:00,0,0,0,0,P,N,N,1.0,2,NJ 3                                              ,E,3,4.89,2,1.0,1.0,1.0,1.0,1.0,1.0,N,8:15,120-04738,2018-02-08 08:13:00
2062,2015160215-21236               ,2015-05-13 00:00:00,W ,11:16:00,0,1,0,0,I,N,N,2.0,2,NJ 3                                              ,E,3,3.87,2,2.0,1.0,1.0,1.0,1.0,1.0,N,11:15,120-04740,2015-05-13 11:16:00
2063,2013160213-2830                ,2013-03-11 00:00:00,M ,6:46:00,0,0,0,0,P,N,N,1.0,2,NJ 3                                              ,E,3,4.89,2,1.0,1.0,2.0,1.0,1.0,2.0,N,6:45,120-04738,2013-03-11 06:46:00
2065,2.02E+17,2017-03-28 00:00:00,TU,11:17:00,0,0,0,0,P,N,N,11.0,1,NJ 3                                              ,E,3,2.62,2,2.0,2.0,1.0,5.0,1.0,1.0,N,11:15,120-07443,2017-03-28 11:17:00
2066,2013160213-2832                ,2013-03-11 00:00:00,M ,6:46:00,0,0,0,0,P,N,N,1.0,2,NJ 3                                              ,E,3,4.89,2,1.0,1.0,2.0,1.0,1.0,2.0,N,6:45,120-04738,2013-03-11 06:46:00
2068,2014160214-515                 ,2014-01-15 00:00:00,W ,7:25:00,0,0,0,0,P,N,N,1.0,3,NJ 3                                              ,E,3,3.82,2,2.0,2.0,2.0,4.0,1.0,1.0,N,7:25,120-04740,2014-01-15 07:25:00
2069,2013160213-2878                ,2013-03-12 00:00:00,TU,10:01:00,0,0,0,0,P,N,N,11.0,1,NJ 3                                              ,E,3,3.88,2,2.0,2.0,1.0,2.0,1.0,2.0,N,10:00,120-04740,2013-03-12 10:01:00
2071,2015160215-21749               ,2015-05-16 00:00:00,SA,7:33:00,0,1,0,0,I,N,N,1.0,2,NJ 3                                              ,E,3,0.0,2,2.0,1.0,1.0,1.0,1.0,1.0,N,7:35,120-07448,2015-05-16 07:33:00
2074,2.02E+17,2017-03-30 00:00:00,TH,19:02:00,0,1,0,0,I,N,N,1.0,2,NJ 3                                              ,E,3,0.01,2,2.0,1.0,6.0,1.0,1.0,1.0,N,19:00,120-07448,2017-03-30 19:02:00
2075,2015160215-218                 ,2015-01-12 00:00:00,M ,17:05:00,0,1,0,0,I,N,N,1.0,2,NJ 3                                              ,E,3,3.8,2,0.0,1.0,3.0,1.0,1.0,1.0,N,17:05,120-04740,2015-01-12 17:05:00
2079,2.02E+17,2017-03-30 00:00:00,TH,23:04:00,0,0,0,0,P,N,N,1.0,2,NJ 3                                              ,E,3,3.37,2,2.0,2.0,6.0,1.0,1.0,1.0,N,23:05,120-07442,2017-03-30 23:04:00
2082,2.02E+17,2017-03-31 00:00:00,FR,17:34:00,0,0,0,0,P,N,N,1.0,2,NJ 3                                              ,E,3,1.44,2,2.0,2.0,1.0,2.0,1.0,1.0,N,17:35,120-07444,2017-03-31 17:34:00
2083,2015160215-21901               ,2015-05-17 00:00:00,S ,9:51:00,0,0,0,0,P,N,N,2.0,2,NJ 3                                              ,E,3,4.72,2,2.0,1.0,1.0,1.0,1.0,1.0,N,9:50,120-04738,2015-05-17 09:51:00
2086,2.02E+17,2018-02-14 00:00:00,WE,18:16:00,0,0,0,0,P,N,N,1.0,2,NJ 3                                              ,E,3,4.33,2,2.0,1.0,7.0,1.0,2.0,1.0,N,18:15,120N04740,2018-02-14 18:16:00
2088,2014160214-5216                ,2014-05-13 00:00:00,TU,12:04:00,0,0,0,0,P,N,N,15.0,2,NJ 3                                              ,E,3,3.78,2,2.0,1.0,1.0,1.0,1.0,2.0,N,12:05,120-04740,2014-05-13 12:04:00
2090,2013160213-3107                ,2013-03-17 00:00:00,S ,16:42:00,0,0,0,0,P,N,N,1.0,2,NJ 3                                              ,E,3,4.89,2,2.0,1.0,1.0,1.0,1.0,2.0,N,16:40,120-04738,2013-03-17 16:42:00
2091,2.02E+17,2017-04-03 00:00:00,MO,7:24:00,0,0,0,0,P,N,N,99.0,1,NJ 3                                              ,E,3,4.89,2,2.0,1.0,1.0,1.0,1.0,1.0,N,7:25,120-04738,2017-04-03 07:24:00
2092,2.02E+17,2018-02-15 00:00:00,TH,7:25:00,0,0,0,0,P,N,N,1.0,2,NJ 3                                              ,E,3,1.8,2,2.0,2.0,1.0,5.0,5.0,1.0,N,7:25,120-07444,2018-02-15 07:25:00
2093,2014160214-5284                ,2014-05-15 00:00:00,TH,10:32:00,0,0,0,0,P,N,N,9.0,2,NJ 3                                              ,E,3,0.51,2,2.0,1.0,1.0,5.0,1.0,1.0,N,10:30,120N07448,2014-05-15 10:32:00
2094,2013160213-3210                ,2013-03-20 00:00:00,W ,8:56:00,0,0,0,0,P,N,N,15.0,2,NJ 3                                              ,E,3,3.88,2,2.0,1.0,1.0,1.0,1.0,2.0,N,8:55,120-04740,2013-03-20 08:56:00
2095,2015160215-22391               ,2015-05-20 00:00:00,W ,7:51:00,0,1,0,0,I,N,N,1.0,3,NJ 3                                              ,E,3,4.89,2,2.0,1.0,1.0,1.0,1.0,1.0,N,7:50,120-04738,2015-05-20 07:51:00
2097,2.02E+17,2018-02-15 00:00:00,TH,10:35:00,0,2,0,0,I,N,N,4.0,3,NJ 3                                              ,E,3,0.51,2,2.0,1.0,1.0,5.0,5.0,1.0,N,10:35,120N07448,2018-02-15 10:35:00
2098,2.02E+17,2018-02-15 00:00:00,TH,11:59:00,0,0,0,0,P,N,N,10.0,1,NJ 3                                              ,E,3,4.91,2,2.0,1.0,1.0,1.0,1.0,1.0,N,12:00,120-04738,2018-02-15 11:59:00
2102,2.02E+17,2016-06-24 00:00:00,F ,9:28:00,0,0,0,0,P,N,N,1.0,2,NJ 3                                              ,E,3,3.46,2,2.0,1.0,1.0,1.0,1.0,1.0,N,9:30,120N07442,2016-06-24 09:28:00
2103,2013160213-3249                ,2013-03-21 00:00:00,TH,8:42:00,0,0,0,0,P,N,N,1.0,3,NJ 3                                              ,E,3,4.8,2,2.0,1.0,1.0,1.0,1.0,2.0,N,8:40,120-04738,2013-03-21 08:42:00
2105,2.02E+17,2016-06-25 00:00:00,SA,19:36:00,0,0,0,0,P,N,N,2.0,2,NJ 3                                              ,E,3,2.14,2,2.0,1.0,1.0,1.0,1.0,1.0,N,19:35,120-07444,2016-06-25 19:36:00
2106,2.02E+17,2018-02-15 00:00:00,TH,17:49:00,0,1,0,0,I,N,N,1.0,2,NJ 3                                              ,E,3,2.14,2,2.0,1.0,6.0,1.0,1.0,1.0,N,17:50,120-07444,2018-02-15 17:49:00
2107,2014160214-536                 ,2014-01-15 00:00:00,W ,11:29:00,0,0,0,0,P,N,N,2.0,2,NJ 3                                              ,E,3,4.8,2,2.0,1.0,1.0,1.0,1.0,2.0,N,11:30,120-04738,2014-01-15 11:29:00
2108,2013160213-3260                ,2013-03-20 00:00:00,W ,14:40:00,0,1,0,0,I,N,N,2.0,2,NJ 3                                              ,E,3,4.89,2,2.0,1.0,1.0,1.0,1.0,2.0,N,14:40,120-04738,2013-03-20 14:40:00
2109,2.02E+17,2018-02-15 00:00:00,TH,22:08:00,0,0,0,0,P,N,N,11.0,1,NJ 3                                              ,E,3,3.81,2,2.0,2.0,6.0,2.0,1.0,1.0,N,22:10,120-04740,2018-02-15 22:08:00
2111,2014160214-5497                ,2014-05-20 00:00:00,TU,8:51:00,0,0,0,0,P,N,N,1.0,3,NJ 3                                              ,E,3,0.55,2,2.0,1.0,1.0,1.0,1.0,1.0,N,8:50,120N07448,2014-05-20 08:51:00
2113,2.02E+17,2018-02-16 00:00:00,FR,20:57:00,0,0,0,0,P,N,N,11.0,1,NJ 3                                              ,E,3,3.82,2,2.0,1.0,6.0,1.0,1.0,1.0,N,20:55,120-04740,2018-02-16 20:57:00
2114,2014160214-5511                ,2014-05-20 00:00:00,TU,13:30:00,0,0,0,0,P,N,N,2.0,2,NJ 3                                              ,E,3,3.84,2,2.0,1.0,1.0,1.0,1.0,2.0,N,13:30,120-04740,2014-05-20 13:30:00
2116,2.02E+17,2018-02-17 00:00:00,SA,18:35:00,0,0,0,0,P,N,N,1.0,2,NJ 3                                              ,E,3,0.51,2,2.0,3.0,6.0,3.0,1.0,1.0,N,18:35,120N07448,2018-02-17 18:35:00