,CRASH_ID,DATE,DAY,TIME,KILLED,INJURED,PED_KILL,PED_INJ,SEVERITY,ALCOHOL,HAZMAT,CRASH_TYPE,VEH_COUNT,LOCATION,LOC_DIR,ROUTE,MP,RD_SYS,RD_SURF,SURF_COND,LIGHT,WEATHER,RD_DIV,RD_WRKZN,CELL_USE,TIME_ROUND,TMC,timestamp
2117,2.02E+17,2016-06-30 00:00:00,TH,18:15:00,0,1,0,0,I,N,N,1.0,2,NJ 3                                              ,E,3,2.5,2,2.0,1.0,1.0,1.0,1.0,1.0,N,18:15,120-07443,2016-06-30 18:15:00
2118,2.02E+17,2016-07-01 00:00:00,F ,11:08:00,0,4,0,0,I,N,N,1.0,2,NJ 3                                              ,E,3,3.91,2,2.0,1.0,1.0,1.0,1.0,1.0,N,11:10,120-04740,2016-07-01 11:08:00
2120,2014160214-5570                ,2014-05-21 00:00:00,W ,16:30:00,0,0,0,0,P,N,N,1.0,2,NJ 3                                              ,E,3,2.64,2,2.0,1.0,1.0,1.0,1.0,1.0,N,16:30,120-07443,2014-05-21 16:30:00
2121,2.02E+17,2018-02-18 00:00:00,SU,2:33:00,0,1,0,0,I,N,N,1.0,2,NJ 3                                              ,E,3,2.66,2,1.0,2.0,6.0,1.0,1.0,1.0,N,2:35,120-07443,2018-02-18 02:33:00
2123,2015160215-24499               ,2015-05-31 00:00:00,S ,18:59:00,2,0,0,0,F,N,N,11.0,1,NJ 3                                              ,E,3,2.39,2,2.0,2.0,1.0,2.0,1.0,1.0,N,19:00,120-07443,2015-05-31 18:59:00
2124,2013160213-3468                ,2013-03-27 00:00:00,W ,8:41:00,0,1,0,0,I,N,N,1.0,2,NJ 3                                              ,E,3,2.64,2,2.0,1.0,1.0,1.0,1.0,1.0,N,8:40,120-07443,2013-03-27 08:41:00
2125,2.02E+17,2017-04-19 00:00:00,WE,6:37:00,0,0,0,0,P,N,N,2.0,3,NJ 3                                              ,E,3,3.84,2,2.0,1.0,1.0,1.0,1.0,1.0,N,6:35,120-04740,2017-04-19 06:37:00
2128,2015160215-24531               ,2015-05-31 00:00:00,S ,23:35:00,0,0,0,0,P,N,N,11.0,1,NJ 3                                              ,E,3,0.0,2,2.0,2.0,6.0,2.0,1.0,1.0,N,23:35,120-07448,2015-05-31 23:35:00
2129,2.02E+17,2018-02-19 00:00:00,MO,8:16:00,0,2,0,0,I,N,N,1.0,2,NJ 3                                              ,E,3,3.73,2,2.0,1.0,1.0,1.0,1.0,1.0,N,8:15,120-04740,2018-02-19 08:16:00
2130,2.02E+17,2018-02-19 00:00:00,MO,11:16:00,0,0,0,0,P,N,N,15.0,2,NJ 3                                              ,E,3,0.0,2,2.0,1.0,1.0,5.0,1.0,1.0,N,11:15,120-07448,2018-02-19 11:16:00
2131,2014160214-5609                ,2014-05-22 00:00:00,TH,14:24:00,0,1,0,0,I,N,N,1.0,2,NJ 3                                              ,E,3,4.89,2,2.0,2.0,1.0,5.0,1.0,2.0,N,14:25,120-04738,2014-05-22 14:24:00
2135,2.02E+17,2018-02-20 00:00:00,TU,6:34:00,0,0,0,0,P,N,N,1.0,2,NJ 3                                              ,E,3,2.92,2,2.0,1.0,1.0,5.0,1.0,1.0,N,6:35,120-07443,2018-02-20 06:34:00
2139,2.02E+17,2018-02-21 00:00:00,WE,12:14:00,0,0,0,0,P,N,N,2.0,2,NJ 3                                              ,E,3,0.17,2,2.0,1.0,1.0,1.0,2.0,1.0,N,12:15,120-07448,2018-02-21 12:14:00
2142,2.02E+17,2018-02-23 00:00:00,FR,1:14:00,0,1,0,0,I,N,N,2.0,2,NJ 3                                              ,E,3,3.36,2,2.0,1.0,6.0,1.0,1.0,1.0,N,1:15,120-07442,2018-02-23 01:14:00
2143,2014160214-5774                ,2014-05-27 00:00:00,TU,10:09:00,0,3,0,0,I,N,N,1.0,3,NJ 3                                              ,E,3,3.82,2,2.0,1.0,1.0,1.0,1.0,2.0,N,10:10,120-04740,2014-05-27 10:09:00
2145,2.02E+17,2017-04-26 00:00:00,WE,9:56:00,0,0,0,0,P,N,N,1.0,2,NJ 3                                              ,E,3,1.31,2,2.0,2.0,1.0,2.0,1.0,1.0,N,9:55,120-07446,2017-04-26 09:56:00
2147,2013160213-3709                ,2013-04-02 00:00:00,TU,13:00:00,0,1,0,0,I,N,N,1.0,2,NJ 3                                              ,E,3,3.85,2,2.0,1.0,1.0,1.0,1.0,2.0,N,13:00,120-04740,2013-04-02 13:00:00
2148,2.02E+17,2017-04-27 00:00:00,TH,7:13:00,0,1,0,0,I,N,N,1.0,2,NJ 3                                              ,E,3,4.01,2,2.0,2.0,1.0,5.0,5.0,1.0,N,7:15,120N04740,2017-04-27 07:13:00
2151,2014160214-5816                ,2014-05-28 00:00:00,W ,9:31:00,0,0,0,0,P,N,N,1.0,2,NJ 3                                              ,E,3,2.72,2,2.0,1.0,1.0,1.0,1.0,1.0,N,9:30,120-07443,2014-05-28 09:31:00
2152,2.02E+17,2016-07-10 00:00:00,S ,3:18:00,0,1,0,0,I,N,N,1.0,2,NJ 3                                              ,E,3,1.07,2,2.0,2.0,6.0,1.0,1.0,1.0,N,3:20,120-07447,2016-07-10 03:18:00
2153,2.02E+17,2018-02-23 00:00:00,FR,20:07:00,0,0,0,0,P,N,N,11.0,1,NJ 3                                              ,E,3,3.82,2,2.0,2.0,6.0,1.0,1.0,1.0,N,20:05,120-04740,2018-02-23 20:07:00
2154,2.02E+17,2017-04-27 00:00:00,TH,11:40:00,0,0,0,0,P,N,N,2.0,2,NJ 3                                              ,E,3,4.7,2,2.0,1.0,1.0,1.0,1.0,1.0,N,11:40,120N04739,2017-04-27 11:40:00
2156,2013160213-3776                ,2013-04-03 00:00:00,W ,18:52:00,0,0,0,0,P,N,N,2.0,2,NJ 3                                              ,E,3,4.89,2,2.0,1.0,1.0,1.0,2.0,2.0,N,18:50,120-04738,2013-04-03 18:52:00
2157,2015160215-26223               ,2015-06-11 00:00:00,TH,10:13:00,0,0,0,0,P,N,N,11.0,1,NJ 3                                              ,E,3,1.26,2,2.0,1.0,1.0,1.0,3.0,1.0,N,10:15,120N07447,2015-06-11 10:13:00
2160,2.02E+17,2018-02-24 00:00:00,SA,19:29:00,0,0,0,0,P,N,N,11.0,1,NJ 3                                              ,E,3,2.14,2,2.0,2.0,5.0,5.0,1.0,1.0,N,19:30,120-07444,2018-02-24 19:29:00
2163,2013160213-3945                ,2013-04-08 00:00:00,M ,8:54:00,0,0,0,0,P,N,N,1.0,2,NJ 3                                              ,E,3,0.66,2,2.0,1.0,1.0,1.0,5.0,1.0,N,8:55,120N07448,2013-04-08 08:54:00
2164,2.02E+17,2017-04-30 00:00:00,SU,19:56:00,0,2,0,0,I,N,N,11.0,1,NJ 3                                              ,E,3,3.25,2,2.0,1.0,5.0,1.0,1.0,1.0,N,19:55,120-07442,2017-04-30 19:56:00
2165,2.02E+17,2016-07-12 00:00:00,TU,9:11:00,0,1,0,0,I,N,N,2.0,2,NJ 3                                              ,E,3,3.86,2,2.0,1.0,1.0,1.0,1.0,1.0,N,9:10,120-04740,2016-07-12 09:11:00
2172,2.02E+17,2018-02-27 00:00:00,TU,16:48:00,0,1,0,0,I,N,N,1.0,2,NJ 3                                              ,E,3,2.66,2,2.0,1.0,1.0,1.0,1.0,1.0,N,16:50,120-07443,2018-02-27 16:48:00
2174,2.02E+17,2018-02-27 00:00:00,TU,17:50:00,0,0,0,0,P,N,N,1.0,2,NJ 3                                              ,E,3,2.92,2,2.0,1.0,1.0,1.0,1.0,1.0,N,17:50,120-07443,2018-02-27 17:50:00
2176,2.02E+17,2018-02-27 00:00:00,TU,18:35:00,0,0,0,0,P,N,N,1.0,3,NJ 3                                              ,E,3,1.77,2,2.0,1.0,6.0,1.0,1.0,1.0,N,18:35,120-07444,2018-02-27 18:35:00
2177,2014160214-6118                ,2014-06-05 00:00:00,TH,8:54:00,0,0,0,0,P,N,N,1.0,3,NJ 3                                              ,E,3,3.8,2,2.0,2.0,1.0,2.0,1.0,2.0,N,8:55,120-04740,2014-06-05 08:54:00
2178,2.02E+17,2018-02-28 00:00:00,WE,18:38:00,0,0,0,0,P,N,N,11.0,1,NJ 3                                              ,E,3,3.73,2,2.0,1.0,4.0,1.0,1.0,1.0,N,18:40,120-04740,2018-02-28 18:38:00
2180,2.02E+17,2018-03-01 00:00:00,TH,5:45:00,0,1,0,0,I,N,N,1.0,2,NJ 3                                              ,E,3,2.83,2,2.0,1.0,5.0,1.0,1.0,1.0,N,5:45,120-07443,2018-03-01 05:45:00
2181,2.02E+17,2016-07-20 00:00:00,W ,15:11:00,0,0,0,0,P,N,N,1.0,2,NJ 3                                              ,E,3,3.88,2,2.0,1.0,1.0,1.0,5.0,1.0,N,15:10,120-04740,2016-07-20 15:11:00
2183,2013160213-4210                ,2013-04-14 00:00:00,S ,14:35:00,0,0,0,0,P,N,N,11.0,1,NJ 3                                              ,E,3,2.64,2,2.0,1.0,1.0,1.0,5.0,1.0,N,14:35,120-07443,2013-04-14 14:35:00
2184,2.02E+17,2018-03-02 00:00:00,FR,19:15:00,0,0,0,0,P,N,N,1.0,4,NJ 3                                              ,E,3,2.73,2,2.0,2.0,6.0,3.0,1.0,1.0,N,19:15,120-07443,2018-03-02 19:15:00
2186,2013160213-4314                ,2013-04-17 00:00:00,W ,8:11:00,0,0,0,0,P,N,N,1.0,2,NJ 3                                              ,E,3,2.58,2,2.0,1.0,1.0,1.0,5.0,1.0,N,8:10,120-07443,2013-04-17 08:11:00
2187,2013160213-4315                ,2013-04-17 00:00:00,W ,8:30:00,0,0,0,0,P,N,N,2.0,2,NJ 3                                              ,E,3,2.62,2,2.0,1.0,1.0,1.0,1.0,1.0,N,8:30,120-07443,2013-04-17 08:30:00
2188,2013160213-4356                ,2013-04-18 00:00:00,TH,8:19:00,0,0,0,0,P,N,N,1.0,2,NJ 3                                              ,E,3,4.81,2,2.0,1.0,1.0,1.0,1.0,2.0,N,8:20,120-04738,2013-04-18 08:19:00
2190,2014160214-6375                ,2014-06-12 00:00:00,TH,8:35:00,0,0,0,0,P,N,N,2.0,2,NJ 3                                              ,E,3,2.65,2,2.0,2.0,1.0,5.0,1.0,1.0,N,8:35,120-07443,2014-06-12 08:35:00
2192,2.02E+17,2018-03-06 00:00:00,TU,9:41:00,0,0,0,0,P,N,N,1.0,2,NJ 3                                              ,E,3,2.55,2,2.0,1.0,1.0,1.0,1.0,1.0,N,9:40,120-07443,2018-03-06 09:41:00
2193,2014160214-6382                ,2014-06-12 00:00:00,TH,11:12:00,0,0,0,0,P,N,N,1.0,2,NJ 3                                              ,E,3,3.86,2,2.0,2.0,1.0,5.0,1.0,1.0,N,11:10,120-04740,2014-06-12 11:12:00
2194,2015160215-29678               ,2015-07-01 00:00:00,W ,9:55:00,1,0,0,0,F,N,N,11.0,1,NJ 3                                              ,E,3,3.31,2,2.0,1.0,1.0,1.0,1.0,1.0,N,9:55,120-07442,2015-07-01 09:55:00
2195,2.02E+17,2017-05-07 00:00:00,SU,15:00:00,0,0,0,0,P,N,N,2.0,2,NJ 3                                              ,E,3,4.64,2,2.0,2.0,1.0,2.0,1.0,1.0,N,15:00,120N04739,2017-05-07 15:00:00
2196,2.02E+17,2018-03-09 00:00:00,FR,6:33:00,0,1,0,0,I,N,N,1.0,2,NJ 3                                              ,E,3,3.9,2,2.0,1.0,1.0,1.0,4.0,1.0,N,6:35,120-04740,2018-03-09 06:33:00
2199,2.02E+17,2018-03-09 00:00:00,FR,17:43:00,0,1,0,0,I,N,N,9.0,2,NJ 3                                              ,E,3,2.91,2,2.0,1.0,6.0,1.0,1.0,1.0,N,17:45,120-07443,2018-03-09 17:43:00
2200,2013160213-4484                ,2013-04-22 00:00:00,M ,7:08:00,0,0,0,0,P,N,N,2.0,2,NJ 3                                              ,E,3,3.42,2,2.0,1.0,1.0,1.0,1.0,1.0,N,7:10,120-07442,2013-04-22 07:08:00
2203,2.02E+17,2016-07-31 00:00:00,S ,1:10:00,0,0,0,0,P,N,N,11.0,1,NJ 3                                              ,E,3,3.84,2,2.0,2.0,6.0,2.0,1.0,1.0,N,1:10,120-04740,2016-07-31 01:10:00
2204,2014160214-6526                ,2014-06-16 00:00:00,M ,3:09:00,0,1,0,0,I,N,N,1.0,2,NJ 3                                              ,E,3,1.53,2,2.0,1.0,1.0,1.0,5.0,1.0,N,3:10,120-07444,2014-06-16 03:09:00
2205,2013160213-4569                ,2013-04-24 00:00:00,W ,9:40:00,0,1,0,0,I,N,N,15.0,3,NJ 3                                              ,E,3,2.6,2,2.0,1.0,1.0,1.0,1.0,1.0,N,9:40,120-07443,2013-04-24 09:40:00
2208,2.02E+17,2018-03-11 00:00:00,SU,13:18:00,0,0,0,0,P,N,N,1.0,2,NJ 3                                              ,E,3,3.87,2,2.0,1.0,1.0,1.0,1.0,1.0,N,13:20,120-04740,2018-03-11 13:18:00
2209,2014160214-6566                ,2014-06-17 00:00:00,TU,5:27:00,0,1,0,0,I,N,N,1.0,2,NJ 3                                              ,E,3,1.53,2,2.0,1.0,1.0,1.0,5.0,1.0,N,5:25,120-07444,2014-06-17 05:27:00
2211,2013160213-4638                ,2013-04-25 00:00:00,TH,18:16:00,0,0,0,0,P,N,N,1.0,2,NJ 3                                              ,E,3,3.42,2,2.0,1.0,1.0,1.0,1.0,1.0,N,18:15,120-07442,2013-04-25 18:16:00
2212,2014160214-6611                ,2014-06-18 00:00:00,W ,7:28:00,0,0,0,0,P,N,N,11.0,1,NJ 3                                              ,E,3,3.91,2,1.0,1.0,1.0,1.0,1.0,1.0,N,7:30,120-04740,2014-06-18 07:28:00
2214,2014160214-6612                ,2014-06-18 00:00:00,W ,7:28:00,0,1,0,0,I,N,N,1.0,2,NJ 3                                              ,E,3,3.91,2,2.0,1.0,1.0,1.0,1.0,2.0,N,7:30,120-04740,2014-06-18 07:28:00
2215,2.02E+17,2018-03-12 00:00:00,MO,8:31:00,0,2,0,0,I,N,N,1.0,2,NJ 3                                              ,E,3,3.47,2,2.0,1.0,1.0,1.0,1.0,1.0,N,8:30,120N07442,2018-03-12 08:31:00
2216,2013160213-4655                ,2013-04-26 00:00:00,F ,7:37:00,0,0,0,0,P,N,N,1.0,2,NJ 3                                              ,E,3,4.87,2,2.0,1.0,1.0,1.0,1.0,2.0,N,7:35,120-04738,2013-04-26 07:37:00
2218,2.02E+17,2017-05-10 00:00:00,WE,21:59:00,0,0,0,0,P,N,N,1.0,2,NJ 3                                              ,E,3,3.33,2,2.0,1.0,7.0,1.0,1.0,1.0,N,22:00,120-07442,2017-05-10 21:59:00
2219,2014160214-6629                ,2014-06-18 00:00:00,W ,13:13:00,0,0,0,0,P,N,N,11.0,1,NJ 3                                              ,E,3,3.86,2,1.0,1.0,1.0,1.0,1.0,1.0,N,13:15,120-04740,2014-06-18 13:13:00
2220,2.02E+17,2017-05-10 00:00:00,WE,22:55:00,0,1,0,0,I,N,N,11.0,1,NJ 3                                              ,E,3,3.33,2,2.0,1.0,7.0,1.0,1.0,1.0,N,22:55,120-07442,2017-05-10 22:55:00
2222,2013160213-4729                ,2013-04-27 00:00:00,SA,16:29:00,0,0,0,0,P,N,N,2.0,2,NJ 3                                              ,E,3,4.7,2,2.0,1.0,1.0,1.0,5.0,2.0,N,16:30,120N04739,2013-04-27 16:29:00
2224,2.02E+17,2018-03-14 00:00:00,WE,15:47:00,0,0,0,0,P,N,N,1.0,2,NJ 3                                              ,E,3,2.65,2,2.0,1.0,1.0,1.0,4.0,1.0,N,15:45,120-07443,2018-03-14 15:47:00
2225,2.02E+17,2017-05-11 00:00:00,TH,15:40:00,0,0,0,0,P,N,N,1.0,2,NJ 3                                              ,E,3,2.8,2,2.0,1.0,1.0,1.0,4.0,1.0,N,15:40,120-07443,2017-05-11 15:40:00
2228,2015160215-34688               ,2015-07-31 00:00:00,F ,9:36:00,0,0,0,0,P,N,N,15.0,1,NJ 3                                              ,E,3,1.17,2,2.0,1.0,1.0,1.0,1.0,1.0,N,9:35,120N07447,2015-07-31 09:36:00
2229,2.02E+17,2017-05-12 00:00:00,FR,14:57:00,0,0,0,0,P,N,N,1.0,2,NJ 3                                              ,E,3,3.97,2,2.0,1.0,1.0,1.0,1.0,1.0,N,14:55,120-04740,2017-05-12 14:57:00
2230,2013160213-4876                ,2013-05-01 00:00:00,W ,9:08:00,0,0,0,0,P,N,N,1.0,4,NJ 3                                              ,E,3,3.42,2,2.0,1.0,1.0,1.0,1.0,1.0,N,9:10,120-07442,2013-05-01 09:08:00
2231,2014160214-6711                ,2014-06-20 00:00:00,F ,8:26:00,0,0,0,0,P,N,N,1.0,2,NJ 3                                              ,E,3,3.42,2,2.0,1.0,1.0,1.0,1.0,1.0,N,8:25,120-07442,2014-06-20 08:26:00
2232,2.02E+17,2018-03-15 00:00:00,TH,17:46:00,0,2,0,0,I,N,N,1.0,2,NJ 3                                              ,E,3,0.52,2,2.0,1.0,1.0,1.0,1.0,1.0,N,17:45,120N07448,2018-03-15 17:46:00
2233,2.02E+17,2017-05-13 00:00:00,SA,15:04:00,0,1,0,0,I,N,N,11.0,1,NJ 3                                              ,E,3,1.76,2,2.0,2.0,1.0,2.0,1.0,1.0,N,15:05,120-07444,2017-05-13 15:04:00
2234,2.02E+17,2016-08-12 00:00:00,F ,17:48:00,0,1,0,0,I,N,N,1.0,2,NJ 3                                              ,E,3,2.89,2,2.0,1.0,1.0,5.0,1.0,1.0,N,17:50,120-07443,2016-08-12 17:48:00
2235,2.02E+17,2018-03-15 00:00:00,TH,20:23:00,0,1,0,0,I,N,N,11.0,1,NJ 3                                              ,E,3,4.07,2,2.0,1.0,6.0,1.0,4.0,1.0,N,20:25,120N04740,2018-03-15 20:23:00
2238,2014160214-6755                ,2014-06-21 00:00:00,SA,6:59:00,0,0,0,0,P,N,N,2.0,2,NJ 3                                              ,E,3,3.44,2,2.0,1.0,1.0,1.0,1.0,1.0,N,7:00,120N07442,2014-06-21 06:59:00
2241,2.02E+17,2017-05-14 00:00:00,SU,15:50:00,0,1,0,0,I,N,N,1.0,2,NJ 3                                              ,E,3,2.67,2,2.0,1.0,1.0,1.0,1.0,1.0,N,15:50,120-07443,2017-05-14 15:50:00
2242,2014160214-6764                ,2014-06-21 00:00:00,SA,12:13:00,0,0,0,0,P,N,N,11.0,1,NJ 3                                              ,E,3,4.8,2,2.0,1.0,1.0,1.0,1.0,2.0,N,12:15,120-04738,2014-06-21 12:13:00
2243,2013160213-4975                ,2013-05-03 00:00:00,F ,9:05:00,0,0,0,0,P,N,N,2.0,2,NJ 3                                              ,E,3,4.89,2,2.0,1.0,1.0,1.0,1.0,2.0,N,9:05,120-04738,2013-05-03 09:05:00
2245,2.02E+17,2017-05-15 00:00:00,MO,11:34:00,0,1,0,0,I,N,N,1.0,2,NJ 3                                              ,E,3,0.45,2,2.0,1.0,1.0,1.0,5.0,1.0,N,11:35,120N07448,2017-05-15 11:34:00
2246,2.02E+17,2018-03-18 00:00:00,SU,13:14:00,0,0,0,0,P,N,N,1.0,2,NJ 3                                              ,E,3,0.51,2,2.0,1.0,1.0,1.0,5.0,1.0,N,13:15,120N07448,2018-03-18 13:14:00
2248,2015160215-3703                ,2015-01-25 00:00:00,S ,16:04:00,0,0,0,0,P,N,N,1.0,2,NJ 3                                              ,E,3,1.76,2,2.0,1.0,1.0,1.0,1.0,1.0,N,16:05,120-07444,2015-01-25 16:04:00
2251,2.02E+17,2017-05-16 00:00:00,TU,8:51:00,0,0,0,0,P,N,N,1.0,2,NJ 3                                              ,E,3,4.87,2,2.0,1.0,1.0,1.0,1.0,1.0,N,8:50,120-04738,2017-05-16 08:51:00
2254,2.02E+17,2017-05-17 00:00:00,WE,16:13:00,0,0,0,0,P,N,N,1.0,2,NJ 3                                              ,E,3,0.56,2,2.0,1.0,1.0,1.0,1.0,1.0,N,16:15,120N07448,2017-05-17 16:13:00
2255,2.02E+17,2018-03-20 00:00:00,TU,14:07:00,0,0,0,0,P,N,N,2.0,2,NJ 3                                              ,E,3,4.89,2,2.0,1.0,1.0,5.0,5.0,1.0,N,14:05,120-04738,2018-03-20 14:07:00
2256,2.02E+17,2018-03-20 00:00:00,TU,20:18:00,0,0,0,0,P,N,N,1.0,2,NJ 3                                              ,E,3,0.17,2,2.0,1.0,5.0,1.0,4.0,1.0,N,20:20,120-07448,2018-03-20 20:18:00
2257,2015160215-3896                ,2015-01-27 00:00:00,TU,2:47:00,0,1,0,0,I,N,N,11.0,1,NJ 3                                              ,E,3,0.49,2,2.0,3.0,6.0,3.0,1.0,1.0,N,2:45,120N07448,2015-01-27 02:47:00
2258,2.02E+17,2017-05-17 00:00:00,WE,17:27:00,0,2,0,0,I,N,N,1.0,4,NJ 3                                              ,E,3,3.35,2,2.0,1.0,1.0,1.0,1.0,1.0,N,17:25,120-07442,2017-05-17 17:27:00
2260,2015160215-40007               ,2015-09-07 00:00:00,M ,6:36:00,0,0,0,0,P,N,N,1.0,2,NJ 3                                              ,E,3,0.01,2,2.0,1.0,1.0,1.0,1.0,1.0,N,6:35,120-07448,2015-09-07 06:36:00
2262,2014160214-7004                ,2014-06-27 00:00:00,F ,18:26:00,0,0,0,0,P,N,N,1.0,2,NJ 3                                              ,E,3,3.84,2,1.0,1.0,1.0,1.0,1.0,1.0,N,18:25,120-04740,2014-06-27 18:26:00
2263,2.02E+17,2017-05-20 00:00:00,SA,20:16:00,0,0,0,0,P,N,N,11.0,1,NJ 3                                              ,E,3,4.87,2,2.0,1.0,6.0,1.0,1.0,1.0,N,20:15,120-04738,2017-05-20 20:16:00
2265,2015160215-4052                ,2015-01-28 00:00:00,W ,9:20:00,0,2,0,0,I,N,N,1.0,2,NJ 3                                              ,E,3,3.84,2,2.0,1.0,1.0,1.0,1.0,1.0,N,9:20,120-04740,2015-01-28 09:20:00
2266,2014160214-7029                ,2014-06-28 00:00:00,SA,13:56:00,0,0,0,0,P,N,N,2.0,2,NJ 3                                              ,E,3,1.17,2,2.0,1.0,1.0,1.0,1.0,1.0,N,13:55,120N07447,2014-06-28 13:56:00
2267,2.02E+17,2018-03-23 00:00:00,FR,22:09:00,0,0,0,0,P,N,N,11.0,1,NJ 3                                              ,E,3,4.8,2,2.0,1.0,6.0,1.0,1.0,1.0,N,22:10,120-04738,2018-03-23 22:09:00
2268,2.02E+17,2017-05-23 00:00:00,TU,7:52:00,0,0,0,0,P,N,N,1.0,2,NJ 3                                              ,E,3,2.62,2,2.0,1.0,1.0,1.0,5.0,1.0,N,7:50,120-07443,2017-05-23 07:52:00
2271,2.02E+17,2018-03-25 00:00:00,SU,15:12:00,0,0,0,0,P,N,N,1.0,2,NJ 3                                              ,E,3,2.39,2,2.0,1.0,1.0,1.0,1.0,1.0,N,15:10,120-07443,2018-03-25 15:12:00
2272,2013160213-5417                ,2013-05-14 00:00:00,TU,7:05:00,0,1,0,0,I,N,N,1.0,2,NJ 3                                              ,E,3,3.42,2,2.0,1.0,1.0,1.0,1.0,1.0,N,7:05,120-07442,2013-05-14 07:05:00
2273,2014160214-7086                ,2014-06-30 00:00:00,M ,14:05:00,0,0,0,0,P,N,N,2.0,3,NJ 3                                              ,E,3,4.91,2,2.0,1.0,1.0,1.0,1.0,2.0,N,14:05,120-04738,2014-06-30 14:05:00
2275,2.02E+17,2018-03-26 00:00:00,MO,15:01:00,0,1,0,0,I,N,N,1.0,2,NJ 3                                              ,E,3,2.64,2,2.0,1.0,1.0,1.0,4.0,1.0,N,15:00,120-07443,2018-03-26 15:01:00
2277,2.02E+17,2018-03-26 00:00:00,MO,19:08:00,0,0,0,0,P,N,N,99.0,1,NJ 3                                              ,E,3,4.89,2,1.0,1.0,6.0,1.0,1.0,1.0,N,19:10,120-04738,2018-03-26 19:08:00
2279,2.02E+17,2018-03-26 00:00:00,MO,20:23:00,0,0,0,0,P,N,N,1.0,2,NJ 3                                              ,E,3,1.4,2,2.0,1.0,6.0,1.0,1.0,1.0,N,20:25,120-07444,2018-03-26 20:23:00
2282,2.02E+17,2018-03-27 00:00:00,TU,3:52:00,0,2,0,0,I,N,N,2.0,3,NJ 3                                              ,E,3,3.69,2,2.0,1.0,6.0,1.0,1.0,1.0,N,3:50,120-04740,2018-03-27 03:52:00
2283,2015160215-4719                ,2015-02-01 00:00:00,S ,13:56:00,0,2,0,0,I,N,N,1.0,3,NJ 3                                              ,E,3,3.82,2,2.0,1.0,1.0,5.0,1.0,1.0,N,13:55,120-04740,2015-02-01 13:56:00
2285,2.02E+17,2017-05-25 00:00:00,TH,23:30:00,0,0,0,0,P,N,N,1.0,2,NJ 3                                              ,E,3,1.44,2,2.0,2.0,6.0,2.0,1.0,1.0,N,23:30,120-07444,2017-05-25 23:30:00
2287,2014160214-7418                ,2014-07-09 00:00:00,W ,12:45:00,0,0,0,0,P,N,N,2.0,2,NJ 3                                              ,E,3,3.42,2,2.0,1.0,1.0,1.0,1.0,1.0,N,12:45,120-07442,2014-07-09 12:45:00
2291,2013160213-5715                ,2013-05-21 00:00:00,TU,8:28:00,0,0,0,0,P,N,N,1.0,3,NJ 3                                              ,E,3,2.64,2,2.0,1.0,1.0,1.0,1.0,1.0,N,8:30,120-07443,2013-05-21 08:28:00
2292,2014160214-7443                ,2014-07-10 00:00:00,TH,10:33:00,0,0,0,0,P,N,N,2.0,2,NJ 3                                              ,E,3,0.1,2,2.0,1.0,1.0,1.0,3.0,1.0,N,10:35,120-07448,2014-07-10 10:33:00
2293,2.02E+17,2016-09-04 00:00:00,S ,13:50:00,0,1,0,0,I,N,N,1.0,2,NJ 3                                              ,E,3,2.68,2,2.0,1.0,1.0,1.0,5.0,1.0,N,13:50,120-07443,2016-09-04 13:50:00
2294,2.02E+17,2018-03-29 00:00:00,TH,16:22:00,0,0,0,0,P,N,N,1.0,2,NJ 3                                              ,E,3,3.95,2,2.0,2.0,1.0,1.0,1.0,1.0,N,16:20,120-04740,2018-03-29 16:22:00
2300,2013160213-5820                ,2013-05-23 00:00:00,TH,13:09:00,0,5,0,0,I,N,N,1.0,2,NJ 3                                              ,E,3,0.51,2,2.0,2.0,1.0,2.0,5.0,1.0,N,13:10,120N07448,2013-05-23 13:09:00
2301,2013160213-5841                ,2013-05-23 00:00:00,TH,19:13:00,0,0,0,0,P,N,N,2.0,2,NJ 3                                              ,E,3,3.43,2,2.0,2.0,3.0,2.0,1.0,1.0,N,19:15,120N07442,2013-05-23 19:13:00
2302,2015160215-5853                ,2015-02-08 00:00:00,S ,2:04:00,0,0,0,0,P,N,N,11.0,1,NJ 3                                              ,E,3,4.7,2,2.0,1.0,6.0,1.0,1.0,1.0,N,2:05,120N04739,2015-02-08 02:04:00
2303,2014160214-7639                ,2014-07-15 00:00:00,TU,13:35:00,0,0,0,0,P,N,N,1.0,2,NJ 3                                              ,E,3,0.0,2,2.0,1.0,1.0,5.0,5.0,1.0,N,13:35,120-07448,2014-07-15 13:35:00
2304,2.02E+17,2016-09-07 00:00:00,W ,12:03:00,0,0,0,0,P,N,N,1.0,2,NJ 3                                              ,E,3,2.7,2,2.0,1.0,1.0,1.0,5.0,1.0,N,12:05,120-07443,2016-09-07 12:03:00
2305,2014160214-766                 ,2014-01-21 00:00:00,TU,12:00:00,0,0,0,0,P,N,N,1.0,2,NJ 3                                              ,E,3,4.89,2,2.0,3.0,1.0,3.0,1.0,2.0,N,12:00,120-04738,2014-01-21 12:00:00
2308,2.02E+17,2018-04-03 00:00:00,TU,18:23:00,0,0,0,0,P,N,N,1.0,2,NJ 3                                              ,E,3,0.51,2,2.0,2.0,1.0,2.0,2.0,1.0,N,18:25,120N07448,2018-04-03 18:23:00
2309,2.02E+17,2018-04-04 00:00:00,WE,9:00:00,0,1,0,0,I,N,N,1.0,2,NJ 3                                              ,E,3,2.66,2,2.0,2.0,1.0,2.0,1.0,1.0,N,9:00,120-07443,2018-04-04 09:00:00
2311,2.02E+17,2016-09-10 00:00:00,SA,10:56:00,0,0,0,0,P,N,N,2.0,2,NJ 3                                              ,E,3,0.0,2,2.0,1.0,1.0,1.0,2.0,1.0,N,10:55,120-07448,2016-09-10 10:56:00