,CRASH_ID,DATE,DAY,TIME,KILLED,INJURED,PED_KILL,PED_INJ,SEVERITY,ALCOHOL,HAZMAT,CRASH_TYPE,VEH_COUNT,LOCATION,LOC_DIR,ROUTE,MP,RD_SYS,RD_SURF,SURF_COND,LIGHT,WEATHER,RD_DIV,RD_WRKZN,CELL_USE,TIME_ROUND,TMC,timestamp
2312,2.02E+17,2017-06-02 00:00:00,FR,23:54:00,0,0,0,0,P,N,N,12.0,1,NJ 3                                              ,E,3,0.0,2,2.0,1.0,7.0,1.0,1.0,1.0,N,23:55,120-07448,2017-06-02 23:54:00
2313,2015160215-633                 ,2015-01-06 00:00:00,TU,9:36:00,0,1,0,0,I,N,N,11.0,1,NJ 3                                              ,E,3,3.95,2,2.0,3.0,1.0,3.0,1.0,1.0,N,9:35,120-04740,2015-01-06 09:36:00
2314,2.02E+17,2018-04-04 00:00:00,WE,13:08:00,0,0,0,0,P,N,N,2.0,2,NJ 3                                              ,E,3,4.8,2,2.0,2.0,1.0,2.0,1.0,1.0,N,13:10,120-04738,2018-04-04 13:08:00
2315,2015160215-6683                ,2015-02-13 00:00:00,F ,12:16:00,0,0,0,0,P,N,N,2.0,2,NJ 3                                              ,E,3,2.64,2,2.0,1.0,1.0,1.0,1.0,1.0,N,12:15,120-07443,2015-02-13 12:16:00
2318,2014160214-78                  ,2014-01-03 00:00:00,F ,14:08:00,0,0,0,0,P,N,N,11.0,1,NJ 3                                              ,E,3,0.51,2,2.0,3.0,1.0,1.0,1.0,1.0,N,14:10,120N07448,2014-01-03 14:08:00
2319,2013160213-5976                ,2013-05-26 00:00:00,S ,23:32:00,1,1,0,0,F,N,N,4.0,2,NJ 3                                              ,E,3,2.68,2,2.0,1.0,6.0,1.0,1.0,1.0,N,23:30,120-07443,2013-05-26 23:32:00
2320,2.02E+17,2018-04-06 00:00:00,FR,22:02:00,0,1,0,0,I,N,N,99.0,1,NJ 3                                              ,E,3,4.89,2,2.0,1.0,6.0,1.0,1.0,1.0,N,22:00,120-04738,2018-04-06 22:02:00
2321,2015160215-7188                ,2015-02-16 00:00:00,M ,15:52:00,0,0,0,0,P,N,N,1.0,2,NJ 3                                              ,E,3,4.12,2,2.0,1.0,1.0,1.0,1.0,1.0,N,15:50,120N04740,2015-02-16 15:52:00
2322,2.02E+17,2017-06-06 00:00:00,TU,8:56:00,0,1,0,0,I,N,N,1.0,3,NJ 3                                              ,E,3,1.32,2,2.0,2.0,1.0,5.0,5.0,1.0,N,8:55,120-07446,2017-06-06 08:56:00
2323,2014160214-7913                ,2014-07-23 00:00:00,W ,6:41:00,0,0,0,0,P,N,N,2.0,2,NJ 3                                              ,E,3,4.81,2,2.0,1.0,1.0,1.0,1.0,2.0,N,6:40,120-04738,2014-07-23 06:41:00
2324,2.02E+17,2016-09-14 00:00:00,W ,8:43:00,0,1,0,0,I,N,N,1.0,2,NJ 3                                              ,E,3,1.53,2,2.0,1.0,1.0,1.0,1.0,1.0,N,8:45,120-07444,2016-09-14 08:43:00
2325,2.02E+17,2016-09-14 00:00:00,W ,8:52:00,0,0,0,0,P,N,N,1.0,2,NJ 3                                              ,E,3,2.45,2,2.0,1.0,1.0,1.0,1.0,1.0,N,8:50,120-07443,2016-09-14 08:52:00
2326,2013160213-6074                ,2013-05-29 00:00:00,W ,7:53:00,0,0,0,0,P,N,N,1.0,2,NJ 3                                              ,E,3,2.58,2,2.0,2.0,1.0,2.0,1.0,1.0,N,7:55,120-07443,2013-05-29 07:53:00
2327,2014160214-7919                ,2014-07-23 00:00:00,W ,12:37:00,0,0,0,0,P,N,N,11.0,1,NJ 3                                              ,E,3,3.46,2,2.0,1.0,1.0,1.0,1.0,1.0,N,12:35,120N07442,2014-07-23 12:37:00
2329,2014160214-7953                ,2014-07-24 00:00:00,TH,13:00:00,0,0,0,0,P,N,N,1.0,2,NJ 3                                              ,E,3,3.82,2,2.0,1.0,1.0,1.0,1.0,1.0,N,13:00,120-04740,2014-07-24 13:00:00
2330,2.02E+17,2017-06-07 00:00:00,WE,12:43:00,0,0,0,0,P,N,N,1.0,2,NJ 3                                              ,E,3,2.66,2,2.0,1.0,1.0,5.0,5.0,1.0,N,12:45,120-07443,2017-06-07 12:43:00
2331,2014160214-7963                ,2014-07-24 00:00:00,TH,16:54:00,0,0,0,0,P,N,N,1.0,2,NJ 3                                              ,E,3,4.89,2,2.0,1.0,1.0,1.0,1.0,1.0,N,16:55,120-04738,2014-07-24 16:54:00
2332,2.02E+17,2018-04-10 00:00:00,TU,16:29:00,0,0,0,0,P,N,N,9.0,3,NJ 3                                              ,E,3,1.44,2,2.0,1.0,1.0,1.0,1.0,1.0,N,16:30,120-07444,2018-04-10 16:29:00
2333,2013160213-6114                ,2013-05-30 00:00:00,TH,9:06:00,0,0,0,0,P,N,N,1.0,2,NJ 3                                              ,E,3,4.81,2,2.0,1.0,1.0,1.0,1.0,2.0,N,9:05,120-04738,2013-05-30 09:06:00
2334,2014160214-7985                ,2014-07-24 00:00:00,TH,22:44:00,0,1,0,0,I,N,N,1.0,2,NJ 3                                              ,E,3,1.44,2,2.0,1.0,6.0,1.0,1.0,2.0,N,22:45,120-07444,2014-07-24 22:44:00
2336,2.02E+17,2017-06-09 00:00:00,FR,13:23:00,0,0,0,0,P,N,N,1.0,2,NJ 3                                              ,E,3,0.54,2,2.0,1.0,1.0,1.0,5.0,1.0,N,13:25,120N07448,2017-06-09 13:23:00
2337,2.02E+17,2018-04-11 00:00:00,WE,8:18:00,0,0,0,0,P,N,N,1.0,3,NJ 3                                              ,E,3,4.75,2,2.0,1.0,1.0,1.0,1.0,1.0,N,8:20,120-04738,2018-04-11 08:18:00
2340,2015160215-8093                ,2015-02-22 00:00:00,S ,11:52:00,0,3,0,0,I,N,N,2.0,4,NJ 3                                              ,E,3,0.0,2,2.0,2.0,1.0,1.0,1.0,1.0,N,11:50,120-07448,2015-02-22 11:52:00
2341,2.02E+17,2017-06-10 00:00:00,SA,19:14:00,0,3,0,0,I,N,N,1.0,2,NJ 3                                              ,E,3,3.23,2,2.0,1.0,1.0,1.0,1.0,1.0,N,19:15,120-07442,2017-06-10 19:14:00
2343,2014160214-8108                ,2014-07-28 00:00:00,M ,9:33:00,0,1,0,0,I,N,N,1.0,2,NJ 3                                              ,E,3,0.51,2,2.0,1.0,1.0,1.0,5.0,1.0,N,9:35,120N07448,2014-07-28 09:33:00
2344,2.02E+17,2016-09-19 00:00:00,M ,8:38:00,0,0,0,0,P,N,N,1.0,2,NJ 3                                              ,E,3,2.66,2,2.0,2.0,1.0,2.0,1.0,1.0,N,8:40,120-07443,2016-09-19 08:38:00
2346,2013160213-6278                ,2013-06-03 00:00:00,M ,8:44:00,0,0,0,0,P,N,N,1.0,2,NJ 3                                              ,E,3,2.64,2,2.0,2.0,1.0,2.0,1.0,1.0,N,8:45,120-07443,2013-06-03 08:44:00
2349,2013160213-630                 ,2013-01-17 00:00:00,TH,7:01:00,0,0,0,0,P,N,N,1.0,2,NJ 3                                              ,E,3,4.89,2,2.0,1.0,2.0,1.0,1.0,2.0,N,7:00,120-04738,2013-01-17 07:01:00
2350,2.02E+17,2018-04-13 00:00:00,FR,23:22:00,0,0,0,0,P,N,N,2.0,2,NJ 3                                              ,E,3,2.63,2,1.0,1.0,6.0,1.0,1.0,1.0,N,23:20,120-07443,2018-04-13 23:22:00
2351,2014160214-8210                ,2014-07-31 00:00:00,TH,9:16:00,0,0,0,0,P,N,N,2.0,2,NJ 3                                              ,E,3,4.85,2,2.0,1.0,1.0,1.0,1.0,2.0,N,9:15,120-04738,2014-07-31 09:16:00
2353,2.02E+17,2017-06-13 00:00:00,TU,16:10:00,0,0,0,0,P,N,N,2.0,3,NJ 3                                              ,E,3,2.45,2,2.0,1.0,1.0,1.0,1.0,1.0,N,16:10,120-07443,2017-06-13 16:10:00
2354,2013160213-6316                ,2013-06-04 00:00:00,TU,7:30:00,0,0,0,0,P,N,N,1.0,2,NJ 3                                              ,E,3,3.84,2,2.0,1.0,1.0,1.0,5.0,1.0,N,7:30,120-04740,2013-06-04 07:30:00
2358,2.02E+14,2015-04-27 00:00:00,M ,7:58:00,0,0,0,0,P,N,N,2.0,2,NJ 3                                              ,E,3,4.9,2,2.0,1.0,1.0,1.0,1.0,1.0,N,8:00,120-04738,2015-04-27 07:58:00
2360,2.02E+13,2015-02-01 00:00:00,S ,16:10:00,0,0,0,0,P,N,N,1.0,2,NJ 3                                              ,E,3,1.83,2,2.0,1.0,1.0,1.0,1.0,1.0,N,16:10,120-07444,2015-02-01 16:10:00
2362,2014160214-839                 ,2014-01-23 00:00:00,TH,8:15:00,0,1,0,0,I,N,N,1.0,2,NJ 3                                              ,E,3,4.89,2,2.0,3.0,1.0,1.0,1.0,2.0,N,8:15,120-04738,2014-01-23 08:15:00
2363,2.02E+17,2017-06-19 00:00:00,MO,8:26:00,0,0,0,0,P,N,N,1.0,2,NJ 3                                              ,E,3,2.8,2,2.0,1.0,1.0,1.0,1.0,1.0,N,8:25,120-07443,2017-06-19 08:26:00
2364,2013160213-6349                ,2013-06-05 00:00:00,W ,8:41:00,0,0,0,0,P,N,N,2.0,3,NJ 3                                              ,E,3,3.82,2,2.0,1.0,1.0,1.0,1.0,1.0,N,8:40,120-04740,2013-06-05 08:41:00
2365,2.02E+17,2017-06-19 00:00:00,MO,18:23:00,0,0,0,0,P,N,N,1.0,2,NJ 3                                              ,E,3,1.79,2,2.0,2.0,1.0,2.0,1.0,1.0,N,18:25,120-07444,2017-06-19 18:23:00
2366,2.02E+17,2016-09-29 00:00:00,TH,8:26:00,0,0,0,0,P,N,N,1.0,2,NJ 3                                              ,E,3,4.8,2,2.0,2.0,1.0,2.0,1.0,1.0,N,8:25,120-04738,2016-09-29 08:26:00
2367,2013160213-6397                ,2013-06-06 00:00:00,TH,10:46:00,0,0,0,0,P,N,N,1.0,3,NJ 3                                              ,E,3,4.87,2,2.0,1.0,1.0,1.0,1.0,2.0,N,10:45,120-04738,2013-06-06 10:46:00
2370,2.02E+17,2017-06-20 00:00:00,TU,8:59:00,0,0,0,0,P,N,N,1.0,2,NJ 3                                              ,E,3,3.33,2,2.0,1.0,1.0,1.0,1.0,1.0,N,9:00,120-07442,2017-06-20 08:59:00
2371,2014160214-8438                ,2014-08-06 00:00:00,W ,7:47:00,0,0,0,0,P,N,N,1.0,2,NJ 3                                              ,E,3,4.89,2,2.0,1.0,1.0,1.0,1.0,2.0,N,7:45,120-04738,2014-08-06 07:47:00
2372,2013160213-6405                ,2013-06-06 00:00:00,TH,13:35:00,0,0,0,0,P,N,N,2.0,2,NJ 3                                              ,E,3,1.83,2,2.0,1.0,1.0,1.0,5.0,1.0,N,13:35,120-07444,2013-06-06 13:35:00
2373,2014160214-8488                ,2014-08-07 00:00:00,TH,10:53:00,0,0,0,0,P,N,N,15.0,2,NJ 3                                              ,E,3,1.44,2,2.0,1.0,1.0,1.0,1.0,1.0,N,10:55,120-07444,2014-08-07 10:53:00
2377,2.02E+17,2018-04-17 00:00:00,TU,13:17:00,0,0,0,0,P,N,N,1.0,2,NJ 3                                              ,E,3,1.2,2,2.0,1.0,1.0,1.0,2.0,2.0,N,13:15,120N07447,2018-04-17 13:17:00
2380,2.02E+17,2017-06-21 00:00:00,WE,17:16:00,0,0,0,0,P,N,N,1.0,2,NJ 3                                              ,E,3,2.62,2,2.0,1.0,1.0,1.0,1.0,1.0,N,17:15,120-07443,2017-06-21 17:16:00
2381,2.02E+17,2018-04-18 00:00:00,WE,17:01:00,0,1,0,0,I,N,N,1.0,2,NJ 3                                              ,E,3,3.24,2,2.0,1.0,1.0,1.0,1.0,1.0,N,17:00,120-07442,2018-04-18 17:01:00
2383,2.02E+17,2018-04-19 00:00:00,TH,6:27:00,0,0,0,0,P,N,N,1.0,3,NJ 3                                              ,E,3,2.92,2,2.0,2.0,1.0,2.0,1.0,1.0,N,6:25,120-07443,2018-04-19 06:27:00
2385,2013160213-6513                ,2013-06-09 00:00:00,S ,9:00:00,0,0,0,0,P,N,N,12.0,1,NJ 3                                              ,E,3,0.0,2,2.0,1.0,1.0,1.0,1.0,1.0,N,9:00,120-07448,2013-06-09 09:00:00
2386,2.02E+17,2018-04-19 00:00:00,TH,20:23:00,0,0,0,0,P,N,N,1.0,2,NJ 3                                              ,E,3,0.02,2,2.0,1.0,6.0,1.0,3.0,1.0,N,20:25,120-07448,2018-04-19 20:23:00
2388,2.02E+17,2018-04-20 00:00:00,FR,8:08:00,0,0,0,0,P,N,N,1.0,2,NJ 3                                              ,E,3,0.51,2,2.0,1.0,1.0,1.0,1.0,1.0,N,8:10,120N07448,2018-04-20 08:08:00
2393,2.02E+17,2017-06-24 00:00:00,SA,5:39:00,0,0,0,0,P,N,N,11.0,1,NJ 3                                              ,E,3,3.23,2,2.0,2.0,1.0,2.0,1.0,1.0,N,5:40,120-07442,2017-06-24 05:39:00
2397,2.02E+17,2016-10-03 00:00:00,M ,8:39:00,0,1,0,0,I,N,N,15.0,1,NJ 3                                              ,E,3,1.44,2,2.0,1.0,1.0,1.0,1.0,1.0,N,8:40,120-07444,2016-10-03 08:39:00
2399,2.02E+17,2018-04-22 00:00:00,SU,4:38:00,0,2,0,0,I,N,N,6.0,2,NJ 3                                              ,E,3,1.84,2,2.0,1.0,6.0,1.0,2.0,1.0,N,4:40,120-07444,2018-04-22 04:38:00
2400,2.02E+17,2017-06-25 00:00:00,SU,13:46:00,0,1,0,0,I,N,N,6.0,2,NJ 3                                              ,E,3,3.23,2,2.0,1.0,1.0,1.0,5.0,1.0,N,13:45,120-07442,2017-06-25 13:46:00
2401,2014160214-8840                ,2014-08-17 00:00:00,S ,16:06:00,0,0,0,0,P,N,N,1.0,3,NJ 3                                              ,E,3,3.78,2,2.0,1.0,1.0,1.0,1.0,1.0,N,16:05,120-04740,2014-08-17 16:06:00
2403,2.02E+17,2018-04-22 00:00:00,SU,5:00:00,0,0,0,0,P,N,N,2.0,2,NJ 3                                              ,E,3,1.78,2,2.0,1.0,6.0,1.0,1.0,1.0,N,5:00,120-07444,2018-04-22 05:00:00
2404,2.02E+17,2017-06-27 00:00:00,TU,13:32:00,0,0,0,0,P,N,N,1.0,2,NJ 3                                              ,E,3,4.29,2,2.0,1.0,1.0,1.0,1.0,1.0,N,13:30,120N04740,2017-06-27 13:32:00
2406,2.02E+17,2016-10-05 00:00:00,W ,19:45:00,0,1,0,0,I,N,N,1.0,2,NJ 3                                              ,E,3,2.39,2,2.0,1.0,7.0,1.0,1.0,1.0,N,19:45,120-07443,2016-10-05 19:45:00
2407,2.02E+17,2017-06-27 00:00:00,TU,14:50:00,0,0,0,0,P,N,N,1.0,2,NJ 3                                              ,E,3,3.33,2,2.0,1.0,1.0,1.0,5.0,1.0,N,14:50,120-07442,2017-06-27 14:50:00
2408,2013160213-6652                ,2013-06-12 00:00:00,W ,16:15:00,0,0,0,0,P,N,N,1.0,2,NJ 3                                              ,E,3,1.44,2,2.0,1.0,1.0,1.0,1.0,1.0,N,16:15,120-07444,2013-06-12 16:15:00
2409,2013160213-666                 ,2013-01-18 00:00:00,F ,7:15:00,0,0,0,0,P,N,N,1.0,2,NJ 3                                              ,E,3,2.7,2,2.0,1.0,2.0,1.0,1.0,1.0,N,7:15,120-07443,2013-01-18 07:15:00
2410,2.02E+17,2017-06-27 00:00:00,TU,14:51:00,0,0,0,0,P,N,N,1.0,2,NJ 3                                              ,E,3,2.73,2,2.0,1.0,1.0,1.0,1.0,1.0,N,14:50,120-07443,2017-06-27 14:51:00
2411,2.02E+17,2016-10-06 00:00:00,TH,8:25:00,0,0,0,0,P,N,N,1.0,4,NJ 3                                              ,E,3,4.7,2,2.0,1.0,1.0,1.0,1.0,1.0,N,8:25,120N04739,2016-10-06 08:25:00
2412,2013160213-667                 ,2013-01-18 00:00:00,F ,7:36:00,0,0,0,0,P,N,N,1.0,3,NJ 3                                              ,E,3,4.8,2,2.0,1.0,2.0,1.0,1.0,2.0,N,7:35,120-04738,2013-01-18 07:36:00
2414,2.02E+17,2017-06-29 00:00:00,TH,5:55:00,0,1,0,0,I,N,N,1.0,3,NJ 3                                              ,E,3,3.82,2,2.0,1.0,1.0,1.0,1.0,1.0,N,5:55,120-04740,2017-06-29 05:55:00
2415,2.02E+17,2017-06-29 00:00:00,TH,6:37:00,0,0,0,0,P,N,N,1.0,2,NJ 3                                              ,E,3,3.17,2,2.0,1.0,1.0,1.0,1.0,1.0,N,6:35,120-07442,2017-06-29 06:37:00
2416,2014160214-8977                ,2014-08-21 00:00:00,TH,14:37:00,0,0,0,0,P,N,N,2.0,2,NJ 3                                              ,E,3,1.53,2,2.0,1.0,1.0,1.0,5.0,1.0,N,14:35,120-07444,2014-08-21 14:37:00
2418,2.02E+17,2017-06-29 00:00:00,TH,11:50:00,0,0,0,0,P,N,N,11.0,1,NJ 3                                              ,E,3,1.27,2,2.0,1.0,1.0,1.0,2.0,1.0,N,11:50,120N07447,2017-06-29 11:50:00
2419,2.02E+17,2018-04-26 00:00:00,TH,8:21:00,0,0,0,0,P,N,N,1.0,2,NJ 3                                              ,E,3,1.85,2,2.0,1.0,1.0,1.0,5.0,1.0,N,8:20,120-07444,2018-04-26 08:21:00
2421,2.02E+17,2018-04-26 00:00:00,TH,8:55:00,0,0,0,0,P,N,N,1.0,2,NJ 3                                              ,E,3,2.59,2,2.0,1.0,1.0,1.0,1.0,1.0,N,8:55,120-07443,2018-04-26 08:55:00
2423,2.02E+17,2016-10-12 00:00:00,W ,9:49:00,0,0,0,0,P,N,N,1.0,2,NJ 3                                              ,E,3,0.01,2,2.0,1.0,1.0,1.0,5.0,1.0,N,9:50,120-07448,2016-10-12 09:49:00
2425,2.02E+17,2017-06-29 00:00:00,TH,18:10:00,0,0,0,0,P,N,N,1.0,2,NJ 3                                              ,E,3,0.0,2,2.0,1.0,1.0,1.0,2.0,1.0,N,18:10,120-07448,2017-06-29 18:10:00
2427,2.02E+17,2017-06-30 00:00:00,FR,12:01:00,0,0,0,0,P,N,N,1.0,2,NJ 3                                              ,E,3,4.89,2,2.0,1.0,1.0,1.0,1.0,1.0,N,12:00,120-04738,2017-06-30 12:01:00
2430,2.02E+17,2018-04-27 00:00:00,FR,12:25:00,0,0,0,0,P,N,N,11.0,1,NJ 3                                              ,E,3,1.57,2,2.0,2.0,1.0,5.0,1.0,1.0,N,12:25,120-07444,2018-04-27 12:25:00
2432,2013160213-6920                ,2013-06-19 00:00:00,W ,2:46:00,0,1,0,0,I,N,N,2.0,2,NJ 3                                              ,E,3,4.01,2,2.0,2.0,6.0,1.0,1.0,2.0,N,2:45,120N04740,2013-06-19 02:46:00
2433,2.02E+17,2017-07-01 00:00:00,SA,11:27:00,0,0,0,0,P,N,N,2.0,2,NJ 3                                              ,E,3,4.7,2,2.0,1.0,1.0,1.0,5.0,1.0,N,11:25,120N04739,2017-07-01 11:27:00
2435,2.02E+17,2015-07-22 00:00:00,W ,17:18:00,0,0,0,0,P,N,N,1.0,2,NJ 3                                              ,E,3,1.64,2,2.0,1.0,1.0,1.0,1.0,1.0,N,17:20,120-07444,2015-07-22 17:18:00
2436,2.02E+17,2016-10-16 00:00:00,S ,3:07:00,0,2,0,0,I,N,N,11.0,1,NJ 3                                              ,E,3,3.84,2,2.0,1.0,6.0,1.0,1.0,1.0,N,3:05,120-04740,2016-10-16 03:07:00
2438,2013160213-6923                ,2013-06-19 00:00:00,W ,7:21:00,0,0,0,0,P,N,N,2.0,2,NJ 3                                              ,E,3,4.8,2,2.0,1.0,1.0,1.0,5.0,1.0,N,7:20,120-04738,2013-06-19 07:21:00
2439,2.02E+17,2017-07-02 00:00:00,SU,14:05:00,0,2,0,0,I,N,N,2.0,2,NJ 3                                              ,E,3,0.02,2,2.0,1.0,1.0,1.0,1.0,1.0,N,14:05,120-07448,2017-07-02 14:05:00
2440,2013160213-6925                ,2013-06-19 00:00:00,W ,11:14:00,0,1,0,0,I,N,N,1.0,3,NJ 3                                              ,E,3,4.5,2,2.0,1.0,1.0,1.0,2.0,1.0,N,11:15,120N04739,2013-06-19 11:14:00
2441,2013160213-6937                ,2013-06-19 00:00:00,W ,16:22:00,0,0,0,0,P,N,N,1.0,2,NJ 3                                              ,E,3,4.7,2,2.0,1.0,1.0,1.0,1.0,2.0,N,16:20,120N04739,2013-06-19 16:22:00
2444,2.02E+17,2018-04-29 00:00:00,SU,19:43:00,0,0,0,0,P,N,N,2.0,2,NJ 3                                              ,E,3,0.17,2,2.0,1.0,3.0,1.0,1.0,1.0,N,19:45,120-07448,2018-04-29 19:43:00
2445,2.02E+17,2015-07-23 00:00:00,TH,17:40:00,0,0,0,0,P,N,N,1.0,2,NJ 3                                              ,E,3,2.39,2,2.0,1.0,1.0,1.0,1.0,1.0,N,17:40,120-07443,2015-07-23 17:40:00
2446,2013160213-6948                ,2013-06-19 00:00:00,W ,19:16:00,0,0,0,0,P,N,N,1.0,2,NJ 3                                              ,E,3,4.7,2,2.0,1.0,1.0,1.0,1.0,2.0,N,19:15,120N04739,2013-06-19 19:16:00
2447,2.02E+17,2015-07-23 00:00:00,TH,17:42:00,0,0,0,0,P,N,N,2.0,3,NJ 3                                              ,E,3,2.39,2,2.0,1.0,1.0,1.0,1.0,1.0,N,17:40,120-07443,2015-07-23 17:42:00
2448,2.02E+17,2018-04-30 00:00:00,MO,7:52:00,0,0,0,0,P,N,N,2.0,2,NJ 3                                              ,E,3,4.89,2,2.0,1.0,1.0,1.0,5.0,1.0,N,7:50,120-04738,2018-04-30 07:52:00
2449,2.02E+17,2018-05-02 00:00:00,WE,18:30:00,0,0,0,0,P,N,N,1.0,3,NJ 3                                              ,E,3,3.04,2,2.0,1.0,1.0,1.0,1.0,1.0,N,18:30,120N07443,2018-05-02 18:30:00
2451,2.02E+17,2017-07-07 00:00:00,FR,20:52:00,0,0,0,0,P,N,N,1.0,2,NJ 3                                              ,E,3,3.33,2,2.0,2.0,6.0,5.0,1.0,1.0,N,20:50,120-07442,2017-07-07 20:52:00
2452,2.02E+17,2018-05-04 00:00:00,FR,17:18:00,0,0,0,0,P,N,N,1.0,3,NJ 3                                              ,E,3,2.84,2,2.0,1.0,1.0,1.0,1.0,1.0,N,17:20,120-07443,2018-05-04 17:18:00
2453,2.02E+17,2015-07-30 00:00:00,TH,17:28:00,0,1,0,0,I,N,N,11.0,1,NJ 3                                              ,E,3,2.92,2,2.0,2.0,1.0,2.0,1.0,1.0,N,17:30,120-07443,2015-07-30 17:28:00
2454,2014160214-9523                ,2014-09-06 00:00:00,SA,14:28:00,0,1,0,0,I,N,N,11.0,1,NJ 3                                              ,E,3,3.97,2,2.0,1.0,1.0,1.0,1.0,2.0,N,14:30,120-04740,2014-09-06 14:28:00
2455,2.02E+17,2018-05-04 00:00:00,FR,21:42:00,0,0,0,0,P,N,N,2.0,2,NJ 3                                              ,E,3,1.79,2,2.0,1.0,6.0,1.0,1.0,1.0,N,21:40,120-07444,2018-05-04 21:42:00
2457,2.02E+17,2017-07-12 00:00:00,WE,17:26:00,0,0,0,0,P,N,N,1.0,2,NJ 3                                              ,E,3,2.45,2,2.0,1.0,1.0,1.0,1.0,1.0,N,17:25,120-07443,2017-07-12 17:26:00
2458,2014160214-9592                ,2014-09-08 00:00:00,M ,17:10:00,0,1,0,0,I,N,N,11.0,1,NJ 3                                              ,E,3,2.56,2,2.0,1.0,1.0,1.0,1.0,1.0,N,17:10,120-07443,2014-09-08 17:10:00
2459,2.02E+17,2018-05-06 00:00:00,SU,15:21:00,0,0,0,0,P,N,N,1.0,2,NJ 3                                              ,E,3,4.2,2,2.0,1.0,1.0,1.0,1.0,1.0,N,15:20,120N04740,2018-05-06 15:21:00
2460,2.02E+17,2018-05-07 00:00:00,MO,14:40:00,0,0,0,0,P,N,N,1.0,2,NJ 3                                              ,E,3,0.51,2,2.0,1.0,1.0,1.0,1.0,1.0,N,14:40,120N07448,2018-05-07 14:40:00
2461,2.02E+17,2017-07-14 00:00:00,FR,16:31:00,0,0,0,0,P,N,N,1.0,2,NJ 3                                              ,E,3,2.92,2,2.0,2.0,1.0,2.0,1.0,1.0,N,16:30,120-07443,2017-07-14 16:31:00
2465,2.02E+17,2017-07-15 00:00:00,SA,14:46:00,0,0,0,0,P,N,N,2.0,2,NJ 3                                              ,E,3,0.32,2,2.0,1.0,1.0,1.0,1.0,1.0,N,14:45,120-07448,2017-07-15 14:46:00
2468,2.02E+17,2016-10-22 00:00:00,SA,11:09:00,0,0,0,0,P,N,N,2.0,2,NJ 3                                              ,E,3,1.26,2,2.0,2.0,1.0,2.0,1.0,1.0,N,11:10,120N07447,2016-10-22 11:09:00
2469,2.02E+17,2018-05-08 00:00:00,TU,12:59:00,0,0,0,0,P,N,N,11.0,1,NJ 3                                              ,E,3,3.42,2,2.0,1.0,1.0,1.0,1.0,1.0,N,13:00,120-07442,2018-05-08 12:59:00
2470,2013160213-7213                ,2013-06-26 00:00:00,W ,5:38:00,0,0,0,0,P,N,N,1.0,2,NJ 3                                              ,E,3,4.8,2,2.0,1.0,1.0,1.0,1.0,2.0,N,5:40,120-04738,2013-06-26 05:38:00
2473,2013160213-7233                ,2013-06-26 00:00:00,W ,14:06:00,0,0,0,0,P,N,N,11.0,1,NJ 3                                              ,E,3,2.26,2,2.0,1.0,1.0,5.0,5.0,1.0,N,14:05,120N07444,2013-06-26 14:06:00
2474,2.02E+17,2017-07-17 00:00:00,MO,16:14:00,0,1,0,0,I,N,N,11.0,1,NJ 3                                              ,E,3,0.6,2,2.0,1.0,1.0,1.0,1.0,1.0,N,16:15,120N07448,2017-07-17 16:14:00
2475,2.02E+17,2016-10-24 00:00:00,M ,3:05:00,0,0,0,0,P,N,N,12.0,1,NJ 3                                              ,E,3,3.39,2,2.0,1.0,6.0,1.0,1.0,1.0,N,3:05,120-07442,2016-10-24 03:05:00
2477,2.02E+17,2016-10-24 00:00:00,M ,9:01:00,0,0,0,0,P,N,N,1.0,2,NJ 3                                              ,E,3,2.66,2,2.0,1.0,1.0,1.0,1.0,1.0,N,9:00,120-07443,2016-10-24 09:01:00
2479,2.02E+17,2018-05-08 00:00:00,TU,19:08:00,0,1,0,0,I,N,N,11.0,1,NJ 3                                              ,E,3,0.52,2,2.0,1.0,3.0,1.0,1.0,1.0,N,19:10,120N07448,2018-05-08 19:08:00
2480,2013160213-7283                ,2013-06-27 00:00:00,TH,21:16:00,0,0,0,0,P,N,N,11.0,1,NJ 3                                              ,E,3,1.84,2,2.0,2.0,6.0,2.0,1.0,1.0,N,21:15,120-07444,2013-06-27 21:16:00
2482,2.02E+17,2018-05-09 00:00:00,WE,14:16:00,0,0,0,0,P,N,N,2.0,2,NJ 3                                              ,E,3,1.18,2,2.0,1.0,1.0,1.0,1.0,1.0,N,14:15,120N07447,2018-05-09 14:16:00
2483,2013160213-7327                ,2013-06-29 00:00:00,SA,11:08:00,0,1,0,0,I,N,N,1.0,2,NJ 3                                              ,E,3,4.7,2,2.0,1.0,1.0,1.0,1.0,2.0,N,11:10,120N04739,2013-06-29 11:08:00
2484,2.02E+17,2015-08-15 00:00:00,SA,7:35:00,0,0,0,0,P,N,N,2.0,2,NJ 3                                              ,E,3,4.83,2,2.0,1.0,1.0,1.0,1.0,1.0,N,7:35,120-04738,2015-08-15 07:35:00
2487,2013160213-7370                ,2013-06-30 00:00:00,S ,10:54:00,0,0,0,0,P,N,N,11.0,1,NJ 3                                              ,E,3,0.32,2,2.0,1.0,1.0,1.0,5.0,1.0,N,10:55,120-07448,2013-06-30 10:54:00
2490,2.02E+17,2015-08-16 00:00:00,S ,2:21:00,0,0,0,0,P,N,N,11.0,1,NJ 3                                              ,E,3,1.2,2,2.0,1.0,6.0,1.0,1.0,1.0,N,2:20,120N07447,2015-08-16 02:21:00
2492,2.02E+17,2018-05-11 00:00:00,FR,18:48:00,0,1,0,0,I,N,N,1.0,2,NJ 3                                              ,E,3,4.83,2,2.0,1.0,1.0,1.0,1.0,1.0,N,18:50,120-04738,2018-05-11 18:48:00
2493,2.02E+17,2018-05-11 00:00:00,FR,19:42:00,0,1,0,0,I,N,N,1.0,2,NJ 3                                              ,E,3,4.8,2,2.0,1.0,1.0,1.0,1.0,1.0,N,19:40,120-04738,2018-05-11 19:42:00