,CRASH_ID,DATE,DAY,TIME,KILLED,INJURED,PED_KILL,PED_INJ,SEVERITY,ALCOHOL,HAZMAT,CRASH_TYPE,VEH_COUNT,LOCATION,LOC_DIR,ROUTE,MP,RD_SYS,RD_SURF,SURF_COND,LIGHT,WEATHER,RD_DIV,RD_WRKZN,CELL_USE,TIME_ROUND,TMC,timestamp
2494,2.02E+17,2017-07-23 00:00:00,SU,17:02:00,0,1,0,0,I,N,N,2.0,3,NJ 3                                              ,E,3,3.77,2,2.0,1.0,1.0,5.0,1.0,1.0,N,17:00,120-04740,2017-07-23 17:02:00
2495,2.02E+17,2015-08-18 00:00:00,TU,16:59:00,0,0,0,0,P,N,N,1.0,3,NJ 3                                              ,E,3,0.0,2,2.0,1.0,1.0,1.0,2.0,1.0,N,17:00,120-07448,2015-08-18 16:59:00
2497,2.02E+17,2017-07-24 00:00:00,MO,9:29:00,0,1,0,0,I,N,N,1.0,2,NJ 3                                              ,E,3,2.83,2,2.0,2.0,1.0,2.0,5.0,1.0,N,9:30,120-07443,2017-07-24 09:29:00
2498,2.02E+17,2018-05-18 00:00:00,FR,22:24:00,0,1,0,0,I,N,N,2.0,2,NJ 3                                              ,E,3,4.85,2,2.0,1.0,6.0,1.0,1.0,1.0,N,22:25,120-04738,2018-05-18 22:24:00
2499,2.02E+17,2018-05-19 00:00:00,SA,9:23:00,0,1,0,0,I,N,N,1.0,2,NJ 3                                              ,E,3,2.8,2,2.0,2.0,1.0,2.0,5.0,1.0,N,9:25,120-07443,2018-05-19 09:23:00
2500,2.02E+17,2017-07-25 00:00:00,TU,18:28:00,0,0,0,0,P,N,N,1.0,2,NJ 3                                              ,E,3,3.42,2,2.0,1.0,1.0,1.0,1.0,1.0,N,18:30,120-07442,2017-07-25 18:28:00
2501,2.02E+17,2018-05-19 00:00:00,SA,10:29:00,0,0,0,0,P,N,N,2.0,2,NJ 3                                              ,E,3,3.9,2,2.0,2.0,1.0,2.0,1.0,1.0,N,10:30,120-04740,2018-05-19 10:29:00
2502,2013160213-7483                ,2013-07-02 00:00:00,TU,16:32:00,0,0,0,0,P,N,N,1.0,3,NJ 3                                              ,E,3,4.89,2,2.0,1.0,1.0,1.0,1.0,1.0,N,16:30,120-04738,2013-07-02 16:32:00
2504,2.02E+17,2018-05-19 00:00:00,SA,14:34:00,0,0,0,0,P,N,N,8.0,2,NJ 3                                              ,E,3,3.33,2,2.0,2.0,1.0,2.0,2.0,1.0,N,14:35,120-07442,2018-05-19 14:34:00
2505,2013160213-7484                ,2013-07-02 00:00:00,TU,16:42:00,0,0,0,0,P,N,N,1.0,3,NJ 3                                              ,E,3,4.7,2,2.0,1.0,1.0,1.0,1.0,1.0,N,16:40,120N04739,2013-07-02 16:42:00
2507,2.01E+13,2014-03-17 00:00:00,M ,15:13:00,0,0,0,0,P,N,N,1.0,2,NJ 3                                              ,E,3,0.0,2,2.0,1.0,1.0,1.0,1.0,1.0,N,15:15,120-07448,2014-03-17 15:13:00
2508,2.02E+17,2017-07-27 00:00:00,TH,5:09:00,0,1,0,0,I,N,N,2.0,2,NJ 3                                              ,E,3,0.04,2,2.0,1.0,6.0,1.0,3.0,1.0,N,5:10,120-07448,2017-07-27 05:09:00
2509,2.02E+17,2016-10-28 00:00:00,F ,12:12:00,0,3,0,0,I,N,N,2.0,4,NJ 3                                              ,E,3,2.64,2,2.0,1.0,1.0,1.0,1.0,1.0,N,12:10,120-07443,2016-10-28 12:12:00
2510,2.02E+17,2018-05-19 00:00:00,SA,17:22:00,0,1,0,0,I,N,N,3.0,2,NJ 3                                              ,E,3,4.9,2,2.0,2.0,1.0,2.0,2.0,1.0,N,17:20,120-04738,2018-05-19 17:22:00
2514,2.02E+17,2017-07-30 00:00:00,SU,16:18:00,0,0,0,0,P,N,N,2.0,2,NJ 3                                              ,E,3,0.26,2,2.0,1.0,1.0,1.0,1.0,1.0,N,16:20,120-07448,2017-07-30 16:18:00
2515,2.02E+17,2018-05-21 00:00:00,MO,8:50:00,0,0,0,0,P,N,N,1.0,2,NJ 3                                              ,E,3,3.86,2,2.0,1.0,1.0,1.0,5.0,1.0,N,8:50,120-04740,2018-05-21 08:50:00
2518,2.02E+17,2016-10-30 00:00:00,S ,17:14:00,0,0,0,0,P,N,N,1.0,3,NJ 3                                              ,E,3,1.64,2,2.0,2.0,5.0,2.0,1.0,1.0,N,17:15,120-07444,2016-10-30 17:14:00
2519,2.02E+17,2017-08-01 00:00:00,TU,8:19:00,0,1,0,0,I,N,N,10.0,1,NJ 3                                              ,E,3,4.84,2,2.0,1.0,1.0,1.0,1.0,1.0,N,8:20,120-04738,2017-08-01 08:19:00
2521,201416022014-100534            ,2014-12-13 00:00:00,SA,1:31:00,0,0,0,0,P,N,N,6.0,2,NJ 3                                              ,E,3,3.42,2,2.0,1.0,6.0,1.0,1.0,1.0,N,1:30,120-07442,2014-12-13 01:31:00
2522,2.02E+17,2016-11-02 00:00:00,W ,9:22:00,0,0,0,0,P,N,N,2.0,2,NJ 3                                              ,E,3,0.47,2,2.0,1.0,1.0,1.0,1.0,1.0,N,9:20,120N07448,2016-11-02 09:22:00
2523,2.02E+17,2017-08-01 00:00:00,TU,11:31:00,0,1,0,0,I,N,N,1.0,3,NJ 3                                              ,E,3,1.37,2,2.0,1.0,1.0,1.0,5.0,1.0,N,11:30,120-07444,2017-08-01 11:31:00
2525,2.02E+17,2017-08-01 00:00:00,TU,11:39:00,0,1,0,0,I,N,N,1.0,2,NJ 3                                              ,E,3,1.52,2,2.0,1.0,1.0,1.0,1.0,1.0,N,11:40,120-07444,2017-08-01 11:39:00
2526,2013160213-7896                ,2013-07-13 00:00:00,SA,12:26:00,0,0,0,0,P,N,N,1.0,2,NJ 3                                              ,E,3,3.73,2,2.0,1.0,1.0,1.0,1.0,1.0,N,12:25,120-04740,2013-07-13 12:26:00
2527,2.02E+17,2018-05-24 00:00:00,TH,11:52:00,0,1,0,0,I,N,N,1.0,2,NJ 3                                              ,E,3,3.83,2,2.0,1.0,1.0,1.0,1.0,1.0,N,11:50,120-04740,2018-05-24 11:52:00
2528,2.02E+17,2017-08-01 00:00:00,TU,16:19:00,0,0,0,0,P,N,N,3.0,2,NJ 3                                              ,E,3,2.64,2,2.0,1.0,1.0,1.0,1.0,1.0,N,16:20,120-07443,2017-08-01 16:19:00
2529,2013160213-7913                ,2013-07-14 00:00:00,S ,6:34:00,0,0,0,0,P,N,N,11.0,1,NJ 3                                              ,E,3,2.64,2,2.0,2.0,1.0,1.0,1.0,1.0,N,6:35,120-07443,2013-07-14 06:34:00
2531,2.02E+17,2018-05-25 00:00:00,FR,15:26:00,0,1,0,0,I,N,N,1.0,3,NJ 3                                              ,E,3,2.66,2,2.0,1.0,1.0,1.0,1.0,1.0,N,15:25,120-07443,2018-05-25 15:26:00
2532,2.02E+17,2016-11-02 00:00:00,W ,20:03:00,0,0,0,0,P,N,N,1.0,2,NJ 3                                              ,E,3,2.7,2,2.0,1.0,6.0,1.0,4.0,1.0,N,20:05,120-07443,2016-11-02 20:03:00
2533,2013160213-793                 ,2013-01-22 00:00:00,TU,7:52:00,0,0,0,0,P,N,N,1.0,2,NJ 3                                              ,E,3,3.46,2,2.0,1.0,1.0,1.0,1.0,1.0,N,7:50,120N07442,2013-01-22 07:52:00
2534,2013160213-7936                ,2013-07-14 00:00:00,S ,18:35:00,0,1,0,0,I,N,N,10.0,1,NJ 3                                              ,E,3,0.0,2,2.0,1.0,1.0,1.0,2.0,1.0,N,18:35,120-07448,2013-07-14 18:35:00
2535,2.02E+17,2018-05-25 00:00:00,FR,15:46:00,0,0,0,0,P,N,N,1.0,3,NJ 3                                              ,E,3,1.24,2,2.0,1.0,1.0,1.0,1.0,1.0,N,15:45,120N07447,2018-05-25 15:46:00
2536,2.02E+17,2016-11-03 00:00:00,TH,7:11:00,0,0,0,0,P,N,N,1.0,2,NJ 3                                              ,E,3,3.86,2,2.0,1.0,1.0,1.0,1.0,1.0,N,7:10,120-04740,2016-11-03 07:11:00
2538,2.02E+17,2018-05-25 00:00:00,FR,15:46:00,0,0,0,0,P,N,N,2.0,2,NJ 3                                              ,E,3,2.63,2,2.0,1.0,1.0,1.0,1.0,0.0,N,15:45,120-07443,2018-05-25 15:46:00
2539,2.02E+17,2016-11-03 00:00:00,TH,7:35:00,0,0,0,0,P,N,N,2.0,2,NJ 3                                              ,E,3,3.86,2,2.0,1.0,1.0,1.0,1.0,1.0,N,7:35,120-04740,2016-11-03 07:35:00
2540,2013160213-7944                ,2013-07-14 00:00:00,S ,21:57:00,0,0,0,0,P,N,N,1.0,2,NJ 3                                              ,E,3,4.8,2,2.0,1.0,6.0,1.0,2.0,2.0,N,21:55,120-04738,2013-07-14 21:57:00
2542,2013160213-795                 ,2013-01-22 00:00:00,TU,8:29:00,0,0,0,0,P,N,N,1.0,3,NJ 3                                              ,E,3,3.29,2,2.0,1.0,1.0,1.0,1.0,1.0,N,8:30,120-07442,2013-01-22 08:29:00
2544,2.02E+17,2018-05-25 00:00:00,FR,17:19:00,0,0,0,0,P,N,N,1.0,2,NJ 3                                              ,E,3,2.62,2,2.0,1.0,1.0,1.0,1.0,1.0,N,17:20,120-07443,2018-05-25 17:19:00
2545,2.02E+17,2017-08-02 00:00:00,WE,17:00:00,0,0,0,0,P,N,N,1.0,2,NJ 3                                              ,E,3,2.7,2,2.0,2.0,1.0,2.0,1.0,1.0,N,17:00,120-07443,2017-08-02 17:00:00
2546,2013160213-8020                ,2013-07-17 00:00:00,W ,6:55:00,0,0,0,0,P,N,N,1.0,2,NJ 3                                              ,E,3,4.42,2,2.0,1.0,1.0,1.0,1.0,2.0,N,6:55,120-04739,2013-07-17 06:55:00
2547,2013160213-8039                ,2013-07-17 00:00:00,W ,15:25:00,0,0,0,0,P,N,N,2.0,2,NJ 3                                              ,E,3,0.0,2,2.0,1.0,1.0,1.0,1.0,1.0,N,15:25,120-07448,2013-07-17 15:25:00
2548,2.02E+17,2016-11-07 00:00:00,M ,8:19:00,0,0,0,0,P,N,N,2.0,2,NJ 3                                              ,E,3,1.8,2,2.0,1.0,1.0,1.0,1.0,1.0,N,8:20,120-07444,2016-11-07 08:19:00
2549,2.02E+17,2018-05-28 00:00:00,MO,19:56:00,0,0,0,0,P,N,N,12.0,1,NJ 3                                              ,E,3,1.18,2,2.0,1.0,1.0,1.0,1.0,1.0,N,19:55,120N07447,2018-05-28 19:56:00
2551,2.02E+17,2017-08-06 00:00:00,SU,22:35:00,0,0,0,0,P,N,N,1.0,2,NJ 3                                              ,E,3,3.51,2,2.0,1.0,6.0,1.0,1.0,1.0,N,22:35,120-04740,2017-08-06 22:35:00
2554,2013160213-8115                ,2013-07-19 00:00:00,F ,11:17:00,0,0,0,0,P,N,N,2.0,2,NJ 3                                              ,E,3,3.91,2,2.0,1.0,1.0,1.0,1.0,2.0,N,11:15,120-04740,2013-07-19 11:17:00
2556,2.02E+17,2017-08-08 00:00:00,TU,16:20:00,0,0,0,0,P,N,N,1.0,2,NJ 3                                              ,E,3,1.22,2,2.0,1.0,1.0,1.0,1.0,1.0,N,16:20,120N07447,2017-08-08 16:20:00
2557,2013160213-8135                ,2013-07-19 00:00:00,F ,16:43:00,0,0,0,0,P,N,N,1.0,2,NJ 3                                              ,E,3,1.28,2,2.0,1.0,1.0,1.0,2.0,1.0,N,16:45,120-07446,2013-07-19 16:43:00
2558,201416022014-12473             ,2014-11-21 00:00:00,F ,19:15:00,0,1,0,0,I,N,N,6.0,2,NJ 3                                              ,E,3,2.14,2,2.0,1.0,6.0,1.0,1.0,1.0,N,19:15,120-07444,2014-11-21 19:15:00
2559,2.02E+17,2018-05-30 00:00:00,WE,23:36:00,0,5,0,0,I,N,N,11.0,1,NJ 3                                              ,E,3,2.45,2,2.0,1.0,6.0,1.0,1.0,1.0,N,23:35,120-07443,2018-05-30 23:36:00
2561,2.02E+17,2017-08-09 00:00:00,WE,20:31:00,0,0,0,0,P,N,N,11.0,1,NJ 3                                              ,E,3,1.92,2,2.0,1.0,5.0,1.0,1.0,1.0,N,20:30,120-07444,2017-08-09 20:31:00
2564,2013160213-8226                ,2013-07-21 00:00:00,S ,21:40:00,0,0,0,0,P,N,N,12.0,1,NJ 3                                              ,E,3,2.65,2,2.0,1.0,6.0,1.0,1.0,1.0,N,21:40,120-07443,2013-07-21 21:40:00
2565,2.02E+17,2017-08-10 00:00:00,TH,10:17:00,0,0,0,0,P,N,N,11.0,1,NJ 3                                              ,E,3,3.81,2,2.0,1.0,1.0,1.0,5.0,1.0,N,10:15,120-04740,2017-08-10 10:17:00
2567,2.02E+17,2017-08-10 00:00:00,TH,10:42:00,0,1,0,0,I,N,N,1.0,2,NJ 3                                              ,E,3,2.62,2,2.0,1.0,1.0,1.0,1.0,1.0,N,10:40,120-07443,2017-08-10 10:42:00
2569,201416022014-12841             ,2014-12-03 00:00:00,W ,9:29:00,0,0,0,0,P,N,N,1.0,2,NJ 3                                              ,E,3,2.45,2,2.0,2.0,1.0,2.0,1.0,1.0,N,9:30,120-07443,2014-12-03 09:29:00
2572,2.02E+17,2017-08-10 00:00:00,TH,23:43:00,0,0,0,0,P,N,N,12.0,1,NJ 3                                              ,E,3,0.02,2,2.0,1.0,6.0,1.0,4.0,1.0,N,23:45,120-07448,2017-08-10 23:43:00
2573,2.02E+17,2017-08-11 00:00:00,FR,5:20:00,0,0,0,0,P,N,N,15.0,1,NJ 3                                              ,E,3,2.65,2,2.0,1.0,6.0,1.0,1.0,1.0,N,5:20,120-07443,2017-08-11 05:20:00
2575,2.02E+17,2016-11-13 00:00:00,S ,4:40:00,0,1,0,0,I,N,N,15.0,1,NJ 3                                              ,E,3,1.98,2,2.0,1.0,4.0,1.0,1.0,1.0,N,4:40,120-07444,2016-11-13 04:40:00
2577,2.02E+17,2018-06-07 00:00:00,TH,10:20:00,0,0,0,0,P,N,N,2.0,2,NJ 3                                              ,E,3,1.8,2,2.0,1.0,1.0,1.0,1.0,1.0,N,10:20,120-07444,2018-06-07 10:20:00
2581,2.02E+17,2015-09-25 00:00:00,F ,19:21:00,0,0,0,0,P,N,N,1.0,2,NJ 3                                              ,E,3,4.89,2,2.0,1.0,6.0,1.0,1.0,1.0,N,19:20,120-04738,2015-09-25 19:21:00
2582,2013160213-8330                ,2013-07-24 00:00:00,W ,9:01:00,0,0,0,0,P,N,N,1.0,2,NJ 3                                              ,E,3,0.51,2,2.0,1.0,1.0,1.0,5.0,1.0,N,9:00,120N07448,2013-07-24 09:01:00
2583,2.02E+17,2018-06-07 00:00:00,TH,22:47:00,0,0,0,0,P,N,N,2.0,2,NJ 3                                              ,E,3,1.07,2,2.0,1.0,6.0,1.0,1.0,1.0,N,22:45,120-07447,2018-06-07 22:47:00
2584,2.02E+17,2016-11-14 00:00:00,M ,18:38:00,0,0,0,0,P,N,N,1.0,2,NJ 3                                              ,E,3,1.3,2,2.0,1.0,6.0,1.0,1.0,1.0,N,18:40,120-07446,2016-11-14 18:38:00
2586,201416022014-3628              ,2014-04-02 00:00:00,W ,17:02:00,0,0,0,0,P,N,N,11.0,1,NJ 3                                              ,E,3,2.64,2,2.0,1.0,1.0,1.0,1.0,1.0,N,17:00,120-07443,2014-04-02 17:02:00
2587,2.02E+17,2017-08-15 00:00:00,TU,8:31:00,0,0,0,0,P,N,N,1.0,2,NJ 3                                              ,E,3,3.39,2,2.0,2.0,1.0,5.0,1.0,1.0,N,8:30,120-07442,2017-08-15 08:31:00
2588,2013160213-8394                ,2013-07-25 00:00:00,TH,13:55:00,0,0,0,0,P,N,N,1.0,2,NJ 3                                              ,E,3,4.7,2,2.0,1.0,1.0,1.0,1.0,2.0,N,13:55,120N04739,2013-07-25 13:55:00
2589,2.02E+17,2018-06-08 00:00:00,FR,20:56:00,0,0,0,0,P,N,N,12.0,1,NJ 3                                              ,E,3,0.09,2,2.0,1.0,6.0,1.0,1.0,1.0,N,20:55,120-07448,2018-06-08 20:56:00
2591,2.02E+17,2018-06-09 00:00:00,SA,18:27:00,0,0,0,0,P,N,N,1.0,2,NJ 3                                              ,E,3,4.76,2,2.0,1.0,1.0,1.0,1.0,1.0,N,18:25,120-04738,2018-06-09 18:27:00
2592,2013160213-851                 ,2013-01-23 00:00:00,W ,19:58:00,0,0,0,0,P,N,N,2.0,2,NJ 3                                              ,E,3,4.82,2,2.0,1.0,6.0,1.0,1.0,2.0,N,20:00,120-04738,2013-01-23 19:58:00
2594,2013160213-8573                ,2013-07-30 00:00:00,TU,11:11:00,0,0,0,0,P,N,N,2.0,2,NJ 3                                              ,E,3,0.55,2,2.0,1.0,1.0,1.0,2.0,1.0,N,11:10,120N07448,2013-07-30 11:11:00
2595,2.02E+17,2015-09-30 00:00:00,W ,7:10:00,0,0,0,0,P,N,N,2.0,2,NJ 3                                              ,E,3,1.87,2,2.0,2.0,1.0,2.0,1.0,1.0,N,7:10,120-07444,2015-09-30 07:10:00
2596,2.02E+17,2017-08-16 00:00:00,WE,15:34:00,0,0,0,0,P,N,N,11.0,1,NJ 3                                              ,E,3,3.82,2,2.0,1.0,1.0,1.0,1.0,1.0,N,15:35,120-04740,2017-08-16 15:34:00
2597,2.02E+17,2018-06-11 00:00:00,MO,5:49:00,0,1,0,0,I,N,N,1.0,3,NJ 3                                              ,E,3,1.78,2,2.0,1.0,2.0,1.0,1.0,1.0,N,5:50,120-07444,2018-06-11 05:49:00
2598,2.02E+17,2017-08-16 00:00:00,WE,16:16:00,0,0,0,0,P,N,N,1.0,2,NJ 3                                              ,E,3,2.66,2,2.0,1.0,1.0,1.0,1.0,1.0,N,16:15,120-07443,2017-08-16 16:16:00
2600,2.02E+17,2018-06-11 00:00:00,MO,6:46:00,0,1,0,0,I,N,N,1.0,2,NJ 3                                              ,E,3,0.51,2,2.0,1.0,2.0,5.0,1.0,1.0,N,6:45,120N07448,2018-06-11 06:46:00
2601,2.02E+17,2015-10-01 00:00:00,TH,9:24:00,0,0,0,0,P,N,N,1.0,2,NJ 3                                              ,E,3,3.39,2,2.0,1.0,1.0,1.0,1.0,1.0,N,9:25,120-07442,2015-10-01 09:24:00
2602,201416022014-6567              ,2014-06-17 00:00:00,TU,8:44:00,0,0,0,0,P,N,N,2.0,2,NJ 3                                              ,E,3,3.86,2,2.0,1.0,1.0,1.0,1.0,1.0,N,8:45,120-04740,2014-06-17 08:44:00
2604,2.02E+17,2017-08-18 00:00:00,FR,8:11:00,0,0,0,0,P,N,N,2.0,2,NJ 3                                              ,E,3,1.35,2,2.0,2.0,1.0,2.0,2.0,1.0,N,8:10,120-07445,2017-08-18 08:11:00
2605,2013160213-8636                ,2013-07-31 00:00:00,W ,9:16:00,0,0,0,0,P,N,N,99.0,1,NJ 3                                              ,E,3,0.0,2,2.0,1.0,1.0,1.0,1.0,1.0,N,9:15,120-07448,2013-07-31 09:16:00
2608,2.02E+17,2017-08-18 00:00:00,FR,9:50:00,0,2,0,0,I,N,N,2.0,2,NJ 3                                              ,E,3,3.85,2,2.0,2.0,1.0,5.0,1.0,1.0,N,9:50,120-04740,2017-08-18 09:50:00
2612,2.02E+17,2015-10-06 00:00:00,TU,9:15:00,0,0,0,0,P,N,N,2.0,2,NJ 3                                              ,E,3,2.66,2,2.0,1.0,1.0,1.0,1.0,1.0,N,9:15,120-07443,2015-10-06 09:15:00
2614,2.02E+17,2018-06-15 00:00:00,FR,17:09:00,0,2,0,0,I,N,N,2.0,2,NJ 3                                              ,E,3,3.82,2,2.0,1.0,1.0,1.0,1.0,1.0,N,17:10,120-04740,2018-06-15 17:09:00
2618,2.02E+17,2017-08-22 00:00:00,TU,6:54:00,0,0,0,0,P,N,N,1.0,2,NJ 3                                              ,E,3,2.73,2,2.0,1.0,1.0,1.0,5.0,1.0,N,6:55,120-07443,2017-08-22 06:54:00
2621,2.02E+17,2016-11-23 00:00:00,W ,13:25:00,0,0,0,0,P,N,N,2.0,2,NJ 3                                              ,E,3,2.94,2,2.0,1.0,1.0,1.0,1.0,1.0,N,13:25,120-07443,2016-11-23 13:25:00
2622,2.02E+17,2017-08-23 00:00:00,WE,14:26:00,0,0,0,0,P,N,N,1.0,2,NJ 3                                              ,E,3,3.82,2,2.0,1.0,1.0,1.0,1.0,1.0,N,14:25,120-04740,2017-08-23 14:26:00
2623,2013160213-8869                ,2013-08-07 00:00:00,W ,5:20:00,0,0,0,0,P,N,N,11.0,1,NJ 3                                              ,E,3,0.0,2,2.0,1.0,6.0,1.0,3.0,1.0,N,5:20,120-07448,2013-08-07 05:20:00
2624,2.02E+17,2017-08-23 00:00:00,WE,14:30:00,0,0,0,0,P,N,N,1.0,2,NJ 3                                              ,E,3,2.67,2,2.0,1.0,1.0,1.0,1.0,1.0,N,14:30,120-07443,2017-08-23 14:30:00
2625,2.02E+17,2015-10-13 00:00:00,TU,8:38:00,0,2,0,0,I,N,N,1.0,2,NJ 3                                              ,E,3,3.77,2,2.0,1.0,1.0,1.0,1.0,1.0,N,8:40,120-04740,2015-10-13 08:38:00
2626,201416022014-9679              ,2014-09-10 00:00:00,W ,22:27:00,0,0,0,0,P,N,N,2.0,2,NJ 3                                              ,E,3,4.81,2,2.0,1.0,6.0,1.0,1.0,1.0,N,22:25,120-04738,2014-09-10 22:27:00
2627,2013160213-8870                ,2013-08-07 00:00:00,W ,7:42:00,0,0,0,0,P,N,N,1.0,3,NJ 3                                              ,E,3,3.82,2,2.0,1.0,1.0,5.0,1.0,2.0,N,7:40,120-04740,2013-08-07 07:42:00
2629,2.02E+17,2017-08-25 00:00:00,FR,16:47:00,0,1,0,0,I,N,N,1.0,3,NJ 3                                              ,E,3,2.7,2,2.0,1.0,1.0,1.0,1.0,1.0,N,16:45,120-07443,2017-08-25 16:47:00
2630,2.02E+17,2017-08-27 00:00:00,SU,1:23:00,0,0,0,0,P,Y,N,11.0,1,NJ 3                                              ,E,3,0.0,2,2.0,1.0,6.0,1.0,3.0,1.0,N,1:25,120-07448,2017-08-27 01:23:00
2631,2.02E+17,2018-06-22 00:00:00,FR,1:46:00,0,0,0,0,P,N,N,1.0,2,NJ 3                                              ,E,3,2.66,2,2.0,1.0,6.0,1.0,4.0,1.0,N,1:45,120-07443,2018-06-22 01:46:00
2632,2013160213-8985                ,2013-08-09 00:00:00,F ,19:26:00,0,0,0,0,P,N,N,1.0,3,NJ 3                                              ,E,3,4.89,2,2.0,2.0,1.0,5.0,1.0,2.0,N,19:25,120-04738,2013-08-09 19:26:00
2633,2.02E+17,2018-06-23 00:00:00,SA,1:49:00,0,0,0,0,P,N,N,11.0,1,NJ 3                                              ,E,3,4.89,2,2.0,2.0,6.0,1.0,5.0,1.0,N,1:50,120-04738,2018-06-23 01:49:00
2635,2013160213-9032                ,2013-08-11 00:00:00,S ,3:21:00,0,0,0,0,P,N,N,99.0,1,NJ 3                                              ,E,3,1.78,2,2.0,1.0,7.0,1.0,1.0,1.0,N,3:20,120-07444,2013-08-11 03:21:00
2638,2013160213-9057                ,2013-08-12 00:00:00,M ,7:58:00,0,0,0,0,P,N,N,1.0,3,NJ 3                                              ,E,3,2.73,2,2.0,2.0,1.0,5.0,1.0,1.0,N,8:00,120-07443,2013-08-12 07:58:00
2639,2.02E+17,2017-08-29 00:00:00,TU,20:34:00,0,0,0,0,P,N,N,99.0,1,NJ 3                                              ,E,3,1.3,2,2.0,2.0,3.0,2.0,1.0,1.0,N,20:35,120-07446,2017-08-29 20:34:00
2640,2013160213-9066                ,2013-08-12 00:00:00,M ,10:54:00,0,2,0,0,I,N,N,1.0,3,NJ 3                                              ,E,3,3.4,2,2.0,1.0,1.0,5.0,1.0,1.0,N,10:55,120-07442,2013-08-12 10:54:00
2643,2.02E+17,2017-08-31 00:00:00,TH,21:50:00,0,0,0,0,P,N,N,1.0,2,NJ 3                                              ,E,3,3.73,2,2.0,1.0,7.0,1.0,5.0,1.0,N,21:50,120-04740,2017-08-31 21:50:00
2645,2013160213-9190                ,2013-08-15 00:00:00,TH,19:14:00,0,0,0,0,P,N,N,1.0,2,NJ 3                                              ,E,3,4.7,2,2.0,1.0,1.0,1.0,1.0,2.0,N,19:15,120N04739,2013-08-15 19:14:00
2646,2.02E+17,2018-06-30 00:00:00,SA,21:33:00,0,0,0,0,P,N,N,1.0,2,NJ 3                                              ,E,3,2.64,2,2.0,1.0,7.0,1.0,1.0,1.0,N,21:35,120-07443,2018-06-30 21:33:00
2647,2013160213-9191                ,2013-08-15 00:00:00,TH,19:27:00,0,2,0,0,I,N,N,1.0,2,NJ 3                                              ,E,3,4.89,2,2.0,1.0,1.0,1.0,1.0,2.0,N,19:25,120-04738,2013-08-15 19:27:00
2650,2.02E+17,2017-09-05 00:00:00,TU,18:29:00,0,1,0,0,I,N,N,2.0,2,NJ 3                                              ,E,3,3.79,2,2.0,1.0,1.0,1.0,1.0,1.0,N,18:30,120-04740,2017-09-05 18:29:00
2651,2.02E+17,2016-11-29 00:00:00,TU,14:36:00,0,1,0,0,I,N,N,2.0,4,NJ 3                                              ,E,3,2.69,2,2.0,2.0,1.0,2.0,1.0,1.0,N,14:35,120-07443,2016-11-29 14:36:00
2652,2.02E+17,2015-10-21 00:00:00,W ,11:25:00,0,0,0,0,P,N,N,2.0,2,NJ 3                                              ,E,3,0.0,2,2.0,1.0,1.0,1.0,5.0,1.0,N,11:25,120-07448,2015-10-21 11:25:00
2653,2013160213-9285                ,2013-08-18 00:00:00,S ,16:05:00,0,0,0,0,P,N,N,1.0,2,NJ 3                                              ,E,3,1.28,2,2.0,1.0,1.0,5.0,1.0,1.0,N,16:05,120-07446,2013-08-18 16:05:00
2654,2.02E+17,2016-11-29 00:00:00,TU,15:27:00,0,1,0,0,I,N,N,10.0,1,NJ 3                                              ,E,3,3.86,2,2.0,2.0,1.0,2.0,5.0,1.0,N,15:25,120-04740,2016-11-29 15:27:00
2655,2.02E+17,2017-09-06 00:00:00,WE,9:00:00,0,0,0,0,P,N,N,1.0,2,NJ 3                                              ,E,3,4.87,2,2.0,2.0,1.0,2.0,1.0,1.0,N,9:00,120-04738,2017-09-06 09:00:00
2656,2013160213-9316                ,2013-08-19 00:00:00,M ,12:51:00,0,0,0,0,P,N,N,1.0,2,NJ 3                                              ,E,3,2.03,2,2.0,1.0,1.0,5.0,1.0,2.0,N,12:50,120-07444,2013-08-19 12:51:00
2657,2.02E+17,2018-07-03 00:00:00,TU,18:07:00,0,0,0,0,P,N,N,1.0,2,NJ 3                                              ,E,3,2.52,2,2.0,2.0,1.0,1.0,1.0,1.0,N,18:05,120-07443,2018-07-03 18:07:00
2658,2.02E+17,2017-09-07 00:00:00,TH,16:46:00,0,0,0,0,P,N,N,4.0,2,NJ 3                                              ,E,3,2.55,2,2.0,1.0,1.0,1.0,1.0,1.0,N,16:45,120-07443,2017-09-07 16:46:00
2659,2.02E+17,2016-11-30 00:00:00,W ,6:46:00,0,0,0,0,P,N,N,2.0,2,NJ 3                                              ,E,3,4.39,2,2.0,2.0,1.0,5.0,1.0,1.0,N,6:45,120N04740,2016-11-30 06:46:00
2660,2.02E+17,2015-10-23 00:00:00,F ,8:50:00,0,0,0,0,P,N,N,1.0,2,NJ 3                                              ,E,3,2.66,2,2.0,1.0,1.0,1.0,5.0,1.0,N,8:50,120-07443,2015-10-23 08:50:00
2663,2.02E+17,2018-07-04 00:00:00,WE,22:18:00,0,1,0,0,I,N,N,1.0,2,NJ 3                                              ,E,3,2.64,2,2.0,1.0,6.0,1.0,4.0,1.0,N,22:20,120-07443,2018-07-04 22:18:00
2664,2.02E+17,2015-10-23 00:00:00,F ,9:30:00,0,1,0,0,I,N,N,1.0,2,NJ 3                                              ,E,3,2.68,2,2.0,1.0,1.0,1.0,1.0,1.0,N,9:30,120-07443,2015-10-23 09:30:00
2668,2.02E+17,2017-09-09 00:00:00,SA,21:29:00,0,0,0,0,P,N,N,2.0,2,NJ 3                                              ,E,3,4.87,2,2.0,1.0,7.0,1.0,1.0,1.0,N,21:30,120-04738,2017-09-09 21:29:00
2669,2.02E+17,2017-09-11 00:00:00,MO,5:55:00,0,0,0,0,P,N,N,2.0,3,NJ 3                                              ,E,3,0.6,2,2.0,1.0,1.0,1.0,1.0,1.0,N,5:55,120N07448,2017-09-11 05:55:00
2671,2.02E+17,2018-07-08 00:00:00,SU,18:24:00,0,0,0,0,P,N,N,12.0,1,NJ 3                                              ,E,3,2.66,2,2.0,1.0,1.0,1.0,1.0,1.0,N,18:25,120-07443,2018-07-08 18:24:00