,CRASH_ID,DATE,DAY,TIME,KILLED,INJURED,PED_KILL,PED_INJ,SEVERITY,ALCOHOL,HAZMAT,CRASH_TYPE,VEH_COUNT,LOCATION,LOC_DIR,ROUTE,MP,RD_SYS,RD_SURF,SURF_COND,LIGHT,WEATHER,RD_DIV,RD_WRKZN,CELL_USE,TIME_ROUND,TMC,timestamp
2672,2.02E+17,2018-07-09 00:00:00,MO,13:18:00,0,0,0,0,P,N,N,1.0,2,NJ 3                                              ,E,3,0.51,2,2.0,1.0,1.0,1.0,1.0,1.0,N,13:20,120N07448,2018-07-09 13:18:00
2673,2013160213-9522                ,2013-08-24 00:00:00,SA,17:18:00,0,0,0,0,P,N,N,1.0,2,NJ 3                                              ,E,3,4.89,2,2.0,1.0,1.0,1.0,1.0,2.0,N,17:20,120-04738,2013-08-24 17:18:00
2674,2013160213-9541                ,2013-08-25 00:00:00,S ,12:39:00,0,0,0,0,P,N,N,1.0,2,NJ 3                                              ,E,3,0.51,2,2.0,1.0,1.0,1.0,5.0,1.0,N,12:40,120N07448,2013-08-25 12:39:00
2675,2.02E+17,2018-07-10 00:00:00,TU,8:26:00,0,0,0,0,P,N,N,1.0,3,NJ 3                                              ,E,3,3.8,2,2.0,1.0,1.0,1.0,1.0,1.0,N,8:25,120-04740,2018-07-10 08:26:00
2677,2013160213-9578                ,2013-08-26 00:00:00,M ,19:22:00,0,0,0,0,P,N,N,2.0,2,NJ 3                                              ,E,3,0.0,2,2.0,1.0,1.0,1.0,4.0,1.0,N,19:20,120-07448,2013-08-26 19:22:00
2678,2.02E+17,2016-12-03 00:00:00,SA,13:03:00,0,0,0,0,P,N,N,2.0,2,NJ 3                                              ,E,3,0.54,2,2.0,1.0,1.0,1.0,5.0,1.0,N,13:05,120N07448,2016-12-03 13:03:00
2679,2013160213-9656                ,2013-08-28 00:00:00,W ,20:17:00,0,0,0,0,P,N,N,1.0,2,NJ 3                                              ,E,3,4.7,2,2.0,2.0,6.0,2.0,5.0,1.0,N,20:15,120N04739,2013-08-28 20:17:00
2680,2013160213-9659                ,2013-08-28 00:00:00,W ,22:59:00,0,0,0,0,P,N,N,1.0,2,NJ 3                                              ,E,3,1.26,2,2.0,1.0,6.0,1.0,1.0,2.0,N,23:00,120N07447,2013-08-28 22:59:00
2681,2.02E+17,2018-07-11 00:00:00,WE,8:57:00,0,0,0,0,P,N,N,1.0,3,NJ 3                                              ,E,3,4.7,2,2.0,1.0,1.0,1.0,1.0,1.0,N,8:55,120N04739,2018-07-11 08:57:00
2682,2.02E+17,2017-09-15 00:00:00,FR,7:50:00,0,1,0,0,I,N,N,11.0,1,NJ 3                                              ,E,3,4.8,2,2.0,1.0,1.0,1.0,1.0,1.0,N,7:50,120-04738,2017-09-15 07:50:00
2686,2.02E+17,2016-12-05 00:00:00,M ,8:22:00,0,0,0,0,P,N,N,1.0,2,NJ 3                                              ,E,3,3.33,2,2.0,2.0,1.0,2.0,5.0,1.0,N,8:20,120-07442,2016-12-05 08:22:00
2687,2.02E+17,2015-10-29 00:00:00,TH,7:38:00,0,0,0,0,P,N,N,2.0,3,NJ 3                                              ,E,3,3.46,2,2.0,2.0,1.0,1.0,1.0,1.0,N,7:40,120N07442,2015-10-29 07:38:00
2688,2.02E+17,2015-10-29 00:00:00,TH,7:55:00,0,0,0,0,P,N,N,1.0,2,NJ 3                                              ,E,3,1.44,2,2.0,2.0,1.0,1.0,1.0,1.0,N,7:55,120-07444,2015-10-29 07:55:00
2689,2.02E+17,2017-09-17 00:00:00,SU,17:30:00,0,1,0,0,I,N,N,11.0,1,NJ 3                                              ,E,3,0.5,2,2.0,1.0,1.0,1.0,1.0,1.0,N,17:30,120N07448,2017-09-17 17:30:00
2690,2.02E+17,2018-07-14 00:00:00,SA,6:35:00,0,0,0,0,P,N,N,2.0,2,NJ 3                                              ,E,3,0.51,2,2.0,1.0,1.0,1.0,1.0,1.0,N,6:35,120N07448,2018-07-14 06:35:00
2691,2013160213-9839                ,2013-07-03 00:00:00,W ,8:01:00,0,0,0,0,P,N,N,1.0,2,NJ 3                                              ,E,3,3.46,2,2.0,1.0,1.0,1.0,1.0,1.0,N,8:00,120N07442,2013-07-03 08:01:00
2693,2.02E+17,2016-12-07 00:00:00,W ,6:32:00,0,1,0,0,I,N,N,2.0,2,NJ 3                                              ,E,3,0.32,2,2.0,1.0,1.0,1.0,1.0,1.0,N,6:30,120-07448,2016-12-07 06:32:00
2694,2013160213-9841                ,2013-09-03 00:00:00,TU,9:35:00,0,0,0,0,P,N,N,2.0,2,NJ 3                                              ,E,3,1.1,2,2.0,1.0,1.0,5.0,1.0,1.0,N,9:35,120-07447,2013-09-03 09:35:00
2695,2.02E+17,2015-10-29 00:00:00,TH,8:56:00,0,0,0,0,P,N,N,1.0,3,NJ 3                                              ,E,3,2.63,2,2.0,1.0,1.0,1.0,5.0,1.0,N,8:55,120-07443,2015-10-29 08:56:00
2696,2013160213-9865                ,2013-09-03 00:00:00,TU,19:14:00,0,1,0,0,I,N,N,1.0,2,NJ 3                                              ,E,3,4.91,2,2.0,1.0,3.0,1.0,1.0,1.0,N,19:15,120-04738,2013-09-03 19:14:00
2697,2.02E+17,2015-10-30 00:00:00,F ,7:13:00,0,0,0,0,P,N,N,2.0,2,NJ 3                                              ,E,3,0.0,2,2.0,1.0,1.0,1.0,3.0,1.0,N,7:15,120-07448,2015-10-30 07:13:00
2698,2.02E+17,2018-07-17 00:00:00,TU,20:09:00,0,0,0,0,P,N,N,2.0,2,NJ 3                                              ,E,3,4.89,2,2.0,2.0,6.0,2.0,2.0,1.0,N,20:10,120-04738,2018-07-17 20:09:00
2699,2013160213-9866                ,2013-09-03 00:00:00,TU,19:14:00,0,2,0,0,I,N,N,1.0,3,NJ 3                                              ,E,3,4.91,2,2.0,1.0,3.0,1.0,1.0,1.0,N,19:15,120-04738,2013-09-03 19:14:00
2701,2013160213-9918                ,2013-09-05 00:00:00,TH,7:09:00,0,0,0,0,P,N,N,2.0,2,NJ 3                                              ,E,3,1.76,2,2.0,1.0,1.0,1.0,5.0,1.0,N,7:10,120-07444,2013-09-05 07:09:00
2704,2.02E+17,2017-09-20 00:00:00,WE,16:39:00,0,1,0,0,I,N,N,11.0,1,NJ 3                                              ,E,3,1.8,2,2.0,1.0,1.0,1.0,1.0,1.0,N,16:40,120-07444,2017-09-20 16:39:00
2705,2.02E+17,2016-12-09 00:00:00,F ,8:35:00,0,0,0,0,P,N,N,1.0,2,NJ 3                                              ,E,3,2.62,2,2.0,1.0,1.0,1.0,5.0,1.0,N,8:35,120-07443,2016-12-09 08:35:00
2706,2.02E+17,2018-07-20 00:00:00,FR,18:19:00,0,0,0,0,P,N,N,1.0,2,NJ 3                                              ,E,3,2.6,2,2.0,1.0,1.0,1.0,1.0,1.0,N,18:20,120-07443,2018-07-20 18:19:00
2707,2.02E+17,2017-09-21 00:00:00,TH,11:36:00,0,0,0,0,P,N,N,1.0,2,NJ 3                                              ,E,3,2.64,2,2.0,1.0,1.0,1.0,1.0,1.0,N,11:35,120-07443,2017-09-21 11:36:00
2708,2.02E+17,2016-12-09 00:00:00,F ,9:36:00,0,0,0,0,P,N,N,1.0,3,NJ 3                                              ,E,3,3.36,2,2.0,1.0,1.0,1.0,5.0,1.0,N,9:35,120-07442,2016-12-09 09:36:00
2710,2.02E+17,2018-07-20 00:00:00,FR,18:47:00,0,0,0,0,P,N,N,2.0,2,NJ 3                                              ,E,3,1.25,2,2.0,1.0,1.0,1.0,1.0,1.0,N,18:45,120N07447,2018-07-20 18:47:00
2713,2.02E+17,2017-09-21 00:00:00,TH,11:56:00,0,0,0,0,P,N,N,1.0,2,NJ 3                                              ,E,3,2.64,2,2.0,1.0,1.0,1.0,5.0,1.0,N,11:55,120-07443,2017-09-21 11:56:00
2714,2.02E+17,2018-07-22 00:00:00,SU,12:31:00,0,0,0,0,P,N,N,15.0,2,NJ 3                                              ,E,3,2.67,2,2.0,1.0,1.0,1.0,1.0,1.0,N,12:30,120-07443,2018-07-22 12:31:00
2716,2.01E+12,2013-01-16 00:00:00,W ,21:42:00,0,0,0,0,P,N,N,2.0,2,NJ 3                                              ,E,3,4.64,2,2.0,1.0,6.0,1.0,1.0,2.0,N,21:40,120N04739,2013-01-16 21:42:00
2718,2.02E+17,2018-07-24 00:00:00,TU,17:40:00,0,0,0,0,P,N,N,1.0,2,NJ 3                                              ,E,3,0.6,2,2.0,1.0,1.0,1.0,1.0,1.0,N,17:40,120N07448,2018-07-24 17:40:00
2719,2.02E+17,2015-11-04 00:00:00,W ,13:26:00,0,1,0,0,I,N,N,2.0,2,NJ 3                                              ,E,3,4.88,2,2.0,1.0,1.0,1.0,1.0,1.0,N,13:25,120-04738,2015-11-04 13:26:00
2720,2.02E+17,2017-09-22 00:00:00,FR,11:35:00,0,0,0,0,P,N,N,1.0,2,NJ 3                                              ,E,3,2.68,2,2.0,1.0,1.0,1.0,1.0,1.0,N,11:35,120-07443,2017-09-22 11:35:00
2721,2.02E+17,2017-09-23 00:00:00,SA,16:28:00,0,1,0,0,I,N,N,1.0,2,NJ 3                                              ,E,3,0.42,2,2.0,1.0,1.0,1.0,1.0,1.0,N,16:30,120N07448,2017-09-23 16:28:00
2722,2.02E+17,2018-07-26 00:00:00,TH,10:34:00,0,0,0,0,P,N,N,2.0,2,NJ 3                                              ,E,3,4.91,2,2.0,1.0,1.0,1.0,5.0,1.0,N,10:35,120-04738,2018-07-26 10:34:00
2726,201316022013-13764             ,2013-12-11 00:00:00,W ,8:48:00,0,1,0,0,I,N,N,1.0,2,NJ 3                                              ,E,3,0.48,2,2.0,2.0,1.0,1.0,1.0,1.0,N,8:50,120N07448,2013-12-11 08:48:00
2727,2.02E+17,2018-07-27 00:00:00,FR,11:39:00,0,0,0,0,P,N,N,2.0,2,NJ 3                                              ,E,3,2.5,2,2.0,1.0,1.0,1.0,5.0,1.0,N,11:40,120-07443,2018-07-27 11:39:00
2728,201316022013-13803             ,2013-12-12 00:00:00,TH,7:34:00,0,0,0,0,P,N,N,1.0,2,NJ 3                                              ,E,3,0.54,2,2.0,1.0,1.0,1.0,1.0,1.0,N,7:35,120N07448,2013-12-12 07:34:00
2730,2.02E+17,2018-07-27 00:00:00,FR,21:36:00,0,1,0,0,I,N,N,11.0,1,NJ 3                                              ,E,3,3.73,2,2.0,2.0,6.0,2.0,1.0,1.0,N,21:35,120-04740,2018-07-27 21:36:00
2733,2.02E+17,2017-09-27 00:00:00,WE,8:08:00,0,1,0,0,I,N,N,1.0,2,NJ 3                                              ,E,3,2.83,2,2.0,1.0,1.0,1.0,5.0,1.0,N,8:10,120-07443,2017-09-27 08:08:00
2735,2.02E+17,2018-07-28 00:00:00,SA,1:49:00,0,0,0,0,P,N,N,11.0,1,NJ 3                                              ,E,3,2.7,2,2.0,2.0,6.0,2.0,2.0,1.0,N,1:50,120-07443,2018-07-28 01:49:00
2736,201316022013-2709              ,2013-03-08 00:00:00,F ,8:46:00,0,0,0,0,P,N,N,11.0,1,NJ 3                                              ,E,3,1.44,2,2.0,5.0,1.0,3.0,1.0,1.0,N,8:45,120-07444,2013-03-08 08:46:00
2738,2.02E+17,2016-12-13 00:00:00,TU,19:58:00,0,0,0,0,P,N,N,11.0,1,NJ 3                                              ,E,3,0.0,2,2.0,1.0,6.0,1.0,2.0,1.0,N,20:00,120-07448,2016-12-13 19:58:00
2739,2.02E+17,2018-08-01 00:00:00,WE,7:27:00,0,0,0,0,P,N,N,1.0,2,NJ 3                                              ,E,3,2.64,2,2.0,2.0,1.0,2.0,1.0,1.0,N,7:25,120-07443,2018-08-01 07:27:00
2743,2.02E+17,2017-09-30 00:00:00,SA,14:18:00,0,0,0,0,P,N,N,1.0,2,NJ 3                                              ,E,3,3.89,2,2.0,1.0,1.0,1.0,1.0,1.0,N,14:20,120-04740,2017-09-30 14:18:00
2744,2.02E+17,2018-08-01 00:00:00,WE,17:16:00,0,1,0,0,I,N,N,1.0,2,NJ 3                                              ,E,3,0.5,2,2.0,1.0,1.0,1.0,4.0,1.0,N,17:15,120N07448,2018-08-01 17:16:00
2746,2.02E+17,2018-08-02 00:00:00,TH,12:15:00,0,0,0,0,P,N,N,2.0,2,NJ 3                                              ,E,3,2.58,2,2.0,1.0,1.0,1.0,5.0,1.0,N,12:15,120-07443,2018-08-02 12:15:00
2750,2.02E+17,2017-10-02 00:00:00,MO,6:39:00,0,0,0,0,P,N,N,2.0,2,NJ 3                                              ,E,3,4.32,2,2.0,1.0,1.0,1.0,1.0,1.0,N,6:40,120N04740,2017-10-02 06:39:00
2751,201316022013-6598              ,2013-06-11 00:00:00,TU,14:06:00,0,0,0,0,P,N,N,2.0,2,NJ 3                                              ,E,3,1.17,2,2.0,1.0,1.0,1.0,1.0,1.0,N,14:05,120N07447,2013-06-11 14:06:00
2752,2.02E+17,2018-08-08 00:00:00,WE,13:41:00,0,0,0,0,P,N,N,1.0,2,NJ 3                                              ,E,3,1.5,2,2.0,1.0,1.0,1.0,5.0,1.0,N,13:40,120-07444,2018-08-08 13:41:00
2753,2.02E+17,2017-10-02 00:00:00,MO,7:45:00,0,1,0,0,I,N,N,1.0,3,NJ 3                                              ,E,3,4.89,2,2.0,1.0,1.0,1.0,1.0,1.0,N,7:45,120-04738,2017-10-02 07:45:00
2754,2.02E+17,2015-11-18 00:00:00,W ,8:51:00,0,1,0,0,I,N,N,1.0,2,NJ 3                                              ,E,3,1.53,2,2.0,1.0,1.0,1.0,1.0,1.0,N,8:50,120-07444,2015-11-18 08:51:00
2755,201316022013-7157              ,2013-06-25 00:00:00,TU,7:56:00,0,0,0,0,P,N,N,2.0,2,NJ 3                                              ,E,3,0.54,2,2.0,1.0,1.0,1.0,1.0,1.0,N,7:55,120N07448,2013-06-25 07:56:00
2757,2.02E+17,2017-10-02 00:00:00,MO,23:29:00,0,0,0,0,P,N,N,2.0,2,NJ 3                                              ,E,3,0.0,2,2.0,1.0,6.0,1.0,1.0,1.0,N,23:30,120-07448,2017-10-02 23:29:00
2758,2.02E+17,2018-08-10 00:00:00,FR,17:55:00,0,0,0,0,P,N,N,1.0,2,NJ 3                                              ,E,3,2.7,2,2.0,1.0,1.0,1.0,1.0,1.0,N,17:55,120-07443,2018-08-10 17:55:00
2759,201316022013-7604              ,2013-07-05 00:00:00,F ,17:08:00,0,0,0,0,P,N,N,1.0,2,NJ 3                                              ,E,3,4.8,2,2.0,1.0,1.0,1.0,1.0,2.0,N,17:10,120-04738,2013-07-05 17:08:00
2760,2.02E+17,2018-08-12 00:00:00,SU,13:02:00,0,0,0,0,P,N,N,1.0,2,NJ 3                                              ,E,3,2.7,2,2.0,1.0,1.0,1.0,1.0,1.0,N,13:00,120-07443,2018-08-12 13:02:00
2761,201316022013-7612              ,2013-07-05 00:00:00,F ,21:04:00,0,0,0,0,P,N,N,1.0,2,NJ 3                                              ,E,3,4.71,2,2.0,1.0,7.0,1.0,1.0,2.0,N,21:05,120-04738,2013-07-05 21:04:00
2763,201316022013-8539              ,2013-07-29 00:00:00,M ,17:10:00,0,1,0,0,I,N,N,1.0,2,NJ 3                                              ,E,3,2.64,2,2.0,1.0,1.0,1.0,1.0,1.0,N,17:10,120-07443,2013-07-29 17:10:00
2764,2.02E+17,2016-12-19 00:00:00,M ,18:52:00,0,0,0,0,P,N,N,1.0,2,NJ 3                                              ,E,3,1.53,2,2.0,1.0,5.0,1.0,1.0,1.0,N,18:50,120-07444,2016-12-19 18:52:00
2766,2.02E+17,2017-10-03 00:00:00,TU,9:48:00,0,0,0,0,P,N,N,11.0,1,NJ 3                                              ,E,3,3.91,2,2.0,1.0,1.0,1.0,1.0,1.0,N,9:50,120-04740,2017-10-03 09:48:00
2770,2.02E+17,2017-10-03 00:00:00,TU,21:07:00,0,0,0,0,P,N,N,2.0,2,NJ 3                                              ,E,3,1.88,2,2.0,1.0,5.0,1.0,1.0,1.0,N,21:05,120-07444,2017-10-03 21:07:00
2771,201316022013-9679              ,2013-08-29 00:00:00,TH,16:22:00,0,0,0,0,P,N,N,1.0,2,NJ 3                                              ,E,3,4.7,2,2.0,1.0,1.0,1.0,1.0,2.0,N,16:20,120N04739,2013-08-29 16:22:00
2772,2.02E+17,2015-11-24 00:00:00,TU,6:45:00,0,0,0,0,P,N,N,1.0,2,NJ 3                                              ,E,3,4.87,2,2.0,1.0,1.0,1.0,1.0,1.0,N,6:45,120-04738,2015-11-24 06:45:00
2773,2.02E+17,2017-10-03 00:00:00,TU,21:53:00,0,0,0,0,P,N,N,1.0,2,NJ 3                                              ,E,3,1.87,2,2.0,1.0,4.0,1.0,1.0,1.0,N,21:55,120-07444,2017-10-03 21:53:00
2774,2.02E+17,2018-08-17 00:00:00,FR,12:40:00,0,4,0,0,I,N,N,11.0,1,NJ 3                                              ,E,3,0.5,2,2.0,1.0,1.0,1.0,1.0,1.0,N,12:40,120N07448,2018-08-17 12:40:00
2775,2.02E+17,2017-10-04 00:00:00,WE,10:41:00,0,0,0,0,P,N,N,1.0,2,NJ 3                                              ,E,3,4.01,2,2.0,1.0,1.0,1.0,1.0,1.0,N,10:40,120N04740,2017-10-04 10:41:00
2776,2.02E+17,2018-08-17 00:00:00,FR,12:58:00,0,0,0,0,P,N,N,2.0,2,NJ 3                                              ,E,3,0.53,2,2.0,1.0,1.0,1.0,1.0,1.0,N,13:00,120N07448,2018-08-17 12:58:00
2777,2.02E+17,2017-10-04 00:00:00,WE,11:47:00,0,0,0,0,P,N,N,11.0,1,NJ 3                                              ,E,3,4.07,2,2.0,1.0,1.0,1.0,1.0,1.0,N,11:45,120N04740,2017-10-04 11:47:00
2779,2.02E+17,2017-10-04 00:00:00,WE,17:15:00,0,0,0,0,P,N,N,1.0,3,NJ 3                                              ,E,3,2.65,2,2.0,1.0,1.0,1.0,1.0,1.0,N,17:15,120-07443,2017-10-04 17:15:00
2780,2.02E+17,2018-08-20 00:00:00,MO,10:56:00,0,1,0,0,I,N,N,1.0,2,NJ 3                                              ,E,3,0.5,2,2.0,1.0,1.0,5.0,5.0,1.0,N,10:55,120N07448,2018-08-20 10:56:00
2781,2.02E+17,2018-08-21 00:00:00,TU,20:13:00,0,1,0,0,I,N,N,2.0,2,NJ 3                                              ,E,3,1.26,2,2.0,1.0,6.0,1.0,1.0,1.0,N,20:15,120N07447,2018-08-21 20:13:00
2785,2.02E+17,2018-08-22 00:00:00,WE,17:07:00,0,1,0,0,I,N,N,1.0,2,NJ 3                                              ,E,3,1.26,2,2.0,1.0,1.0,1.0,1.0,1.0,N,17:05,120N07447,2018-08-22 17:07:00
2789,2.02E+17,2017-10-12 00:00:00,TH,20:44:00,0,0,0,0,P,N,N,3.0,2,NJ 3                                              ,E,3,2.64,2,2.0,1.0,6.0,1.0,5.0,1.0,N,20:45,120-07443,2017-10-12 20:44:00
2790,2.02E+17,2018-08-27 00:00:00,MO,13:18:00,0,0,0,0,P,N,N,2.0,2,NJ 3                                              ,E,3,1.27,2,2.0,1.0,1.0,1.0,5.0,1.0,N,13:20,120N07447,2018-08-27 13:18:00
2792,2.02E+17,2018-08-27 00:00:00,MO,19:22:00,0,0,0,0,P,N,N,2.0,2,NJ 3                                              ,E,3,1.26,2,2.0,1.0,6.0,1.0,1.0,1.0,N,19:20,120N07447,2018-08-27 19:22:00
2793,2.02E+17,2017-10-17 00:00:00,TU,7:56:00,0,0,0,0,P,N,N,1.0,2,NJ 3                                              ,E,3,2.59,2,2.0,1.0,1.0,1.0,1.0,1.0,N,7:55,120-07443,2017-10-17 07:56:00
2794,2.02E+17,2018-08-28 00:00:00,TU,14:05:00,0,0,0,0,P,N,N,1.0,2,NJ 3                                              ,E,3,2.65,2,2.0,1.0,1.0,1.0,2.0,1.0,N,14:05,120-07443,2018-08-28 14:05:00
2796,20161602B060-2016-00526A       ,2016-02-19 00:00:00,F ,2:18:00,0,2,0,0,I,Y,N,11.0,1,NJ 3                                              ,E,3,0.7,2,2.0,1.0,6.0,1.0,1.0,1.0,N,2:20,120N07448,2016-02-19 02:18:00
2797,2.02E+17,2018-08-29 00:00:00,WE,10:42:00,0,0,0,0,P,N,N,1.0,2,NJ 3                                              ,E,3,1.26,2,2.0,1.0,1.0,1.0,1.0,1.0,N,10:40,120N07447,2018-08-29 10:42:00
2798,2.02E+17,2017-10-17 00:00:00,TU,8:02:00,0,0,0,0,P,N,N,1.0,2,NJ 3                                              ,E,3,1.8,2,2.0,1.0,1.0,1.0,5.0,1.0,N,8:00,120-07444,2017-10-17 08:02:00
2800,2.02E+17,2017-10-18 00:00:00,WE,17:48:00,0,0,0,0,P,N,N,4.0,2,NJ 3                                              ,E,3,3.19,2,2.0,1.0,1.0,1.0,1.0,1.0,N,17:50,120-07442,2017-10-18 17:48:00
2801,2.02E+17,2015-12-06 00:00:00,S ,2:41:00,0,0,0,0,P,Y,N,1.0,2,NJ 3                                              ,E,3,3.84,2,2.0,1.0,6.0,1.0,4.0,1.0,N,2:40,120-04740,2015-12-06 02:41:00
2802,2.02E+17,2018-09-01 00:00:00,SA,8:21:00,0,0,0,0,P,N,N,15.0,1,NJ 3                                              ,E,3,2.62,2,2.0,1.0,1.0,1.0,1.0,1.0,N,8:20,120-07443,2018-09-01 08:21:00
2804,2.02E+17,2017-10-19 00:00:00,TH,16:22:00,0,0,0,0,P,N,N,2.0,2,NJ 3                                              ,E,3,2.66,2,2.0,1.0,1.0,1.0,1.0,1.0,N,16:20,120-07443,2017-10-19 16:22:00
2805,2.02E+17,2018-09-04 00:00:00,TU,9:08:00,0,0,0,0,P,N,N,11.0,1,NJ 3                                              ,E,3,3.42,2,2.0,1.0,1.0,1.0,5.0,1.0,N,9:10,120-07442,2018-09-04 09:08:00
2807,2.02E+17,2017-10-23 00:00:00,MO,7:35:00,0,0,0,0,P,N,N,1.0,2,NJ 3                                              ,E,3,2.72,2,2.0,1.0,1.0,5.0,5.0,1.0,N,7:35,120-07443,2017-10-23 07:35:00
2808,2.02E+17,2018-09-06 00:00:00,TH,8:39:00,0,0,0,0,P,N,N,1.0,3,NJ 3                                              ,E,3,2.83,2,2.0,1.0,1.0,1.0,1.0,1.0,Y,8:40,120-07443,2018-09-06 08:39:00
2809,2.02E+17,2015-12-10 00:00:00,TH,14:04:00,0,0,0,0,P,N,N,1.0,3,NJ 3                                              ,E,3,3.82,2,2.0,1.0,1.0,1.0,1.0,1.0,N,14:05,120-04740,2015-12-10 14:04:00
2810,2.02E+17,2017-10-24 00:00:00,TU,16:39:00,0,0,0,0,P,N,N,1.0,2,NJ 3                                              ,E,3,3.35,2,2.0,2.0,1.0,2.0,1.0,1.0,N,16:40,120-07442,2017-10-24 16:39:00
2811,2.02E+17,2018-09-09 00:00:00,SU,15:35:00,0,0,0,0,P,N,N,1.0,2,NJ 3                                              ,E,3,1.1,2,2.0,2.0,1.0,2.0,5.0,1.0,N,15:35,120-07447,2018-09-09 15:35:00
2812,2.02E+17,2018-09-09 00:00:00,SU,15:57:00,0,0,0,0,P,N,N,11.0,1,NJ 3                                              ,E,3,4.8,2,2.0,2.0,1.0,2.0,2.0,1.0,N,15:55,120-04738,2018-09-09 15:57:00
2814,2.02E+17,2018-09-10 00:00:00,MO,7:54:00,0,0,0,0,P,N,N,1.0,2,NJ 3                                              ,E,3,2.78,2,2.0,2.0,1.0,2.0,1.0,1.0,N,7:55,120-07443,2018-09-10 07:54:00
2815,2.02E+17,2017-10-26 00:00:00,TH,8:35:00,0,0,0,0,P,N,N,1.0,3,NJ 3                                              ,E,3,1.76,2,2.0,1.0,1.0,1.0,1.0,1.0,N,8:35,120-07444,2017-10-26 08:35:00
2816,2.02E+17,2017-10-26 00:00:00,TH,10:30:00,0,0,0,0,P,N,N,3.0,2,NJ 3                                              ,E,3,0.2,2,2.0,1.0,1.0,1.0,5.0,1.0,N,10:30,120-07448,2017-10-26 10:30:00
2817,2.02E+17,2017-10-28 00:00:00,SA,1:53:00,0,0,0,0,P,N,N,1.0,2,NJ 3                                              ,E,3,3.81,2,2.0,1.0,7.0,1.0,1.0,1.0,N,1:55,120-04740,2017-10-28 01:53:00
2818,2.02E+17,2015-12-18 00:00:00,F ,18:41:00,0,1,0,0,I,N,N,1.0,2,NJ 3                                              ,E,3,1.77,2,2.0,1.0,6.0,1.0,1.0,1.0,N,18:40,120-07444,2015-12-18 18:41:00
2819,2.02E+17,2015-12-22 00:00:00,TU,9:12:00,0,0,0,0,P,N,N,11.0,1,NJ 3                                              ,E,3,2.66,2,2.0,2.0,1.0,2.0,1.0,1.0,N,9:10,120-07443,2015-12-22 09:12:00
2820,2.02E+17,2015-12-22 00:00:00,TU,12:35:00,0,0,0,0,P,N,N,1.0,2,NJ 3                                              ,E,3,3.76,2,2.0,2.0,1.0,2.0,1.0,1.0,N,12:35,120-04740,2015-12-22 12:35:00
2821,2.02E+17,2015-12-22 00:00:00,TU,13:19:00,0,0,0,0,P,N,N,11.0,1,NJ 3                                              ,E,3,2.68,2,2.0,2.0,1.0,2.0,1.0,1.0,N,13:20,120-07443,2015-12-22 13:19:00
2822,2.02E+17,2018-09-17 00:00:00,MO,9:24:00,0,0,0,0,P,N,N,1.0,2,NJ 3                                              ,E,3,3.82,2,2.0,1.0,1.0,5.0,5.0,1.0,N,9:25,120-04740,2018-09-17 09:24:00
2823,2.02E+17,2015-12-22 00:00:00,TU,16:01:00,0,0,0,0,P,N,N,1.0,2,NJ 3                                              ,E,3,2.89,2,2.0,2.0,1.0,2.0,1.0,1.0,N,16:00,120-07443,2015-12-22 16:01:00
2824,2.02E+17,2018-09-19 00:00:00,WE,7:59:00,0,1,0,0,I,N,N,1.0,3,NJ 3                                              ,E,3,2.64,2,2.0,1.0,1.0,1.0,1.0,1.0,N,8:00,120-07443,2018-09-19 07:59:00
2825,2.02E+17,2017-11-10 00:00:00,FR,17:39:00,0,0,0,0,P,N,N,2.0,2,NJ 3                                              ,E,3,3.67,2,2.0,1.0,6.0,1.0,4.0,1.0,N,17:40,120-04740,2017-11-10 17:39:00
2827,2.02E+17,2018-09-19 00:00:00,WE,9:13:00,0,0,0,0,P,N,N,1.0,2,NJ 3                                              ,E,3,1.76,2,2.0,1.0,1.0,1.0,1.0,1.0,N,9:15,120-07444,2018-09-19 09:13:00
2828,2.02E+17,2017-11-11 00:00:00,SA,17:38:00,0,0,0,0,P,N,N,1.0,2,NJ 3                                              ,E,3,2.64,2,2.0,1.0,6.0,1.0,1.0,1.0,N,17:40,120-07443,2017-11-11 17:38:00
2829,2.02E+17,2015-12-27 00:00:00,S ,11:29:00,0,2,0,0,I,N,N,1.0,3,NJ 3                                              ,E,3,2.73,2,2.0,1.0,1.0,1.0,1.0,1.0,N,11:30,120-07443,2015-12-27 11:29:00
2830,2.02E+17,2017-11-13 00:00:00,MO,13:07:00,0,0,0,0,P,N,N,15.0,2,NJ 3                                              ,E,3,0.53,2,2.0,1.0,1.0,5.0,5.0,1.0,N,13:05,120N07448,2017-11-13 13:07:00
2831,2.02E+17,2018-09-20 00:00:00,TH,16:33:00,0,0,0,0,P,N,N,1.0,3,NJ 3                                              ,E,3,2.64,2,2.0,1.0,1.0,1.0,1.0,1.0,N,16:35,120-07443,2018-09-20 16:33:00
2833,2.02E+17,2018-09-20 00:00:00,TH,17:10:00,0,0,0,0,P,N,N,11.0,2,NJ 3                                              ,E,3,1.39,2,2.0,1.0,1.0,1.0,1.0,1.0,N,17:10,120-07444,2018-09-20 17:10:00
2835,2.02E+17,2018-09-20 00:00:00,TH,17:39:00,0,0,0,0,P,N,N,1.0,2,NJ 3                                              ,E,3,1.43,2,2.0,1.0,3.0,5.0,1.0,1.0,N,17:40,120-07444,2018-09-20 17:39:00
2836,2.02E+17,2017-11-14 00:00:00,TU,8:04:00,0,0,0,0,P,N,N,2.0,2,NJ 3                                              ,E,3,1.89,2,2.0,1.0,1.0,5.0,5.0,1.0,N,8:05,120-07444,2017-11-14 08:04:00
2837,2.02E+17,2015-12-29 00:00:00,TU,17:23:00,0,0,0,0,P,N,N,11.0,1,NJ 3                                              ,E,3,3.81,2,2.0,2.0,6.0,1.0,1.0,1.0,N,17:25,120-04740,2015-12-29 17:23:00
2838,2.02E+17,2018-09-22 00:00:00,SA,4:58:00,0,2,0,0,I,N,N,10.0,2,NJ 3                                              ,E,3,3.04,2,2.0,1.0,6.0,1.0,1.0,1.0,N,5:00,120N07443,2018-09-22 04:58:00
2839,2.02E+17,2015-12-30 00:00:00,W ,7:01:00,0,0,0,0,P,N,N,11.0,1,NJ 3                                              ,E,3,0.0,2,1.0,1.0,2.0,1.0,3.0,1.0,N,7:00,120-07448,2015-12-30 07:01:00
2840,2.02E+17,2017-11-14 00:00:00,TU,14:25:00,0,2,0,0,I,N,N,11.0,1,NJ 3                                              ,E,3,1.35,2,2.0,1.0,1.0,1.0,1.0,1.0,N,14:25,120-07445,2017-11-14 14:25:00