,CRASH_ID,DATE,DAY,TIME,KILLED,INJURED,PED_KILL,PED_INJ,SEVERITY,ALCOHOL,HAZMAT,CRASH_TYPE,VEH_COUNT,LOCATION,LOC_DIR,ROUTE,MP,RD_SYS,RD_SURF,SURF_COND,LIGHT,WEATHER,RD_DIV,RD_WRKZN,CELL_USE,TIME_ROUND,TMC,timestamp
2841,2.02E+17,2017-11-14 00:00:00,TU,19:19:00,0,0,0,0,P,N,N,2.0,2,NJ 3                                              ,E,3,4.89,2,2.0,1.0,6.0,1.0,1.0,1.0,N,19:20,120-04738,2017-11-14 19:19:00
2842,2.02E+17,2017-11-15 00:00:00,WE,2:08:00,0,0,0,0,P,N,N,11.0,1,NJ 3                                              ,E,3,2.64,2,2.0,1.0,6.0,1.0,2.0,1.0,N,2:10,120-07443,2017-11-15 02:08:00
2844,20151602B060201504179A         ,2015-12-31 00:00:00,TH,3:30:00,0,1,0,0,I,N,N,11.0,1,NJ 3                                              ,E,3,0.6,2,2.0,2.0,6.0,5.0,1.0,1.0,N,3:30,120N07448,2015-12-31 03:30:00
2845,20151602ER-15-5234             ,2015-05-29 00:00:00,F ,7:23:00,1,0,0,0,F,N,N,11.0,1,NJ 3                                              ,E,3,0.78,2,2.0,1.0,1.0,1.0,1.0,1.0,N,7:25,120-07447,2015-05-29 07:23:00
2846,2.02E+17,2018-09-26 00:00:00,WE,7:21:00,0,0,0,0,P,N,N,1.0,2,NJ 3                                              ,E,3,2.55,2,2.0,2.0,1.0,2.0,1.0,1.0,N,7:20,120-07443,2018-09-26 07:21:00
2847,2.02E+17,2017-11-17 00:00:00,FR,20:39:00,0,0,0,0,P,N,N,2.0,2,NJ 3                                              ,E,3,4.42,2,2.0,1.0,6.0,1.0,2.0,1.0,N,20:40,120-04739,2017-11-17 20:39:00
2848,2.02E+17,2018-09-26 00:00:00,WE,7:44:00,0,0,0,0,P,N,N,2.0,2,NJ 3                                              ,E,3,1.17,2,2.0,2.0,1.0,2.0,1.0,1.0,N,7:45,120N07447,2018-09-26 07:44:00
2849,2.02E+17,2017-11-18 00:00:00,SA,18:36:00,0,1,0,0,I,N,N,1.0,2,NJ 3                                              ,E,3,3.91,2,2.0,2.0,6.0,2.0,2.0,1.0,N,18:35,120-04740,2017-11-18 18:36:00
2850,2.02E+17,2017-11-19 00:00:00,SU,12:26:00,0,0,0,0,P,N,N,1.0,2,NJ 3                                              ,E,3,0.51,2,2.0,1.0,1.0,1.0,1.0,1.0,N,12:25,120N07448,2017-11-19 12:26:00
2851,2.02E+17,2017-11-20 00:00:00,MO,9:12:00,0,0,0,0,P,N,N,1.0,3,NJ 3                                              ,E,3,4.91,2,2.0,1.0,1.0,1.0,1.0,1.0,N,9:10,120-04738,2017-11-20 09:12:00
2852,2.02E+17,2017-11-20 00:00:00,MO,13:58:00,0,0,0,0,P,N,N,1.0,2,NJ 3                                              ,E,3,2.64,2,2.0,1.0,1.0,1.0,1.0,1.0,N,14:00,120-07443,2017-11-20 13:58:00
2853,2.02E+17,2018-09-27 00:00:00,TH,7:27:00,0,0,0,0,P,N,N,2.0,2,NJ 3                                              ,E,3,2.7,2,2.0,99.0,1.0,1.0,1.0,1.0,N,7:25,120-07443,2018-09-27 07:27:00
2854,2.02E+17,2018-09-27 00:00:00,TH,12:14:00,0,0,0,0,P,N,N,1.0,2,NJ 3                                              ,E,3,1.26,2,2.0,1.0,1.0,1.0,4.0,1.0,N,12:15,120N07447,2018-09-27 12:14:00
2855,2.02E+17,2017-11-21 00:00:00,TU,16:31:00,0,0,0,0,P,N,N,2.0,2,NJ 3                                              ,E,3,4.88,2,2.0,1.0,1.0,1.0,1.0,1.0,N,16:30,120-04738,2017-11-21 16:31:00
2856,2.02E+17,2018-09-30 00:00:00,SU,1:23:00,0,0,0,0,P,N,N,9.0,2,NJ 3                                              ,E,3,3.9,2,2.0,1.0,7.0,1.0,5.0,1.0,N,1:25,120-04740,2018-09-30 01:23:00
2857,2.02E+17,2017-11-22 00:00:00,WE,13:44:00,0,0,0,0,P,N,N,1.0,2,NJ 3                                              ,E,3,0.51,2,2.0,1.0,1.0,1.0,1.0,1.0,N,13:45,120N07448,2017-11-22 13:44:00
2858,2.02E+17,2018-10-02 00:00:00,TU,7:37:00,0,0,0,0,P,N,N,5.0,2,NJ 3                                              ,E,3,2.7,2,2.0,1.0,1.0,1.0,5.0,2.0,N,7:35,120-07443,2018-10-02 07:37:00
2859,2.02E+17,2017-11-24 00:00:00,FR,12:51:00,0,1,0,0,I,N,N,2.0,2,NJ 3                                              ,E,3,3.45,2,2.0,1.0,1.0,1.0,1.0,1.0,N,12:50,120N07442,2017-11-24 12:51:00
2860,2.02E+17,2018-10-02 00:00:00,TU,9:07:00,0,0,0,0,P,N,N,1.0,2,NJ 3                                              ,E,3,3.91,2,2.0,1.0,1.0,1.0,1.0,1.0,N,9:05,120-04740,2018-10-02 09:07:00
2861,2.02E+17,2018-10-05 00:00:00,FR,23:32:00,0,0,0,0,P,N,N,1.0,2,NJ 3                                              ,E,3,0.6,2,2.0,1.0,6.0,1.0,1.0,2.0,N,23:30,120N07448,2018-10-05 23:32:00
2862,2.02E+17,2017-11-28 00:00:00,TU,6:53:00,0,0,0,0,P,N,N,1.0,2,NJ 3                                              ,E,3,2.83,2,2.0,1.0,1.0,1.0,1.0,1.0,N,6:55,120-07443,2017-11-28 06:53:00
2863,2.02E+17,2018-10-08 00:00:00,MO,19:11:00,0,0,0,0,P,N,N,1.0,2,NJ 3                                              ,E,3,2.64,2,2.0,2.0,6.0,2.0,1.0,1.0,N,19:10,120-07443,2018-10-08 19:11:00
2864,2.02E+17,2018-10-08 00:00:00,MO,19:13:00,0,1,0,0,I,N,N,2.0,2,NJ 3                                              ,E,3,1.29,2,2.0,2.0,3.0,2.0,1.0,1.0,N,19:15,120-07446,2018-10-08 19:13:00
2865,2.02E+17,2017-11-29 00:00:00,WE,19:28:00,0,0,0,0,P,N,N,1.0,2,NJ 3                                              ,E,3,2.64,2,2.0,1.0,4.0,1.0,5.0,1.0,N,19:30,120-07443,2017-11-29 19:28:00
2866,2.02E+17,2018-10-09 00:00:00,TU,14:27:00,0,2,0,0,I,N,N,1.0,3,NJ 3                                              ,E,3,2.69,2,2.0,1.0,1.0,1.0,5.0,1.0,N,14:25,120-07443,2018-10-09 14:27:00
2867,2.02E+17,2018-10-11 00:00:00,TH,8:54:00,0,0,0,0,P,N,N,1.0,3,NJ 3                                              ,E,3,4.89,2,2.0,1.0,1.0,5.0,1.0,1.0,N,8:55,120-04738,2018-10-11 08:54:00
2868,2.02E+17,2017-12-02 00:00:00,SA,13:53:00,0,0,0,0,P,N,N,1.0,2,NJ 3                                              ,E,3,1.44,2,2.0,1.0,1.0,1.0,4.0,1.0,N,13:55,120-07444,2017-12-02 13:53:00
2869,2.02E+17,2018-10-11 00:00:00,TH,19:58:00,0,0,0,0,P,N,N,1.0,2,NJ 3                                              ,E,3,3.77,2,2.0,2.0,6.0,2.0,2.0,1.0,N,20:00,120-04740,2018-10-11 19:58:00
2870,2.02E+17,2018-10-12 00:00:00,FR,23:06:00,0,1,0,0,I,N,N,1.0,2,NJ 3                                              ,E,3,0.7,2,2.0,1.0,6.0,1.0,1.0,2.0,N,23:05,120N07448,2018-10-12 23:06:00
2871,2.02E+17,2017-12-05 00:00:00,TU,8:17:00,0,0,0,0,P,N,N,1.0,2,NJ 3                                              ,E,3,4.85,2,2.0,2.0,1.0,2.0,1.0,1.0,N,8:15,120-04738,2017-12-05 08:17:00
2873,2.02E+17,2018-10-15 00:00:00,MO,8:57:00,0,1,0,0,I,N,N,1.0,2,NJ 3                                              ,E,3,1.92,2,2.0,2.0,1.0,2.0,1.0,1.0,N,8:55,120-07444,2018-10-15 08:57:00
2874,2.02E+17,2018-10-15 00:00:00,MO,9:28:00,0,0,0,0,P,N,N,1.0,2,NJ 3                                              ,E,3,0.01,2,2.0,2.0,1.0,2.0,3.0,1.0,N,9:30,120-07448,2018-10-15 09:28:00
2875,2.02E+17,2017-12-09 00:00:00,SA,10:56:00,0,0,0,0,P,N,N,11.0,1,NJ 3                                              ,E,3,2.7,2,2.0,3.0,1.0,3.0,1.0,1.0,N,10:55,120-07443,2017-12-09 10:56:00
2876,2.02E+17,2017-12-10 00:00:00,SU,9:33:00,0,0,0,0,P,N,N,1.0,2,NJ 3                                              ,E,3,3.84,2,2.0,1.0,1.0,1.0,1.0,1.0,N,9:35,120-04740,2017-12-10 09:33:00
2877,2.02E+17,2018-10-16 00:00:00,TU,23:46:00,0,0,0,0,P,N,N,2.0,2,NJ 3                                              ,E,3,4.7,2,2.0,1.0,6.0,1.0,1.0,1.0,N,23:45,120N04739,2018-10-16 23:46:00
2878,2.02E+17,2018-10-17 00:00:00,WE,7:47:00,0,0,0,0,P,N,N,1.0,2,NJ 3                                              ,E,3,4.91,2,1.0,1.0,1.0,1.0,1.0,1.0,N,7:45,120-04738,2018-10-17 07:47:00
2879,2.02E+17,2017-12-12 00:00:00,TU,14:23:00,0,1,0,0,I,N,N,10.0,1,NJ 3                                              ,E,3,0.51,2,2.0,2.0,1.0,2.0,5.0,1.0,N,14:25,120N07448,2017-12-12 14:23:00
2880,2.02E+17,2018-10-17 00:00:00,WE,8:27:00,0,0,0,0,P,N,N,11.0,1,NJ 3                                              ,E,3,4.9,2,1.0,1.0,1.0,1.0,1.0,1.0,N,8:25,120-04738,2018-10-17 08:27:00
2881,2.02E+17,2017-12-12 00:00:00,TU,18:43:00,0,0,0,0,P,N,N,1.0,2,NJ 3                                              ,E,3,0.51,2,2.0,2.0,6.0,5.0,1.0,1.0,N,18:45,120N07448,2017-12-12 18:43:00
2882,2.02E+17,2018-10-17 00:00:00,WE,11:28:00,0,4,0,0,I,N,N,1.0,4,NJ 3                                              ,E,3,4.75,2,2.0,1.0,1.0,1.0,1.0,1.0,N,11:30,120-04738,2018-10-17 11:28:00
2883,2.02E+17,2018-10-17 00:00:00,WE,18:16:00,0,0,0,0,P,N,N,1.0,3,NJ 3                                              ,E,3,1.77,2,2.0,1.0,5.0,1.0,1.0,1.0,N,18:15,120-07444,2018-10-17 18:16:00
2885,2.02E+17,2018-10-18 00:00:00,TH,7:33:00,0,0,0,0,P,N,N,2.0,2,NJ 3                                              ,E,3,4.42,2,2.0,1.0,1.0,1.0,5.0,1.0,N,7:35,120-04739,2018-10-18 07:33:00
2886,2.02E+17,2017-12-15 00:00:00,FR,22:15:00,0,0,0,0,P,N,N,11.0,1,NJ 3                                              ,E,3,0.32,2,2.0,4.0,5.0,5.0,1.0,1.0,N,22:15,120-07448,2017-12-15 22:15:00
2887,2.02E+17,2017-12-15 00:00:00,FR,22:34:00,0,0,0,0,P,N,N,2.0,2,NJ 3                                              ,E,3,0.6,2,2.0,4.0,6.0,3.0,1.0,1.0,N,22:35,120N07448,2017-12-15 22:34:00
2888,2.02E+17,2018-10-19 00:00:00,FR,16:35:00,0,0,0,0,P,N,N,1.0,2,NJ 3                                              ,E,3,2.79,2,2.0,1.0,1.0,1.0,1.0,1.0,N,16:35,120-07443,2018-10-19 16:35:00
2889,2.02E+17,2018-10-19 00:00:00,FR,20:54:00,0,0,0,0,P,N,N,1.0,2,NJ 3                                              ,E,3,0.15,2,2.0,1.0,6.0,1.0,1.0,1.0,N,20:55,120-07448,2018-10-19 20:54:00
2890,2.02E+17,2017-12-17 00:00:00,SU,16:46:00,0,0,0,0,P,N,N,1.0,3,NJ 3                                              ,E,3,3.44,2,2.0,1.0,5.0,1.0,1.0,1.0,N,16:45,120N07442,2017-12-17 16:46:00
2891,2.02E+17,2017-12-18 00:00:00,MO,7:53:00,0,0,0,0,P,N,N,1.0,2,NJ 3                                              ,E,3,3.33,2,2.0,1.0,1.0,1.0,1.0,1.0,N,7:55,120-07442,2017-12-18 07:53:00
2892,2.02E+17,2018-10-23 00:00:00,TU,12:07:00,0,1,0,0,I,N,N,11.0,1,NJ 3                                              ,E,3,4.85,2,2.0,1.0,1.0,1.0,4.0,1.0,N,12:05,120-04738,2018-10-23 12:07:00
2894,2.02E+17,2018-10-23 00:00:00,TU,19:18:00,0,1,0,0,I,N,N,3.0,2,NJ 3                                              ,E,3,1.26,2,2.0,1.0,6.0,1.0,5.0,1.0,N,19:20,120N07447,2018-10-23 19:18:00
2895,2.02E+17,2018-10-24 00:00:00,WE,8:42:00,0,0,0,0,P,N,N,1.0,3,NJ 3                                              ,E,3,2.73,2,2.0,1.0,1.0,1.0,1.0,1.0,N,8:40,120-07443,2018-10-24 08:42:00
2896,2.02E+17,2017-12-19 00:00:00,TU,17:39:00,0,0,0,0,P,N,N,11.0,1,NJ 3                                              ,E,3,4.95,2,2.0,1.0,6.0,1.0,1.0,1.0,N,17:40,120-04738,2017-12-19 17:39:00
2898,2.02E+17,2018-10-24 00:00:00,WE,21:09:00,0,0,0,0,P,N,N,1.0,2,NJ 3                                              ,E,3,4.89,2,2.0,1.0,6.0,1.0,1.0,1.0,N,21:10,120-04738,2018-10-24 21:09:00
2899,2.02E+17,2018-10-25 00:00:00,TH,9:11:00,0,0,0,0,P,N,N,1.0,2,NJ 3                                              ,E,3,2.68,2,2.0,1.0,1.0,1.0,1.0,1.0,N,9:10,120-07443,2018-10-25 09:11:00
2900,2.02E+17,2017-12-20 00:00:00,WE,18:03:00,0,2,0,0,I,N,N,1.0,2,NJ 3                                              ,E,3,0.51,2,2.0,1.0,6.0,1.0,2.0,1.0,N,18:05,120N07448,2017-12-20 18:03:00
2901,2.02E+17,2018-10-30 00:00:00,TU,14:16:00,0,0,0,0,P,N,N,1.0,2,NJ 3                                              ,E,3,2.64,2,2.0,1.0,1.0,1.0,1.0,1.0,N,14:15,120-07443,2018-10-30 14:16:00
2902,2.02E+17,2017-12-21 00:00:00,TH,9:53:00,0,0,0,0,P,N,N,15.0,2,NJ 3                                              ,E,3,0.0,2,2.0,1.0,1.0,1.0,1.0,1.0,N,9:55,120-07448,2017-12-21 09:53:00
2903,2.02E+17,2018-10-31 00:00:00,WE,21:51:00,0,1,0,0,I,N,N,1.0,3,NJ 3                                              ,E,3,3.28,2,2.0,1.0,7.0,1.0,1.0,2.0,N,21:50,120-07442,2018-10-31 21:51:00
2904,2.02E+17,2018-11-01 00:00:00,TH,14:22:00,0,0,0,0,P,N,N,1.0,2,NJ 3                                              ,E,3,2.64,2,2.0,1.0,1.0,1.0,5.0,1.0,N,14:20,120-07443,2018-11-01 14:22:00
2906,2.02E+17,2018-11-03 00:00:00,SA,16:28:00,0,0,0,0,P,N,N,2.0,2,NJ 3                                              ,E,3,0.0,2,2.0,1.0,1.0,1.0,1.0,1.0,N,16:30,120-07448,2018-11-03 16:28:00
2907,2.02E+17,2017-12-22 00:00:00,FR,13:30:00,0,1,0,0,I,N,N,1.0,2,NJ 3                                              ,E,3,3.8,2,2.0,1.0,1.0,5.0,1.0,1.0,N,13:30,120-04740,2017-12-22 13:30:00
2908,2.02E+17,2017-12-22 00:00:00,FR,14:50:00,0,0,0,0,P,N,N,1.0,2,NJ 3                                              ,E,3,2.66,2,2.0,1.0,1.0,1.0,4.0,1.0,N,14:50,120-07443,2017-12-22 14:50:00
2909,2.02E+17,2017-12-22 00:00:00,FR,14:53:00,0,1,0,0,I,N,N,1.0,2,NJ 3                                              ,E,3,3.73,2,2.0,1.0,1.0,5.0,1.0,1.0,N,14:55,120-04740,2017-12-22 14:53:00
2910,2.02E+17,2018-11-04 00:00:00,SU,19:07:00,0,0,0,0,P,N,N,11.0,1,NJ 3                                              ,E,3,2.73,2,2.0,1.0,6.0,1.0,4.0,1.0,N,19:05,120-07443,2018-11-04 19:07:00
2912,2.02E+17,2017-12-28 00:00:00,TH,20:07:00,0,0,0,0,P,N,N,2.0,2,NJ 3                                              ,E,3,2.64,2,2.0,1.0,6.0,1.0,4.0,1.0,N,20:05,120-07443,2017-12-28 20:07:00
2913,2.02E+17,2018-11-13 00:00:00,TU,13:13:00,0,0,0,0,P,N,N,1.0,2,NJ 3                                              ,E,3,2.8,2,2.0,1.0,1.0,5.0,5.0,1.0,N,13:15,120-07443,2018-11-13 13:13:00
2915,2.02E+17,2018-11-14 00:00:00,WE,9:17:00,0,0,0,0,P,N,N,1.0,2,NJ 3                                              ,E,3,3.7,2,2.0,1.0,1.0,1.0,2.0,1.0,N,9:15,120-04740,2018-11-14 09:17:00
2916,2.02E+17,2018-11-15 00:00:00,TH,6:35:00,0,0,0,0,P,N,N,2.0,2,NJ 3                                              ,E,3,2.65,2,2.0,1.0,1.0,5.0,1.0,1.0,N,6:35,120-07443,2018-11-15 06:35:00
2917,2.02E+17,2018-11-15 00:00:00,TH,20:37:00,0,0,0,0,P,N,N,1.0,3,NJ 3                                              ,E,3,4.83,2,2.0,3.0,5.0,2.0,1.0,1.0,N,20:35,120-04738,2018-11-15 20:37:00
2918,2.02E+17,2018-11-18 00:00:00,SU,15:46:00,0,1,0,0,I,N,N,1.0,2,NJ 3                                              ,E,3,3.48,2,2.0,1.0,1.0,1.0,4.0,1.0,N,15:45,120N07442,2018-11-18 15:46:00
2919,2.02E+17,2018-11-21 00:00:00,WE,10:52:00,0,0,0,0,P,N,N,1.0,2,NJ 3                                              ,E,3,2.66,2,2.0,1.0,1.0,1.0,5.0,1.0,N,10:50,120-07443,2018-11-21 10:52:00
2920,2.02E+17,2018-11-26 00:00:00,MO,11:40:00,0,0,0,0,P,N,N,2.0,2,NJ 3                                              ,E,3,2.75,2,2.0,1.0,1.0,1.0,1.0,1.0,N,11:40,120-07443,2018-11-26 11:40:00
2921,2.02E+17,2018-11-28 00:00:00,WE,18:19:00,0,0,0,0,P,N,N,2.0,2,NJ 3                                              ,E,3,2.55,2,2.0,1.0,6.0,1.0,1.0,1.0,N,18:20,120-07443,2018-11-28 18:19:00
2922,2.02E+17,2018-11-28 00:00:00,WE,19:32:00,0,0,0,0,P,N,N,1.0,2,NJ 3                                              ,E,3,2.63,2,2.0,1.0,6.0,1.0,1.0,1.0,N,19:30,120-07443,2018-11-28 19:32:00
2923,2.02E+17,2018-12-03 00:00:00,MO,16:59:00,0,0,0,0,P,N,N,1.0,2,NJ 3                                              ,E,3,4.89,2,2.0,1.0,6.0,1.0,5.0,1.0,N,17:00,120-04738,2018-12-03 16:59:00
2924,2.02E+17,2018-12-03 00:00:00,MO,17:19:00,0,0,0,0,P,N,N,1.0,2,NJ 3                                              ,E,3,4.8,2,2.0,1.0,6.0,1.0,4.0,1.0,N,17:20,120-04738,2018-12-03 17:19:00
2925,2.02E+17,2018-12-04 00:00:00,TU,14:24:00,0,0,0,0,P,N,N,2.0,2,NJ 3                                              ,E,3,0.17,2,2.0,1.0,1.0,1.0,2.0,1.0,N,14:25,120-07448,2018-12-04 14:24:00
2926,2.02E+17,2018-12-05 00:00:00,WE,9:11:00,0,0,0,0,P,N,N,1.0,2,NJ 3                                              ,E,3,4.85,2,2.0,1.0,1.0,1.0,5.0,1.0,N,9:10,120-04738,2018-12-05 09:11:00
2927,2.02E+17,2018-12-05 00:00:00,WE,9:10:00,0,0,0,0,P,N,N,1.0,2,NJ 3                                              ,E,3,3.43,2,2.0,1.0,1.0,1.0,1.0,1.0,N,9:10,120N07442,2018-12-05 09:10:00
2928,2.02E+17,2018-12-08 00:00:00,SA,21:21:00,0,1,0,0,I,N,N,6.0,2,NJ 3                                              ,E,3,1.39,2,2.0,1.0,5.0,1.0,1.0,1.0,N,21:20,120-07444,2018-12-08 21:21:00
2929,2.02E+17,2018-12-10 00:00:00,MO,10:40:00,0,0,0,0,P,N,N,3.0,2,NJ 3                                              ,E,3,3.32,2,2.0,1.0,1.0,1.0,5.0,1.0,N,10:40,120-07442,2018-12-10 10:40:00
2930,2.02E+17,2018-12-11 00:00:00,TU,14:31:00,0,0,0,0,P,N,N,1.0,2,NJ 3                                              ,E,3,0.5,2,2.0,1.0,1.0,1.0,1.0,1.0,N,14:30,120N07448,2018-12-11 14:31:00
2931,2.02E+17,2018-12-12 00:00:00,WE,18:51:00,0,1,0,0,I,N,N,1.0,2,NJ 3                                              ,E,3,0.52,2,2.0,1.0,6.0,1.0,1.0,1.0,N,18:50,120N07448,2018-12-12 18:51:00
2932,2.02E+17,2018-12-15 00:00:00,SA,3:45:00,0,0,0,0,P,N,N,5.0,2,NJ 3                                              ,E,3,2.7,2,2.0,2.0,6.0,2.0,5.0,1.0,N,3:45,120-07443,2018-12-15 03:45:00
2933,2.02E+17,2018-12-19 00:00:00,WE,17:15:00,0,0,0,0,P,N,N,1.0,2,NJ 3                                              ,E,3,2.63,2,2.0,1.0,6.0,1.0,1.0,1.0,N,17:15,120-07443,2018-12-19 17:15:00
2934,2.02E+17,2018-12-25 00:00:00,TU,13:34:00,0,0,0,0,P,N,N,1.0,2,NJ 3                                              ,E,3,0.5,2,2.0,1.0,1.0,1.0,2.0,1.0,N,13:35,120N07448,2018-12-25 13:34:00
2935,2.02E+17,2018-12-28 00:00:00,FR,18:26:00,0,0,0,0,P,N,N,1.0,2,NJ 3                                              ,E,3,2.64,2,2.0,2.0,6.0,5.0,5.0,1.0,N,18:25,120-07443,2018-12-28 18:26:00
2936,2.02E+17,2018-12-29 00:00:00,SA,14:15:00,0,1,0,0,I,N,N,1.0,2,NJ 3                                              ,E,3,2.64,2,2.0,1.0,1.0,1.0,1.0,1.0,N,14:15,120-07443,2018-12-29 14:15:00
2937,2.02E+17,2018-12-31 00:00:00,MO,13:57:00,0,0,0,0,P,N,N,1.0,2,NJ 3                                              ,E,3,3.91,2,2.0,2.0,1.0,2.0,5.0,1.0,N,13:55,120-04740,2018-12-31 13:57:00
2938,20181602B060-2018-00347A       ,2018-01-29 00:00:00,MO,1:55:00,0,0,0,0,P,N,N,11.0,1,NJ 3                                              ,E,3,3.0,2,2.0,1.0,1.0,1.0,1.0,1.0,N,1:55,120-07443,2018-01-29 01:55:00
2939,20130212ER-13-00757            ,2013-01-26 00:00:00,SA,8:15:00,0,0,0,0,P,N,N,11.0,1,NJ 3                                              ,W,3,6.86,2,2.0,4.0,1.0,1.0,5.0,1.0,N,8:15,120+04737,2013-01-26 08:15:00
2940,20160212ER-16-04508            ,2016-06-06 00:00:00,M ,2:08:00,0,0,0,0,P,N,N,1.0,2,NJ 3                                              ,W,3,6.86,2,2.0,1.0,6.0,1.0,4.0,1.0,N,2:10,120+04737,2016-06-06 02:08:00
2943,2015025615-19943               ,2015-09-01 00:00:00,TU,8:53:00,0,0,0,0,P,N,N,1.0,2,NJ 3                                              ,W,3,6.4,2,2.0,1.0,1.0,1.0,5.0,1.0,N,8:55,120+04737,2015-09-01 08:53:00
2946,2.02E+15,2015-06-18 00:00:00,TH,8:10:00,0,0,0,0,P,N,N,8.0,2,NJ 3                                              ,W,3,10.84,2,2.0,1.0,1.0,1.0,1.0,1.0,N,8:10,120P13767,2015-06-18 08:10:00
2949,2.02E+15,2015-10-29 00:00:00,TH,2:10:00,0,0,0,0,P,N,N,1.0,2,NJ 3                                              ,W,3,10.84,2,2.0,2.0,6.0,2.0,1.0,1.0,N,2:10,120P13767,2015-10-29 02:10:00
2951,2.02E+15,2016-01-06 00:00:00,W ,22:37:00,0,2,0,0,I,N,N,1.0,2,NJ 3                                              ,W,3,10.84,2,2.0,1.0,6.0,1.0,3.0,1.0,N,22:35,120P13767,2016-01-06 22:37:00
2953,2.02E+15,2017-01-21 00:00:00,SA,16:02:00,0,0,0,0,P,N,N,2.0,2,NJ 3                                              ,W,3,10.84,2,1.0,1.0,6.0,1.0,2.0,1.0,N,16:00,120P13767,2017-01-21 16:02:00
2954,2.02E+15,2017-03-26 00:00:00,SU,21:26:00,0,0,0,0,P,N,N,1.0,2,NJ 3                                              ,W,3,10.84,2,2.0,2.0,6.0,2.0,1.0,,N,21:25,120P13767,2017-03-26 21:26:00
2956,2.02E+15,2017-03-26 00:00:00,SU,21:26:00,0,0,0,0,P,N,N,1.0,2,NJ 3                                              ,W,3,10.84,2,2.0,2.0,6.0,2.0,1.0,,N,21:25,120P13767,2017-03-26 21:26:00
2958,2.02E+15,2017-05-30 00:00:00,TU,23:13:00,0,0,0,0,P,N,N,1.0,3,NJ 3                                              ,W,3,10.84,2,2.0,2.0,7.0,2.0,1.0,,N,23:15,120P13767,2017-05-30 23:13:00
2959,2.02E+15,2017-11-19 00:00:00,SU,7:03:00,0,0,0,0,P,N,N,1.0,2,NJ 3                                              ,W,3,10.84,2,2.0,2.0,1.0,2.0,1.0,1.0,N,7:05,120P13767,2017-11-19 07:03:00
2960,2.02E+15,2017-12-06 00:00:00,WE,13:00:00,0,0,0,0,P,N,N,1.0,2,NJ 3                                              ,W,3,10.84,2,2.0,1.0,1.0,1.0,1.0,1.0,N,13:00,120P13767,2017-12-06 13:00:00
2961,2015090915-012999              ,2015-08-29 00:00:00,SA,12:50:00,0,0,0,0,P,N,N,1.0,2,NJ 3                                              ,W,3,9.12,2,2.0,1.0,1.0,1.0,2.0,1.0,N,12:50,120+04732,2015-08-29 12:50:00
2962,2018090818-078679              ,2018-08-29 00:00:00,WE,13:33:00,0,0,0,0,P,N,N,1.0,2,NJ 3                                              ,W,3,10.5,2,2.0,1.0,1.0,1.0,1.0,1.0,N,13:35,120P13767,2018-08-29 13:33:00
2963,2014090914-017514              ,2014-11-03 00:00:00,M ,16:12:00,0,0,0,0,P,N,N,2.0,2,NJ 3                                              ,W,3,8.6,2,2.0,1.0,1.0,1.0,2.0,1.0,N,16:10,120+04733,2014-11-03 16:12:00
2964,2018090818-117415              ,2018-12-10 00:00:00,MO,6:15:00,0,0,0,0,P,N,N,1.0,2,NJ 3                                              ,W,3,10.84,2,2.0,1.0,6.0,1.0,1.0,1.0,N,6:15,120P13767,2018-12-10 06:15:00
2965,2.02E+15,2018-03-03 00:00:00,SA,20:07:00,0,0,0,0,P,N,N,1.0,2,NJ 3                                              ,W,3,10.46,2,2.0,1.0,6.0,1.0,3.0,1.0,N,20:05,120+04729,2018-03-03 20:07:00
2966,2015132215-4480                ,2015-06-04 00:00:00,TH,11:34:00,0,0,0,0,P,N,N,2.0,2,MONMOUTH COUNTY 3                                 ,W,3,12.78,5,2.0,1.0,1.0,1.0,5.0,1.0,N,11:35,120P13767,2015-06-04 11:34:00
2967,2015132615MN00624              ,2015-01-09 00:00:00,F ,7:24:00,0,0,0,0,P,N,N,1.0,2,MONMOUTH COUNTY 3                                 ,W,3,0.79,5,2.0,3.0,1.0,3.0,1.0,1.0,N,7:25,120+07448,2015-01-09 07:24:00
2968,2015132615MN02392              ,2015-01-30 00:00:00,F ,19:19:00,0,0,0,0,P,N,N,1.0,2,MONMOUTH COUNTY 3                                 ,W,3,1.19,5,2.0,1.0,7.0,1.0,5.0,1.0,N,19:20,120P07447,2015-01-30 19:19:00
2969,2015132615MN04127              ,2015-02-21 00:00:00,SA,21:19:00,0,0,0,0,P,N,N,11.0,1,MONMOUTH COUNTY 3                                 ,W,3,2.51,5,2.0,5.0,6.0,2.0,5.0,1.0,N,21:20,120+07444,2015-02-21 21:19:00
2970,2015132615MN04144              ,2015-02-22 00:00:00,S ,7:15:00,0,0,0,0,P,N,N,11.0,1,MONMOUTH COUNTY 3                                 ,W,3,4.14,5,2.0,4.0,1.0,2.0,5.0,1.0,N,7:15,120+07442,2015-02-22 07:15:00
2971,2015132615MN04583              ,2015-02-27 00:00:00,F ,8:37:00,0,1,0,0,I,N,N,1.0,4,MONMOUTH COUNTY 3                                 ,W,3,1.15,5,2.0,1.0,1.0,1.0,5.0,1.0,N,8:35,120P07447,2015-02-27 08:37:00
2972,2015132615MN04841              ,2015-03-01 00:00:00,S ,17:16:00,0,0,0,0,P,N,N,11.0,1,MONMOUTH COUNTY 3                                 ,W,3,1.87,5,2.0,4.0,1.0,2.0,5.0,1.0,N,17:15,120+07445,2015-03-01 17:16:00
2973,2015132615MN04891              ,2015-03-02 00:00:00,M ,14:59:00,0,0,0,0,P,N,N,1.0,2,MONMOUTH COUNTY 3                                 ,W,3,0.8,5,2.0,1.0,1.0,1.0,5.0,1.0,N,15:00,120+07448,2015-03-02 14:59:00
2974,2015132615MN07287              ,2015-03-25 00:00:00,W ,19:33:00,0,0,0,0,P,N,N,12.0,1,MONMOUTH COUNTY 3                                 ,W,3,1.52,5,2.0,2.0,7.0,2.0,5.0,1.0,N,19:35,120+07445,2015-03-25 19:33:00
2975,2015132615MN07518              ,2015-03-27 00:00:00,F ,17:17:00,0,0,0,0,P,N,N,3.0,2,MONMOUTH COUNTY 3                                 ,W,3,1.68,5,2.0,1.0,1.0,1.0,5.0,1.0,N,17:15,120+07445,2015-03-27 17:17:00
2976,2015132615MN07519              ,2015-03-27 00:00:00,F ,17:38:00,0,0,0,0,P,N,N,8.0,2,MONMOUTH COUNTY 3                                 ,W,3,2.1,5,2.0,1.0,1.0,5.0,5.0,1.0,N,17:40,120+07445,2015-03-27 17:38:00
2977,2015132615MN07672              ,2015-03-28 00:00:00,SA,23:16:00,0,1,0,0,I,N,N,11.0,1,MONMOUTH COUNTY 3                                 ,W,3,3.23,5,2.0,1.0,6.0,1.0,5.0,1.0,N,23:15,120P07443,2015-03-28 23:16:00