,CRASH_ID,DATE,DAY,TIME,KILLED,INJURED,PED_KILL,PED_INJ,SEVERITY,ALCOHOL,HAZMAT,CRASH_TYPE,VEH_COUNT,LOCATION,LOC_DIR,ROUTE,MP,RD_SYS,RD_SURF,SURF_COND,LIGHT,WEATHER,RD_DIV,RD_WRKZN,CELL_USE,TIME_ROUND,TMC,timestamp
2978,2015132615MN07795              ,2015-03-30 00:00:00,M ,7:18:00,0,3,0,0,I,N,N,3.0,2,MONMOUTH COUNTY 3                                 ,W,3,1.43,5,2.0,2.0,1.0,5.0,5.0,1.0,N,7:20,120P07446,2015-03-30 07:18:00
2979,2015132615MN08177              ,2015-04-02 00:00:00,TH,17:14:00,0,0,0,0,P,N,N,3.0,2,MONMOUTH COUNTY 3                                 ,W,3,3.65,5,2.0,1.0,1.0,1.0,5.0,1.0,N,17:15,120+07442,2015-04-02 17:14:00
2980,2015132615MN08200              ,2015-04-02 00:00:00,TH,21:40:00,0,0,0,0,P,N,N,1.0,2,MONMOUTH COUNTY 3                                 ,W,3,0.71,5,2.0,1.0,7.0,1.0,5.0,1.0,N,21:40,120+07448,2015-04-02 21:40:00
2981,2015132615MN10264              ,2015-04-24 00:00:00,F ,10:07:00,0,0,0,0,P,N,N,1.0,2,MONMOUTH COUNTY 3                                 ,W,3,3.7,5,2.0,1.0,1.0,1.0,5.0,1.0,N,10:05,120+07442,2015-04-24 10:07:00
2982,2015132615MN10555              ,2015-04-26 00:00:00,S ,12:00:00,0,0,0,0,P,N,N,1.0,2,MONMOUTH COUNTY 3                                 ,W,3,3.65,5,2.0,1.0,1.0,1.0,5.0,1.0,N,12:00,120+07442,2015-04-26 12:00:00
2983,2015132615MN10646              ,2015-04-27 00:00:00,M ,7:03:00,0,0,0,0,P,N,N,12.0,1,MONMOUTH COUNTY 3                                 ,W,3,2.26,5,2.0,1.0,1.0,1.0,5.0,1.0,N,7:05,120+07445,2015-04-27 07:03:00
2984,2015132615MN12134              ,2015-05-11 00:00:00,M ,15:07:00,0,0,0,0,P,N,N,1.0,2,MONMOUTH COUNTY 3                                 ,W,3,1.08,5,2.0,1.0,1.0,1.0,5.0,1.0,N,15:05,120+07448,2015-05-11 15:07:00
2985,2015132615MN12370              ,2015-05-13 00:00:00,W ,18:45:00,0,0,0,0,P,N,N,1.0,3,MONMOUTH COUNTY 3                                 ,W,3,0.69,5,2.0,1.0,1.0,1.0,5.0,1.0,N,18:45,120P07448,2015-05-13 18:45:00
2986,2015132615MN12545              ,2015-05-15 00:00:00,F ,15:02:00,0,1,0,0,I,N,N,1.0,3,MONMOUTH COUNTY 3                                 ,W,3,0.38,5,2.0,1.0,1.0,1.0,5.0,1.0,N,15:00,120+07449,2015-05-15 15:02:00
2987,2015132615MN12755              ,2015-05-18 00:00:00,M ,7:21:00,0,2,0,0,I,N,N,3.0,3,MONMOUTH COUNTY 3                                 ,W,3,1.43,5,2.0,1.0,1.0,1.0,5.0,1.0,N,7:20,120P07446,2015-05-18 07:21:00
2988,2015132615MN13126              ,2015-05-21 00:00:00,TH,14:31:00,0,0,0,0,P,N,N,1.0,2,MONMOUTH COUNTY 3                                 ,W,3,1.21,5,2.0,2.0,1.0,2.0,4.0,1.0,N,14:30,120P07447,2015-05-21 14:31:00
2989,2015132615MN13327              ,2015-05-23 00:00:00,SA,15:55:00,0,0,0,0,P,N,N,1.0,2,MONMOUTH COUNTY 3                                 ,W,3,3.65,5,2.0,1.0,1.0,1.0,5.0,1.0,N,15:55,120+07442,2015-05-23 15:55:00
2990,2015132615MN14276              ,2015-06-02 00:00:00,TU,20:38:00,0,0,0,0,P,N,N,12.0,1,MONMOUTH COUNTY 3                                 ,W,3,2.7,5,2.0,2.0,4.0,2.0,5.0,1.0,N,20:40,120+07444,2015-06-02 20:38:00
2991,2015132615MN15852              ,2015-06-17 00:00:00,W ,15:26:00,0,0,0,0,P,N,N,1.0,2,MONMOUTH COUNTY 3                                 ,W,3,2.6,5,2.0,1.0,1.0,1.0,5.0,1.0,N,15:25,120+07444,2015-06-17 15:26:00
2992,2015132615MN16634              ,2015-06-24 00:00:00,W ,15:59:00,0,0,0,0,P,N,N,1.0,2,MONMOUTH COUNTY 3                                 ,W,3,3.8,5,2.0,1.0,1.0,1.0,4.0,1.0,N,16:00,120+07442,2015-06-24 15:59:00
2993,2015132615MN17589              ,2015-07-03 00:00:00,F ,16:13:00,0,0,0,0,P,N,N,1.0,3,MONMOUTH COUNTY 3                                 ,W,3,1.2,5,2.0,1.0,1.0,1.0,5.0,1.0,N,16:15,120P07447,2015-07-03 16:13:00
2994,2015132615MN18198              ,2015-07-09 00:00:00,TH,8:42:00,0,0,0,0,P,N,N,1.0,2,MONMOUTH COUNTY 3                                 ,W,3,2.19,5,2.0,2.0,1.0,2.0,4.0,1.0,N,8:40,120+07445,2015-07-09 08:42:00
2995,2015132615MN18788              ,2015-07-14 00:00:00,TU,16:59:00,0,0,0,0,P,N,N,1.0,2,MONMOUTH COUNTY 3                                 ,W,3,1.03,5,2.0,1.0,1.0,1.0,5.0,1.0,N,17:00,120+07448,2015-07-14 16:59:00
2996,2015132615MN19101              ,2015-07-17 00:00:00,F ,17:40:00,0,1,0,0,I,N,N,1.0,3,MONMOUTH COUNTY 3                                 ,W,3,3.65,5,2.0,1.0,1.0,1.0,5.0,1.0,N,17:40,120+07442,2015-07-17 17:40:00
2997,2015132615MN20676              ,2015-07-30 00:00:00,TH,18:25:00,0,1,0,0,I,N,N,4.0,2,MONMOUTH COUNTY 3                                 ,W,3,0.89,5,2.0,2.0,1.0,1.0,5.0,1.0,N,18:25,120+07448,2015-07-30 18:25:00
2998,2015132615MN21095              ,2015-08-03 00:00:00,M ,16:40:00,0,0,0,0,P,N,N,1.0,2,MONMOUTH COUNTY 3                                 ,W,3,0.5,5,2.0,1.0,1.0,1.0,5.0,1.0,N,16:40,120+07449,2015-08-03 16:40:00
2999,2015132615MN21252              ,2015-08-05 00:00:00,W ,12:14:00,0,0,0,0,P,N,N,1.0,2,MONMOUTH COUNTY 3                                 ,W,3,1.2,5,2.0,1.0,1.0,1.0,5.0,1.0,N,12:15,120P07447,2015-08-05 12:14:00
3000,2015132615MN22190              ,2015-08-14 00:00:00,F ,17:42:00,0,0,0,0,P,N,N,1.0,2,MONMOUTH COUNTY 3                                 ,W,3,1.26,5,2.0,1.0,1.0,1.0,5.0,1.0,N,17:40,120P07447,2015-08-14 17:42:00
3001,2015132615MN23422              ,2015-08-25 00:00:00,TU,14:13:00,0,0,0,0,P,N,N,1.0,2,MONMOUTH COUNTY 3                                 ,W,3,3.5,5,2.0,1.0,1.0,1.0,5.0,1.0,N,14:15,120+07443,2015-08-25 14:13:00
3002,2015132615MN23949              ,2015-08-29 00:00:00,SA,11:27:00,0,1,0,0,I,N,N,1.0,5,MONMOUTH COUNTY 3                                 ,W,3,0.61,5,2.0,1.0,1.0,1.0,4.0,1.0,N,11:25,120P07448,2015-08-29 11:27:00
3003,2015132615MN24675              ,2015-09-05 00:00:00,SA,13:57:00,0,0,0,0,P,N,N,1.0,2,MONMOUTH COUNTY 3                                 ,W,3,1.08,5,2.0,1.0,1.0,1.0,4.0,1.0,N,13:55,120+07448,2015-09-05 13:57:00
3004,2015132615MN27834              ,2015-10-03 00:00:00,SA,12:11:00,0,0,0,0,P,N,N,11.0,1,MONMOUTH COUNTY 3                                 ,W,3,1.05,5,2.0,2.0,1.0,2.0,4.0,1.0,N,12:10,120+07448,2015-10-03 12:11:00
3005,2015132615MN28165              ,2015-10-06 00:00:00,TU,18:46:00,0,0,0,0,P,N,N,1.0,2,MONMOUTH COUNTY 3                                 ,W,3,2.22,5,2.0,1.0,3.0,1.0,,,N,18:45,120+07445,2015-10-06 18:46:00
3006,2015132615MN28612              ,2015-10-10 00:00:00,SA,17:31:00,0,0,0,0,P,N,N,1.0,2,MONMOUTH COUNTY 3                                 ,W,3,3.43,5,2.0,1.0,1.0,1.0,5.0,1.0,N,17:30,120+07443,2015-10-10 17:31:00
3007,2015132615MN29086              ,2015-10-14 00:00:00,W ,15:06:00,0,1,0,0,I,N,N,7.0,2,MONMOUTH COUNTY 3                                 ,W,3,3.8,5,2.0,1.0,1.0,1.0,5.0,1.0,N,15:05,120+07442,2015-10-14 15:06:00
3008,2015132615MN29169              ,2015-10-15 00:00:00,TH,7:15:00,0,0,0,0,P,N,N,1.0,2,MONMOUTH COUNTY 3                                 ,W,3,0.61,5,2.0,1.0,1.0,1.0,5.0,1.0,N,7:15,120P07448,2015-10-15 07:15:00
3009,2015132615MN29435              ,2015-10-17 00:00:00,SA,13:53:00,0,0,0,0,P,N,N,1.0,2,MONMOUTH COUNTY 3                                 ,W,3,1.03,5,2.0,1.0,1.0,1.0,5.0,1.0,N,13:55,120+07448,2015-10-17 13:53:00
3010,2015132615MN30884              ,2015-10-28 00:00:00,W ,14:24:00,0,0,0,0,P,N,N,1.0,3,MONMOUTH COUNTY 3                                 ,W,3,0.76,5,2.0,2.0,1.0,2.0,5.0,1.0,N,14:25,120+07448,2015-10-28 14:24:00
3011,2015132615MN32319              ,2015-11-10 00:00:00,TU,18:14:00,0,0,0,0,P,N,N,1.0,2,MONMOUTH COUNTY 3                                 ,W,3,3.8,5,2.0,2.0,6.0,2.0,5.0,1.0,N,18:15,120+07442,2015-11-10 18:14:00
3012,2015132615MN35325              ,2015-12-06 00:00:00,S ,13:04:00,0,1,0,0,I,N,N,1.0,3,MONMOUTH COUNTY 3                                 ,W,3,0.61,5,2.0,1.0,1.0,1.0,5.0,1.0,N,13:05,120P07448,2015-12-06 13:04:00
3013,2015132615MN37091              ,2015-12-21 00:00:00,M ,16:05:00,0,0,0,0,P,N,N,11.0,1,MONMOUTH COUNTY 3                                 ,W,3,1.03,5,2.0,1.0,1.0,1.0,5.0,1.0,N,16:05,120+07448,2015-12-21 16:05:00
3014,2015132615MN37317              ,2015-12-23 00:00:00,W ,14:47:00,0,0,0,0,P,N,N,2.0,2,MONMOUTH COUNTY 3                                 ,W,3,0.55,5,2.0,2.0,1.0,2.0,,,N,14:45,120+07449,2015-12-23 14:47:00
3015,2013160213-10602               ,2013-09-22 00:00:00,S ,12:13:00,0,1,0,0,I,N,N,1.0,2,NJ 3                                              ,W,3,3.82,2,2.0,1.0,1.0,1.0,5.0,1.0,N,12:15,120+07442,2013-09-22 12:13:00
3016,2015132815-004074              ,2015-02-12 00:00:00,TH,15:35:00,0,0,0,0,P,N,N,11.0,1,MONMOUTH COUNTY 3                                 ,W,3,6.99,5,2.0,1.0,1.0,1.0,5.0,1.0,N,15:35,120P04736,2015-02-12 15:35:00
3017,2015132815-005807              ,2015-03-01 00:00:00,S ,17:20:00,0,0,0,0,P,N,N,4.0,2,MONMOUTH COUNTY 3                                 ,W,3,4.74,5,2.0,5.0,6.0,2.0,5.0,1.0,N,17:20,120P04739,2015-03-01 17:20:00
3018,2015132815-005848              ,2015-03-02 00:00:00,M ,10:02:00,0,0,0,0,P,N,N,1.0,2,MONMOUTH COUNTY 3                                 ,W,3,5.95,5,2.0,1.0,1.0,1.0,5.0,1.0,N,10:00,120P04737,2015-03-02 10:02:00
3019,2015132815-012867              ,2015-05-04 00:00:00,M ,17:37:00,0,0,0,0,P,N,N,3.0,2,MONMOUTH COUNTY 3                                 ,W,3,7.82,5,2.0,1.0,1.0,1.0,5.0,1.0,N,17:35,120P04734,2015-05-04 17:37:00
3020,2015132815-013235              ,2015-05-07 00:00:00,TH,19:02:00,0,1,0,0,I,N,N,1.0,2,MONMOUTH COUNTY 3                                 ,W,3,7.82,5,2.0,1.0,1.0,1.0,5.0,1.0,N,19:00,120P04734,2015-05-07 19:02:00
3021,2015132815-021862              ,2015-07-21 00:00:00,TU,16:42:00,0,0,0,0,P,N,N,1.0,2,MONMOUTH COUNTY 3                                 ,W,3,8.43,5,2.0,1.0,1.0,1.0,5.0,1.0,N,16:40,120P04733,2015-07-21 16:42:00
3022,2015132815-022994              ,2015-07-31 00:00:00,F ,8:28:00,0,2,0,0,I,N,N,3.0,2,MONMOUTH COUNTY 3                                 ,W,3,6.25,5,0.0,1.0,1.0,1.0,5.0,1.0,N,8:30,120P04737,2015-07-31 08:28:00
3023,2015132815-027078              ,2015-09-05 00:00:00,SA,12:39:00,0,0,0,0,P,N,N,3.0,2,MONMOUTH COUNTY 3                                 ,W,3,7.82,5,2.0,1.0,1.0,1.0,5.0,1.0,N,12:40,120P04734,2015-09-05 12:39:00
3024,2015132815-027711              ,2015-09-10 00:00:00,TH,17:46:00,0,0,0,0,P,N,N,1.0,2,MONMOUTH COUNTY 3                                 ,W,3,5.86,5,2.0,2.0,1.0,2.0,5.0,1.0,N,17:45,120P04737,2015-09-10 17:46:00
3025,2015132815-028834              ,2015-09-21 00:00:00,M ,11:19:00,0,0,0,0,P,N,N,2.0,2,MONMOUTH COUNTY 3                                 ,W,3,5.1,5,2.0,1.0,1.0,1.0,5.0,1.0,N,11:20,120+04739,2015-09-21 11:19:00
3026,2015132815-030058              ,2015-10-02 00:00:00,F ,18:53:00,0,0,0,0,P,N,N,7.0,2,MONMOUTH COUNTY 3                                 ,W,3,5.99,5,2.0,2.0,7.0,2.0,5.0,1.0,N,18:55,120P04737,2015-10-02 18:53:00
3027,2015132815-031146              ,2015-10-12 00:00:00,M ,15:33:00,0,0,0,0,P,N,N,11.0,1,MONMOUTH COUNTY 3                                 ,W,3,5.56,5,2.0,1.0,1.0,1.0,5.0,1.0,N,15:35,120+04738,2015-10-12 15:33:00
3028,2015132815-032096              ,2015-10-20 00:00:00,TU,17:38:00,0,0,0,0,P,N,N,1.0,3,MONMOUTH COUNTY 3                                 ,W,3,5.86,5,2.0,1.0,3.0,1.0,5.0,1.0,N,17:40,120P04737,2015-10-20 17:38:00
3029,2015132815-032433              ,2015-10-23 00:00:00,F ,18:00:00,0,0,0,0,P,N,N,1.0,2,MONMOUTH COUNTY 3                                 ,W,3,9.39,5,1.0,1.0,1.0,1.0,5.0,1.0,N,18:00,120+04732,2015-10-23 18:00:00
3030,2015132815-033752              ,2015-11-04 00:00:00,W ,10:53:00,0,0,0,0,P,N,N,15.0,1,MONMOUTH COUNTY 3                                 ,W,3,7.22,5,2.0,1.0,1.0,1.0,5.0,1.0,N,10:55,120P04735,2015-11-04 10:53:00
3031,2015132815-034389              ,2015-11-10 00:00:00,TU,19:02:00,0,0,0,0,P,N,N,1.0,2,MONMOUTH COUNTY 3                                 ,W,3,9.42,5,2.0,2.0,5.0,2.0,5.0,1.0,Y,19:00,120+04732,2015-11-10 19:02:00
3032,2015132815-034481              ,2015-11-11 00:00:00,W ,22:42:00,0,0,0,0,P,N,N,12.0,1,MONMOUTH COUNTY 3                                 ,W,3,4.76,5,2.0,1.0,6.0,1.0,5.0,1.0,N,22:40,120P04739,2015-11-11 22:42:00
3033,2015132815-036010              ,2015-11-25 00:00:00,W ,15:48:00,0,2,0,0,I,N,N,4.0,2,MONMOUTH COUNTY 3                                 ,W,3,5.57,5,2.0,1.0,1.0,1.0,5.0,1.0,N,15:50,120+04738,2015-11-25 15:48:00
3034,2015132815-037252              ,2015-12-07 00:00:00,M ,18:08:00,0,0,0,0,P,N,N,1.0,3,MONMOUTH COUNTY 3                                 ,W,3,5.59,5,2.0,1.0,7.0,1.0,5.0,1.0,N,18:10,120+04738,2015-12-07 18:08:00
3035,2015132815-038907              ,2015-12-22 00:00:00,TU,16:12:00,0,1,0,0,I,N,N,1.0,2,MONMOUTH COUNTY 3                                 ,W,3,8.43,5,2.0,2.0,1.0,5.0,5.0,1.0,N,16:10,120P04733,2015-12-22 16:12:00
3036,2015132815-039357              ,2015-12-27 00:00:00,S ,19:56:00,0,0,0,0,P,N,N,99.0,1,MONMOUTH COUNTY 3                                 ,W,3,9.1,5,2.0,2.0,6.0,2.0,5.0,1.0,N,19:55,120+04732,2015-12-27 19:56:00
3037,2015132815-05702               ,2015-02-28 00:00:00,SA,14:33:00,0,0,0,0,P,N,N,11.0,1,MONMOUTH COUNTY 3                                 ,W,3,9.42,5,2.0,1.0,1.0,1.0,5.0,1.0,N,14:35,120+04732,2015-02-28 14:33:00
3038,2015132815-11812               ,2015-04-25 00:00:00,SA,18:32:00,0,1,0,0,I,N,N,99.0,1,MONMOUTH COUNTY 3                                 ,W,3,7.82,5,2.0,1.0,1.0,1.0,5.0,1.0,N,18:30,120P04734,2015-04-25 18:32:00
3039,2015132815-17529               ,2015-06-12 00:00:00,F ,11:19:00,0,0,0,0,P,N,N,3.0,3,MONMOUTH COUNTY 3                                 ,W,3,7.82,5,2.0,1.0,1.0,1.0,5.0,1.0,N,11:20,120P04734,2015-06-12 11:19:00
3040,2015132815-22461               ,2015-07-26 00:00:00,S ,11:50:00,0,2,0,0,I,N,N,3.0,3,MONMOUTH COUNTY 3                                 ,W,3,7.82,5,2.0,1.0,1.0,1.0,5.0,1.0,N,11:50,120P04734,2015-07-26 11:50:00
3041,2015132815-26096               ,2015-08-28 00:00:00,F ,10:32:00,0,0,0,0,P,N,N,1.0,2,MONMOUTH COUNTY 3                                 ,W,3,5.93,5,2.0,1.0,1.0,1.0,5.0,1.0,N,10:30,120P04737,2015-08-28 10:32:00
3044,2015132815-32991               ,2015-10-29 00:00:00,TH,9:14:00,0,0,0,0,P,N,N,1.0,2,MONMOUTH COUNTY 3                                 ,W,3,5.95,5,2.0,2.0,1.0,1.0,5.0,1.0,N,9:15,120P04737,2015-10-29 09:14:00
3045,2015132815-38978               ,2015-12-23 00:00:00,W ,11:53:00,0,0,0,0,P,N,N,11.0,1,MONMOUTH COUNTY 3                                 ,W,3,8.65,5,2.0,2.0,1.0,2.0,5.0,1.0,N,11:55,120+04733,2015-12-23 11:53:00
3046,2015132816-16376               ,2015-06-07 00:00:00,S ,9:17:00,0,0,0,0,P,N,N,1.0,2,MONMOUTH COUNTY 3                                 ,W,3,5.97,5,2.0,1.0,1.0,1.0,5.0,1.0,N,9:15,120P04737,2015-06-07 09:17:00
3047,20151328MT-15-027632           ,2015-09-09 00:00:00,W ,17:46:00,0,0,0,0,P,N,N,1.0,2,MONMOUTH COUNTY 3                                 ,W,3,5.87,5,2.0,2.0,1.0,5.0,5.0,1.0,N,17:45,120P04737,2015-09-09 17:46:00
3048,20151330I-2015-006579          ,2015-05-05 00:00:00,TU,8:54:00,0,0,0,0,P,N,N,2.0,2,MONMOUTH COUNTY 3                                 ,W,3,10.52,5,2.0,1.0,1.0,1.0,5.0,1.0,N,8:55,120P13767,2015-05-05 08:54:00
3049,20151330I-2015-007379          ,2015-05-20 00:00:00,W ,18:09:00,0,0,0,0,P,N,N,1.0,2,MONMOUTH COUNTY 3                                 ,W,3,11.14,5,2.0,1.0,1.0,1.0,5.0,1.0,N,18:10,120P13767,2015-05-20 18:09:00
3050,2014160214-2080                ,2014-02-20 00:00:00,TH,21:47:00,0,0,0,0,P,N,N,3.0,2,NJ 3                                              ,W,3,0.0,2,2.0,2.0,6.0,2.0,5.0,1.0,N,21:45,120+07449,2014-02-20 21:47:00
3051,20151330I-2015-008655          ,2015-06-12 00:00:00,F ,20:03:00,0,1,0,0,I,N,N,6.0,2,MONMOUTH COUNTY 3                                 ,W,3,11.87,5,2.0,1.0,1.0,1.0,4.0,1.0,N,20:05,120P13767,2015-06-12 20:03:00
3052,2.02E+17,2016-03-02 00:00:00,W ,16:59:00,0,0,0,0,P,N,N,1.0,2,NJ 3                                              ,W,3,1.26,2,2.0,1.0,1.0,1.0,1.0,1.0,N,17:00,120P07447,2016-03-02 16:59:00
3053,20151330I-2015-011957          ,2015-08-22 00:00:00,SA,13:59:00,0,0,0,0,P,N,N,1.0,2,MONMOUTH COUNTY 3                                 ,W,3,11.94,5,2.0,1.0,1.0,1.0,4.0,1.0,N,14:00,120P13767,2015-08-22 13:59:00
3054,20151330I-2015-014472          ,2015-10-14 00:00:00,W ,18:04:00,0,0,0,0,P,N,N,2.0,2,MONMOUTH COUNTY 3                                 ,W,3,10.73,5,2.0,1.0,1.0,1.0,4.0,1.0,N,18:05,120P13767,2015-10-14 18:04:00
3057,20180909SO-18-016117           ,2018-05-14 00:00:00,MO,13:41:00,0,0,0,0,P,N,N,1.0,2,NJ 3                                              ,W,3,10.04,2,2.0,1.0,1.0,1.0,5.0,1.0,N,13:40,120P04729,2018-05-14 13:41:00
3058,2013160213-1789                ,2013-02-14 00:00:00,TH,5:46:00,0,0,0,0,P,N,N,11.0,1,NJ 3                                              ,W,3,0.0,2,2.0,4.0,6.0,1.0,2.0,1.0,N,5:45,120+07449,2013-02-14 05:46:00
3060,2013160213-2898                ,2013-03-12 00:00:00,TU,16:20:00,0,0,0,0,P,N,N,1.0,2,NJ 3                                              ,W,3,2.64,2,2.0,2.0,1.0,2.0,5.0,1.0,N,16:20,120+07444,2013-03-12 16:20:00
3061,2015160215-30550               ,2015-07-06 00:00:00,M ,22:17:00,0,1,0,1,I,N,N,13.0,1,NJ 3                                              ,W,3,3.82,2,2.0,1.0,6.0,1.0,5.0,1.0,N,22:15,120+07442,2015-07-06 22:17:00
3062,2.02E+17,2016-08-15 00:00:00,M ,15:11:00,0,0,0,0,P,N,N,3.0,2,NJ 3                                              ,W,3,0.51,2,2.0,1.0,1.0,1.0,5.0,1.0,N,15:10,120+07449,2016-08-15 15:11:00
3064,2.02E+17,2016-09-19 00:00:00,M ,10:33:00,0,1,0,0,I,N,N,3.0,2,NJ 3                                              ,W,3,3.42,2,2.0,2.0,1.0,2.0,5.0,1.0,N,10:35,120+07443,2016-09-19 10:33:00
3066,2014160214-8430                ,2014-08-05 00:00:00,TU,21:40:00,0,1,0,0,I,N,N,1.0,3,NJ 3                                              ,W,3,2.64,2,2.0,1.0,6.0,1.0,5.0,1.0,N,21:40,120+07444,2014-08-05 21:40:00
3068,201415132014-004045            ,2014-05-14 00:00:00,W ,9:31:00,0,0,0,0,P,N,N,2.0,2,OCEAN COUNTY 3                                    ,W,3,0.17,5,2.0,1.0,1.0,1.0,4.0,,N,9:30,120+07449,2014-05-14 09:31:00
3069,201415132014-010523            ,2014-11-20 00:00:00,TH,14:36:00,1,2,0,0,F,N,N,3.0,2,OCEAN COUNTY 3                                    ,W,3,0.06,5,2.0,1.0,1.0,1.0,5.0,1.0,N,14:35,120+07449,2014-11-20 14:36:00
3072,2.02E+17,2017-10-29 00:00:00,SU,21:01:00,0,0,0,0,P,N,N,2.0,2,NJ 3                                              ,W,3,4.89,2,2.0,2.0,5.0,2.0,1.0,1.0,N,21:00,120P04739,2017-10-29 21:01:00
3073,2.02E+17,2017-11-21 00:00:00,TU,8:42:00,0,0,0,0,P,N,N,2.0,2,NJ 3                                              ,W,3,3.42,2,2.0,1.0,1.0,1.0,5.0,1.0,N,8:40,120+07443,2017-11-21 08:42:00
3074,20160212ER-16-03803            ,2016-05-12 00:00:00,TH,9:01:00,0,0,0,0,P,N,N,2.0,2,NJ 3                                              ,E,3,7.96,2,2.0,1.0,1.0,1.0,5.0,1.0,N,9:00,120-04733,2016-05-12 09:01:00
3075,20130212ER-13-04260            ,2013-05-14 00:00:00,TU,8:33:00,0,0,0,0,P,N,N,2.0,2,NJ 3                                              ,E,3,7.9,2,2.0,1.0,1.0,1.0,1.0,1.0,N,8:35,120-04733,2013-05-14 08:33:00
3076,20180212ER-18-04899            ,2018-06-23 00:00:00,SA,17:33:00,0,0,0,0,P,N,N,3.0,2,NJ 3                                              ,E,3,7.27,2,2.0,1.0,1.0,5.0,5.0,1.0,N,17:35,120-04734,2018-06-23 17:33:00
3078,20160212ER-16-09147            ,2016-10-27 00:00:00,TH,21:08:00,0,0,0,0,P,N,N,2.0,2,NJ 3                                              ,E,3,7.8,2,2.0,2.0,6.0,2.0,2.0,1.0,N,21:10,120-04733,2016-10-27 21:08:00
3079,2016025616-09453               ,2016-04-28 00:00:00,TH,14:25:00,0,1,0,0,I,N,N,1.0,3,NJ 3                                              ,E,3,4.95,2,2.0,1.0,1.0,1.0,1.0,1.0,N,14:25,120-04738,2016-04-28 14:25:00
3080,2015025615-22514               ,2015-10-04 00:00:00,S ,22:42:00,0,1,0,0,I,N,N,12.0,1,NJ 3                                              ,E,3,4.95,2,2.0,1.0,6.0,1.0,1.0,1.0,N,22:40,120-04738,2015-10-04 22:42:00
3081,201302562013-008101            ,2013-07-06 00:00:00,SA,14:11:00,0,0,0,0,P,N,N,1.0,2,NJ 3                                              ,E,3,5.0,2,2.0,1.0,1.0,1.0,1.0,1.0,N,14:10,120N04738,2013-07-06 14:11:00
3082,201302562013-009298            ,2013-08-01 00:00:00,TH,12:23:00,0,0,0,0,P,N,N,11.0,1,NJ 3                                              ,E,3,6.5,2,2.0,2.0,1.0,2.0,5.0,1.0,N,12:25,120-04736,2013-08-01 12:23:00
3086,2.01E+15,2014-08-20 00:00:00,W ,17:07:00,0,0,0,0,P,N,N,1.0,2,NJ 3                                              ,E,3,10.9,2,2.0,1.0,1.0,1.0,5.0,1.0,N,17:05,120N13767,2014-08-20 17:07:00
3087,2.01E+15,2014-11-21 00:00:00,F ,12:38:00,0,0,0,0,P,N,N,1.0,2,NJ 3                                              ,E,3,0.0,2,2.0,1.0,1.0,1.0,5.0,1.0,N,12:40,120-07448,2014-11-21 12:38:00
3089,2.02E+15,2016-03-16 00:00:00,W ,22:01:00,0,0,0,0,P,N,N,1.0,2,NJ 3                                              ,E,3,10.84,2,2.0,1.0,6.0,1.0,4.0,1.0,N,22:00,120N13767,2016-03-16 22:01:00
3090,2.01E+15,2013-03-19 00:00:00,TU,13:24:00,0,0,0,0,P,N,N,8.0,2,NJ 3                                              ,E,3,10.84,2,2.0,2.0,1.0,2.0,1.0,1.0,N,13:25,120N13767,2013-03-19 13:24:00
3092,2018025618-24045               ,2018-11-23 00:00:00,FR,19:30:00,0,0,0,0,P,N,N,2.0,2,NJ 3                                              ,E,3,4.95,2,2.0,1.0,6.0,1.0,1.0,1.0,N,19:30,120-04738,2018-11-23 19:30:00
3093,2.02E+15,2017-05-06 00:00:00,SA,10:36:00,0,0,0,0,P,N,N,8.0,2,NJ 3                                              ,E,3,10.48,2,2.0,1.0,1.0,1.0,2.0,,N,10:35,120N13767,2017-05-06 10:36:00
3096,2.02E+15,2017-05-30 00:00:00,TU,4:53:00,0,1,0,0,I,N,N,2.0,2,NJ 3                                              ,E,3,10.84,2,2.0,1.0,1.0,1.0,4.0,1.0,N,4:55,120N13767,2017-05-30 04:53:00
3098,2.02E+15,2017-06-27 00:00:00,TU,18:58:00,0,0,0,0,P,N,N,2.0,2,NJ 3                                              ,E,3,10.84,2,2.0,1.0,1.0,1.0,3.0,1.0,N,19:00,120N13767,2017-06-27 18:58:00
3100,2.02E+15,2016-12-22 00:00:00,TH,8:20:00,0,0,0,0,P,N,N,1.0,2,NJ 3                                              ,E,3,10.84,2,2.0,1.0,1.0,1.0,1.0,1.0,N,8:20,120N13767,2016-12-22 08:20:00
3101,2.02E+15,2017-10-21 00:00:00,SA,15:07:00,0,0,0,0,P,N,N,2.0,2,NJ 3                                              ,E,3,10.84,2,2.0,1.0,1.0,1.0,1.0,,N,15:05,120N13767,2017-10-21 15:07:00
3102,2018090818-057635              ,2018-07-02 00:00:00,MO,8:32:00,0,0,0,0,P,N,N,1.0,2,NJ 3                                              ,E,3,10.84,2,2.0,1.0,1.0,1.0,1.0,1.0,N,8:30,120N13767,2018-07-02 08:32:00
3103,2018090818-105330              ,2018-11-08 00:00:00,TH,16:09:00,0,0,0,0,P,N,N,2.0,2,NJ 3                                              ,E,3,10.84,2,2.0,1.0,1.0,1.0,4.0,1.0,N,16:10,120N13767,2018-11-08 16:09:00
3104,2015090915-015764              ,2015-10-22 00:00:00,TH,17:55:00,0,1,0,0,I,N,N,1.0,2,NJ 3                                              ,E,3,9.89,2,2.0,1.0,3.0,1.0,2.0,1.0,N,17:55,120N04729,2015-10-22 17:55:00
3105,2018090818-119308              ,2018-12-14 00:00:00,FR,14:51:00,0,0,0,0,P,N,N,1.0,2,NJ 3                                              ,E,3,10.84,2,2.0,2.0,1.0,5.0,1.0,1.0,N,14:50,120N13767,2018-12-14 14:51:00
3106,2018090818-123142              ,2018-12-23 00:00:00,SU,12:14:00,0,0,0,0,P,N,N,2.0,2,NJ 3                                              ,E,3,10.84,2,2.0,1.0,1.0,1.0,4.0,1.0,N,12:15,120N13767,2018-12-23 12:14:00