,CRASH_ID,DATE,DAY,TIME,KILLED,INJURED,PED_KILL,PED_INJ,SEVERITY,ALCOHOL,HAZMAT,CRASH_TYPE,VEH_COUNT,LOCATION,LOC_DIR,ROUTE,MP,RD_SYS,RD_SURF,SURF_COND,LIGHT,WEATHER,RD_DIV,RD_WRKZN,CELL_USE,TIME_ROUND,TMC,timestamp
3343,20180212ER-18-03919            ,2018-05-15 00:00:00,TU,20:35:00,0,0,0,0,P,N,N,11.0,1,NJ 3                                              ,W,3,7.5,2,2.0,2.0,6.0,2.0,2.0,1.0,N,20:35,120+04735,2018-05-15 20:35:00
3344,20140212ER-14-08680            ,2014-09-28 00:00:00,S ,15:41:00,0,0,0,0,P,N,N,2.0,2,NJ 3                                              ,W,3,6.9,2,1.0,1.0,1.0,1.0,1.0,1.0,N,15:40,120+04737,2014-09-28 15:41:00
3345,20160212ER-16-06310            ,2016-07-28 00:00:00,TH,19:35:00,0,0,0,0,P,N,N,1.0,2,NJ 3                                              ,W,3,6.9,2,2.0,1.0,1.0,1.0,1.0,1.0,N,19:35,120+04737,2016-07-28 19:35:00
3346,20170212ER-17-08387            ,2017-09-28 00:00:00,TH,18:44:00,0,0,0,0,P,N,N,2.0,2,NJ 3                                              ,W,3,7.5,2,2.0,1.0,1.0,1.0,1.0,1.0,N,18:45,120+04735,2017-09-28 18:44:00
3347,20130212ER-13-04311            ,2013-05-15 00:00:00,W ,19:01:00,0,0,0,0,P,N,N,1.0,2,NJ 3                                              ,W,3,7.8,2,2.0,1.0,1.0,1.0,1.0,1.0,N,19:00,120P04734,2013-05-15 19:01:00
3348,20150212ER-15-06256            ,2015-06-29 00:00:00,M ,16:13:00,0,2,0,0,I,N,N,2.0,2,NJ 3                                              ,W,3,8.0,2,2.0,1.0,1.0,1.0,5.0,1.0,N,16:15,120+04734,2015-06-29 16:13:00
3349,20160212ER-16-06316            ,2016-07-29 00:00:00,F ,7:47:00,0,1,0,0,I,N,N,11.0,2,NJ 3                                              ,W,3,7.5,2,2.0,2.0,1.0,2.0,1.0,1.0,N,7:45,120+04735,2016-07-29 07:47:00
3350,20170212ER-17-08417            ,2017-09-29 00:00:00,FR,17:40:00,0,0,0,0,P,N,N,1.0,2,NJ 3                                              ,W,3,7.5,2,2.0,1.0,1.0,1.0,1.0,1.0,N,17:40,120+04735,2017-09-29 17:40:00
3351,20180212ER-18-03938            ,2018-05-16 00:00:00,WE,15:58:00,0,0,0,0,P,N,N,1.0,2,NJ 3                                              ,W,3,7.5,2,2.0,2.0,1.0,2.0,1.0,1.0,N,16:00,120+04735,2018-05-16 15:58:00
3352,20180212ER-18-03950            ,2018-05-17 00:00:00,TH,2:42:00,0,0,0,0,P,N,N,2.0,2,NJ 3                                              ,W,3,6.96,2,1.0,1.0,7.0,1.0,1.0,5.0,N,2:40,120P04736,2018-05-17 02:42:00
3353,20150212ER-15-06741            ,2015-07-14 00:00:00,TU,6:33:00,0,1,0,0,I,N,N,11.0,5,NJ 3                                              ,W,3,7.4,2,2.0,1.0,1.0,1.0,1.0,1.0,N,6:35,120+04735,2015-07-14 06:33:00
3354,20140212ER-14-08746            ,2014-10-01 00:00:00,W ,7:22:00,0,0,0,0,P,N,N,1.0,2,NJ 3                                              ,W,3,7.5,2,2.0,1.0,1.0,5.0,1.0,1.0,N,7:20,120+04735,2014-10-01 07:22:00
3355,20130212ER-13-04428            ,2013-05-19 00:00:00,S ,3:57:00,0,0,0,0,P,Y,N,11.0,1,NJ 3                                              ,W,3,7.7,2,2.0,1.0,6.0,1.0,1.0,1.0,N,3:55,120P04734,2013-05-19 03:57:00
3356,20140212ER-14-08748            ,2014-10-01 00:00:00,W ,7:53:00,0,0,0,0,P,N,N,1.0,3,NJ 3                                              ,W,3,7.96,2,2.0,1.0,1.0,5.0,1.0,1.0,N,7:55,120+04734,2014-10-01 07:53:00
3357,20160212ER-16-06386            ,2016-07-30 00:00:00,SA,23:26:00,0,0,0,0,P,N,N,11.0,1,NJ 3                                              ,W,3,8.08,2,2.0,2.0,6.0,2.0,4.0,1.0,N,23:25,120+04734,2016-07-30 23:26:00
3358,20140212ER-14-08804            ,2014-10-02 00:00:00,TH,17:26:00,0,0,0,0,P,N,N,1.0,3,NJ 3                                              ,W,3,6.86,2,1.0,1.0,1.0,1.0,1.0,1.0,N,17:25,120+04737,2014-10-02 17:26:00
3359,20160212ER-16-06392            ,2016-07-31 00:00:00,S ,4:06:00,0,0,0,0,P,N,N,1.0,2,NJ 3                                              ,W,3,6.9,2,2.0,2.0,6.0,1.0,1.0,1.0,N,4:05,120+04737,2016-07-31 04:06:00
3360,20150212ER-15-07436            ,2015-08-04 00:00:00,TU,18:38:00,0,0,0,0,P,N,N,1.0,2,NJ 3                                              ,W,3,7.5,2,2.0,1.0,1.0,1.0,1.0,1.0,N,18:40,120+04735,2015-08-04 18:38:00
3361,20130212ER-13-04579            ,2013-05-21 00:00:00,TU,18:07:00,0,0,0,0,P,N,N,1.0,2,NJ 3                                              ,W,3,7.7,2,2.0,1.0,1.0,1.0,1.0,1.0,N,18:05,120P04734,2013-05-21 18:07:00
3362,20140212ER-14-08856            ,2014-10-04 00:00:00,SA,10:59:00,0,0,0,0,P,N,N,11.0,1,NJ 3                                              ,W,3,7.96,2,2.0,2.0,1.0,2.0,1.0,1.0,N,11:00,120+04734,2014-10-04 10:59:00
3363,20180212ER-18-04328            ,2018-06-01 00:00:00,FR,21:28:00,0,1,0,0,I,N,N,2.0,2,NJ 3                                              ,W,3,8.2,2,2.0,1.0,6.0,1.0,1.0,1.0,N,21:30,120+04734,2018-06-01 21:28:00
3364,20170212ER-17-08799            ,2017-10-11 00:00:00,WE,15:51:00,0,2,0,0,I,N,N,1.0,2,NJ 3                                              ,W,3,8.49,2,1.0,1.0,1.0,1.0,1.0,1.0,N,15:50,120P04733,2017-10-11 15:51:00
3365,20150212ER-15-07964            ,2015-08-20 00:00:00,TH,13:03:00,0,2,0,0,I,N,N,1.0,2,NJ 3                                              ,W,3,6.9,2,1.0,1.0,1.0,1.0,1.0,1.0,N,13:05,120+04737,2015-08-20 13:03:00
3366,20130212ER-13-04616            ,2013-05-24 00:00:00,F ,13:43:00,0,0,0,0,P,N,N,1.0,2,NJ 3                                              ,W,3,7.6,2,2.0,2.0,1.0,2.0,1.0,1.0,N,13:45,120+04735,2013-05-24 13:43:00
3367,20180212ER-18-04398            ,2018-06-04 00:00:00,MO,18:21:00,0,0,0,0,P,N,N,2.0,2,NJ 3                                              ,W,3,8.1,2,2.0,1.0,1.0,1.0,1.0,1.0,N,18:20,120+04734,2018-06-04 18:21:00
3368,20150212ER-15-08305            ,2015-08-29 00:00:00,SA,22:55:00,0,0,0,0,P,N,N,1.0,2,NJ 3                                              ,W,3,7.1,2,2.0,1.0,7.0,1.0,1.0,1.0,N,22:55,120P04735,2015-08-29 22:55:00
3369,20160212ER-16-06679            ,2016-08-08 00:00:00,M ,20:12:00,0,0,0,0,P,N,N,2.0,2,NJ 3                                              ,W,3,8.2,2,2.0,1.0,3.0,1.0,1.0,1.0,N,20:10,120+04734,2016-08-08 20:12:00
3370,20150212ER-15-08428            ,2015-09-02 00:00:00,W ,13:21:00,0,2,0,0,I,N,N,6.0,2,NJ 3                                              ,W,3,7.0,2,2.0,1.0,1.0,1.0,1.0,1.0,Y,13:20,120P04736,2015-09-02 13:21:00
3371,20180212ER-18-04409            ,2018-06-05 00:00:00,TU,14:14:00,0,1,0,0,I,N,N,1.0,2,NJ 3                                              ,W,3,8.08,2,2.0,1.0,1.0,1.0,1.0,1.0,N,14:15,120+04734,2018-06-05 14:14:00
3372,20160212ER-16-07058            ,2016-08-20 00:00:00,SA,23:31:00,0,0,0,0,P,N,N,1.0,2,NJ 3                                              ,W,3,6.96,2,1.0,1.0,7.0,1.0,1.0,1.0,N,23:30,120P04736,2016-08-20 23:31:00
3373,20150212ER-15-08429            ,2015-09-02 00:00:00,W ,13:25:00,0,0,0,0,P,N,N,2.0,2,NJ 3                                              ,W,3,7.4,2,2.0,1.0,1.0,1.0,1.0,1.0,N,13:25,120+04735,2015-09-02 13:25:00
3374,20180212ER-18-04464            ,2018-06-07 00:00:00,TH,16:38:00,0,0,0,0,P,N,N,2.0,2,NJ 3                                              ,W,3,8.1,2,2.0,1.0,1.0,1.0,3.0,1.0,N,16:40,120+04734,2018-06-07 16:38:00
3375,20150212ER-15-08431            ,2015-09-02 00:00:00,W ,13:57:00,0,0,0,0,P,N,N,2.0,2,NJ 3                                              ,W,3,7.7,2,2.0,1.0,1.0,1.0,1.0,1.0,N,13:55,120P04734,2015-09-02 13:57:00
3376,20140212ER-14-09444            ,2014-10-20 00:00:00,M ,6:04:00,0,1,0,0,I,N,N,10.0,1,NJ 3                                              ,W,3,8.14,2,2.0,1.0,6.0,1.0,1.0,1.0,N,6:05,120+04734,2014-10-20 06:04:00
3377,20180212ER-18-04489            ,2018-06-09 00:00:00,SA,16:07:00,0,0,0,0,P,N,N,2.0,2,NJ 3                                              ,W,3,8.4,2,2.0,1.0,1.0,1.0,1.0,1.0,N,16:05,120P04733,2018-06-09 16:07:00
3379,20180212ER-18-04625            ,2018-06-13 00:00:00,WE,17:35:00,0,0,0,0,P,N,N,2.0,2,NJ 3                                              ,W,3,7.2,2,2.0,1.0,1.0,1.0,1.0,1.0,N,17:35,120P04735,2018-06-13 17:35:00
3380,20160212ER-16-07299            ,2016-08-28 00:00:00,S ,4:00:00,0,3,0,0,I,N,N,2.0,4,NJ 3                                              ,W,3,6.9,2,2.0,1.0,6.0,1.0,1.0,1.0,N,4:00,120+04737,2016-08-28 04:00:00
3381,20180212ER-18-04654            ,2018-06-14 00:00:00,TH,17:58:00,0,2,0,0,I,N,N,1.0,4,NJ 3                                              ,W,3,6.96,2,1.0,1.0,1.0,1.0,1.0,1.0,N,18:00,120P04736,2018-06-14 17:58:00
3382,20140212ER-14-09574            ,2014-10-23 00:00:00,TH,9:56:00,0,0,0,0,P,N,N,2.0,2,NJ 3                                              ,W,3,7.5,2,2.0,2.0,1.0,2.0,1.0,1.0,N,9:55,120+04735,2014-10-23 09:56:00
3383,20150212ER-15-08696            ,2015-09-09 00:00:00,W ,21:40:00,0,0,0,0,P,N,N,15.0,1,NJ 3                                              ,W,3,7.7,2,2.0,1.0,6.0,1.0,1.0,1.0,N,21:40,120P04734,2015-09-09 21:40:00
3384,20130212ER-13-05466            ,2013-06-22 00:00:00,SA,15:22:00,0,0,0,0,P,N,N,2.0,2,NJ 3                                              ,W,3,8.1,2,2.0,1.0,1.0,1.0,2.0,1.0,N,15:20,120+04734,2013-06-22 15:22:00
3385,20170212ER-17-09297            ,2017-10-28 00:00:00,SA,21:56:00,0,0,0,0,P,N,N,2.0,2,NJ 3                                              ,W,3,8.3,2,2.0,1.0,6.0,1.0,1.0,1.0,N,21:55,120+04734,2017-10-28 21:56:00
3386,20170212ER-17-09306            ,2017-10-29 00:00:00,SU,5:09:00,0,0,0,0,P,N,N,11.0,1,NJ 3                                              ,W,3,6.9,2,1.0,2.0,6.0,2.0,1.0,1.0,N,5:10,120+04737,2017-10-29 05:09:00
3387,20150212ER-15-08912            ,2015-09-16 00:00:00,W ,8:38:00,0,0,0,0,P,N,N,99.0,2,NJ 3                                              ,W,3,7.0,2,2.0,1.0,1.0,1.0,1.0,1.0,N,8:40,120P04736,2015-09-16 08:38:00
3388,20180212ER-18-04657            ,2018-06-14 00:00:00,TH,19:40:00,0,0,0,0,P,N,N,1.0,2,NJ 3                                              ,W,3,7.4,2,2.0,1.0,1.0,1.0,1.0,1.0,N,19:40,120+04735,2018-06-14 19:40:00
3389,20160212ER-16-07363            ,2016-08-29 00:00:00,M ,18:15:00,0,0,0,0,P,N,N,2.0,2,NJ 3                                              ,W,3,7.96,2,2.0,1.0,1.0,1.0,1.0,1.0,N,18:15,120+04734,2016-08-29 18:15:00
3390,20180212ER-18-04671            ,2018-06-15 00:00:00,FR,15:51:00,0,0,0,0,P,N,N,1.0,2,NJ 3                                              ,W,3,7.4,2,2.0,1.0,1.0,1.0,1.0,1.0,N,15:50,120+04735,2018-06-15 15:51:00
3391,20140212ER-14-09897            ,2014-11-01 00:00:00,SA,8:08:00,0,0,0,0,P,N,N,2.0,2,NJ 3                                              ,W,3,7.55,2,2.0,2.0,1.0,2.0,1.0,1.0,N,8:10,120+04735,2014-11-01 08:08:00
3392,20170212ER-17-09343            ,2017-10-30 00:00:00,MO,15:37:00,0,0,0,0,P,N,N,2.0,2,NJ 3                                              ,W,3,8.49,2,1.0,1.0,1.0,1.0,1.0,1.0,N,15:35,120P04733,2017-10-30 15:37:00
3393,20150212ER-15-09195            ,2015-09-24 00:00:00,TH,23:57:00,0,2,0,0,I,N,N,1.0,2,NJ 3                                              ,W,3,6.9,2,2.0,1.0,6.0,1.0,1.0,1.0,N,23:55,120+04737,2015-09-24 23:57:00
3394,20140212ER-14-09943            ,2014-11-03 00:00:00,M ,1:40:00,0,0,0,0,P,N,N,11.0,1,NJ 3                                              ,W,3,7.27,2,2.0,1.0,6.0,1.0,1.0,1.0,N,1:40,120P04735,2014-11-03 01:40:00
3395,20170212ER-17-09453            ,2017-11-02 00:00:00,TH,14:05:00,0,0,0,0,P,N,N,1.0,2,NJ 3                                              ,W,3,8.4,2,2.0,1.0,1.0,1.0,1.0,1.0,N,14:05,120P04733,2017-11-02 14:05:00
3396,20170212ER-17-09575            ,2017-11-05 00:00:00,SU,15:29:00,0,0,0,0,P,N,N,11.0,1,NJ 3                                              ,W,3,7.5,2,2.0,2.0,3.0,2.0,1.0,1.0,N,15:30,120+04735,2017-11-05 15:29:00
3397,20130212ER-13-05647            ,2013-06-27 00:00:00,TH,17:42:00,0,0,0,0,P,N,N,2.0,2,NJ 3                                              ,W,3,7.7,2,2.0,1.0,1.0,1.0,1.0,1.0,N,17:40,120P04734,2013-06-27 17:42:00
3398,20140212ER-14-10037            ,2014-11-04 00:00:00,TU,16:34:00,0,0,0,0,P,N,N,2.0,2,NJ 3                                              ,W,3,7.8,2,2.0,1.0,3.0,1.0,5.0,1.0,N,16:35,120P04734,2014-11-04 16:34:00
3399,20180212ER-18-04932            ,2018-06-24 00:00:00,SU,20:49:00,0,0,0,0,P,N,N,99.0,4,NJ 3                                              ,W,3,8.14,2,2.0,2.0,7.0,2.0,3.0,1.0,N,20:50,120+04734,2018-06-24 20:49:00
3400,20160212ER-16-07801            ,2016-09-13 00:00:00,TU,15:01:00,0,0,0,0,P,N,N,11.0,1,NJ 3                                              ,W,3,7.1,2,2.0,1.0,1.0,1.0,1.0,1.0,N,15:00,120P04735,2016-09-13 15:01:00
3402,20170212ER-17-09577            ,2017-11-05 00:00:00,SU,16:25:00,0,0,0,0,P,N,N,2.0,2,NJ 3                                              ,W,3,7.5,2,2.0,2.0,1.0,2.0,2.0,,N,16:25,120+04735,2017-11-05 16:25:00
3403,20130212ER-13-05837            ,2013-07-04 00:00:00,TH,13:52:00,0,0,0,0,P,N,N,6.0,2,NJ 3                                              ,W,3,7.96,2,2.0,1.0,1.0,1.0,5.0,1.0,N,13:50,120+04734,2013-07-04 13:52:00
3404,20160212ER-16-07816            ,2016-09-14 00:00:00,W ,12:09:00,0,0,0,0,P,N,N,2.0,2,NJ 3                                              ,W,3,7.96,2,2.0,1.0,1.0,1.0,5.0,,N,12:10,120+04734,2016-09-14 12:09:00
3405,20140212ER-14-10063            ,2014-11-05 00:00:00,W ,7:26:00,0,0,0,0,P,N,N,2.0,2,NJ 3                                              ,W,3,8.0,2,2.0,1.0,1.0,1.0,1.0,1.0,N,7:25,120+04734,2014-11-05 07:26:00
3406,20130212ER-13-05838            ,2013-07-04 00:00:00,TH,13:38:00,0,1,0,0,I,N,N,10.0,1,NJ 3                                              ,W,3,8.3,2,2.0,1.0,1.0,1.0,1.0,1.0,N,13:40,120+04734,2013-07-04 13:38:00
3407,20170212ER-17-09630            ,2017-11-07 00:00:00,TU,18:53:00,0,1,0,0,I,N,N,1.0,2,NJ 3                                              ,W,3,8.4,2,1.0,2.0,6.0,2.0,1.0,1.0,N,18:55,120P04733,2017-11-07 18:53:00
3409,20140212ER-14-10095            ,2014-11-06 00:00:00,TH,16:36:00,0,0,0,0,P,N,N,5.0,2,NJ 3                                              ,W,3,7.56,2,2.0,2.0,3.0,2.0,1.0,1.0,N,16:35,120+04735,2014-11-06 16:36:00
3410,20150212ER-15-09440            ,2015-10-02 00:00:00,F ,18:55:00,0,3,0,0,I,N,N,1.0,2,NJ 3                                              ,W,3,7.8,2,2.0,2.0,6.0,2.0,1.0,1.0,N,18:55,120P04734,2015-10-02 18:55:00
3411,20130212ER-13-05943            ,2013-07-07 00:00:00,S ,19:45:00,0,0,0,0,P,N,N,2.0,2,NJ 3                                              ,W,3,7.96,2,2.0,1.0,3.0,1.0,1.0,1.0,N,19:45,120+04734,2013-07-07 19:45:00
3413,20150212ER-15-09745            ,2015-10-11 00:00:00,S ,19:55:00,0,0,0,0,P,N,N,2.0,2,NJ 3                                              ,W,3,7.4,2,2.0,1.0,6.0,1.0,1.0,1.0,N,19:55,120+04735,2015-10-11 19:55:00
3414,20130212ER-13-06119            ,2013-07-14 00:00:00,S ,1:22:00,0,0,0,0,P,N,N,1.0,2,NJ 3                                              ,W,3,7.6,2,2.0,2.0,6.0,1.0,1.0,1.0,N,1:20,120+04735,2013-07-14 01:22:00
3416,20150212ER-15-09785            ,2015-10-13 00:00:00,TU,9:20:00,0,1,0,0,I,N,N,1.0,2,NJ 3                                              ,W,3,7.5,2,2.0,1.0,1.0,1.0,1.0,1.0,N,9:20,120+04735,2015-10-13 09:20:00
3417,20180212ER-18-05397            ,2018-07-13 00:00:00,FR,7:49:00,0,2,0,0,I,N,N,1.0,2,NJ 3                                              ,W,3,7.6,2,2.0,1.0,1.0,1.0,1.0,1.0,N,7:50,120+04735,2018-07-13 07:49:00
3418,20160212ER-16-08253            ,2016-09-27 00:00:00,TU,18:38:00,0,0,0,0,P,N,N,1.0,2,NJ 3                                              ,W,3,8.08,2,2.0,1.0,1.0,1.0,3.0,,N,18:40,120+04734,2016-09-27 18:38:00
3419,20170212ER-17-09784            ,2017-11-12 00:00:00,SU,4:43:00,0,0,0,0,P,N,N,11.0,1,NJ 3                                              ,W,3,7.5,2,2.0,1.0,6.0,1.0,2.0,1.0,N,4:45,120+04735,2017-11-12 04:43:00
3420,20130212ER-13-06153            ,2013-07-15 00:00:00,M ,12:20:00,0,1,0,0,I,N,N,1.0,2,NJ 3                                              ,W,3,7.8,2,2.0,1.0,1.0,1.0,1.0,1.0,N,12:20,120P04734,2013-07-15 12:20:00
3421,20180212ER-18-05401            ,2018-07-13 00:00:00,FR,16:17:00,0,1,0,0,I,N,N,1.0,2,NJ 3                                              ,W,3,8.0,2,2.0,1.0,1.0,1.0,1.0,1.0,N,16:15,120+04734,2018-07-13 16:17:00
3422,20160212ER-16-08265            ,2016-09-28 00:00:00,W ,12:01:00,0,1,0,0,I,N,N,99.0,2,NJ 3                                              ,W,3,6.96,2,2.0,1.0,1.0,5.0,2.0,1.0,N,12:00,120P04736,2016-09-28 12:01:00
3423,20180212ER-18-05402            ,2018-07-13 00:00:00,FR,16:57:00,0,0,0,0,P,N,N,1.0,2,NJ 3                                              ,W,3,7.1,2,2.0,1.0,1.0,1.0,1.0,1.0,N,16:55,120P04735,2018-07-13 16:57:00
3425,20130212ER-13-06154            ,2013-07-15 00:00:00,M ,12:33:00,0,0,0,0,P,N,N,1.0,3,NJ 3                                              ,W,3,8.49,2,2.0,1.0,1.0,1.0,1.0,1.0,N,12:35,120P04733,2013-07-15 12:33:00
3426,20140212ER-14-10718            ,2014-11-24 00:00:00,M ,14:46:00,0,0,0,0,P,N,N,11.0,1,NJ 3                                              ,W,3,7.56,2,2.0,1.0,1.0,1.0,1.0,1.0,N,14:45,120+04735,2014-11-24 14:46:00
3427,20180212ER-18-05596            ,2018-07-20 00:00:00,FR,16:52:00,0,0,0,0,P,N,N,1.0,2,NJ 3                                              ,W,3,8.2,2,2.0,1.0,1.0,1.0,1.0,1.0,N,16:50,120+04734,2018-07-20 16:52:00
3428,20150212ER-15-10169            ,2015-10-24 00:00:00,SA,15:45:00,0,1,0,0,I,N,N,1.0,2,NJ 3                                              ,W,3,8.2,2,2.0,1.0,1.0,1.0,1.0,1.0,N,15:45,120+04734,2015-10-24 15:45:00
3429,20160212ER-16-08514            ,2016-10-06 00:00:00,TH,18:00:00,0,0,0,0,P,N,N,1.0,3,NJ 3                                              ,W,3,7.0,2,2.0,1.0,1.0,1.0,1.0,1.0,N,18:00,120P04736,2016-10-06 18:00:00
3430,20130212ER-13-06354            ,2013-07-20 00:00:00,SA,9:38:00,0,2,0,0,I,N,N,2.0,3,NJ 3                                              ,W,3,7.5,2,2.0,1.0,1.0,1.0,5.0,1.0,N,9:40,120+04735,2013-07-20 09:38:00
3431,20180212ER-18-05801            ,2018-07-27 00:00:00,FR,17:24:00,0,0,0,0,P,N,N,1.0,2,NJ 3                                              ,W,3,8.3,2,1.0,2.0,1.0,2.0,1.0,1.0,N,17:25,120+04734,2018-07-27 17:24:00
3432,20130212ER-13-06433            ,2013-07-22 00:00:00,M ,20:09:00,0,0,0,0,P,N,N,11.0,1,NJ 3                                              ,W,3,7.5,2,2.0,2.0,6.0,2.0,1.0,1.0,N,20:10,120+04735,2013-07-22 20:09:00
3433,20140212ER-14-10955            ,2014-12-02 00:00:00,TU,15:56:00,0,0,0,0,P,N,N,10.0,1,NJ 3                                              ,W,3,7.6,2,2.0,2.0,3.0,2.0,5.0,1.0,N,15:55,120+04735,2014-12-02 15:56:00
3434,20130212ER-13-06446            ,2013-07-23 00:00:00,TU,12:59:00,0,0,0,0,P,N,N,2.0,2,NJ 3                                              ,W,3,7.3,2,2.0,1.0,1.0,1.0,1.0,1.0,N,13:00,120P04735,2013-07-23 12:59:00
3435,20170212ER-17-10231            ,2017-11-27 00:00:00,MO,17:17:00,0,0,0,0,P,N,N,2.0,2,NJ 3                                              ,W,3,8.0,2,2.0,1.0,5.0,1.0,1.0,1.0,N,17:15,120+04734,2017-11-27 17:17:00
3436,20150212ER-15-10280            ,2015-10-28 00:00:00,W ,18:19:00,0,0,0,0,P,N,N,1.0,2,NJ 3                                              ,W,3,7.1,2,2.0,2.0,6.0,2.0,1.0,1.0,N,18:20,120P04735,2015-10-28 18:19:00
3437,20170212ER-17-10244            ,2017-11-28 00:00:00,TU,2:24:00,0,0,0,0,P,N,N,1.0,2,NJ 3                                              ,W,3,7.3,2,2.0,1.0,6.0,1.0,1.0,1.0,N,2:25,120P04735,2017-11-28 02:24:00
3438,20130212ER-13-06474            ,2013-07-24 00:00:00,W ,12:47:00,0,0,0,0,P,N,N,1.0,2,NJ 3                                              ,W,3,7.5,2,2.0,1.0,1.0,1.0,5.0,1.0,N,12:45,120+04735,2013-07-24 12:47:00
3439,20140212ER-14-11042            ,2014-12-05 00:00:00,F ,16:47:00,0,1,0,0,I,N,N,1.0,2,NJ 3                                              ,W,3,7.7,2,2.0,2.0,6.0,2.0,1.0,1.0,N,16:45,120P04734,2014-12-05 16:47:00
3440,20150212ER-15-10281            ,2015-10-28 00:00:00,W ,18:48:00,0,0,0,0,P,N,N,2.0,2,NJ 3                                              ,W,3,7.3,2,2.0,2.0,6.0,2.0,1.0,1.0,N,18:50,120P04735,2015-10-28 18:48:00
3441,20130212ER-13-06766            ,2013-08-03 00:00:00,SA,11:35:00,0,0,0,0,P,N,N,11.0,1,NJ 3                                              ,W,3,7.6,2,2.0,2.0,1.0,2.0,1.0,1.0,N,11:35,120+04735,2013-08-03 11:35:00
3442,20140212ER-14-11043            ,2014-12-05 00:00:00,F ,17:23:00,0,0,0,0,P,N,N,1.0,2,NJ 3                                              ,W,3,7.9,2,2.0,2.0,6.0,2.0,1.0,1.0,N,17:25,120+04734,2014-12-05 17:23:00
3443,20170212ER-17-10253            ,2017-11-28 00:00:00,TU,11:53:00,0,1,0,0,I,N,N,1.0,2,NJ 3                                              ,W,3,8.1,2,2.0,1.0,1.0,1.0,1.0,1.0,N,11:55,120+04734,2017-11-28 11:53:00
3444,20140212ER-14-11197            ,2014-12-11 00:00:00,TH,1:43:00,0,0,0,0,P,Y,N,11.0,1,NJ 3                                              ,W,3,7.9,2,2.0,2.0,7.0,3.0,3.0,1.0,N,1:45,120+04734,2014-12-11 01:43:00
3445,20160212ER-16-08960            ,2016-10-21 00:00:00,F ,6:50:00,0,1,0,0,I,N,N,2.0,2,NJ 3                                              ,W,3,8.0,2,2.0,1.0,2.0,1.0,1.0,,N,6:50,120+04734,2016-10-21 06:50:00
3446,20130212ER-13-06849            ,2013-08-05 00:00:00,M ,7:20:00,0,0,0,0,P,N,N,2.0,2,NJ 3                                              ,W,3,8.3,2,2.0,1.0,1.0,1.0,1.0,1.0,N,7:20,120+04734,2013-08-05 07:20:00
3447,20170212ER-17-10488            ,2017-12-06 00:00:00,WE,17:49:00,0,0,0,0,P,N,N,2.0,2,NJ 3                                              ,W,3,6.96,2,2.0,1.0,6.0,1.0,1.0,1.0,N,17:50,120P04736,2017-12-06 17:49:00
3448,20160212ER-16-08961            ,2016-10-21 00:00:00,F ,6:57:00,0,2,0,0,I,N,N,1.0,4,NJ 3                                              ,W,3,8.08,2,2.0,1.0,1.0,1.0,1.0,1.0,N,6:55,120+04734,2016-10-21 06:57:00
3449,20130212ER-13-06851            ,2013-08-05 00:00:00,M ,7:20:00,0,0,0,0,P,N,N,2.0,2,NJ 3                                              ,W,3,8.3,2,2.0,1.0,1.0,1.0,1.0,1.0,N,7:20,120+04734,2013-08-05 07:20:00
3450,20140212ER-14-11390            ,2014-12-17 00:00:00,W ,17:32:00,0,0,0,0,P,N,N,1.0,2,NJ 3                                              ,W,3,6.96,2,2.0,1.0,3.0,1.0,1.0,1.0,N,17:30,120P04736,2014-12-17 17:32:00
3451,20180212ER-18-06649            ,2018-08-28 00:00:00,TU,17:36:00,0,0,0,0,P,N,N,1.0,2,NJ 3                                              ,W,3,6.96,2,1.0,1.0,1.0,1.0,1.0,1.0,N,17:35,120P04736,2018-08-28 17:36:00
3452,20170212ER-17-10578            ,2017-12-09 00:00:00,SA,9:58:00,0,0,0,0,P,N,N,1.0,2,NJ 3                                              ,W,3,7.2,2,2.0,2.0,1.0,3.0,1.0,1.0,N,10:00,120P04735,2017-12-09 09:58:00
3453,20130212ER-13-06986            ,2013-08-09 00:00:00,F ,7:58:00,0,2,0,0,I,N,N,2.0,2,NJ 3                                              ,W,3,7.5,2,2.0,2.0,1.0,1.0,1.0,1.0,N,8:00,120+04735,2013-08-09 07:58:00
3454,20150212ER-15-10509            ,2015-11-06 00:00:00,F ,1:23:00,0,0,0,0,P,N,N,1.0,2,NJ 3                                              ,W,3,7.96,2,2.0,1.0,6.0,1.0,2.0,1.0,N,1:25,120+04734,2015-11-06 01:23:00
3455,20180212ER-18-06680            ,2018-08-29 00:00:00,WE,16:11:00,0,0,0,0,P,N,N,2.0,2,NJ 3                                              ,W,3,6.87,2,2.0,1.0,1.0,1.0,1.0,1.0,N,16:10,120+04737,2018-08-29 16:11:00
3456,20170212ER-17-10832            ,2017-12-17 00:00:00,SU,17:43:00,0,0,0,0,P,N,N,1.0,2,NJ 3                                              ,W,3,7.1,2,2.0,1.0,4.0,1.0,1.0,1.0,N,17:45,120P04735,2017-12-17 17:43:00