,CRASH_ID,DATE,DAY,TIME,KILLED,INJURED,PED_KILL,PED_INJ,SEVERITY,ALCOHOL,HAZMAT,CRASH_TYPE,VEH_COUNT,LOCATION,LOC_DIR,ROUTE,MP,RD_SYS,RD_SURF,SURF_COND,LIGHT,WEATHER,RD_DIV,RD_WRKZN,CELL_USE,TIME_ROUND,TMC,timestamp
3457,20130212ER-13-07177            ,2013-08-15 00:00:00,TH,8:55:00,0,2,0,1,I,N,N,13.0,1,NJ 3                                              ,W,3,8.0,2,2.0,1.0,1.0,1.0,2.0,1.0,N,8:55,120+04734,2013-08-15 08:55:00
3458,20160212ER-16-09040            ,2016-10-23 00:00:00,S ,20:17:00,0,0,0,0,P,N,N,1.0,2,NJ 3                                              ,W,3,8.0,2,2.0,1.0,6.0,1.0,1.0,1.0,N,20:15,120+04734,2016-10-23 20:17:00
3459,20180212ER-18-06826            ,2018-09-04 00:00:00,TU,9:14:00,0,0,0,0,P,N,N,1.0,2,NJ 3                                              ,W,3,6.86,2,2.0,1.0,1.0,1.0,1.0,1.0,N,9:15,120+04737,2018-09-04 09:14:00
3460,20160212ER-16-09134            ,2016-10-27 00:00:00,TH,11:33:00,0,1,0,0,I,N,N,11.0,1,NJ 3                                              ,W,3,7.5,2,2.0,2.0,1.0,2.0,1.0,1.0,N,11:35,120+04735,2016-10-27 11:33:00
3461,20170212ER-17-10866            ,2017-12-18 00:00:00,MO,17:58:00,0,0,0,0,P,N,N,1.0,2,NJ 3                                              ,W,3,7.8,2,2.0,1.0,6.0,1.0,1.0,1.0,N,18:00,120P04734,2017-12-18 17:58:00
3462,20130212ER-13-07239            ,2013-08-16 00:00:00,F ,23:11:00,0,0,0,0,P,N,N,1.0,2,NJ 3                                              ,W,3,8.1,2,2.0,1.0,7.0,1.0,1.0,2.0,N,23:10,120+04734,2013-08-16 23:11:00
3463,20170212ER-17-10902            ,2017-12-20 00:00:00,WE,18:38:00,0,0,0,0,P,N,N,2.0,2,NJ 3                                              ,W,3,7.05,2,2.0,1.0,6.0,1.0,1.0,1.0,N,18:40,120+04736,2017-12-20 18:38:00
3464,20180212ER-18-06848            ,2018-09-04 00:00:00,TU,17:34:00,0,0,0,0,P,N,N,2.0,2,NJ 3                                              ,W,3,7.6,2,2.0,1.0,1.0,1.0,1.0,1.0,N,17:35,120+04735,2018-09-04 17:34:00
3466,20150212ER-15-10700            ,2015-11-11 00:00:00,W ,18:07:00,0,0,0,0,P,N,N,1.0,2,NJ 3                                              ,W,3,6.86,2,2.0,1.0,6.0,1.0,1.0,1.0,N,18:05,120+04737,2015-11-11 18:07:00
3467,20140212ER-14-11608            ,2014-12-24 00:00:00,W ,10:25:00,0,0,0,0,P,N,N,11.0,1,NJ 3                                              ,W,3,7.5,2,2.0,2.0,1.0,2.0,1.0,1.0,N,10:25,120+04735,2014-12-24 10:25:00
3468,20130212ER-13-07416            ,2013-08-22 00:00:00,TH,14:13:00,0,0,0,0,P,N,N,11.0,1,NJ 3                                              ,W,3,7.9,2,2.0,2.0,1.0,2.0,2.0,1.0,N,14:15,120+04734,2013-08-22 14:13:00
3469,20160212ER-16-09206            ,2016-10-30 00:00:00,S ,3:05:00,0,0,0,0,P,N,N,1.0,2,NJ 3                                              ,W,3,8.1,2,2.0,1.0,6.0,1.0,1.0,1.0,N,3:05,120+04734,2016-10-30 03:05:00
3470,20170212ER-17-10992            ,2017-12-24 00:00:00,SU,4:07:00,0,1,0,0,I,N,N,99.0,2,NJ 3                                              ,W,3,8.14,2,2.0,2.0,6.0,1.0,1.0,1.0,N,4:05,120+04734,2017-12-24 04:07:00
3471,20180212ER-18-06900            ,2018-09-06 00:00:00,TH,22:41:00,0,0,0,0,P,N,N,2.0,2,NJ 3                                              ,W,3,6.96,2,2.0,2.0,6.0,1.0,1.0,1.0,N,22:40,120P04736,2018-09-06 22:41:00
3472,20140212ER-14-11610            ,2014-12-24 00:00:00,W ,10:59:00,0,0,0,0,P,N,N,11.0,1,NJ 3                                              ,W,3,7.5,2,2.0,2.0,1.0,2.0,1.0,1.0,N,11:00,120+04735,2014-12-24 10:59:00
3473,20130212ER-13-07456            ,2013-08-24 00:00:00,SA,3:49:00,0,1,0,0,I,Y,N,11.0,1,NJ 3                                              ,W,3,7.6,2,2.0,1.0,6.0,1.0,1.0,1.0,N,3:50,120+04735,2013-08-24 03:49:00
3474,20160212ER-16-09379            ,2016-11-04 00:00:00,F ,18:43:00,0,0,0,0,P,N,N,2.0,2,NJ 3                                              ,W,3,8.1,2,1.0,1.0,6.0,1.0,1.0,1.0,N,18:45,120+04734,2016-11-04 18:43:00
3475,20160212ER-16-09418            ,2016-11-05 00:00:00,SA,22:02:00,0,0,0,0,P,N,N,2.0,2,NJ 3                                              ,W,3,8.1,2,2.0,1.0,6.0,1.0,1.0,1.0,N,22:00,120+04734,2016-11-05 22:02:00
3476,2014025614-00892               ,2014-01-10 00:00:00,F ,17:32:00,0,1,0,0,I,N,N,1.0,3,NJ 3                                              ,W,3,5.2,2,2.0,2.0,6.0,2.0,1.0,2.0,N,17:30,120P04738,2014-01-10 17:32:00
3477,20150212ER-15-10819            ,2015-11-15 00:00:00,S ,20:49:00,0,0,0,0,P,N,N,1.0,2,NJ 3                                              ,W,3,6.96,2,2.0,1.0,6.0,1.0,2.0,1.0,N,20:50,120P04736,2015-11-15 20:49:00
3478,20130212ER-13-07761            ,2013-09-03 00:00:00,TU,15:14:00,0,3,0,0,I,N,N,1.0,2,NJ 3                                              ,W,3,8.0,2,2.0,1.0,1.0,1.0,1.0,1.0,N,15:15,120+04734,2013-09-03 15:14:00
3479,20170212ER17-01190             ,2017-02-09 00:00:00,TH,11:08:00,0,0,0,0,P,N,N,3.0,2,NJ 3                                              ,W,3,8.0,2,2.0,3.0,1.0,3.0,1.0,1.0,N,11:10,120+04734,2017-02-09 11:08:00
3480,2014025614-00902               ,2014-01-10 00:00:00,F ,18:59:00,0,0,0,0,P,N,N,1.0,2,NJ 3                                              ,W,3,5.0,2,2.0,2.0,6.0,2.0,1.0,2.0,N,19:00,120+04739,2014-01-10 18:59:00
3481,20150212ER-15-10820            ,2015-11-15 00:00:00,S ,21:01:00,0,0,0,0,P,N,N,1.0,2,NJ 3                                              ,W,3,7.0,2,2.0,1.0,6.0,1.0,1.0,1.0,N,21:00,120P04736,2015-11-15 21:01:00
3482,2014025614-00921               ,2014-01-10 00:00:00,F ,23:43:00,0,0,0,0,P,N,N,1.0,3,NJ 3                                              ,W,3,5.0,2,2.0,2.0,6.0,2.0,1.0,2.0,N,23:45,120+04739,2014-01-10 23:43:00
3483,20180212ER-18-07079            ,2018-09-12 00:00:00,WE,17:42:00,0,0,0,0,P,N,N,1.0,2,NJ 3                                              ,W,3,6.9,2,2.0,2.0,7.0,2.0,1.0,1.0,N,17:40,120+04737,2018-09-12 17:42:00
3484,20150212ER-15-10928            ,2015-11-18 00:00:00,W ,17:01:00,0,1,0,0,I,N,N,1.0,2,NJ 3                                              ,W,3,7.2,2,2.0,1.0,6.0,1.0,1.0,1.0,N,17:00,120P04735,2015-11-18 17:01:00
3485,20160212ER-16-09496            ,2016-11-07 00:00:00,M ,13:59:00,0,0,0,0,P,N,N,2.0,2,NJ 3                                              ,W,3,7.5,2,2.0,1.0,1.0,1.0,1.0,1.0,N,14:00,120+04735,2016-11-07 13:59:00
3486,2014025614-01022               ,2014-01-12 00:00:00,S ,10:53:00,0,0,0,0,P,N,N,1.0,2,NJ 3                                              ,W,3,5.0,2,2.0,1.0,1.0,1.0,1.0,2.0,N,10:55,120+04739,2014-01-12 10:53:00
3487,20130212ER-13-07985            ,2013-09-09 00:00:00,M ,18:33:00,0,0,0,0,P,N,N,2.0,2,NJ 3                                              ,W,3,7.0,2,2.0,1.0,1.0,1.0,1.0,1.0,N,18:35,120P04736,2013-09-09 18:33:00
3488,20160212ER-16-09511            ,2016-11-07 00:00:00,M ,18:28:00,0,1,0,0,I,N,N,1.0,3,NJ 3                                              ,W,3,7.45,2,2.0,1.0,6.0,1.0,1.0,1.0,N,18:30,120+04735,2016-11-07 18:28:00
3489,20180212ER-18-07132            ,2018-09-14 00:00:00,FR,19:26:00,0,0,0,0,P,N,N,2.0,2,NJ 3                                              ,W,3,8.4,2,2.0,1.0,6.0,1.0,1.0,1.0,N,19:25,120P04733,2018-09-14 19:26:00
3490,2014025614-01345               ,2014-01-16 00:00:00,TH,18:00:00,0,1,0,0,I,N,N,1.0,2,NJ 3                                              ,W,3,6.3,2,2.0,1.0,6.0,1.0,1.0,1.0,N,18:00,120P04737,2014-01-16 18:00:00
3491,20130212ER-13-08116            ,2013-09-13 00:00:00,F ,17:00:00,0,0,0,0,P,N,N,6.0,2,NJ 3                                              ,W,3,7.2,2,2.0,1.0,3.0,1.0,1.0,1.0,N,17:00,120P04735,2013-09-13 17:00:00
3492,20180212ER-18-07186            ,2018-09-17 00:00:00,MO,21:22:00,0,0,0,0,P,N,N,1.0,3,NJ 3                                              ,W,3,7.27,2,2.0,1.0,6.0,1.0,1.0,5.0,N,21:20,120P04735,2018-09-17 21:22:00
3493,20150212ER-15-112710           ,2015-11-29 00:00:00,S ,17:12:00,0,0,0,0,P,N,N,1.0,2,NJ 3                                              ,W,3,7.4,2,2.0,1.0,6.0,1.0,1.0,1.0,N,17:10,120+04735,2015-11-29 17:12:00
3494,2014025614-01353               ,2014-01-16 00:00:00,TH,19:21:00,0,0,0,0,P,N,N,1.0,2,NJ 3                                              ,W,3,5.5,2,2.0,1.0,6.0,1.0,1.0,2.0,N,19:20,120P04738,2014-01-16 19:21:00
3495,20150212ER-15-11303            ,2015-11-30 00:00:00,M ,18:11:00,0,0,0,0,P,N,N,1.0,2,NJ 3                                              ,W,3,7.9,2,2.0,1.0,6.0,1.0,1.0,1.0,N,18:10,120+04734,2015-11-30 18:11:00
3496,20180212ER-18-07196            ,2018-09-17 00:00:00,MO,7:14:00,0,0,0,0,P,N,N,2.0,2,NJ 3                                              ,W,3,7.9,2,2.0,1.0,1.0,1.0,1.0,1.0,N,7:15,120+04734,2018-09-17 07:14:00
3497,20160212ER-16-09643            ,2016-11-12 00:00:00,SA,4:35:00,0,1,0,0,I,Y,N,11.0,1,NJ 3                                              ,W,3,8.49,2,2.0,1.0,6.0,1.0,1.0,1.0,N,4:35,120P04733,2016-11-12 04:35:00
3499,20170212ER17-02278             ,2017-03-23 00:00:00,TH,7:13:00,0,0,0,0,P,N,N,2.0,2,NJ 3                                              ,W,3,7.9,2,2.0,1.0,1.0,1.0,3.0,1.0,N,7:15,120+04734,2017-03-23 07:13:00
3500,20150212ER-15-11370            ,2015-12-03 00:00:00,TH,9:15:00,0,0,0,0,P,N,N,2.0,2,NJ 3                                              ,W,3,8.2,2,2.0,1.0,1.0,1.0,1.0,1.0,N,9:15,120+04734,2015-12-03 09:15:00
3501,20130212ER-13-08519            ,2013-09-23 00:00:00,M ,13:57:00,0,0,0,0,P,N,N,1.0,2,NJ 3                                              ,W,3,8.49,2,2.0,1.0,1.0,1.0,5.0,1.0,N,13:55,120P04733,2013-09-23 13:57:00
3502,2014025614-01376               ,2014-01-17 00:00:00,F ,5:22:00,0,0,0,0,P,N,N,11.0,1,NJ 3                                              ,W,3,6.4,2,2.0,1.0,6.0,1.0,5.0,1.0,N,5:20,120+04737,2014-01-17 05:22:00
3503,20180212ER-18-07236            ,2018-09-18 00:00:00,TU,14:05:00,0,0,0,0,P,N,N,11.0,2,NJ 3                                              ,W,3,7.2,2,2.0,2.0,1.0,2.0,1.0,1.0,N,14:05,120P04735,2018-09-18 14:05:00
3504,20150212ER-15-11714            ,2015-12-12 00:00:00,SA,16:06:00,0,0,0,0,P,N,N,2.0,2,NJ 3                                              ,W,3,7.27,2,2.0,1.0,1.0,1.0,1.0,1.0,N,16:05,120P04735,2015-12-12 16:06:00
3505,20170212ER17-02408             ,2017-03-26 00:00:00,SU,6:26:00,0,0,0,0,P,N,N,3.0,2,NJ 3                                              ,W,3,7.5,2,2.0,2.0,5.0,5.0,2.0,1.0,N,6:25,120+04735,2017-03-26 06:26:00
3506,20130212ER-13-08520            ,2013-09-23 00:00:00,M ,14:13:00,0,0,0,0,P,N,N,1.0,2,NJ 3                                              ,W,3,8.0,2,2.0,1.0,1.0,1.0,1.0,1.0,N,14:15,120+04734,2013-09-23 14:13:00
3507,2014025614-01443               ,2014-01-17 00:00:00,F ,16:13:00,0,2,0,0,I,N,N,1.0,3,NJ 3                                              ,W,3,6.3,2,2.0,1.0,1.0,1.0,1.0,1.0,N,16:15,120P04737,2014-01-17 16:13:00
3508,20170212ER17-02504             ,2017-03-28 00:00:00,TU,9:21:00,0,0,0,0,P,N,N,2.0,2,NJ 3                                              ,W,3,7.3,2,2.0,1.0,1.0,5.0,1.0,1.0,N,9:20,120P04735,2017-03-28 09:21:00
3509,20150212ER-15-11768            ,2015-12-14 00:00:00,M ,14:42:00,0,0,0,0,P,N,N,1.0,2,NJ 3                                              ,W,3,7.4,2,2.0,1.0,1.0,5.0,5.0,1.0,N,14:40,120+04735,2015-12-14 14:42:00
3510,20160212ER-16-09757            ,2016-11-16 00:00:00,W ,9:20:00,0,0,0,0,P,N,N,1.0,2,NJ 3                                              ,W,3,8.4,2,2.0,1.0,1.0,1.0,1.0,1.0,N,9:20,120P04733,2016-11-16 09:20:00
3511,20180212ER-18-07411            ,2018-09-24 00:00:00,MO,15:02:00,0,1,0,0,I,N,N,2.0,2,NJ 3                                              ,W,3,8.4,2,2.0,1.0,1.0,1.0,5.0,1.0,N,15:00,120P04733,2018-09-24 15:02:00
3512,20130212ER-13-08524            ,2013-09-23 00:00:00,M ,18:01:00,0,0,0,0,P,N,N,1.0,3,NJ 3                                              ,W,3,8.49,2,2.0,1.0,1.0,1.0,1.0,1.0,N,18:00,120P04733,2013-09-23 18:01:00
3513,2014025614-01674               ,2014-01-20 00:00:00,M ,16:11:00,0,1,0,0,I,N,N,1.0,2,NJ 3                                              ,W,3,5.1,2,2.0,1.0,3.0,1.0,4.0,2.0,N,16:10,120+04739,2014-01-20 16:11:00
3514,20170212ER17-02748             ,2017-04-04 00:00:00,TU,3:12:00,0,0,0,0,P,N,N,11.0,1,NJ 3                                              ,W,3,7.1,2,2.0,2.0,7.0,2.0,1.0,1.0,N,3:10,120P04735,2017-04-04 03:12:00
3515,20160212ER-16-09761            ,2016-11-16 00:00:00,W ,11:46:00,0,0,0,0,P,N,N,2.0,3,NJ 3                                              ,W,3,7.5,2,2.0,1.0,1.0,1.0,1.0,1.0,N,11:45,120+04735,2016-11-16 11:46:00
3516,20150212ER-15-11803            ,2015-12-15 00:00:00,TU,17:52:00,0,1,0,0,I,N,N,1.0,3,NJ 3                                              ,W,3,7.8,2,2.0,1.0,6.0,1.0,1.0,1.0,N,17:50,120P04734,2015-12-15 17:52:00
3517,20130212ER-13-08579            ,2013-09-25 00:00:00,W ,15:37:00,0,0,0,0,P,N,N,1.0,2,NJ 3                                              ,W,3,8.1,2,2.0,1.0,1.0,1.0,1.0,1.0,N,15:35,120+04734,2013-09-25 15:37:00
3518,20130212ER-13-08634            ,2013-09-26 00:00:00,TH,19:28:00,0,0,0,0,P,Y,N,11.0,1,NJ 3                                              ,W,3,8.0,2,2.0,1.0,6.0,1.0,1.0,1.0,N,19:30,120+04734,2013-09-26 19:28:00
3519,20150212ER-15-11825            ,2015-12-16 00:00:00,W ,18:33:00,0,0,0,0,P,N,N,1.0,2,NJ 3                                              ,W,3,8.0,2,2.0,1.0,6.0,1.0,1.0,1.0,N,18:35,120+04734,2015-12-16 18:33:00
3520,20170212ER17-03547             ,2017-04-24 00:00:00,MO,18:56:00,0,0,0,0,P,N,N,2.0,2,NJ 3                                              ,W,3,8.1,2,2.0,1.0,1.0,1.0,1.0,1.0,N,18:55,120+04734,2017-04-24 18:56:00
3521,20160212ER-16-09768            ,2016-11-16 00:00:00,W ,18:07:00,0,0,0,0,P,N,N,1.0,2,NJ 3                                              ,W,3,8.2,2,2.0,1.0,6.0,1.0,1.0,1.0,N,18:05,120+04734,2016-11-16 18:07:00
3522,20170212ER17-04216             ,2017-05-13 00:00:00,SA,5:11:00,0,0,0,0,P,N,N,11.0,1,NJ 3                                              ,W,3,6.9,2,2.0,2.0,2.0,2.0,1.0,1.0,N,5:10,120+04737,2017-05-13 05:11:00
3523,20160212ER-16-09798            ,2016-11-17 00:00:00,TH,18:40:00,0,0,0,0,P,N,N,2.0,2,NJ 3                                              ,W,3,7.0,2,2.0,1.0,6.0,1.0,1.0,1.0,N,18:40,120P04736,2016-11-17 18:40:00
3525,2014025614-01889               ,2014-01-22 00:00:00,W ,17:11:00,0,0,0,0,P,N,N,2.0,2,NJ 3                                              ,W,3,5.0,2,2.0,3.0,3.0,1.0,1.0,2.0,N,17:10,120+04739,2014-01-22 17:11:00
3526,20170212ER17-04239             ,2017-05-14 00:00:00,SU,7:07:00,0,0,0,0,P,N,N,3.0,2,NJ 3                                              ,W,3,6.96,2,2.0,1.0,1.0,1.0,1.0,1.0,N,7:05,120P04736,2017-05-14 07:07:00
3527,20180212ER-18-07529            ,2018-09-28 00:00:00,FR,17:04:00,0,0,0,0,P,N,N,2.0,2,NJ 3                                              ,W,3,7.5,2,2.0,1.0,1.0,1.0,1.0,1.0,N,17:05,120+04735,2018-09-28 17:04:00
3528,20130212ER-13-08681            ,2013-09-28 00:00:00,SA,23:41:00,0,0,0,0,P,N,N,2.0,2,NJ 3                                              ,W,3,8.2,2,2.0,1.0,6.0,1.0,1.0,1.0,N,23:40,120+04734,2013-09-28 23:41:00
3529,20160212ER-16-09995            ,2016-11-23 00:00:00,W ,21:28:00,0,0,0,0,P,N,N,2.0,2,NJ 3                                              ,W,3,6.86,2,2.0,1.0,6.0,1.0,1.0,1.0,N,21:30,120+04737,2016-11-23 21:28:00
3530,20170212ER17-04412             ,2017-05-18 00:00:00,TH,18:58:00,0,0,0,0,P,N,N,2.0,2,NJ 3                                              ,W,3,7.3,2,2.0,1.0,1.0,1.0,1.0,1.0,N,19:00,120P04735,2017-05-18 18:58:00
3531,20130212ER-13-10081            ,2013-11-07 00:00:00,TH,17:27:00,0,0,0,0,P,N,N,1.0,3,NJ 3                                              ,W,3,7.8,2,2.0,2.0,6.0,1.0,1.0,2.0,N,17:25,120P04734,2013-11-07 17:27:00
3532,20160212ER-16-10124            ,2016-11-27 00:00:00,S ,20:34:00,0,1,0,0,I,N,N,1.0,2,NJ 3                                              ,W,3,6.9,2,2.0,1.0,6.0,1.0,1.0,1.0,N,20:35,120+04737,2016-11-27 20:34:00
3533,20150212ER-15-12064            ,2015-12-23 00:00:00,W ,12:03:00,0,0,0,0,P,N,N,11.0,1,NJ 3                                              ,W,3,7.56,2,2.0,2.0,1.0,2.0,5.0,1.0,N,12:05,120+04735,2015-12-23 12:03:00
3534,20130212ER-13-10279            ,2013-11-13 00:00:00,W ,18:30:00,0,0,0,0,P,N,N,2.0,2,NJ 3                                              ,W,3,8.0,2,2.0,,6.0,1.0,4.0,,N,18:30,120+04734,2013-11-13 18:30:00
3535,20180212ER-18-07560            ,2018-09-29 00:00:00,SA,20:01:00,0,0,0,0,P,N,N,11.0,1,NJ 3                                              ,W,3,8.49,2,1.0,1.0,6.0,1.0,1.0,1.0,N,20:00,120P04733,2018-09-29 20:01:00
3536,2014025614-01977               ,2014-01-23 00:00:00,TH,15:05:00,0,0,0,0,P,N,N,1.0,2,NJ 3                                              ,W,3,5.0,2,2.0,2.0,1.0,1.0,1.0,2.0,N,15:05,120+04739,2014-01-23 15:05:00
3537,20160212ER-16-10176            ,2016-11-29 00:00:00,TU,10:23:00,0,1,0,0,I,N,N,11.0,1,NJ 3                                              ,W,3,6.86,2,2.0,2.0,1.0,2.0,1.0,1.0,N,10:25,120+04737,2016-11-29 10:23:00
3538,20170212ER17-05215             ,2017-06-11 00:00:00,SU,5:58:00,0,0,0,0,P,N,N,1.0,2,NJ 3                                              ,W,3,7.1,2,2.0,1.0,1.0,1.0,1.0,1.0,N,6:00,120P04735,2017-06-11 05:58:00
3539,20180212ER-18-07575            ,2018-09-30 00:00:00,SU,11:57:00,0,0,0,0,P,N,N,1.0,2,NJ 3                                              ,W,3,7.5,2,2.0,1.0,1.0,1.0,5.0,1.0,N,11:55,120+04735,2018-09-30 11:57:00
3540,20130212ER-13-10441            ,2013-11-18 00:00:00,M ,5:33:00,0,0,0,0,P,N,N,11.0,1,NJ 3                                              ,W,3,8.14,2,2.0,2.0,2.0,2.0,2.0,1.0,N,5:35,120+04734,2013-11-18 05:33:00
3541,2014025614-02061               ,2014-01-24 00:00:00,F ,17:56:00,0,0,0,0,P,N,N,1.0,2,NJ 3                                              ,W,3,5.7,2,2.0,1.0,6.0,1.0,1.0,2.0,N,17:55,120+04738,2014-01-24 17:56:00
3542,20130212ER-13-1576             ,2013-02-23 00:00:00,SA,19:39:00,0,2,0,0,I,N,N,11.0,1,NJ 3                                              ,W,3,7.5,2,2.0,2.0,6.0,2.0,1.0,1.0,N,19:40,120+04735,2013-02-23 19:39:00
3543,20160212ER-16-10239            ,2016-12-01 00:00:00,TH,16:51:00,0,0,0,0,P,N,N,1.0,2,NJ 3                                              ,W,3,7.5,2,2.0,1.0,6.0,1.0,1.0,1.0,N,16:50,120+04735,2016-12-01 16:51:00
3544,2014025614-02163               ,2014-01-26 00:00:00,S ,9:09:00,0,0,0,0,P,N,N,6.0,2,NJ 3                                              ,W,3,5.2,2,2.0,1.0,1.0,1.0,1.0,2.0,N,9:10,120P04738,2014-01-26 09:09:00
3545,20180212ER-18-07602            ,2018-09-30 00:00:00,SU,20:13:00,0,0,0,0,P,N,N,2.0,2,NJ 3                                              ,W,3,7.7,2,2.0,1.0,6.0,1.0,1.0,1.0,N,20:15,120P04734,2018-09-30 20:13:00
3546,20150212ER-15-15-10268         ,2015-10-28 00:00:00,W ,11:55:00,0,0,0,0,P,N,N,11.0,1,NJ 3                                              ,W,3,8.14,2,2.0,1.0,1.0,2.0,2.0,1.0,N,11:55,120+04734,2015-10-28 11:55:00
3547,20160212ER-16-10280            ,2016-12-02 00:00:00,F ,19:50:00,0,0,0,0,P,N,N,12.0,1,NJ 3                                              ,W,3,8.4,2,2.0,1.0,6.0,1.0,1.0,1.0,N,19:50,120P04733,2016-12-02 19:50:00
3548,20160212ER-16-10379            ,2016-12-06 00:00:00,TU,5:02:00,0,0,0,0,P,N,N,11.0,1,NJ 3                                              ,W,3,8.1,2,2.0,1.0,6.0,1.0,1.0,1.0,N,5:00,120+04734,2016-12-06 05:02:00
3549,20130212ER-13-5320             ,2013-06-18 00:00:00,TU,19:13:00,0,1,0,0,I,N,N,1.0,2,NJ 3                                              ,W,3,8.3,2,2.0,2.0,3.0,2.0,1.0,1.0,N,19:15,120+04734,2013-06-18 19:13:00
3550,20170212ER1701188              ,2017-02-09 00:00:00,TH,9:44:00,0,0,0,0,P,N,N,2.0,2,NJ 3                                              ,W,3,8.48,2,2.0,3.0,1.0,3.0,1.0,1.0,N,9:45,120P04733,2017-02-09 09:44:00
3551,2014025614-02291               ,2014-01-27 00:00:00,M ,18:28:00,0,0,0,0,P,N,N,1.0,2,NJ 3                                              ,W,3,5.5,2,2.0,1.0,6.0,1.0,1.0,2.0,N,18:30,120P04738,2014-01-27 18:28:00
3552,20180212ER-18-07640            ,2018-10-02 00:00:00,TU,2:14:00,0,0,0,0,P,N,N,11.0,1,NJ 3                                              ,W,3,7.8,2,2.0,1.0,6.0,1.0,3.0,1.0,N,2:15,120P04734,2018-10-02 02:14:00
3553,20170212ER1701190              ,2017-02-09 00:00:00,TH,11:08:00,0,0,0,0,P,N,N,1.0,2,NJ 3                                              ,W,3,8.0,2,2.0,3.0,1.0,3.0,1.0,1.0,N,11:10,120+04734,2017-02-09 11:08:00
3554,20160212ER-16-10381            ,2016-12-06 00:00:00,TU,5:25:00,0,1,0,0,I,N,N,1.0,2,NJ 3                                              ,W,3,8.08,2,2.0,1.0,6.0,1.0,1.0,1.0,N,5:25,120+04734,2016-12-06 05:25:00
3555,2014025614-02374               ,2014-01-28 00:00:00,TU,19:36:00,0,0,0,0,P,N,N,1.0,2,NJ 3                                              ,W,3,5.0,2,2.0,1.0,6.0,1.0,1.0,2.0,N,19:35,120+04739,2014-01-28 19:36:00
3556,20180212ER-18-07740            ,2018-10-05 00:00:00,FR,15:37:00,0,0,0,0,P,N,N,1.0,2,NJ 3                                              ,W,3,6.9,2,1.0,1.0,1.0,1.0,1.0,1.0,N,15:35,120+04737,2018-10-05 15:37:00
3558,2014025614-02643               ,2014-01-31 00:00:00,F ,23:51:00,0,0,0,0,P,N,N,2.0,2,NJ 3                                              ,W,3,5.4,2,2.0,1.0,6.0,1.0,5.0,2.0,N,23:50,120P04738,2014-01-31 23:51:00
3559,20170212ER1701613              ,2017-02-25 00:00:00,SA,12:38:00,0,0,0,0,P,N,N,2.0,2,NJ 3                                              ,W,3,7.0,2,2.0,1.0,1.0,1.0,1.0,1.0,N,12:40,120P04736,2017-02-25 12:38:00
3560,20180212ER-18-07908            ,2018-10-10 00:00:00,WE,17:29:00,0,1,0,0,I,N,N,2.0,3,NJ 3                                              ,W,3,7.5,2,2.0,1.0,1.0,5.0,1.0,1.0,N,17:30,120+04735,2018-10-10 17:29:00
3561,20160212ER-16-10455            ,2016-12-08 00:00:00,TH,15:20:00,0,0,0,0,P,N,N,1.0,2,NJ 3                                              ,W,3,7.96,2,2.0,1.0,1.0,1.0,5.0,1.0,N,15:20,120+04734,2016-12-08 15:20:00
3562,20130212ER-15-1572             ,2013-02-23 00:00:00,SA,15:47:00,0,3,0,0,I,N,N,3.0,2,NJ 3                                              ,W,3,7.6,2,2.0,2.0,1.0,2.0,4.0,1.0,N,15:45,120+04735,2013-02-23 15:47:00
3563,20170212ER1702010              ,2017-03-13 00:00:00,MO,15:06:00,0,0,0,0,P,N,N,2.0,2,NJ 3                                              ,W,3,7.6,2,2.0,1.0,1.0,1.0,1.0,1.0,N,15:05,120+04735,2017-03-13 15:06:00
3564,20180212ER-18-07939            ,2018-10-11 00:00:00,TH,18:00:00,0,3,0,0,I,N,N,1.0,2,NJ 3                                              ,W,3,8.49,2,1.0,2.0,3.0,2.0,1.0,1.0,N,18:00,120P04733,2018-10-11 18:00:00
3566,2013025613-14820               ,2013-12-03 00:00:00,TU,14:34:00,0,0,0,0,P,N,N,1.0,2,NJ 3                                              ,W,3,5.0,2,2.0,1.0,1.0,1.0,5.0,2.0,N,14:35,120+04739,2013-12-03 14:34:00
3567,2014025614-02681               ,2014-02-01 00:00:00,SA,11:49:00,0,0,0,0,P,N,N,1.0,2,NJ 3                                              ,W,3,5.0,2,2.0,1.0,1.0,1.0,2.0,2.0,N,11:50,120+04739,2014-02-01 11:49:00
3568,2015025615-00887               ,2015-01-09 00:00:00,F ,21:09:00,0,1,0,0,I,N,N,11.0,1,NJ 3                                              ,W,3,6.4,2,2.0,4.0,6.0,1.0,1.0,1.0,N,21:10,120+04737,2015-01-09 21:09:00
3569,20180212ER-18-08067            ,2018-10-16 00:00:00,TU,9:46:00,0,0,0,0,P,N,N,1.0,2,NJ 3                                              ,W,3,6.96,2,1.0,1.0,1.0,1.0,1.0,1.0,N,9:45,120P04736,2018-10-16 09:46:00