,CRASH_ID,DATE,DAY,TIME,KILLED,INJURED,PED_KILL,PED_INJ,SEVERITY,ALCOHOL,HAZMAT,CRASH_TYPE,VEH_COUNT,LOCATION,LOC_DIR,ROUTE,MP,RD_SYS,RD_SURF,SURF_COND,LIGHT,WEATHER,RD_DIV,RD_WRKZN,CELL_USE,TIME_ROUND,TMC,timestamp
3570,20170212ER1702023              ,2017-03-14 00:00:00,TU,4:19:00,0,1,0,0,I,N,N,11.0,1,NJ 3                                              ,W,3,8.14,2,2.0,3.0,6.0,3.0,1.0,1.0,N,4:20,120+04734,2017-03-14 04:19:00
3571,20180212ER-18-08108            ,2018-10-17 00:00:00,WE,17:43:00,0,0,0,0,P,N,N,2.0,2,NJ 3                                              ,W,3,7.0,2,2.0,1.0,1.0,1.0,1.0,1.0,N,17:45,120P04736,2018-10-17 17:43:00
3572,20170212ER1702609              ,2017-03-30 00:00:00,TH,17:26:00,0,1,0,0,I,N,N,1.0,2,NJ 3                                              ,W,3,7.2,2,2.0,1.0,3.0,1.0,1.0,1.0,N,17:25,120P04735,2017-03-30 17:26:00
3573,2013025613-14958               ,2013-12-05 00:00:00,TH,12:26:00,0,0,0,0,P,N,N,1.0,2,NJ 3                                              ,W,3,5.0,2,2.0,1.0,1.0,1.0,1.0,2.0,N,12:25,120+04739,2013-12-05 12:26:00
3574,20170212ER1702640              ,2017-03-31 00:00:00,FR,16:26:00,0,0,0,0,P,N,N,1.0,2,NJ 3                                              ,W,3,6.9,2,2.0,2.0,1.0,2.0,1.0,1.0,N,16:25,120+04737,2017-03-31 16:26:00
3575,20180212ER-18-08145            ,2018-10-18 00:00:00,TH,17:16:00,0,0,0,0,P,N,N,1.0,2,NJ 3                                              ,W,3,7.0,2,2.0,1.0,1.0,1.0,1.0,1.0,N,17:15,120P04736,2018-10-18 17:16:00
3576,20160212ER-16-10721            ,2016-12-18 00:00:00,S ,13:36:00,0,2,0,0,I,N,N,3.0,2,NJ 3                                              ,W,3,7.4,2,2.0,2.0,1.0,2.0,1.0,1.0,N,13:35,120+04735,2016-12-18 13:36:00
3577,20180212ER-18-08147            ,2018-10-18 00:00:00,TH,18:01:00,0,0,0,0,P,N,N,1.0,2,NJ 3                                              ,W,3,7.58,2,2.0,1.0,1.0,1.0,1.0,1.0,N,18:00,120+04735,2018-10-18 18:01:00
3578,2013025613-15391               ,2013-12-12 00:00:00,TH,8:45:00,0,0,0,0,P,N,N,1.0,2,NJ 3                                              ,W,3,5.0,2,2.0,1.0,1.0,1.0,1.0,2.0,N,8:45,120+04739,2013-12-12 08:45:00
3579,2015025615-01837               ,2015-01-19 00:00:00,M ,1:25:00,0,0,0,0,P,N,N,11.0,1,NJ 3                                              ,W,3,6.1,2,2.0,4.0,6.0,5.0,1.0,1.0,N,1:25,120P04737,2015-01-19 01:25:00
3580,2014025614-03323               ,2014-02-07 00:00:00,F ,17:17:00,0,1,0,0,I,N,N,1.0,2,NJ 3                                              ,W,3,6.2,2,2.0,1.0,1.0,1.0,1.0,2.0,N,17:15,120P04737,2014-02-07 17:17:00
3581,20180212ER-18-08239            ,2018-10-21 00:00:00,SU,16:54:00,0,0,0,0,P,N,N,1.0,2,NJ 3                                              ,W,3,7.5,2,2.0,1.0,1.0,1.0,1.0,,N,16:55,120+04735,2018-10-21 16:54:00
3582,2014025614-03329               ,2014-02-07 00:00:00,F ,17:58:00,0,0,0,0,P,N,N,2.0,2,NJ 3                                              ,W,3,6.0,2,2.0,1.0,6.0,1.0,1.0,2.0,N,18:00,120P04737,2014-02-07 17:58:00
3583,20180212ER-18-08243            ,2018-10-21 00:00:00,SU,18:33:00,0,0,0,0,P,N,N,2.0,2,NJ 3                                              ,W,3,7.4,2,2.0,1.0,1.0,1.0,1.0,1.0,N,18:35,120+04735,2018-10-21 18:33:00
3584,20160212ER-16-10780            ,2016-12-20 00:00:00,TU,18:32:00,0,1,0,0,I,N,N,1.0,2,NJ 3                                              ,W,3,8.2,2,2.0,1.0,6.0,1.0,1.0,1.0,N,18:30,120+04734,2016-12-20 18:32:00
3585,2014025614-03583               ,2014-02-11 00:00:00,TU,8:56:00,0,0,0,0,P,N,N,1.0,2,NJ 3                                              ,W,3,5.0,2,2.0,1.0,1.0,1.0,1.0,2.0,N,8:55,120+04739,2014-02-11 08:56:00
3586,2015025615-02042               ,2015-01-21 00:00:00,W ,13:27:00,0,1,0,0,I,N,N,1.0,2,NJ 3                                              ,W,3,5.0,2,2.0,1.0,1.0,1.0,1.0,1.0,N,13:25,120+04739,2015-01-21 13:27:00
3587,2013025613-15422               ,2013-12-12 00:00:00,TH,18:51:00,0,0,0,0,P,N,N,1.0,2,NJ 3                                              ,W,3,6.8,2,2.0,1.0,6.0,1.0,1.0,1.0,N,18:50,120+04737,2013-12-12 18:51:00
3588,20180212ER-18-08386            ,2018-10-25 00:00:00,TH,18:53:00,0,0,0,0,P,N,N,2.0,2,NJ 3                                              ,W,3,7.1,2,2.0,1.0,6.0,1.0,1.0,1.0,N,18:55,120P04735,2018-10-25 18:53:00
3589,20160212ER-16-10810            ,2016-12-21 00:00:00,W ,17:34:00,0,0,0,0,P,N,N,1.0,3,NJ 3                                              ,W,3,8.03,2,1.0,1.0,6.0,1.0,1.0,1.0,N,17:35,120+04734,2016-12-21 17:34:00
3590,2013025613-15462               ,2013-12-13 00:00:00,F ,8:49:00,0,0,0,0,P,N,N,2.0,2,NJ 3                                              ,W,3,5.6,2,2.0,1.0,1.0,1.0,1.0,2.0,N,8:50,120+04738,2013-12-13 08:49:00
3591,20160212ER-16-10815            ,2016-12-21 00:00:00,W ,19:23:00,0,0,0,0,P,N,N,2.0,2,NJ 3                                              ,W,3,8.0,2,2.0,1.0,6.0,1.0,1.0,1.0,N,19:25,120+04734,2016-12-21 19:23:00
3592,2014025614-03732               ,2014-02-12 00:00:00,W ,17:21:00,0,0,0,0,P,N,N,1.0,2,NJ 3                                              ,W,3,6.8,2,1.0,1.0,6.0,1.0,1.0,2.0,N,17:20,120+04737,2014-02-12 17:21:00
3593,20160212ER-16-10830            ,2016-12-22 00:00:00,TH,7:44:00,0,0,0,0,P,N,N,11.0,1,NJ 3                                              ,W,3,8.14,2,2.0,1.0,1.0,5.0,2.0,1.0,N,7:45,120+04734,2016-12-22 07:44:00
3594,2013025613-15487               ,2013-12-13 00:00:00,F ,16:05:00,0,0,0,0,P,N,N,1.0,2,NJ 3                                              ,W,3,5.3,2,2.0,1.0,1.0,1.0,1.0,2.0,N,16:05,120P04738,2013-12-13 16:05:00
3595,2016025616-00051               ,2016-01-01 00:00:00,F ,17:46:00,0,1,0,0,I,N,N,11.0,1,NJ 3                                              ,W,3,6.0,2,2.0,1.0,6.0,1.0,1.0,1.0,N,17:45,120P04737,2016-01-01 17:46:00
3596,2015025615-02530               ,2015-01-26 00:00:00,M ,12:01:00,0,0,0,0,P,N,N,1.0,2,NJ 3                                              ,W,3,6.39,2,2.0,2.0,1.0,5.0,1.0,1.0,N,12:00,120+04737,2015-01-26 12:01:00
3597,20170212ER1703393              ,2017-04-20 00:00:00,TH,18:36:00,0,4,0,0,I,N,N,2.0,3,NJ 3                                              ,W,3,6.9,2,2.0,1.0,1.0,1.0,1.0,1.0,N,18:35,120+04737,2017-04-20 18:36:00
3598,20180212ER-18-08716            ,2018-11-05 00:00:00,MO,17:46:00,0,1,0,0,I,N,N,1.0,2,NJ 3                                              ,W,3,6.96,2,2.0,2.0,6.0,2.0,1.0,1.0,N,17:45,120P04736,2018-11-05 17:46:00
3599,2014025614-04250               ,2014-02-18 00:00:00,TU,19:00:00,0,0,0,0,P,N,N,11.0,1,NJ 3                                              ,W,3,5.7,2,2.0,2.0,6.0,1.0,1.0,2.0,N,19:00,120+04738,2014-02-18 19:00:00
3600,2013025613-15489               ,2013-12-13 00:00:00,F ,16:23:00,0,0,0,0,P,N,N,1.0,2,NJ 3                                              ,W,3,6.0,2,2.0,1.0,1.0,1.0,1.0,2.0,N,16:25,120P04737,2013-12-13 16:23:00
3601,20180212ER-18-08719            ,2018-11-05 00:00:00,MO,18:30:00,0,0,0,0,P,N,N,2.0,2,NJ 3                                              ,W,3,7.5,2,2.0,2.0,6.0,2.0,1.0,1.0,N,18:30,120+04735,2018-11-05 18:30:00
3602,2015025615-02763               ,2015-01-28 00:00:00,W ,19:00:00,0,0,0,0,P,N,N,1.0,2,NJ 3                                              ,W,3,5.0,2,2.0,1.0,6.0,1.0,1.0,1.0,N,19:00,120+04739,2015-01-28 19:00:00
3603,2016025616-000828              ,2016-01-11 00:00:00,M ,17:35:00,0,0,0,0,P,N,N,1.0,2,NJ 3                                              ,W,3,6.2,2,2.0,1.0,6.0,1.0,1.0,1.0,N,17:35,120P04737,2016-01-11 17:35:00
3604,2014025614-04279               ,2014-02-19 00:00:00,W ,10:04:00,0,3,0,0,I,N,N,1.0,2,NJ 3                                              ,W,3,6.7,2,1.0,1.0,1.0,5.0,1.0,1.0,N,10:05,120+04737,2014-02-19 10:04:00
3606,2016025616-00194               ,2016-01-03 00:00:00,S ,17:15:00,0,0,0,0,P,N,N,1.0,3,NJ 3                                              ,W,3,5.5,2,2.0,1.0,6.0,1.0,1.0,1.0,N,17:15,120P04738,2016-01-03 17:15:00
3607,2014025614-04340               ,2014-02-20 00:00:00,TH,7:29:00,0,0,0,0,P,N,N,1.0,2,NJ 3                                              ,W,3,6.1,2,2.0,1.0,1.0,1.0,1.0,2.0,N,7:30,120P04737,2014-02-20 07:29:00
3608,2015025615-02943               ,2015-01-30 00:00:00,F ,16:31:00,0,0,0,0,P,N,N,2.0,2,NJ 3                                              ,W,3,6.4,2,2.0,1.0,1.0,1.0,1.0,1.0,N,16:30,120+04737,2015-01-30 16:31:00
3609,20170212ER1704117              ,2017-05-10 00:00:00,WE,17:29:00,0,0,0,0,P,N,N,1.0,2,NJ 3                                              ,W,3,7.9,2,2.0,1.0,3.0,1.0,1.0,1.0,N,17:30,120+04734,2017-05-10 17:29:00
3610,20180212ER-18-08771            ,2018-11-07 00:00:00,WE,15:37:00,0,0,0,0,P,N,N,2.0,2,NJ 3                                              ,W,3,8.4,2,1.0,1.0,1.0,1.0,1.0,1.0,N,15:35,120P04733,2018-11-07 15:37:00
3611,2013025613-15697               ,2013-12-16 00:00:00,M ,16:04:00,0,0,0,0,P,N,N,1.0,2,NJ 3                                              ,W,3,5.8,2,2.0,1.0,1.0,1.0,1.0,2.0,N,16:05,120+04738,2013-12-16 16:04:00
3612,2014025614-04342               ,2014-02-20 00:00:00,TH,7:45:00,0,0,0,0,P,N,N,1.0,2,NJ 3                                              ,W,3,6.1,2,2.0,1.0,1.0,1.0,1.0,2.0,N,7:45,120P04737,2014-02-20 07:45:00
3613,20180212ER-18-08873            ,2018-11-10 00:00:00,SA,11:43:00,0,0,0,0,P,N,N,2.0,2,NJ 3                                              ,W,3,8.2,2,2.0,1.0,1.0,1.0,1.0,1.0,N,11:45,120+04734,2018-11-10 11:43:00
3614,2014025614-04409               ,2014-02-20 00:00:00,TH,23:23:00,0,1,0,0,I,N,N,1.0,2,NJ 3                                              ,W,3,5.0,2,2.0,2.0,6.0,2.0,1.0,2.0,N,23:25,120+04739,2014-02-20 23:23:00
3615,2015025615-03497               ,2015-02-04 00:00:00,W ,18:04:00,0,0,0,0,P,N,N,1.0,3,NJ 3                                              ,W,3,5.7,2,2.0,1.0,6.0,1.0,1.0,1.0,N,18:05,120+04738,2015-02-04 18:04:00
3618,2016025616-00482               ,2016-01-06 00:00:00,W ,17:45:00,0,1,0,0,I,N,N,1.0,2,NJ 3                                              ,W,3,5.0,2,2.0,1.0,6.0,1.0,1.0,1.0,N,17:45,120+04739,2016-01-06 17:45:00
3619,2014025614-04514               ,2014-02-22 00:00:00,SA,5:29:00,0,0,0,0,P,N,N,11.0,1,NJ 3                                              ,W,3,6.2,2,2.0,4.0,6.0,1.0,1.0,2.0,N,5:30,120P04737,2014-02-22 05:29:00
3622,2014025614-04712               ,2014-02-25 00:00:00,TU,8:28:00,0,0,0,0,P,N,N,1.0,2,NJ 3                                              ,W,3,5.0,2,2.0,1.0,1.0,1.0,1.0,2.0,N,8:30,120+04739,2014-02-25 08:28:00
3623,2016025616-00487               ,2016-01-06 00:00:00,W ,18:07:00,0,0,0,0,P,N,N,2.0,2,NJ 3                                              ,W,3,5.1,2,2.0,1.0,6.0,1.0,1.0,1.0,N,18:05,120+04739,2016-01-06 18:07:00
3625,2013025613-15874               ,2013-12-19 00:00:00,TH,15:52:00,0,0,0,0,P,N,N,1.0,2,NJ 3                                              ,W,3,5.0,2,2.0,1.0,3.0,1.0,1.0,2.0,N,15:50,120+04739,2013-12-19 15:52:00
3626,2014025614-04843               ,2014-02-26 00:00:00,W ,15:37:00,0,0,0,0,P,N,N,1.0,2,NJ 3                                              ,W,3,5.0,2,2.0,1.0,1.0,1.0,1.0,2.0,N,15:35,120+04739,2014-02-26 15:37:00
3627,2016025616-00645               ,2016-01-08 00:00:00,F ,14:57:00,0,2,0,0,I,N,N,1.0,2,NJ 3                                              ,W,3,5.0,2,1.0,1.0,1.0,1.0,1.0,1.0,N,14:55,120+04739,2016-01-08 14:57:00
3628,2015025615-03855               ,2015-02-09 00:00:00,M ,10:38:00,0,1,0,0,I,N,N,2.0,2,NJ 3                                              ,W,3,6.3,2,2.0,4.0,1.0,6.0,1.0,1.0,N,10:40,120P04737,2015-02-09 10:38:00
3629,2015025615-04158               ,2015-02-12 00:00:00,TH,17:50:00,0,1,0,0,I,N,N,1.0,3,NJ 3                                              ,W,3,5.0,2,2.0,1.0,6.0,1.0,1.0,1.0,N,17:50,120+04739,2015-02-12 17:50:00
3630,2016025616-00657               ,2016-01-08 00:00:00,F ,17:04:00,0,0,0,0,P,N,N,1.0,2,NJ 3                                              ,W,3,5.0,2,1.0,1.0,6.0,1.0,1.0,1.0,N,17:05,120+04739,2016-01-08 17:04:00
3631,2013025613-15985               ,2013-12-20 00:00:00,F ,17:10:00,0,0,0,0,P,N,N,1.0,2,NJ 3                                              ,W,3,5.5,2,2.0,1.0,6.0,1.0,1.0,2.0,N,17:10,120P04738,2013-12-20 17:10:00
3632,2014025614-04925               ,2014-02-27 00:00:00,TH,20:20:00,0,1,0,0,I,N,N,15.0,1,NJ 3                                              ,W,3,6.4,2,2.0,1.0,6.0,1.0,1.0,2.0,N,20:20,120+04737,2014-02-27 20:20:00
3633,2013025613-16000               ,2013-12-20 00:00:00,F ,19:55:00,0,0,0,0,P,N,N,2.0,2,NJ 3                                              ,W,3,5.0,2,2.0,1.0,6.0,1.0,1.0,2.0,N,19:55,120+04739,2013-12-20 19:55:00
3634,2014025614-04977               ,2014-02-28 00:00:00,F ,13:15:00,0,0,0,0,P,N,N,1.0,2,NJ 3                                              ,W,3,5.0,2,2.0,1.0,1.0,1.0,5.0,2.0,N,13:15,120+04739,2014-02-28 13:15:00
3635,2016025616-00663               ,2016-01-08 00:00:00,F ,17:29:00,0,0,0,0,P,N,N,2.0,2,NJ 3                                              ,W,3,5.8,2,2.0,1.0,6.0,1.0,1.0,1.0,N,17:30,120+04738,2016-01-08 17:29:00
3636,20170212ER1705099              ,2017-06-07 00:00:00,WE,17:18:00,0,0,0,0,P,N,N,1.0,2,NJ 3                                              ,W,3,7.6,2,2.0,1.0,1.0,1.0,1.0,1.0,N,17:20,120+04735,2017-06-07 17:18:00
3637,2014025614-04991               ,2014-02-28 00:00:00,F ,18:12:00,0,0,0,0,P,N,N,1.0,2,NJ 3                                              ,W,3,6.8,2,2.0,1.0,6.0,1.0,1.0,1.0,N,18:10,120+04737,2014-02-28 18:12:00
3638,20180212ER-18-09021            ,2018-11-16 00:00:00,FR,14:19:00,0,0,0,0,P,N,N,11.0,2,NJ 3                                              ,W,3,8.49,2,2.0,3.0,1.0,3.0,1.0,1.0,N,14:20,120P04733,2018-11-16 14:19:00
3640,2013025613-16124               ,2013-12-22 00:00:00,S ,17:32:00,0,0,0,0,P,N,N,2.0,2,NJ 3                                              ,W,3,6.2,2,2.0,2.0,6.0,2.0,1.0,2.0,N,17:30,120P04737,2013-12-22 17:32:00
3641,2015025615-04461               ,2015-02-15 00:00:00,S ,23:37:00,0,1,0,0,I,N,N,11.0,1,NJ 3                                              ,W,3,6.2,2,2.0,1.0,6.0,1.0,1.0,1.0,N,23:35,120P04737,2015-02-15 23:37:00
3642,20170212ER1705185              ,2017-06-10 00:00:00,SA,17:30:00,0,0,0,0,P,N,N,1.0,2,NJ 3                                              ,W,3,7.1,2,2.0,1.0,1.0,1.0,1.0,1.0,N,17:30,120P04735,2017-06-10 17:30:00
3643,2014025614-05090               ,2014-03-02 00:00:00,S ,12:55:00,0,0,0,0,P,N,N,11.0,1,NJ 3                                              ,W,3,5.4,2,2.0,1.0,6.0,1.0,2.0,1.0,N,12:55,120P04738,2014-03-02 12:55:00
3644,2016025616-01054               ,2016-01-13 00:00:00,W ,17:59:00,0,1,0,0,I,N,N,1.0,2,NJ 3                                              ,W,3,5.4,2,2.0,1.0,6.0,1.0,1.0,1.0,N,18:00,120P04738,2016-01-13 17:59:00
3645,2013025613-16428               ,2013-12-27 00:00:00,F ,21:08:00,0,0,0,0,P,Y,N,1.0,2,NJ 3                                              ,W,3,5.7,2,2.0,1.0,6.0,1.0,1.0,2.0,N,21:10,120+04738,2013-12-27 21:08:00
3646,20170212ER1705189              ,2017-06-09 00:00:00,FR,19:39:00,0,2,0,0,I,N,N,2.0,2,NJ 3                                              ,W,3,7.5,2,2.0,1.0,1.0,1.0,1.0,1.0,N,19:40,120+04735,2017-06-09 19:39:00
3647,2016025616-01133               ,2016-01-14 00:00:00,TH,16:13:00,0,0,0,0,P,N,N,1.0,2,NJ 3                                              ,W,3,5.0,2,2.0,1.0,3.0,1.0,1.0,1.0,N,16:15,120+04739,2016-01-14 16:13:00
3648,2013025613-16431               ,2013-12-27 00:00:00,F ,21:23:00,0,0,0,0,P,Y,N,8.0,2,NJ 3                                              ,W,3,5.7,2,2.0,1.0,6.0,1.0,1.0,1.0,N,21:25,120+04738,2013-12-27 21:23:00
3649,2014025614-05228               ,2014-03-04 00:00:00,TU,18:04:00,0,0,0,0,P,N,N,1.0,2,NJ 3                                              ,W,3,6.8,2,2.0,1.0,6.0,1.0,1.0,1.0,N,18:05,120+04737,2014-03-04 18:04:00
3650,20180212ER-18-09035            ,2018-11-15 00:00:00,TH,17:34:00,0,0,0,0,P,N,N,1.0,2,NJ 3                                              ,W,3,7.0,2,2.0,4.0,4.0,3.0,5.0,1.0,N,17:35,120P04736,2018-11-15 17:34:00
3651,2014025614-05231               ,2014-03-04 00:00:00,TU,18:50:00,0,1,0,0,I,N,N,1.0,2,NJ 3                                              ,W,3,6.2,2,2.0,1.0,6.0,1.0,1.0,2.0,N,18:50,120P04737,2014-03-04 18:50:00
3652,20180212ER-18-09175            ,2018-11-19 00:00:00,MO,18:03:00,0,0,0,0,P,N,N,2.0,2,NJ 3                                              ,W,3,7.5,2,2.0,1.0,6.0,1.0,1.0,1.0,N,18:05,120+04735,2018-11-19 18:03:00
3653,2015025615-04989               ,2015-02-21 00:00:00,SA,4:22:00,0,0,0,0,P,N,N,2.0,2,NJ 3                                              ,W,3,5.5,2,2.0,1.0,6.0,1.0,1.0,1.0,N,4:20,120P04738,2015-02-21 04:22:00
3654,20180212ER-18-09208            ,2018-11-20 00:00:00,TU,18:31:00,0,0,0,0,P,N,N,1.0,3,NJ 3                                              ,W,3,7.4,2,2.0,1.0,6.0,1.0,1.0,1.0,N,18:30,120+04735,2018-11-20 18:31:00
3655,20170212ER1705498              ,2017-06-18 00:00:00,SU,20:28:00,0,1,0,0,I,Y,N,11.0,1,NJ 3                                              ,W,3,7.94,2,2.0,1.0,1.0,1.0,3.0,1.0,N,20:30,120+04734,2017-06-18 20:28:00
3657,20170212ER1705661              ,2017-06-24 00:00:00,SA,17:40:00,0,0,0,0,P,N,N,2.0,2,NJ 3                                              ,W,3,8.08,2,2.0,1.0,1.0,1.0,1.0,1.0,N,17:40,120+04734,2017-06-24 17:40:00
3658,2015025615-05219               ,2015-02-23 00:00:00,M ,17:58:00,0,2,0,0,I,N,N,1.0,3,NJ 3                                              ,W,3,5.0,2,2.0,1.0,6.0,1.0,1.0,1.0,N,18:00,120+04739,2015-02-23 17:58:00
3659,201302562013-000160            ,2013-01-04 00:00:00,F ,18:47:00,0,0,0,0,P,N,N,1.0,2,NJ 3                                              ,W,3,6.7,2,2.0,1.0,6.0,1.0,1.0,1.0,N,18:45,120+04737,2013-01-04 18:47:00
3660,20180212ER-18-09366            ,2018-11-26 00:00:00,MO,16:02:00,0,0,0,0,P,N,N,1.0,2,NJ 3                                              ,W,3,7.2,2,2.0,2.0,3.0,2.0,1.0,1.0,N,16:00,120P04735,2018-11-26 16:02:00
3661,201302562013-000231            ,2013-01-06 00:00:00,S ,18:30:00,0,1,0,0,I,N,N,1.0,2,NJ 3                                              ,W,3,5.0,2,2.0,1.0,6.0,1.0,2.0,2.0,N,18:30,120+04739,2013-01-06 18:30:00
3662,2015025615-05224               ,2015-02-23 00:00:00,M ,18:30:00,0,0,0,0,P,N,N,2.0,2,NJ 3                                              ,W,3,5.4,2,2.0,1.0,6.0,1.0,1.0,1.0,N,18:30,120P04738,2015-02-23 18:30:00
3663,2016025616-01457               ,2016-01-18 00:00:00,M ,22:18:00,0,0,0,0,P,N,N,2.0,2,NJ 3                                              ,W,3,6.3,2,2.0,1.0,6.0,1.0,1.0,1.0,N,22:20,120P04737,2016-01-18 22:18:00
3664,2017025617-00162               ,2017-01-03 00:00:00,TU,14:01:00,0,1,0,0,I,N,N,2.0,2,NJ 3                                              ,W,3,6.4,2,2.0,2.0,1.0,2.0,1.0,1.0,N,14:00,120+04737,2017-01-03 14:01:00
3665,20180212ER-18-09368            ,2018-11-27 00:00:00,TU,17:39:00,0,0,0,0,P,N,N,2.0,2,NJ 3                                              ,W,3,8.08,2,2.0,1.0,6.0,1.0,1.0,1.0,N,17:40,120+04734,2018-11-27 17:39:00
3666,2016025616-014655              ,2016-07-05 00:00:00,TU,20:03:00,0,0,0,0,P,N,N,2.0,2,NJ 3                                              ,W,3,5.9,2,2.0,1.0,1.0,1.0,1.0,1.0,N,20:05,120P04737,2016-07-05 20:03:00
3667,2014025614-05725               ,2014-03-11 00:00:00,TU,16:04:00,0,0,0,0,P,N,N,11.0,1,NJ 3                                              ,W,3,6.3,2,2.0,1.0,1.0,1.0,1.0,2.0,N,16:05,120P04737,2014-03-11 16:04:00
3668,2016025616-01821               ,2016-01-22 00:00:00,F ,17:43:00,0,0,0,0,P,N,N,1.0,2,NJ 3                                              ,W,3,5.0,2,2.0,1.0,6.0,1.0,1.0,1.0,N,17:45,120+04739,2016-01-22 17:43:00
3669,201302562013-000261            ,2013-01-07 00:00:00,M ,17:04:00,0,2,0,0,I,N,N,1.0,4,NJ 3                                              ,W,3,5.1,2,2.0,1.0,6.0,1.0,1.0,2.0,N,17:05,120+04739,2013-01-07 17:04:00
3670,2017025617-00178               ,2017-01-03 00:00:00,TU,18:24:00,0,1,0,0,I,N,N,1.0,2,NJ 3                                              ,W,3,5.2,2,2.0,2.0,6.0,2.0,1.0,1.0,N,18:25,120P04738,2017-01-03 18:24:00
3671,2015025615-05708               ,2015-03-01 00:00:00,S ,15:29:00,0,0,0,0,P,N,N,11.0,1,NJ 3                                              ,W,3,6.1,2,2.0,3.0,1.0,3.0,5.0,1.0,N,15:30,120P04737,2015-03-01 15:29:00
3673,201302562013-000306            ,2013-01-08 00:00:00,TU,18:03:00,0,0,0,0,P,N,N,1.0,3,NJ 3                                              ,W,3,5.1,2,2.0,1.0,6.0,1.0,1.0,2.0,N,18:05,120+04739,2013-01-08 18:03:00
3674,2015025615-05822               ,2015-03-02 00:00:00,M ,18:33:00,0,1,0,0,I,N,N,1.0,3,NJ 3                                              ,W,3,5.3,2,2.0,1.0,6.0,1.0,1.0,1.0,N,18:35,120P04738,2015-03-02 18:33:00
3675,2016025616-02328               ,2016-01-27 00:00:00,W ,19:05:00,0,0,0,0,P,N,N,1.0,3,NJ 3                                              ,W,3,5.3,2,2.0,1.0,6.0,1.0,1.0,1.0,N,19:05,120P04738,2016-01-27 19:05:00
3676,2014025614-05866               ,2014-03-13 00:00:00,TH,14:34:00,0,0,0,0,P,N,N,1.0,2,NJ 3                                              ,W,3,5.4,2,2.0,1.0,1.0,1.0,1.0,2.0,N,14:35,120P04738,2014-03-13 14:34:00
3677,201302562013-000417            ,2013-01-11 00:00:00,F ,6:47:00,0,0,0,0,P,N,N,1.0,2,NJ 3                                              ,W,3,6.2,2,2.0,1.0,1.0,5.0,1.0,2.0,N,6:45,120P04737,2013-01-11 06:47:00
3678,20180212ER-18-09414            ,2018-11-28 00:00:00,WE,6:52:00,0,0,0,0,P,N,N,2.0,2,NJ 3                                              ,W,3,8.4,2,2.0,1.0,1.0,1.0,5.0,1.0,N,6:50,120P04733,2018-11-28 06:52:00
3679,2014025614-05869               ,2014-03-13 00:00:00,TH,14:54:00,0,0,0,0,P,N,N,2.0,2,NJ 3                                              ,W,3,5.1,2,2.0,1.0,1.0,1.0,1.0,2.0,N,14:55,120+04739,2014-03-13 14:54:00
3680,2017025617-00791               ,2017-01-11 00:00:00,WE,17:27:00,0,4,0,0,I,N,N,1.0,3,NJ 3                                              ,W,3,5.2,2,2.0,1.0,3.0,1.0,1.0,1.0,N,17:25,120P04738,2017-01-11 17:27:00
3681,201302562013-000497            ,2013-01-13 00:00:00,S ,9:00:00,0,0,0,0,P,N,N,11.0,1,NJ 3                                              ,W,3,6.1,2,2.0,2.0,2.0,4.0,1.0,2.0,N,9:00,120P04737,2013-01-13 09:00:00
3682,2015025615-05892               ,2015-03-03 00:00:00,TU,17:11:00,0,0,0,0,P,N,N,2.0,3,NJ 3                                              ,W,3,6.4,2,2.0,5.0,6.0,3.0,1.0,1.0,N,17:10,120+04737,2015-03-03 17:11:00
3683,2014025614-05890               ,2014-03-13 00:00:00,TH,18:03:00,0,1,0,0,I,N,N,1.0,2,NJ 3                                              ,W,3,5.3,2,2.0,1.0,1.0,1.0,1.0,1.0,N,18:05,120P04738,2014-03-13 18:03:00
3684,2015025615-05904               ,2015-03-03 00:00:00,TU,18:56:00,0,0,0,0,P,N,N,2.0,2,NJ 3                                              ,W,3,6.1,2,2.0,3.0,6.0,3.0,1.0,1.0,N,18:55,120P04737,2015-03-03 18:56:00
3685,2016025616-02479               ,2016-01-29 00:00:00,F ,16:21:00,0,0,0,0,P,N,N,2.0,2,NJ 3                                              ,W,3,5.0,2,1.0,1.0,1.0,1.0,1.0,1.0,N,16:20,120+04739,2016-01-29 16:21:00
3686,2014025614-06035               ,2014-03-15 00:00:00,SA,13:34:00,0,1,0,0,I,N,N,1.0,2,NJ 3                                              ,W,3,5.5,2,2.0,1.0,1.0,1.0,1.0,2.0,N,13:35,120P04738,2014-03-15 13:34:00
3687,2015025615-06040               ,2015-03-05 00:00:00,TH,9:01:00,0,0,0,0,P,N,N,1.0,2,NJ 3                                              ,W,3,5.7,2,2.0,3.0,1.0,3.0,1.0,1.0,N,9:00,120+04738,2015-03-05 09:01:00