,CRASH_ID,DATE,DAY,TIME,KILLED,INJURED,PED_KILL,PED_INJ,SEVERITY,ALCOHOL,HAZMAT,CRASH_TYPE,VEH_COUNT,LOCATION,LOC_DIR,ROUTE,MP,RD_SYS,RD_SURF,SURF_COND,LIGHT,WEATHER,RD_DIV,RD_WRKZN,CELL_USE,TIME_ROUND,TMC,timestamp
3688,20180212ER-18-09447            ,2018-11-28 00:00:00,WE,17:19:00,0,0,0,0,P,N,N,1.0,2,NJ 3                                              ,W,3,7.7,2,2.0,1.0,6.0,1.0,5.0,1.0,N,17:20,120P04734,2018-11-28 17:19:00
3689,201302562013-000636            ,2013-01-16 00:00:00,W ,16:23:00,0,0,0,0,P,N,N,2.0,2,NJ 3                                              ,W,3,5.3,2,2.0,2.0,1.0,1.0,1.0,2.0,N,16:25,120P04738,2013-01-16 16:23:00
3690,2015025615-06111               ,2015-03-05 00:00:00,TH,14:38:00,0,1,0,0,I,N,N,11.0,1,NJ 3                                              ,W,3,6.0,2,2.0,5.0,1.0,3.0,1.0,1.0,N,14:40,120P04737,2015-03-05 14:38:00
3691,20180212ER-18-09451            ,2018-11-28 00:00:00,WE,19:58:00,0,0,0,0,P,N,N,2.0,2,NJ 3                                              ,W,3,7.6,2,1.0,1.0,6.0,1.0,1.0,1.0,N,20:00,120+04735,2018-11-28 19:58:00
3692,2014025614-06288               ,2014-03-19 00:00:00,W ,17:02:00,0,0,0,0,P,N,N,1.0,2,NJ 3                                              ,W,3,5.0,2,2.0,2.0,3.0,2.0,1.0,2.0,N,17:00,120+04739,2014-03-19 17:02:00
3693,2016025616-02768               ,2016-02-02 00:00:00,TU,8:35:00,0,1,0,0,I,N,N,1.0,2,NJ 3                                              ,W,3,5.3,2,2.0,2.0,1.0,1.0,1.0,1.0,N,8:35,120P04738,2016-02-02 08:35:00
3694,2014025614-06638               ,2014-03-24 00:00:00,M ,7:34:00,0,0,0,0,P,N,N,2.0,2,NJ 3                                              ,W,3,5.0,2,2.0,1.0,1.0,1.0,1.0,2.0,N,7:35,120+04739,2014-03-24 07:34:00
3695,2016025616-03224               ,2016-02-08 00:00:00,M ,17:39:00,0,0,0,0,P,N,N,1.0,2,NJ 3                                              ,W,3,5.0,2,2.0,1.0,7.0,5.0,1.0,1.0,N,17:40,120+04739,2016-02-08 17:39:00
3696,201302562013-000673            ,2013-01-17 00:00:00,TH,16:57:00,0,0,0,0,P,N,N,2.0,2,NJ 3                                              ,W,3,5.6,2,2.0,1.0,1.0,1.0,1.0,2.0,N,16:55,120+04738,2013-01-17 16:57:00
3697,2015025615-06144               ,2015-03-05 00:00:00,TH,18:00:00,0,0,0,0,P,N,N,15.0,1,NJ 3                                              ,W,3,5.7,2,2.0,3.0,6.0,3.0,1.0,1.0,N,18:00,120+04738,2015-03-05 18:00:00
3698,2017025617-01109               ,2017-01-16 00:00:00,MO,7:55:00,0,0,0,0,P,N,N,1.0,2,NJ 3                                              ,W,3,5.9,2,2.0,1.0,1.0,1.0,1.0,1.0,N,7:55,120P04737,2017-01-16 07:55:00
3699,20180212ER-18-09566            ,2018-12-02 00:00:00,SU,17:34:00,0,0,0,0,P,N,N,1.0,3,NJ 3                                              ,W,3,7.56,2,2.0,2.0,5.0,2.0,1.0,1.0,N,17:35,120+04735,2018-12-02 17:34:00
3700,2016025616-03406               ,2016-02-10 00:00:00,W ,17:50:00,0,0,0,0,P,N,N,1.0,2,NJ 3                                              ,W,3,5.3,2,2.0,1.0,6.0,1.0,1.0,1.0,N,17:50,120P04738,2016-02-10 17:50:00
3701,2017025617-01110               ,2017-01-16 00:00:00,MO,7:56:00,0,0,0,0,P,N,N,11.0,1,NJ 3                                              ,W,3,5.7,2,2.0,1.0,1.0,1.0,1.0,1.0,N,7:55,120+04738,2017-01-16 07:56:00
3702,2014025614-06794               ,2014-03-25 00:00:00,TU,16:49:00,0,0,0,0,P,N,N,1.0,3,NJ 3                                              ,W,3,6.0,2,2.0,1.0,1.0,1.0,1.0,2.0,N,16:50,120P04737,2014-03-25 16:49:00
3703,201302562013-000682            ,2013-01-17 00:00:00,TH,19:53:00,0,1,0,0,I,N,N,2.0,2,NJ 3                                              ,W,3,6.1,2,2.0,1.0,6.0,1.0,1.0,2.0,N,19:55,120P04737,2013-01-17 19:53:00
3704,20180212ER-18-09568            ,2018-12-02 00:00:00,SU,17:48:00,0,0,0,0,P,N,N,2.0,2,NJ 3                                              ,W,3,7.7,2,2.0,2.0,6.0,2.0,1.0,1.0,N,17:50,120P04734,2018-12-02 17:48:00
3705,2015025615-06227               ,2015-03-06 00:00:00,F ,14:17:00,0,0,0,0,P,N,N,2.0,2,NJ 3                                              ,W,3,5.0,2,2.0,1.0,1.0,1.0,5.0,1.0,N,14:15,120+04739,2015-03-06 14:17:00
3706,2017025617-01111               ,2017-01-16 00:00:00,MO,7:56:00,0,0,0,0,P,N,N,1.0,3,NJ 3                                              ,W,3,5.7,2,2.0,1.0,1.0,1.0,1.0,1.0,N,7:55,120+04738,2017-01-16 07:56:00
3707,2014025614-06798               ,2014-03-25 00:00:00,TU,17:22:00,0,1,0,0,I,N,N,1.0,3,NJ 3                                              ,W,3,6.8,2,1.0,1.0,1.0,1.0,1.0,1.0,N,17:20,120+04737,2014-03-25 17:22:00
3708,20180212ER-18-09571            ,2018-12-02 00:00:00,SU,20:02:00,0,0,0,0,P,N,N,1.0,2,NJ 3                                              ,W,3,7.5,2,2.0,2.0,6.0,2.0,1.0,1.0,N,20:00,120+04735,2018-12-02 20:02:00
3709,2014025614-07149               ,2014-03-30 00:00:00,S ,13:10:00,0,0,0,0,P,N,N,1.0,2,NJ 3                                              ,W,3,5.0,2,2.0,1.0,1.0,5.0,2.0,2.0,N,13:10,120+04739,2014-03-30 13:10:00
3710,201302562013-000785            ,2013-01-19 00:00:00,SA,22:50:00,0,0,0,0,P,N,N,15.0,3,NJ 3                                              ,W,3,5.2,2,2.0,1.0,6.0,1.0,1.0,2.0,N,22:50,120P04738,2013-01-19 22:50:00
3711,2015025615-06229               ,2015-03-06 00:00:00,F ,14:35:00,0,0,0,0,P,N,N,15.0,2,NJ 3                                              ,W,3,6.4,2,2.0,1.0,1.0,1.0,1.0,1.0,N,14:35,120+04737,2015-03-06 14:35:00
3712,2017025617-01395               ,2017-01-20 00:00:00,FR,15:48:00,0,0,0,0,P,N,N,2.0,2,NJ 3                                              ,W,3,6.4,2,2.0,2.0,1.0,2.0,1.0,1.0,N,15:50,120+04737,2017-01-20 15:48:00
3713,20180212ER-18-09644            ,2018-12-04 00:00:00,TU,18:45:00,0,0,0,0,P,N,N,1.0,2,NJ 3                                              ,W,3,7.1,2,2.0,1.0,6.0,1.0,1.0,1.0,N,18:45,120P04735,2018-12-04 18:45:00
3715,2017025617-01404               ,2017-01-20 00:00:00,FR,18:30:00,0,0,0,0,P,N,N,1.0,2,NJ 3                                              ,W,3,6.2,2,2.0,2.0,6.0,2.0,1.0,1.0,N,18:30,120P04737,2017-01-20 18:30:00
3716,20180212ER-18-09719            ,2018-12-07 00:00:00,FR,15:03:00,0,0,0,0,P,N,N,2.0,2,NJ 3                                              ,W,3,7.56,2,2.0,1.0,1.0,1.0,2.0,1.0,N,15:05,120+04735,2018-12-07 15:03:00
3717,201302562013-000857            ,2013-01-21 00:00:00,M ,20:26:00,0,1,0,0,I,N,N,2.0,2,NJ 3                                              ,W,3,5.0,2,2.0,1.0,6.0,1.0,1.0,1.0,N,20:25,120+04739,2013-01-21 20:26:00
3718,2015025615-06594               ,2015-03-11 00:00:00,W ,16:14:00,0,1,0,0,I,N,N,1.0,3,NJ 3                                              ,W,3,5.7,2,2.0,1.0,1.0,1.0,1.0,1.0,N,16:15,120+04738,2015-03-11 16:14:00
3719,2018025618-00303               ,2018-01-04 00:00:00,TH,9:36:00,0,0,0,0,P,N,N,11.0,1,NJ 3                                              ,W,3,5.9,2,2.0,3.0,1.0,3.0,1.0,1.0,N,9:35,120P04737,2018-01-04 09:36:00
3720,2017025617-01426               ,2017-01-21 00:00:00,SA,9:04:00,0,0,0,0,P,N,N,2.0,2,NJ 3                                              ,W,3,6.39,2,2.0,1.0,1.0,1.0,1.0,1.0,N,9:05,120+04737,2017-01-21 09:04:00
3721,2016025616-04412               ,2016-02-24 00:00:00,W ,12:24:00,0,0,0,0,P,N,N,11.0,2,NJ 3                                              ,W,3,6.4,2,2.0,2.0,1.0,2.0,1.0,1.0,N,12:25,120+04737,2016-02-24 12:24:00
3722,2015025615-06794               ,2015-03-13 00:00:00,F ,17:35:00,0,0,0,0,P,N,N,1.0,2,NJ 3                                              ,W,3,5.0,2,2.0,1.0,1.0,1.0,1.0,1.0,N,17:35,120+04739,2015-03-13 17:35:00
3723,2014025614-07460               ,2014-04-03 00:00:00,TH,17:43:00,0,0,0,0,P,N,N,1.0,2,NJ 3                                              ,W,3,5.5,2,2.0,1.0,1.0,1.0,1.0,2.0,N,17:45,120P04738,2014-04-03 17:43:00
3724,201302562013-000864            ,2013-01-22 00:00:00,TU,6:55:00,0,0,0,0,P,N,N,99.0,2,NJ 3                                              ,W,3,6.2,2,2.0,1.0,1.0,1.0,1.0,2.0,N,6:55,120P04737,2013-01-22 06:55:00
3725,2017025617-01442               ,2017-01-21 00:00:00,SA,17:42:00,0,0,0,0,P,N,N,8.0,2,NJ 3                                              ,W,3,6.3,2,2.0,1.0,1.0,1.0,2.0,1.0,N,17:40,120P04737,2017-01-21 17:42:00
3726,2016025616-04413               ,2016-02-24 00:00:00,W ,12:29:00,0,1,0,0,I,N,N,2.0,3,NJ 3                                              ,W,3,6.6,2,2.0,2.0,1.0,2.0,1.0,1.0,N,12:30,120+04737,2016-02-24 12:29:00
3727,2015025615-06921               ,2015-03-15 00:00:00,S ,19:23:00,0,1,0,0,I,N,N,2.0,2,NJ 3                                              ,W,3,5.0,2,2.0,1.0,6.0,1.0,1.0,1.0,N,19:25,120+04739,2015-03-15 19:23:00
3728,201302562013-000867            ,2013-01-22 00:00:00,TU,7:09:00,0,2,0,0,I,N,N,1.0,3,NJ 3                                              ,W,3,6.2,2,2.0,1.0,1.0,1.0,1.0,2.0,N,7:10,120P04737,2013-01-22 07:09:00
3729,2016025616-04414               ,2016-02-24 00:00:00,W ,12:29:00,0,1,0,0,I,N,N,1.0,3,NJ 3                                              ,W,3,6.2,2,2.0,2.0,1.0,2.0,1.0,1.0,N,12:30,120P04737,2016-02-24 12:29:00
3730,2017025617-01526               ,2017-01-23 00:00:00,MO,9:04:00,0,0,0,0,P,N,N,15.0,1,NJ 3                                              ,W,3,6.8,2,1.0,1.0,1.0,5.0,1.0,1.0,N,9:05,120+04737,2017-01-23 09:04:00
3731,2014025614-07506               ,2014-04-04 00:00:00,F ,12:27:00,0,0,0,0,P,N,N,1.0,2,NJ 3                                              ,W,3,5.0,2,2.0,1.0,1.0,5.0,1.0,2.0,N,12:25,120+04739,2014-04-04 12:27:00
3732,2017025617-01572               ,2017-01-23 00:00:00,MO,18:41:00,0,0,0,0,P,N,N,1.0,3,NJ 3                                              ,W,3,5.0,2,1.0,2.0,6.0,2.0,1.0,1.0,N,18:40,120+04739,2017-01-23 18:41:00
3733,2015025615-06927               ,2015-03-15 00:00:00,S ,20:00:00,0,0,0,0,P,N,N,2.0,2,NJ 3                                              ,W,3,5.4,2,2.0,1.0,7.0,1.0,1.0,1.0,N,20:00,120P04738,2015-03-15 20:00:00
3734,2016025616-04793               ,2016-02-29 00:00:00,M ,22:38:00,0,0,0,0,P,N,N,2.0,2,NJ 3                                              ,W,3,6.1,2,2.0,1.0,6.0,1.0,1.0,1.0,N,22:40,120P04737,2016-02-29 22:38:00
3735,2017025617-01637               ,2017-01-24 00:00:00,TU,18:55:00,0,0,0,0,P,N,N,1.0,3,NJ 3                                              ,W,3,5.1,2,2.0,2.0,6.0,2.0,1.0,1.0,N,18:55,120+04739,2017-01-24 18:55:00
3736,2014025614-07590               ,2014-04-05 00:00:00,SA,17:10:00,0,0,0,0,P,N,N,1.0,2,NJ 3                                              ,W,3,5.5,2,2.0,1.0,1.0,1.0,1.0,2.0,N,17:10,120P04738,2014-04-05 17:10:00
3737,201302562013-000874            ,2013-01-22 00:00:00,TU,9:37:00,0,0,0,0,P,N,N,3.0,2,NJ 3                                              ,W,3,5.9,2,2.0,1.0,1.0,1.0,5.0,1.0,N,9:35,120P04737,2013-01-22 09:37:00
3738,201302562013-000878            ,2013-01-22 00:00:00,TU,11:34:00,0,0,0,0,P,N,N,1.0,2,NJ 3                                              ,W,3,5.0,2,2.0,1.0,1.0,1.0,2.0,2.0,N,11:35,120+04739,2013-01-22 11:34:00
3739,2016025616-05086               ,2016-03-04 00:00:00,F ,16:30:00,0,0,0,0,P,N,N,2.0,2,NJ 3                                              ,W,3,5.0,2,1.0,1.0,1.0,1.0,1.0,1.0,N,16:30,120+04739,2016-03-04 16:30:00
3740,2014025614-07593               ,2014-04-05 00:00:00,SA,17:34:00,0,5,0,0,I,N,N,1.0,2,NJ 3                                              ,W,3,5.7,2,2.0,1.0,1.0,1.0,2.0,2.0,N,17:35,120+04738,2014-04-05 17:34:00
3741,2015025615-07047               ,2015-03-17 00:00:00,TU,13:44:00,0,0,0,0,P,N,N,2.0,2,NJ 3                                              ,W,3,6.2,2,2.0,1.0,1.0,1.0,1.0,1.0,N,13:45,120P04737,2015-03-17 13:44:00
3742,2017025617-01788               ,2017-01-26 00:00:00,TH,17:48:00,0,0,0,0,P,N,N,2.0,2,NJ 3                                              ,W,3,5.7,2,2.0,1.0,6.0,1.0,1.0,1.0,N,17:50,120+04738,2017-01-26 17:48:00
3743,2018025618-00891               ,2018-01-10 00:00:00,WE,15:10:00,0,0,0,0,P,N,N,3.0,2,NJ 3                                              ,W,3,5.7,2,2.0,1.0,1.0,1.0,5.0,1.0,N,15:10,120+04738,2018-01-10 15:10:00
3744,2014025614-07795               ,2014-04-08 00:00:00,TU,16:40:00,0,0,0,0,P,N,N,2.0,2,NJ 3                                              ,W,3,6.2,2,2.0,1.0,1.0,1.0,1.0,1.0,N,16:40,120P04737,2014-04-08 16:40:00
3745,2017025617-01836               ,2017-01-27 00:00:00,FR,11:15:00,0,1,0,0,I,N,N,2.0,2,NJ 3                                              ,W,3,6.5,2,2.0,1.0,1.0,1.0,1.0,1.0,N,11:15,120+04737,2017-01-27 11:15:00
3746,201302562013-000918            ,2013-01-23 00:00:00,W ,8:20:00,0,0,0,0,P,N,N,2.0,2,NJ 3                                              ,W,3,6.8,2,2.0,1.0,1.0,1.0,1.0,1.0,N,8:20,120+04737,2013-01-23 08:20:00
3747,2014025614-08052               ,2014-04-12 00:00:00,SA,11:07:00,0,0,0,0,P,N,N,1.0,2,NJ 3                                              ,W,3,5.0,2,2.0,1.0,1.0,1.0,2.0,2.0,N,11:05,120+04739,2014-04-12 11:07:00
3748,201302562013-001009            ,2013-01-25 00:00:00,F ,7:55:00,0,0,0,0,P,N,N,2.0,2,NJ 3                                              ,W,3,5.7,2,2.0,1.0,1.0,1.0,1.0,2.0,N,7:55,120+04738,2013-01-25 07:55:00
3749,2018025618-01191               ,2018-01-15 00:00:00,MO,6:27:00,0,2,0,0,I,N,N,1.0,2,NJ 3                                              ,W,3,5.7,2,2.0,1.0,6.0,1.0,1.0,1.0,N,6:25,120+04738,2018-01-15 06:27:00
3750,2016025616-05577               ,2016-03-11 00:00:00,F ,15:31:00,0,0,0,0,P,N,N,1.0,2,NJ 3                                              ,W,3,6.3,2,2.0,1.0,1.0,1.0,1.0,1.0,N,15:30,120P04737,2016-03-11 15:31:00
3751,201302562013-001029            ,2013-01-25 00:00:00,F ,14:54:00,0,0,0,0,P,N,N,1.0,2,NJ 3                                              ,W,3,5.1,2,2.0,1.0,1.0,1.0,1.0,2.0,N,14:55,120+04739,2013-01-25 14:54:00
3752,2014025614-08059               ,2014-04-12 00:00:00,SA,14:52:00,0,0,0,0,P,N,N,2.0,2,NJ 3                                              ,W,3,5.3,2,2.0,1.0,1.0,1.0,1.0,2.0,N,14:50,120P04738,2014-04-12 14:52:00
3753,2018025618-01196               ,2018-01-15 00:00:00,MO,6:26:00,0,0,0,0,P,N,N,2.0,2,NJ 3                                              ,W,3,5.7,2,2.0,1.0,6.0,1.0,1.0,1.0,N,6:25,120+04738,2018-01-15 06:26:00
3754,2018025618-01198               ,2018-01-15 00:00:00,MO,6:28:00,0,0,0,0,P,N,N,1.0,2,NJ 3                                              ,W,3,5.7,2,2.0,1.0,6.0,1.0,1.0,1.0,N,6:30,120+04738,2018-01-15 06:28:00
3755,2014025614-08335               ,2014-04-16 00:00:00,W ,17:52:00,0,0,0,0,P,N,N,1.0,2,NJ 3                                              ,W,3,6.4,2,2.0,1.0,1.0,1.0,1.0,1.0,N,17:50,120+04737,2014-04-16 17:52:00
3756,2015025615-08795               ,2015-04-08 00:00:00,W ,9:29:00,0,0,0,0,P,N,N,2.0,2,NJ 3                                              ,W,3,6.4,2,2.0,1.0,1.0,1.0,1.0,1.0,N,9:30,120+04737,2015-04-08 09:29:00
3757,2014025614-08702               ,2014-04-21 00:00:00,M ,20:46:00,0,0,0,0,P,N,N,1.0,2,NJ 3                                              ,W,3,5.0,2,2.0,1.0,6.0,1.0,1.0,2.0,N,20:45,120+04739,2014-04-21 20:46:00
3758,2016025616-05820               ,2016-03-14 00:00:00,M ,13:24:00,0,2,0,0,I,N,N,1.0,2,NJ 3                                              ,W,3,5.5,2,2.0,2.0,1.0,2.0,1.0,1.0,N,13:25,120P04738,2016-03-14 13:24:00
3759,2017025617-02345               ,2017-02-03 00:00:00,FR,16:09:00,0,1,0,0,I,N,N,1.0,2,NJ 3                                              ,W,3,5.0,2,2.0,1.0,1.0,1.0,1.0,1.0,N,16:10,120+04739,2017-02-03 16:09:00
3760,2015025615-09324               ,2015-04-15 00:00:00,W ,16:11:00,0,1,0,0,I,N,N,1.0,2,NJ 3                                              ,W,3,5.1,2,2.0,1.0,1.0,1.0,1.0,1.0,N,16:10,120+04739,2015-04-15 16:11:00
3761,2016025616-05846               ,2016-03-14 00:00:00,M ,19:53:00,0,0,0,0,P,N,N,11.0,1,NJ 3                                              ,W,3,6.2,2,2.0,2.0,6.0,2.0,1.0,1.0,N,19:55,120P04737,2016-03-14 19:53:00
3762,2014025614-08757               ,2014-04-22 00:00:00,TU,16:12:00,0,0,0,0,P,N,N,2.0,2,NJ 3                                              ,W,3,6.8,2,1.0,2.0,1.0,2.0,1.0,1.0,N,16:10,120+04737,2014-04-22 16:12:00
3763,201302562013-001431            ,2013-02-05 00:00:00,TU,7:13:00,0,0,0,0,P,N,N,1.0,2,NJ 3                                              ,W,3,4.95,2,2.0,2.0,1.0,3.0,1.0,2.0,N,7:15,120+04739,2013-02-05 07:13:00
3764,2016025616-05972               ,2016-03-16 00:00:00,W ,14:26:00,0,1,0,0,I,N,N,1.0,2,NJ 3                                              ,W,3,5.0,2,2.0,1.0,1.0,1.0,1.0,1.0,N,14:25,120+04739,2016-03-16 14:26:00
3765,2017025617-02406               ,2017-02-05 00:00:00,SU,3:09:00,0,5,0,0,I,Y,N,1.0,3,NJ 3                                              ,W,3,5.7,2,2.0,1.0,6.0,1.0,1.0,1.0,N,3:10,120+04738,2017-02-05 03:09:00
3767,2014025614-09010               ,2014-04-25 00:00:00,F ,18:48:00,0,0,0,0,P,N,N,1.0,2,NJ 3                                              ,W,3,5.0,2,2.0,1.0,1.0,1.0,1.0,2.0,N,18:50,120+04739,2014-04-25 18:48:00
3768,2017025617-02629               ,2017-02-08 00:00:00,WE,16:05:00,0,0,0,0,P,N,N,2.0,2,NJ 3                                              ,W,3,5.0,2,1.0,1.0,1.0,1.0,1.0,1.0,N,16:05,120+04739,2017-02-08 16:05:00
3769,2015025615-09839               ,2015-04-22 00:00:00,W ,18:03:00,0,0,0,0,P,N,N,1.0,2,NJ 3                                              ,W,3,5.7,2,2.0,2.0,1.0,2.0,1.0,1.0,N,18:05,120+04738,2015-04-22 18:03:00
3770,201302562013-001451            ,2013-02-05 00:00:00,TU,17:13:00,0,0,0,0,P,N,N,2.0,2,NJ 3                                              ,W,3,6.4,2,2.0,1.0,6.0,1.0,1.0,1.0,N,17:15,120+04737,2013-02-05 17:13:00
3771,2018025618-01882               ,2018-01-23 00:00:00,TU,16:25:00,0,1,0,0,I,N,N,3.0,2,NJ 3                                              ,W,3,0.0,2,2.0,2.0,1.0,2.0,5.0,1.0,N,16:25,120+07449,2018-01-23 16:25:00
3772,201302562013-001456            ,2013-02-05 00:00:00,TU,19:39:00,0,1,0,0,I,N,N,1.0,2,NJ 3                                              ,W,3,4.95,2,2.0,2.0,6.0,5.0,1.0,2.0,N,19:40,120+04739,2013-02-05 19:39:00
3773,2018025618-01999               ,2018-01-24 00:00:00,WE,17:40:00,0,1,0,0,I,N,N,1.0,2,NJ 3                                              ,W,3,5.0,2,2.0,1.0,6.0,1.0,1.0,1.0,N,17:40,120+04739,2018-01-24 17:40:00
3774,2015025615-09922               ,2015-04-23 00:00:00,TH,17:10:00,0,0,0,0,P,N,N,1.0,2,NJ 3                                              ,W,3,5.5,2,2.0,1.0,1.0,5.0,1.0,1.0,N,17:10,120P04738,2015-04-23 17:10:00
3775,201302562013-001546            ,2013-02-07 00:00:00,TH,19:20:00,0,0,0,0,P,N,N,1.0,2,NJ 3                                              ,W,3,4.95,2,2.0,1.0,6.0,1.0,1.0,2.0,N,19:20,120+04739,2013-02-07 19:20:00
3776,2018025618-02000               ,2018-01-24 00:00:00,WE,17:56:00,0,0,0,0,P,N,N,1.0,3,NJ 3                                              ,W,3,5.2,2,2.0,1.0,6.0,1.0,1.0,1.0,N,17:55,120P04738,2018-01-24 17:56:00
3777,2014025614-09073               ,2014-04-26 00:00:00,SA,9:56:00,0,1,0,0,I,N,N,1.0,3,NJ 3                                              ,W,3,5.8,2,2.0,1.0,1.0,1.0,1.0,2.0,N,9:55,120+04738,2014-04-26 09:56:00
3778,2015025615-10079               ,2015-04-25 00:00:00,SA,18:44:00,0,0,0,0,P,N,N,1.0,2,NJ 3                                              ,W,3,6.8,2,2.0,1.0,1.0,1.0,1.0,1.0,N,18:45,120+04737,2015-04-25 18:44:00
3779,2016025616-06653               ,2016-03-24 00:00:00,TH,15:47:00,0,0,0,0,P,N,N,2.0,3,NJ 3                                              ,W,3,6.8,2,1.0,1.0,1.0,1.0,1.0,1.0,N,15:45,120+04737,2016-03-24 15:47:00
3780,2014025614-09331               ,2014-04-29 00:00:00,TU,19:41:00,0,1,0,0,I,N,N,1.0,2,NJ 3                                              ,W,3,5.0,2,2.0,2.0,6.0,2.0,1.0,2.0,N,19:40,120+04739,2014-04-29 19:41:00
3781,2016025616-06663               ,2016-03-24 00:00:00,TH,17:20:00,0,0,0,0,P,N,N,1.0,2,NJ 3                                              ,W,3,5.0,2,1.0,1.0,1.0,1.0,1.0,1.0,N,17:20,120+04739,2016-03-24 17:20:00
3782,2017025617-03010               ,2017-02-13 00:00:00,MO,10:10:00,0,0,0,0,P,N,N,15.0,2,NJ 3                                              ,W,3,5.0,2,2.0,2.0,1.0,1.0,4.0,1.0,N,10:10,120+04739,2017-02-13 10:10:00
3783,2018025618-02152               ,2018-01-26 00:00:00,FR,15:55:00,0,0,0,0,P,N,N,2.0,2,NJ 3                                              ,W,3,5.5,2,2.0,1.0,1.0,1.0,1.0,1.0,N,15:55,120P04738,2018-01-26 15:55:00
3784,201302562013-001572            ,2013-02-08 00:00:00,F ,12:58:00,0,1,0,0,I,N,N,11.0,1,NJ 3                                              ,W,3,6.4,2,2.0,5.0,1.0,3.0,1.0,1.0,N,13:00,120+04737,2013-02-08 12:58:00
3785,201302562013-001705            ,2013-02-10 00:00:00,S ,3:51:00,0,1,0,0,I,N,N,11.0,1,NJ 3                                              ,W,3,5.0,2,2.0,4.0,6.0,1.0,1.0,2.0,N,3:50,120+04739,2013-02-10 03:51:00
3786,2015025615-10317               ,2015-04-28 00:00:00,TU,21:27:00,0,0,0,0,P,N,N,15.0,1,NJ 3                                              ,W,3,5.5,2,2.0,1.0,6.0,1.0,1.0,1.0,N,21:25,120P04738,2015-04-28 21:27:00
3787,2014025614-09387               ,2014-04-30 00:00:00,W ,18:05:00,0,0,0,0,P,N,N,1.0,2,NJ 3                                              ,W,3,6.2,2,2.0,2.0,6.0,2.0,1.0,1.0,N,18:05,120P04737,2014-04-30 18:05:00
3788,2018025618-02189               ,2018-01-27 00:00:00,SA,1:45:00,0,0,0,0,P,Y,N,11.0,1,NJ 3                                              ,W,3,6.3,2,2.0,1.0,6.0,1.0,3.0,1.0,N,1:45,120P04737,2018-01-27 01:45:00
3789,201302562013-001735            ,2013-02-11 00:00:00,M ,9:13:00,0,0,0,0,P,N,N,1.0,2,NJ 3                                              ,W,3,5.0,2,2.0,2.0,1.0,2.0,1.0,2.0,N,9:15,120+04739,2013-02-11 09:13:00
3790,2017025617-03124               ,2017-02-14 00:00:00,TU,18:57:00,0,0,0,0,P,N,N,2.0,2,NJ 3                                              ,W,3,5.3,2,2.0,1.0,6.0,1.0,1.0,1.0,N,18:55,120P04738,2017-02-14 18:57:00
3791,2018025618-02205               ,2018-01-27 00:00:00,SA,14:53:00,0,0,0,0,P,N,N,15.0,2,NJ 3                                              ,W,3,5.5,2,2.0,1.0,1.0,1.0,1.0,1.0,N,14:55,120P04738,2018-01-27 14:53:00
3792,2015025615-10567               ,2015-05-02 00:00:00,SA,8:16:00,0,0,0,0,P,N,N,1.0,2,NJ 3                                              ,W,3,6.4,2,2.0,1.0,1.0,1.0,5.0,1.0,N,8:15,120+04737,2015-05-02 08:16:00
3793,2017025617-03248               ,2017-02-16 00:00:00,TH,16:02:00,0,0,0,0,P,N,N,2.0,2,NJ 3                                              ,W,3,5.0,2,2.0,1.0,1.0,1.0,1.0,1.0,N,16:00,120+04739,2017-02-16 16:02:00
3794,2014025614-09508               ,2014-05-02 00:00:00,F ,1:02:00,0,1,0,0,I,Y,N,1.0,2,NJ 3                                              ,W,3,5.7,2,2.0,1.0,6.0,1.0,1.0,2.0,N,1:00,120+04738,2014-05-02 01:02:00
3795,201302562013-002068            ,2013-02-18 00:00:00,M ,12:02:00,0,0,0,0,P,N,N,1.0,2,NJ 3                                              ,W,3,6.2,2,2.0,1.0,1.0,1.0,2.0,2.0,N,12:00,120P04737,2013-02-18 12:02:00
3796,2015025615-10600               ,2015-05-02 00:00:00,SA,19:40:00,0,3,0,0,I,N,N,2.0,2,NJ 3                                              ,W,3,6.2,2,2.0,1.0,3.0,1.0,1.0,1.0,N,19:40,120P04737,2015-05-02 19:40:00
3797,2018025618-02390               ,2018-01-30 00:00:00,TU,11:28:00,0,0,0,0,P,N,N,2.0,2,NJ 3                                              ,W,3,6.2,2,2.0,2.0,1.0,1.0,1.0,1.0,N,11:30,120P04737,2018-01-30 11:28:00