,CRASH_ID,DATE,DAY,TIME,KILLED,INJURED,PED_KILL,PED_INJ,SEVERITY,ALCOHOL,HAZMAT,CRASH_TYPE,VEH_COUNT,LOCATION,LOC_DIR,ROUTE,MP,RD_SYS,RD_SURF,SURF_COND,LIGHT,WEATHER,RD_DIV,RD_WRKZN,CELL_USE,TIME_ROUND,TMC,timestamp
3798,2016025616-07380               ,2016-04-01 00:00:00,F ,21:13:00,0,1,0,0,I,N,N,2.0,2,NJ 3                                              ,W,3,6.5,2,2.0,2.0,6.0,1.0,1.0,1.0,N,21:15,120+04737,2016-04-01 21:13:00
3799,201302562013-002075            ,2013-02-18 00:00:00,M ,16:19:00,0,0,0,0,P,N,N,2.0,2,NJ 3                                              ,W,3,5.0,2,2.0,1.0,1.0,1.0,1.0,2.0,N,16:20,120+04739,2013-02-18 16:19:00
3800,2017025617-03251               ,2017-02-16 00:00:00,TH,16:28:00,0,0,0,0,P,N,N,1.0,2,NJ 3                                              ,W,3,5.0,2,2.0,1.0,1.0,1.0,1.0,1.0,N,16:30,120+04739,2017-02-16 16:28:00
3801,2016025616-07445               ,2016-04-03 00:00:00,S ,1:09:00,0,0,0,0,P,N,N,11.0,1,NJ 3                                              ,W,3,6.4,2,2.0,2.0,6.0,2.0,1.0,1.0,N,1:10,120+04737,2016-04-03 01:09:00
3802,201302562013-002099            ,2013-02-19 00:00:00,TU,9:11:00,0,0,0,0,P,N,N,1.0,2,NJ 3                                              ,W,3,4.95,2,2.0,1.0,1.0,5.0,1.0,2.0,N,9:10,120+04739,2013-02-19 09:11:00
3803,2014025614-09718               ,2014-05-05 00:00:00,M ,11:28:00,0,0,0,0,P,N,N,2.0,2,NJ 3                                              ,W,3,6.2,2,2.0,1.0,1.0,1.0,1.0,2.0,N,11:30,120P04737,2014-05-05 11:28:00
3804,2017025617-032850              ,2017-02-17 00:00:00,FR,3:25:00,0,0,0,0,P,N,N,15.0,1,NJ 3                                              ,W,3,6.4,2,2.0,1.0,6.0,1.0,1.0,1.0,N,3:25,120+04737,2017-02-17 03:25:00
3805,201302562013-002190            ,2013-02-21 00:00:00,TH,13:56:00,0,0,0,0,P,N,N,1.0,2,NJ 3                                              ,W,3,5.0,2,2.0,1.0,1.0,1.0,2.0,2.0,N,13:55,120+04739,2013-02-21 13:56:00
3806,2018025618-02519               ,2018-01-31 00:00:00,WE,18:28:00,0,0,0,0,P,N,N,2.0,2,NJ 3                                              ,W,3,5.0,2,2.0,1.0,6.0,1.0,1.0,1.0,N,18:30,120+04739,2018-01-31 18:28:00
3807,2015025615-10950               ,2015-05-06 00:00:00,W ,19:14:00,0,0,0,0,P,N,N,1.0,2,NJ 3                                              ,W,3,5.1,2,2.0,1.0,1.0,1.0,1.0,1.0,N,19:15,120+04739,2015-05-06 19:14:00
3808,2014025614-09755               ,2014-05-05 00:00:00,M ,17:06:00,0,0,0,0,P,N,N,1.0,3,NJ 3                                              ,W,3,6.3,2,1.0,1.0,1.0,1.0,1.0,1.0,N,17:05,120P04737,2014-05-05 17:06:00
3809,2016025616-07606               ,2016-04-05 00:00:00,TU,9:35:00,0,0,0,0,P,N,N,2.0,2,NJ 3                                              ,W,3,6.3,2,2.0,1.0,1.0,1.0,1.0,1.0,N,9:35,120P04737,2016-04-05 09:35:00
3810,2017025617-035430              ,2017-02-21 00:00:00,TU,18:21:00,0,0,0,0,P,N,N,2.0,2,NJ 3                                              ,W,3,6.3,2,2.0,1.0,3.0,1.0,1.0,1.0,N,18:20,120P04737,2017-02-21 18:21:00
3811,2015025615-11143               ,2015-05-08 00:00:00,F ,16:31:00,0,1,0,0,I,N,N,1.0,2,NJ 3                                              ,W,3,5.3,2,2.0,1.0,1.0,1.0,1.0,1.0,N,16:30,120P04738,2015-05-08 16:31:00
3812,2018025618-02521               ,2018-01-31 00:00:00,WE,19:00:00,0,0,0,0,P,N,N,1.0,2,NJ 3                                              ,W,3,5.3,2,2.0,1.0,6.0,1.0,1.0,1.0,N,19:00,120P04738,2018-01-31 19:00:00
3813,201302562013-002290            ,2013-02-23 00:00:00,SA,21:27:00,0,1,0,0,I,N,N,11.0,1,NJ 3                                              ,W,3,5.7,2,2.0,2.0,6.0,2.0,1.0,2.0,N,21:25,120+04738,2013-02-23 21:27:00
3814,2018025618-02524               ,2018-01-31 00:00:00,WE,19:24:00,0,0,0,0,P,N,N,1.0,3,NJ 3                                              ,W,3,5.1,2,2.0,1.0,6.0,1.0,1.0,1.0,N,19:25,120+04739,2018-01-31 19:24:00
3815,2014025614-09854               ,2014-05-06 00:00:00,TU,17:19:00,0,0,0,0,P,N,N,1.0,2,NJ 3                                              ,W,3,5.7,2,2.0,1.0,1.0,1.0,1.0,2.0,N,17:20,120+04738,2014-05-06 17:19:00
3816,2016025616-08201               ,2016-04-12 00:00:00,TU,17:33:00,0,0,0,0,P,N,N,1.0,2,NJ 3                                              ,W,3,6.1,2,2.0,1.0,1.0,1.0,1.0,1.0,N,17:35,120P04737,2016-04-12 17:33:00
3817,2014025614-10003               ,2014-05-08 00:00:00,TH,18:17:00,0,1,0,0,I,N,N,1.0,2,NJ 3                                              ,W,3,5.2,2,2.0,1.0,1.0,1.0,1.0,2.0,N,18:15,120P04738,2014-05-08 18:17:00
3818,2015025615-11151               ,2015-05-08 00:00:00,F ,18:46:00,0,0,0,0,P,N,N,1.0,3,NJ 3                                              ,W,3,5.2,2,2.0,1.0,1.0,1.0,5.0,1.0,N,18:45,120P04738,2015-05-08 18:46:00
3819,2018025618-02609               ,2018-02-01 00:00:00,TH,17:57:00,0,0,0,0,P,N,N,1.0,2,NJ 3                                              ,W,3,6.7,2,2.0,2.0,6.0,2.0,1.0,1.0,N,17:55,120+04737,2018-02-01 17:57:00
3820,201302562013-002342            ,2013-02-25 00:00:00,M ,2:42:00,0,0,0,0,P,N,N,11.0,1,NJ 3                                              ,W,3,5.0,2,2.0,1.0,6.0,1.0,1.0,2.0,N,2:40,120+04739,2013-02-25 02:42:00
3821,2017025617-03616               ,2017-02-22 00:00:00,WE,16:07:00,0,0,0,0,P,N,N,1.0,2,NJ 3                                              ,W,3,5.7,2,2.0,1.0,1.0,1.0,1.0,1.0,N,16:05,120+04738,2017-02-22 16:07:00
3822,2014025614-10159               ,2014-05-10 00:00:00,SA,12:23:00,0,1,0,0,I,N,N,2.0,2,NJ 3                                              ,W,3,6.2,2,2.0,1.0,1.0,1.0,1.0,2.0,N,12:25,120P04737,2014-05-10 12:23:00
3824,2017025617-03647               ,2017-02-23 00:00:00,TH,1:27:00,0,0,0,0,P,N,N,11.0,1,NJ 3                                              ,W,3,4.95,2,2.0,1.0,6.0,1.0,2.0,1.0,N,1:25,120+04739,2017-02-23 01:27:00
3825,2018025618-02926               ,2018-02-05 00:00:00,MO,17:59:00,0,0,0,0,P,N,N,2.0,2,NJ 3                                              ,W,3,6.1,2,2.0,1.0,6.0,1.0,1.0,1.0,N,18:00,120P04737,2018-02-05 17:59:00
3826,2016025616-08296               ,2016-04-13 00:00:00,W ,17:32:00,0,0,0,0,P,N,N,1.0,2,NJ 3                                              ,W,3,5.0,2,2.0,1.0,1.0,1.0,1.0,1.0,N,17:30,120+04739,2016-04-13 17:32:00
3827,2014025614-10238               ,2014-05-11 00:00:00,S ,13:43:00,0,1,0,0,I,N,N,1.0,2,NJ 3                                              ,W,3,5.0,2,1.0,1.0,1.0,1.0,1.0,2.0,N,13:45,120+04739,2014-05-11 13:43:00
3828,2018025618-03190               ,2018-02-08 00:00:00,TH,18:05:00,0,2,0,0,I,N,N,1.0,2,NJ 3                                              ,W,3,6.3,2,2.0,1.0,6.0,1.0,1.0,1.0,N,18:05,120P04737,2018-02-08 18:05:00
3829,2017025617-03792               ,2017-02-24 00:00:00,FR,18:11:00,0,0,0,0,P,N,N,12.0,1,NJ 3                                              ,W,3,6.4,2,2.0,1.0,6.0,1.0,2.0,1.0,N,18:10,120+04737,2017-02-24 18:11:00
3830,2014025614-10276               ,2014-05-11 00:00:00,S ,21:25:00,0,0,0,0,P,N,N,1.0,2,NJ 3                                              ,W,3,5.0,2,2.0,1.0,6.0,1.0,1.0,2.0,N,21:25,120+04739,2014-05-11 21:25:00
3831,2018025618-03266               ,2018-02-09 00:00:00,FR,15:57:00,0,0,0,0,P,N,N,1.0,3,NJ 3                                              ,W,3,6.2,2,2.0,1.0,1.0,1.0,1.0,1.0,N,15:55,120P04737,2018-02-09 15:57:00
3832,201302562013-002506            ,2013-02-28 00:00:00,TH,17:41:00,0,0,0,0,P,N,N,1.0,2,NJ 3                                              ,W,3,6.3,2,2.0,1.0,1.0,1.0,1.0,1.0,N,17:40,120P04737,2013-02-28 17:41:00
3833,2015025615-12281               ,2015-05-22 00:00:00,F ,19:41:00,0,1,0,0,I,N,N,11.0,1,NJ 3                                              ,W,3,6.4,2,2.0,1.0,1.0,1.0,2.0,1.0,N,19:40,120+04737,2015-05-22 19:41:00
3834,2017025617-03854               ,2017-02-25 00:00:00,SA,19:56:00,0,0,0,0,P,N,N,2.0,2,NJ 3                                              ,W,3,6.4,2,2.0,2.0,6.0,2.0,1.0,1.0,N,19:55,120+04737,2017-02-25 19:56:00
3835,201302562013-002553            ,2013-03-01 00:00:00,F ,15:56:00,0,0,0,0,P,N,N,1.0,2,NJ 3                                              ,W,3,5.0,2,2.0,,1.0,,1.0,2.0,N,15:55,120+04739,2013-03-01 15:56:00
3836,2014025614-10334               ,2014-05-12 00:00:00,M ,17:37:00,0,0,0,0,P,N,N,1.0,2,NJ 3                                              ,W,3,6.4,2,2.0,1.0,1.0,1.0,1.0,2.0,N,17:35,120+04737,2014-05-12 17:37:00
3837,2016025616-08565               ,2016-04-17 00:00:00,S ,18:26:00,0,0,0,0,P,N,N,2.0,3,NJ 3                                              ,W,3,6.4,2,2.0,1.0,1.0,1.0,1.0,1.0,N,18:25,120+04737,2016-04-17 18:26:00
3838,2018025618-03274               ,2018-02-09 00:00:00,FR,18:48:00,0,0,0,0,P,N,N,2.0,2,NJ 3                                              ,W,3,6.4,2,2.0,1.0,6.0,1.0,1.0,1.0,N,18:50,120+04737,2018-02-09 18:48:00
3839,2016025616-08653               ,2016-04-18 00:00:00,M ,15:49:00,0,3,0,0,I,N,N,1.0,2,NJ 3                                              ,W,3,5.3,2,2.0,1.0,1.0,1.0,1.0,1.0,N,15:50,120P04738,2016-04-18 15:49:00
3840,2017025617-03959               ,2017-02-27 00:00:00,MO,15:19:00,0,0,0,0,P,N,N,1.0,2,NJ 3                                              ,W,3,5.3,2,2.0,1.0,1.0,1.0,1.0,1.0,N,15:20,120P04738,2017-02-27 15:19:00
3841,2018025618-03276               ,2018-02-09 00:00:00,FR,19:14:00,0,0,0,0,P,N,N,1.0,3,NJ 3                                              ,W,3,5.4,2,2.0,1.0,6.0,1.0,1.0,1.0,N,19:15,120P04738,2018-02-09 19:14:00
3842,201302562013-002586            ,2013-03-02 00:00:00,SA,16:17:00,0,0,0,0,P,N,N,11.0,1,NJ 3                                              ,W,3,6.4,2,2.0,1.0,1.0,1.0,3.0,1.0,N,16:15,120+04737,2013-03-02 16:17:00
3843,201302562013-002630            ,2013-03-04 00:00:00,M ,8:10:00,0,0,0,0,P,N,N,1.0,2,NJ 3                                              ,W,3,5.1,2,2.0,1.0,1.0,1.0,1.0,2.0,N,8:10,120+04739,2013-03-04 08:10:00
3844,2014025614-10616               ,2014-05-16 00:00:00,F ,16:14:00,0,0,0,0,P,N,N,1.0,2,NJ 3                                              ,W,3,5.2,2,2.0,2.0,1.0,2.0,1.0,2.0,N,16:15,120P04738,2014-05-16 16:14:00
3845,2016025616-08777               ,2016-04-19 00:00:00,TU,18:39:00,0,1,0,0,I,N,N,1.0,2,NJ 3                                              ,W,3,5.95,2,2.0,1.0,1.0,1.0,5.0,1.0,N,18:40,120P04737,2016-04-19 18:39:00
3846,2018025618-03774               ,2018-02-15 00:00:00,TH,18:58:00,0,0,0,0,P,N,N,1.0,3,NJ 3                                              ,W,3,6.2,2,2.0,1.0,6.0,1.0,1.0,1.0,N,19:00,120P04737,2018-02-15 18:58:00
3847,2017025617-04034               ,2017-02-28 00:00:00,TU,18:02:00,0,0,0,0,P,N,N,1.0,2,NJ 3                                              ,W,3,6.3,2,2.0,1.0,6.0,1.0,1.0,1.0,N,18:00,120P04737,2017-02-28 18:02:00
3848,2014025614-10638               ,2014-05-16 00:00:00,F ,22:27:00,0,0,0,0,P,N,N,1.0,2,NJ 3                                              ,W,3,5.0,2,2.0,2.0,6.0,2.0,1.0,2.0,N,22:25,120+04739,2014-05-16 22:27:00
3849,2015025615-12590               ,2015-05-26 00:00:00,TU,18:29:00,0,0,0,0,P,N,N,2.0,2,NJ 3                                              ,W,3,6.2,2,2.0,1.0,1.0,1.0,1.0,1.0,N,18:30,120P04737,2015-05-26 18:29:00
3850,2017025617-04095               ,2017-03-01 00:00:00,WE,11:59:00,0,0,0,0,P,N,N,2.0,2,NJ 3                                              ,W,3,6.3,2,2.0,2.0,1.0,2.0,1.0,1.0,N,12:00,120P04737,2017-03-01 11:59:00
3851,2014025614-10845               ,2014-05-19 00:00:00,M ,19:47:00,0,0,0,0,P,N,N,1.0,2,NJ 3                                              ,W,3,5.01,2,2.0,1.0,1.0,1.0,1.0,2.0,N,19:45,120+04739,2014-05-19 19:47:00
3852,2017025617-04099               ,2017-03-01 00:00:00,WE,12:12:00,0,0,0,0,P,N,N,11.0,2,NJ 3                                              ,W,3,6.3,2,2.0,2.0,1.0,2.0,1.0,5.0,N,12:10,120P04737,2017-03-01 12:12:00
3853,201302562013-002716            ,2013-03-05 00:00:00,TU,23:03:00,0,0,0,0,P,N,N,11.0,1,NJ 3                                              ,W,3,6.33,2,2.0,1.0,6.0,1.0,1.0,2.0,N,23:05,120+04737,2013-03-05 23:03:00
3854,201302562013-002752            ,2013-03-06 00:00:00,W ,16:23:00,0,0,0,0,P,N,N,1.0,2,NJ 3                                              ,W,3,5.2,2,2.0,1.0,1.0,5.0,1.0,2.0,N,16:25,120P04738,2013-03-06 16:23:00
3855,2018025618-04253               ,2018-02-21 00:00:00,WE,22:47:00,0,1,0,0,I,Y,N,11.0,1,NJ 3                                              ,W,3,5.6,2,2.0,2.0,6.0,1.0,1.0,1.0,N,22:45,120+04738,2018-02-21 22:47:00
3856,2015025615-13058               ,2015-06-01 00:00:00,M ,17:37:00,0,0,0,0,P,N,N,1.0,2,NJ 3                                              ,W,3,6.1,2,2.0,2.0,1.0,1.0,5.0,1.0,N,17:35,120P04737,2015-06-01 17:37:00
3857,2016025616-09115               ,2016-04-24 00:00:00,S ,1:04:00,0,2,0,0,I,N,N,4.0,2,NJ 3                                              ,W,3,0.0,2,1.0,1.0,6.0,1.0,5.0,1.0,N,1:05,120+07449,2016-04-24 01:04:00
3858,2014025614-11021               ,2014-05-21 00:00:00,W ,18:49:00,0,1,0,0,I,N,N,1.0,2,NJ 3                                              ,W,3,5.0,2,2.0,1.0,1.0,1.0,1.0,2.0,N,18:50,120+04739,2014-05-21 18:49:00
3859,2017025617-04287               ,2017-03-03 00:00:00,FR,18:53:00,0,0,0,0,P,N,N,1.0,2,NJ 3                                              ,W,3,5.1,2,2.0,1.0,6.0,1.0,1.0,1.0,N,18:55,120+04739,2017-03-03 18:53:00
3860,2018025618-04407               ,2018-02-23 00:00:00,FR,18:30:00,0,0,0,0,P,N,N,2.0,2,NJ 3                                              ,W,3,5.1,2,2.0,2.0,6.0,2.0,1.0,1.0,N,18:30,120+04739,2018-02-23 18:30:00
3861,201302562013-002759            ,2013-03-06 00:00:00,W ,17:51:00,0,2,0,0,I,N,N,1.0,3,NJ 3                                              ,W,3,5.2,2,2.0,1.0,3.0,1.0,1.0,2.0,N,17:50,120P04738,2013-03-06 17:51:00
3862,2015025615-13202               ,2015-06-03 00:00:00,W ,10:06:00,0,0,0,0,P,N,N,11.0,1,NJ 3                                              ,W,3,6.2,2,2.0,1.0,1.0,1.0,1.0,1.0,N,10:05,120P04737,2015-06-03 10:06:00
3863,2016025616-09176               ,2016-04-25 00:00:00,M ,6:12:00,0,0,0,0,P,N,N,2.0,2,NJ 3                                              ,W,3,6.4,2,2.0,1.0,1.0,1.0,2.0,1.0,N,6:10,120+04737,2016-04-25 06:12:00
3864,2016025616-09290               ,2016-04-26 00:00:00,TU,16:41:00,0,1,0,0,I,N,N,1.0,4,NJ 3                                              ,W,3,5.2,2,2.0,1.0,1.0,1.0,1.0,1.0,N,16:40,120P04738,2016-04-26 16:41:00
3865,2017025617-04505               ,2017-03-07 00:00:00,TU,8:40:00,0,0,0,0,P,N,N,1.0,2,NJ 3                                              ,W,3,5.3,2,2.0,2.0,1.0,2.0,1.0,1.0,N,8:40,120P04738,2017-03-07 08:40:00
3866,2014025614-11088               ,2014-05-22 00:00:00,TH,16:55:00,0,0,0,0,P,N,N,1.0,2,NJ 3                                              ,W,3,6.3,2,2.0,1.0,1.0,5.0,1.0,2.0,N,16:55,120P04737,2014-05-22 16:55:00
3867,2015025615-13238               ,2015-06-03 00:00:00,W ,19:31:00,0,0,0,0,P,N,N,11.0,1,NJ 3                                              ,W,3,6.4,2,2.0,1.0,1.0,1.0,1.0,1.0,N,19:30,120+04737,2015-06-03 19:31:00
3869,2015025615-13248               ,2015-06-03 00:00:00,W ,20:46:00,0,0,0,0,P,N,N,2.0,2,NJ 3                                              ,W,3,5.0,2,2.0,1.0,3.0,1.0,1.0,1.0,N,20:45,120+04739,2015-06-03 20:46:00
3870,2014025614-11171               ,2014-05-23 00:00:00,F ,17:16:00,0,0,0,0,P,N,N,1.0,3,NJ 3                                              ,W,3,5.1,2,2.0,2.0,1.0,1.0,1.0,2.0,N,17:15,120+04739,2014-05-23 17:16:00
3871,2017025617-04558               ,2017-03-08 00:00:00,WE,7:31:00,0,0,0,0,P,N,N,2.0,2,NJ 3                                              ,W,3,5.3,2,2.0,2.0,1.0,2.0,1.0,1.0,N,7:30,120P04738,2017-03-08 07:31:00
3872,201302562013-002897            ,2013-03-09 00:00:00,SA,16:39:00,0,0,0,0,P,N,N,1.0,3,NJ 3                                              ,W,3,6.1,2,2.0,1.0,1.0,1.0,1.0,1.0,N,16:40,120P04737,2013-03-09 16:39:00
3873,2018025618-04636               ,2018-02-27 00:00:00,TU,8:36:00,0,0,0,0,P,N,N,2.0,2,NJ 3                                              ,W,3,6.4,2,2.0,1.0,1.0,1.0,1.0,1.0,N,8:35,120+04737,2018-02-27 08:36:00
3874,201302562013-002956            ,2013-03-11 00:00:00,M ,13:52:00,0,1,0,0,I,N,N,1.0,2,NJ 3                                              ,W,3,5.0,2,2.0,1.0,1.0,1.0,1.0,2.0,N,13:50,120+04739,2013-03-11 13:52:00
3875,2015025615-13622               ,2015-06-08 00:00:00,M ,14:01:00,1,0,0,0,F,N,N,11.0,2,NJ 3                                              ,W,3,5.9,2,2.0,1.0,1.0,1.0,1.0,1.0,N,14:00,120P04737,2015-06-08 14:01:00
3876,2018025618-04671               ,2018-02-27 00:00:00,TU,18:55:00,0,0,0,0,P,N,N,1.0,2,NJ 3                                              ,W,3,6.1,2,2.0,1.0,6.0,1.0,1.0,1.0,N,18:55,120P04737,2018-02-27 18:55:00
3877,201302562013-003118            ,2013-03-15 00:00:00,F ,10:39:00,0,0,0,0,P,N,N,1.0,2,NJ 3                                              ,W,3,5.0,2,2.0,1.0,1.0,1.0,1.0,2.0,N,10:40,120+04739,2013-03-15 10:39:00
3879,2018025618-04752               ,2018-02-28 00:00:00,WE,17:34:00,0,0,0,0,P,N,N,1.0,2,NJ 3                                              ,W,3,5.0,2,2.0,1.0,1.0,1.0,1.0,1.0,N,17:35,120+04739,2018-02-28 17:34:00
3880,2017025617-04888               ,2017-03-12 00:00:00,SU,15:20:00,0,0,0,0,P,N,N,1.0,2,NJ 3                                              ,W,3,5.7,2,2.0,1.0,1.0,1.0,1.0,1.0,N,15:20,120+04738,2017-03-12 15:20:00
3881,201302562013-003174            ,2013-03-16 00:00:00,SA,18:36:00,0,0,0,0,P,N,N,11.0,1,NJ 3                                              ,W,3,5.0,2,2.0,2.0,7.0,3.0,1.0,2.0,N,18:35,120+04739,2013-03-16 18:36:00
3882,2014025614-11971               ,2014-06-03 00:00:00,TU,14:31:00,0,0,0,0,P,N,N,1.0,2,NJ 3                                              ,W,3,5.7,2,2.0,1.0,1.0,1.0,1.0,2.0,N,14:30,120+04738,2014-06-03 14:31:00
3883,2015025615-13887               ,2015-06-11 00:00:00,TH,18:38:00,0,1,0,0,I,N,N,1.0,2,NJ 3                                              ,W,3,5.7,2,2.0,1.0,1.0,1.0,1.0,1.0,N,18:40,120+04738,2015-06-11 18:38:00
3884,2016025616-09706               ,2016-05-02 00:00:00,M ,15:11:00,0,0,0,0,P,N,N,1.0,2,NJ 3                                              ,W,3,6.2,2,2.0,1.0,1.0,1.0,1.0,1.0,N,15:10,120P04737,2016-05-02 15:11:00
3885,2017025617-04917               ,2017-03-13 00:00:00,MO,7:53:00,0,0,0,0,P,N,N,2.0,2,NJ 3                                              ,W,3,6.6,2,2.0,1.0,1.0,1.0,1.0,1.0,N,7:55,120+04737,2017-03-13 07:53:00
3886,2014025614-11994               ,2014-06-03 00:00:00,TU,19:18:00,0,0,0,0,P,N,N,1.0,2,NJ 3                                              ,W,3,5.0,2,2.0,2.0,1.0,1.0,1.0,2.0,N,19:20,120+04739,2014-06-03 19:18:00
3887,2017025617-04950               ,2017-03-13 00:00:00,MO,19:33:00,0,0,0,0,P,N,N,1.0,2,NJ 3                                              ,W,3,5.3,2,2.0,1.0,6.0,1.0,1.0,1.0,N,19:35,120P04738,2017-03-13 19:33:00
3888,201302562013-003453            ,2013-03-24 00:00:00,S ,4:29:00,0,0,0,0,P,N,N,11.0,1,NJ 3                                              ,W,3,4.95,2,2.0,1.0,6.0,1.0,1.0,2.0,N,4:30,120+04739,2013-03-24 04:29:00
3889,2014025614-12157               ,2014-06-05 00:00:00,TH,22:57:00,0,0,0,0,P,N,N,2.0,2,NJ 3                                              ,W,3,6.2,2,2.0,1.0,6.0,1.0,1.0,2.0,N,22:55,120P04737,2014-06-05 22:57:00
3890,2016025616-09748               ,2016-05-03 00:00:00,TU,4:23:00,0,0,0,0,P,N,N,99.0,1,NJ 3                                              ,W,3,6.4,2,2.0,2.0,6.0,2.0,1.0,1.0,N,4:25,120+04737,2016-05-03 04:23:00
3891,2015025615-14241               ,2015-06-16 00:00:00,TU,15:48:00,0,0,0,0,P,N,N,1.0,2,NJ 3                                              ,W,3,5.0,2,2.0,1.0,1.0,5.0,1.0,1.0,N,15:50,120+04739,2015-06-16 15:48:00
3892,2016025616-09891               ,2016-05-04 00:00:00,W ,15:43:00,0,0,0,0,P,N,N,2.0,2,NJ 3                                              ,W,3,5.2,2,2.0,2.0,1.0,2.0,1.0,1.0,N,15:45,120P04738,2016-05-04 15:43:00
3893,2014025614-12164               ,2014-06-05 00:00:00,TH,23:36:00,0,1,0,0,I,N,N,2.0,2,NJ 3                                              ,W,3,6.2,2,2.0,1.0,6.0,1.0,1.0,2.0,N,23:35,120P04737,2014-06-05 23:36:00
3895,2016025616-09902               ,2016-05-04 00:00:00,W ,17:50:00,0,0,0,0,P,N,N,1.0,3,NJ 3                                              ,W,3,5.0,2,2.0,2.0,1.0,2.0,1.0,1.0,N,17:50,120+04739,2016-05-04 17:50:00
3896,201302562013-003576            ,2013-03-27 00:00:00,W ,17:26:00,0,0,0,0,P,N,N,1.0,3,NJ 3                                              ,W,3,5.6,2,2.0,1.0,1.0,1.0,1.0,2.0,N,17:25,120+04738,2013-03-27 17:26:00
3897,2014025614-12222               ,2014-06-06 00:00:00,F ,18:51:00,0,1,0,0,I,N,N,1.0,2,NJ 3                                              ,W,3,5.8,2,2.0,1.0,1.0,1.0,1.0,2.0,N,18:50,120+04738,2014-06-06 18:51:00
3898,2018025618-05303               ,2018-03-07 00:00:00,WE,20:49:00,0,0,0,0,P,N,N,2.0,2,NJ 3                                              ,W,3,6.4,2,2.0,3.0,6.0,3.0,1.0,1.0,N,20:50,120+04737,2018-03-07 20:49:00
3899,2014025614-12223               ,2014-06-06 00:00:00,F ,18:53:00,0,0,0,0,P,N,N,1.0,2,NJ 3                                              ,W,3,5.0,2,2.0,1.0,1.0,1.0,4.0,2.0,N,18:55,120+04739,2014-06-06 18:53:00
3900,2015025615-14336               ,2015-06-17 00:00:00,W ,17:29:00,0,1,0,0,I,N,N,1.0,2,NJ 3                                              ,W,3,5.0,2,2.0,1.0,1.0,1.0,1.0,1.0,N,17:30,120+04739,2015-06-17 17:29:00
3901,2016025616-09906               ,2016-05-04 00:00:00,W ,18:25:00,0,0,0,0,P,N,N,1.0,2,NJ 3                                              ,W,3,5.2,2,2.0,2.0,1.0,2.0,1.0,1.0,N,18:25,120P04738,2016-05-04 18:25:00
3902,201302562013-003699            ,2013-03-31 00:00:00,S ,9:12:00,0,0,0,0,P,N,N,1.0,2,NJ 3                                              ,W,3,5.0,2,2.0,1.0,1.0,1.0,2.0,2.0,N,9:10,120+04739,2013-03-31 09:12:00
3903,2014025614-12417               ,2014-06-08 00:00:00,S ,22:59:00,0,0,0,0,P,N,N,2.0,2,NJ 3                                              ,W,3,5.0,2,2.0,1.0,6.0,1.0,4.0,2.0,N,23:00,120+04739,2014-06-08 22:59:00
3904,2016025616-09907               ,2016-05-04 00:00:00,W ,18:30:00,0,0,0,0,P,N,N,1.0,2,NJ 3                                              ,W,3,5.2,2,2.0,2.0,1.0,2.0,1.0,1.0,N,18:30,120P04738,2016-05-04 18:30:00
3905,2018025618-05451               ,2018-03-09 00:00:00,FR,17:15:00,0,3,0,0,I,N,N,1.0,3,NJ 3                                              ,W,3,5.5,2,2.0,1.0,1.0,1.0,1.0,1.0,N,17:15,120P04738,2018-03-09 17:15:00
3906,2016025616-09966               ,2016-05-05 00:00:00,TH,16:58:00,0,1,0,0,I,N,N,1.0,3,NJ 3                                              ,W,3,5.0,2,2.0,1.0,1.0,1.0,1.0,1.0,N,17:00,120+04739,2016-05-05 16:58:00
3907,2014025614-12518               ,2014-06-10 00:00:00,TU,8:58:00,0,0,0,0,P,N,N,1.0,3,NJ 3                                              ,W,3,5.3,2,2.0,1.0,1.0,1.0,1.0,2.0,N,9:00,120P04738,2014-06-10 08:58:00
3908,2017025617-05289               ,2017-03-17 00:00:00,FR,16:03:00,0,0,0,0,P,N,N,1.0,2,NJ 3                                              ,W,3,5.3,2,2.0,1.0,1.0,1.0,1.0,1.0,N,16:05,120P04738,2017-03-17 16:03:00
3909,201302562013-003747            ,2013-04-02 00:00:00,TU,9:04:00,0,1,0,0,I,N,N,2.0,2,NJ 3                                              ,W,3,5.5,2,2.0,1.0,1.0,1.0,1.0,2.0,N,9:05,120P04738,2013-04-02 09:04:00
3910,2015025615-14846               ,2015-06-23 00:00:00,TU,16:28:00,0,0,0,0,P,N,N,1.0,2,NJ 3                                              ,W,3,5.7,2,2.0,1.0,1.0,1.0,1.0,1.0,N,16:30,120+04738,2015-06-23 16:28:00