,CRASH_ID,DATE,DAY,TIME,KILLED,INJURED,PED_KILL,PED_INJ,SEVERITY,ALCOHOL,HAZMAT,CRASH_TYPE,VEH_COUNT,LOCATION,LOC_DIR,ROUTE,MP,RD_SYS,RD_SURF,SURF_COND,LIGHT,WEATHER,RD_DIV,RD_WRKZN,CELL_USE,TIME_ROUND,TMC,timestamp
3911,201302562013-003881            ,2013-04-05 00:00:00,F ,14:51:00,0,1,0,0,I,N,N,2.0,2,NJ 3                                              ,W,3,6.2,2,2.0,1.0,1.0,1.0,1.0,2.0,N,14:50,120P04737,2013-04-05 14:51:00
3912,2016025616-10001               ,2016-05-06 00:00:00,F ,8:39:00,0,1,0,0,I,N,N,2.0,2,NJ 3                                              ,W,3,6.3,2,2.0,2.0,1.0,2.0,1.0,1.0,N,8:40,120P04737,2016-05-06 08:39:00
3913,2018025618-06097               ,2018-03-17 00:00:00,SA,17:22:00,0,0,0,0,P,N,N,2.0,2,NJ 3                                              ,W,3,6.3,2,2.0,1.0,1.0,1.0,1.0,2.0,N,17:20,120P04737,2018-03-17 17:22:00
3914,2014025614-12555               ,2014-06-10 00:00:00,TU,17:56:00,0,0,0,0,P,N,N,1.0,3,NJ 3                                              ,W,3,6.6,2,1.0,1.0,1.0,1.0,1.0,1.0,N,17:55,120+04737,2014-06-10 17:56:00
3915,2014025614-12563               ,2014-06-10 00:00:00,TU,19:40:00,0,0,0,0,P,N,N,1.0,2,NJ 3                                              ,W,3,5.0,2,2.0,1.0,1.0,1.0,1.0,2.0,N,19:40,120+04739,2014-06-10 19:40:00
3916,2015025615-14847               ,2015-06-23 00:00:00,TU,16:33:00,0,0,0,0,P,N,N,1.0,2,NJ 3                                              ,W,3,5.7,2,2.0,1.0,1.0,1.0,1.0,1.0,N,16:35,120+04738,2015-06-23 16:33:00
3917,201302562013-003911            ,2013-04-06 00:00:00,SA,10:13:00,0,0,0,0,P,N,N,15.0,2,NJ 3                                              ,W,3,6.8,2,2.0,1.0,1.0,1.0,1.0,1.0,N,10:15,120+04737,2013-04-06 10:13:00
3918,2014025614-12588               ,2014-06-11 00:00:00,W ,9:47:00,0,0,0,0,P,N,N,2.0,2,NJ 3                                              ,W,3,5.2,2,2.0,2.0,1.0,2.0,1.0,2.0,N,9:45,120P04738,2014-06-11 09:47:00
3919,2017025617-05930               ,2017-03-27 00:00:00,MO,17:19:00,0,1,0,0,I,N,N,1.0,2,NJ 3                                              ,W,3,5.4,2,2.0,1.0,1.0,1.0,1.0,1.0,N,17:20,120P04738,2017-03-27 17:19:00
3920,201302562013-003925            ,2013-04-06 00:00:00,SA,13:27:00,0,0,0,0,P,N,N,1.0,2,NJ 3                                              ,W,3,6.1,2,2.0,1.0,1.0,1.0,1.0,2.0,N,13:25,120P04737,2013-04-06 13:27:00
3921,2018025618-06302               ,2018-03-20 00:00:00,TU,17:13:00,0,0,0,0,P,N,N,1.0,2,NJ 3                                              ,W,3,6.2,2,2.0,1.0,1.0,1.0,1.0,1.0,N,17:15,120P04737,2018-03-20 17:13:00
3922,201302562013-003959            ,2013-04-07 00:00:00,S ,5:11:00,0,0,0,0,P,N,N,11.0,1,NJ 3                                              ,W,3,6.3,2,2.0,1.0,6.0,1.0,2.0,1.0,N,5:10,120P04737,2013-04-07 05:11:00
3923,2015025615-15514               ,2015-07-02 00:00:00,TH,17:32:00,0,0,0,0,P,N,N,2.0,2,NJ 3                                              ,W,3,5.0,2,2.0,1.0,1.0,1.0,1.0,1.0,N,17:30,120+04739,2015-07-02 17:32:00
3924,2017025617-06144               ,2017-03-30 00:00:00,TH,18:21:00,0,3,0,0,I,N,N,1.0,4,NJ 3                                              ,W,3,5.0,2,2.0,1.0,1.0,1.0,2.0,1.0,N,18:20,120+04739,2017-03-30 18:21:00
3925,2016025616-10324               ,2016-05-09 00:00:00,M ,18:39:00,0,0,0,0,P,N,N,1.0,2,NJ 3                                              ,W,3,5.5,2,2.0,1.0,1.0,1.0,1.0,1.0,N,18:40,120P04738,2016-05-09 18:39:00
3926,2014025614-12682               ,2014-06-12 00:00:00,TH,18:52:00,0,1,0,0,I,N,N,1.0,2,NJ 3                                              ,W,3,5.8,2,2.0,1.0,1.0,5.0,1.0,2.0,N,18:50,120+04738,2014-06-12 18:52:00
3928,201302562013-004025            ,2013-04-08 00:00:00,M ,16:30:00,0,0,0,0,P,N,N,13.0,1,NJ 3                                              ,W,3,5.0,2,2.0,1.0,1.0,1.0,1.0,2.0,N,16:30,120+04739,2013-04-08 16:30:00
3929,2016025616-10391               ,2016-05-10 00:00:00,TU,16:58:00,0,0,0,0,P,N,N,2.0,2,NJ 3                                              ,W,3,5.0,2,2.0,1.0,1.0,5.0,1.0,1.0,N,17:00,120+04739,2016-05-10 16:58:00
3930,2014025614-12765               ,2014-06-13 00:00:00,F ,16:16:00,0,0,0,0,P,N,N,1.0,2,NJ 3                                              ,W,3,5.4,2,2.0,1.0,1.0,1.0,1.0,2.0,N,16:15,120P04738,2014-06-13 16:16:00
3931,2018025618-06806               ,2018-03-26 00:00:00,MO,17:27:00,0,0,0,0,P,N,N,1.0,2,NJ 3                                              ,W,3,5.7,2,2.0,1.0,1.0,1.0,1.0,2.0,N,17:25,120+04738,2018-03-26 17:27:00
3932,2017025617-06189               ,2017-03-31 00:00:00,FR,10:35:00,0,1,0,0,I,N,N,11.0,1,NJ 3                                              ,W,3,6.3,2,2.0,2.0,1.0,2.0,1.0,1.0,N,10:35,120P04737,2017-03-31 10:35:00
3933,2014025614-12837               ,2014-06-14 00:00:00,SA,19:03:00,0,1,0,0,I,N,N,1.0,2,NJ 3                                              ,W,3,5.0,2,2.0,1.0,1.0,1.0,1.0,2.0,N,19:05,120+04739,2014-06-14 19:03:00
3934,2016025616-10463               ,2016-05-11 00:00:00,W ,17:23:00,0,0,0,0,P,N,N,1.0,2,NJ 3                                              ,W,3,5.2,2,2.0,1.0,1.0,1.0,1.0,1.0,N,17:25,120P04738,2016-05-11 17:23:00
3935,201302562013-004077            ,2013-04-09 00:00:00,TU,17:06:00,0,0,0,0,P,N,N,2.0,2,NJ 3                                              ,W,3,6.2,2,2.0,1.0,1.0,1.0,1.0,2.0,N,17:05,120P04737,2013-04-09 17:06:00
3936,2018025618-06884               ,2018-03-27 00:00:00,TU,15:59:00,0,1,0,0,I,N,N,1.0,3,NJ 3                                              ,W,3,6.2,2,2.0,1.0,6.0,1.0,1.0,1.0,N,16:00,120P04737,2018-03-27 15:59:00
3937,2014025614-12967               ,2014-06-16 00:00:00,M ,18:57:00,0,0,0,0,P,N,N,1.0,2,NJ 3                                              ,W,3,5.7,2,2.0,1.0,1.0,1.0,1.0,2.0,N,18:55,120+04738,2014-06-16 18:57:00
3938,2016025616-10553               ,2016-05-12 00:00:00,TH,18:03:00,0,0,0,0,P,Y,N,1.0,2,NJ 3                                              ,W,3,6.2,2,2.0,1.0,1.0,1.0,1.0,1.0,N,18:05,120P04737,2016-05-12 18:03:00
3939,2015025615-16105               ,2015-07-10 00:00:00,F ,23:17:00,0,0,0,0,P,N,N,2.0,2,NJ 3                                              ,W,3,6.3,2,2.0,1.0,6.0,1.0,1.0,1.0,N,23:15,120P04737,2015-07-10 23:17:00
3940,2018025618-06889               ,2018-03-27 00:00:00,TU,16:34:00,0,1,0,0,I,N,N,1.0,3,NJ 3                                              ,W,3,6.4,2,2.0,1.0,1.0,1.0,1.0,1.0,N,16:35,120+04737,2018-03-27 16:34:00
3942,201302562013-004146            ,2013-04-11 00:00:00,TH,8:44:00,0,0,0,0,P,N,N,1.0,2,NJ 3                                              ,W,3,5.0,2,2.0,1.0,1.0,1.0,1.0,2.0,N,8:45,120+04739,2013-04-11 08:44:00
3943,2015025615-16277               ,2015-07-13 00:00:00,M ,8:36:00,0,0,0,0,P,N,N,15.0,1,NJ 3                                              ,W,3,5.8,2,2.0,1.0,1.0,1.0,1.0,1.0,N,8:35,120+04738,2015-07-13 08:36:00
3944,2017025617-06506               ,2017-04-05 00:00:00,WE,15:55:00,0,0,0,0,P,N,N,1.0,2,NJ 3                                              ,W,3,5.93,2,2.0,1.0,1.0,1.0,1.0,1.0,N,15:55,120P04737,2017-04-05 15:55:00
3945,2016025616-10579               ,2016-05-12 00:00:00,TH,18:03:00,0,0,0,0,P,Y,N,2.0,2,NJ 3                                              ,W,3,6.2,2,2.0,1.0,1.0,1.0,2.0,1.0,N,18:05,120P04737,2016-05-12 18:03:00
3946,2014025614-12978               ,2014-06-16 00:00:00,M ,21:35:00,0,0,0,0,P,N,N,15.0,2,NJ 3                                              ,W,3,6.3,2,2.0,1.0,6.0,1.0,1.0,2.0,N,21:35,120P04737,2014-06-16 21:35:00
3947,2016025616-10613               ,2016-05-13 00:00:00,F ,14:57:00,0,0,0,0,P,N,N,1.0,2,NJ 3                                              ,W,3,5.0,2,2.0,2.0,1.0,2.0,1.0,1.0,N,14:55,120+04739,2016-05-13 14:57:00
3949,2014025614-13072               ,2014-06-17 00:00:00,TU,18:59:00,0,0,0,0,P,N,N,2.0,2,NJ 3                                              ,W,3,5.7,2,2.0,1.0,1.0,1.0,1.0,2.0,N,19:00,120+04738,2014-06-17 18:59:00
3951,2015025615-16286               ,2015-07-13 00:00:00,M ,10:17:00,0,0,0,0,P,N,N,1.0,2,NJ 3                                              ,W,3,9.5,2,2.0,1.0,1.0,1.0,5.0,1.0,N,10:15,120+04731,2015-07-13 10:17:00
3952,2014025614-13126               ,2014-06-18 00:00:00,W ,11:39:00,0,0,0,0,P,N,N,1.0,2,NJ 3                                              ,W,3,6.1,2,2.0,1.0,1.0,1.0,1.0,2.0,N,11:40,120P04737,2014-06-18 11:39:00
3953,201302562013-004272            ,2013-04-14 00:00:00,S ,3:09:00,0,0,0,0,P,N,N,1.0,2,NJ 3                                              ,W,3,6.35,2,2.0,1.0,6.0,5.0,1.0,2.0,N,3:10,120+04737,2013-04-14 03:09:00
3954,2016025616-11252               ,2016-05-21 00:00:00,SA,6:35:00,0,1,0,0,I,N,N,1.0,2,NJ 3                                              ,W,3,5.2,2,2.0,1.0,1.0,1.0,1.0,1.0,N,6:35,120P04738,2016-05-21 06:35:00
3955,2018025618-07154               ,2018-03-30 00:00:00,FR,17:07:00,0,0,0,0,P,N,N,11.0,1,NJ 3                                              ,W,3,6.1,2,2.0,2.0,1.0,2.0,5.0,1.0,N,17:05,120P04737,2018-03-30 17:07:00
3956,2014025614-13160               ,2014-06-18 00:00:00,W ,18:12:00,0,0,0,0,P,N,N,1.0,2,NJ 3                                              ,W,3,6.6,2,2.0,1.0,1.0,1.0,1.0,1.0,N,18:10,120+04737,2014-06-18 18:12:00
3957,201302562013-004363            ,2013-04-16 00:00:00,TU,13:06:00,0,1,0,0,I,N,N,1.0,2,NJ 3                                              ,W,3,5.0,2,2.0,1.0,1.0,1.0,1.0,2.0,N,13:05,120+04739,2013-04-16 13:06:00
3958,2015025615-17051               ,2015-07-23 00:00:00,TH,18:51:00,0,0,0,0,P,N,N,3.0,2,NJ 3                                              ,W,3,5.2,2,2.0,1.0,1.0,1.0,1.0,1.0,N,18:50,120P04738,2015-07-23 18:51:00
3959,2018025618-07207               ,2018-03-31 00:00:00,SA,14:23:00,0,1,0,0,I,N,N,1.0,2,NJ 3                                              ,W,3,5.4,2,2.0,1.0,1.0,1.0,1.0,1.0,N,14:25,120P04738,2018-03-31 14:23:00
3960,2016025616-11448               ,2016-05-23 00:00:00,M ,13:22:00,0,1,0,0,I,N,N,3.0,2,NJ 3                                              ,W,3,6.4,2,2.0,1.0,1.0,1.0,5.0,1.0,N,13:20,120+04737,2016-05-23 13:22:00
3961,2015025615-17132               ,2015-07-24 00:00:00,F ,18:27:00,0,0,0,0,P,N,N,1.0,2,NJ 3                                              ,W,3,5.2,2,2.0,1.0,1.0,1.0,1.0,1.0,N,18:25,120P04738,2015-07-24 18:27:00
3962,2018025618-07393               ,2018-04-03 00:00:00,TU,12:17:00,0,0,0,0,P,N,N,2.0,2,NJ 3                                              ,W,3,5.1,2,2.0,2.0,1.0,2.0,1.0,1.0,N,12:15,120+04739,2018-04-03 12:17:00
3963,2016025616-12008               ,2016-05-31 00:00:00,TU,6:28:00,0,2,0,0,I,N,N,2.0,2,NJ 3                                              ,W,3,5.8,2,2.0,1.0,1.0,1.0,1.0,1.0,N,6:30,120+04738,2016-05-31 06:28:00
3964,201302562013-004567            ,2013-04-20 00:00:00,SA,20:29:00,0,0,0,0,P,N,N,1.0,2,NJ 3                                              ,W,3,5.0,2,2.0,1.0,6.0,1.0,1.0,2.0,N,20:30,120+04739,2013-04-20 20:29:00
3965,2016025616-12055               ,2016-05-31 00:00:00,TU,16:16:00,0,2,0,0,I,N,N,1.0,2,NJ 3                                              ,W,3,5.0,2,2.0,1.0,1.0,1.0,1.0,1.0,N,16:15,120+04739,2016-05-31 16:16:00
3966,2014025614-13367               ,2014-06-21 00:00:00,SA,15:40:00,0,1,0,0,I,N,N,1.0,2,NJ 3                                              ,W,3,5.2,2,2.0,1.0,1.0,1.0,1.0,2.0,N,15:40,120P04738,2014-06-21 15:40:00
3967,2017025617-06831               ,2017-04-10 00:00:00,MO,18:41:00,0,0,0,0,P,N,N,1.0,2,NJ 3                                              ,W,3,5.2,2,2.0,1.0,1.0,1.0,1.0,1.0,N,18:40,120P04738,2017-04-10 18:41:00
3968,2014025614-13380               ,2014-06-21 00:00:00,SA,19:14:00,0,1,0,0,I,N,N,1.0,3,NJ 3                                              ,W,3,5.0,2,2.0,1.0,1.0,1.0,1.0,2.0,N,19:15,120+04739,2014-06-21 19:14:00
3969,2017025617-06919               ,2017-04-11 00:00:00,TU,17:42:00,0,0,0,0,P,N,N,1.0,2,NJ 3                                              ,W,3,5.1,2,1.0,1.0,1.0,1.0,1.0,1.0,N,17:40,120+04739,2017-04-11 17:42:00
3970,201302562013-004577            ,2013-04-20 00:00:00,SA,23:17:00,0,0,0,0,P,N,N,1.0,2,NJ 3                                              ,W,3,6.2,2,2.0,1.0,6.0,1.0,5.0,2.0,N,23:15,120P04737,2013-04-20 23:17:00
3971,2018025618-07607               ,2018-04-05 00:00:00,TH,15:30:00,0,0,0,0,P,N,N,2.0,2,NJ 3                                              ,W,3,6.4,2,2.0,1.0,1.0,1.0,1.0,1.0,N,15:30,120+04737,2018-04-05 15:30:00
3972,2014025614-13396               ,2014-06-21 00:00:00,SA,22:04:00,0,1,0,0,I,N,N,1.0,2,NJ 3                                              ,W,3,5.0,2,2.0,1.0,6.0,1.0,2.0,2.0,N,22:05,120+04739,2014-06-21 22:04:00
3973,2016025616-12213               ,2016-06-02 00:00:00,TH,17:05:00,0,0,0,0,P,N,N,1.0,2,NJ 3                                              ,W,3,5.0,2,2.0,1.0,1.0,1.0,1.0,1.0,N,17:05,120+04739,2016-06-02 17:05:00
3974,2017025617-07330               ,2017-04-17 00:00:00,MO,16:21:00,0,2,0,0,I,N,N,1.0,2,NJ 3                                              ,W,3,5.0,2,2.0,1.0,1.0,1.0,1.0,1.0,N,16:20,120+04739,2017-04-17 16:21:00
3975,2015025615-17334               ,2015-07-27 00:00:00,M ,21:48:00,0,0,0,0,P,N,N,2.0,2,NJ 3                                              ,W,3,5.8,2,2.0,1.0,6.0,1.0,1.0,1.0,N,21:50,120+04738,2015-07-27 21:48:00
3976,2017025617-07389               ,2017-04-18 00:00:00,TU,14:55:00,0,0,0,0,P,N,N,1.0,2,NJ 3                                              ,W,3,5.5,2,2.0,1.0,1.0,1.0,1.0,1.0,N,14:55,120P04738,2017-04-18 14:55:00
3977,2015025615-17388               ,2015-07-28 00:00:00,TU,18:45:00,0,0,0,0,P,N,N,1.0,2,NJ 3                                              ,W,3,5.8,2,2.0,1.0,1.0,1.0,1.0,1.0,N,18:45,120+04738,2015-07-28 18:45:00
3978,201302562013-004626            ,2013-04-22 00:00:00,M ,10:04:00,0,0,0,0,P,N,N,2.0,2,NJ 3                                              ,W,3,6.2,2,1.0,1.0,1.0,1.0,1.0,2.0,N,10:05,120P04737,2013-04-22 10:04:00
3979,201302562013-004737            ,2013-04-24 00:00:00,W ,14:52:00,0,0,0,0,P,N,N,1.0,2,NJ 3                                              ,W,3,4.95,2,2.0,1.0,1.0,1.0,2.0,2.0,N,14:50,120+04739,2013-04-24 14:52:00
3980,2015025615-17844               ,2015-08-03 00:00:00,M ,16:24:00,0,0,0,0,P,N,N,1.0,2,NJ 3                                              ,W,3,5.0,2,2.0,1.0,1.0,1.0,1.0,1.0,N,16:25,120+04739,2015-08-03 16:24:00
3981,2016025616-12651               ,2016-06-08 00:00:00,W ,19:02:00,0,2,0,0,I,N,N,1.0,3,NJ 3                                              ,W,3,5.0,2,1.0,1.0,1.0,1.0,1.0,1.0,N,19:00,120+04739,2016-06-08 19:02:00
3982,2014025614-13574               ,2014-06-24 00:00:00,TU,12:38:00,0,0,0,0,P,N,N,1.0,2,NJ 3                                              ,W,3,5.01,2,2.0,1.0,1.0,1.0,1.0,2.0,N,12:40,120+04739,2014-06-24 12:38:00
3983,2017025617-07392               ,2017-04-18 00:00:00,TU,14:59:00,0,1,0,0,I,N,N,1.0,2,NJ 3                                              ,W,3,5.5,2,2.0,1.0,1.0,1.0,1.0,1.0,N,15:00,120P04738,2017-04-18 14:59:00
3984,2017025617-07394               ,2017-04-18 00:00:00,TU,15:02:00,0,1,0,0,I,N,N,2.0,2,NJ 3                                              ,W,3,5.0,2,2.0,1.0,1.0,1.0,1.0,1.0,N,15:00,120+04739,2017-04-18 15:02:00
3985,2016025616-12725               ,2016-06-09 00:00:00,TH,18:04:00,0,0,0,0,P,N,N,1.0,2,NJ 3                                              ,W,3,5.1,2,2.0,1.0,1.0,1.0,1.0,1.0,N,18:05,120+04739,2016-06-09 18:04:00
3986,201302562013-004740            ,2013-04-24 00:00:00,W ,17:15:00,0,0,0,0,P,N,N,1.0,2,NJ 3                                              ,W,3,5.3,2,2.0,1.0,1.0,1.0,1.0,2.0,N,17:15,120P04738,2013-04-24 17:15:00
3987,201302562013-004839            ,2013-04-26 00:00:00,F ,18:43:00,0,1,0,0,I,N,N,1.0,3,NJ 3                                              ,W,3,5.0,2,2.0,1.0,1.0,1.0,1.0,2.0,N,18:45,120+04739,2013-04-26 18:43:00
3988,2015025615-17931               ,2015-08-04 00:00:00,TU,19:26:00,0,1,0,0,I,N,N,1.0,2,NJ 3                                              ,W,3,5.0,2,2.0,1.0,3.0,1.0,1.0,1.0,N,19:25,120+04739,2015-08-04 19:26:00
3989,2016025616-13167               ,2016-06-15 00:00:00,W ,14:19:00,0,0,0,0,P,N,N,15.0,1,NJ 3                                              ,W,3,6.2,2,2.0,1.0,1.0,1.0,1.0,1.0,N,14:20,120P04737,2016-06-15 14:19:00
3990,201302562013-004912            ,2013-04-28 00:00:00,S ,6:55:00,0,0,0,0,P,N,N,11.0,1,NJ 3                                              ,W,3,5.0,2,2.0,1.0,1.0,1.0,1.0,2.0,N,6:55,120+04739,2013-04-28 06:55:00
3991,2014025614-13632               ,2014-06-25 00:00:00,W ,14:30:00,0,0,0,0,P,N,N,99.0,2,NJ 3                                              ,W,3,5.1,2,2.0,1.0,1.0,1.0,1.0,2.0,N,14:30,120+04739,2014-06-25 14:30:00
3992,2017025617-07423               ,2017-04-18 00:00:00,TU,22:23:00,0,0,0,0,P,N,N,1.0,2,NJ 3                                              ,W,3,6.4,2,2.0,1.0,6.0,1.0,1.0,1.0,N,22:25,120+04737,2017-04-18 22:23:00
3993,2018025618-08040               ,2018-04-11 00:00:00,WE,17:16:00,0,0,0,0,P,N,N,1.0,2,NJ 3                                              ,W,3,6.4,2,2.0,1.0,1.0,1.0,1.0,1.0,N,17:15,120+04737,2018-04-11 17:16:00
3994,2016025616-13363               ,2016-06-17 00:00:00,F ,22:59:00,0,5,0,0,I,N,N,1.0,3,NJ 3                                              ,W,3,5.5,2,2.0,1.0,6.0,1.0,1.0,1.0,N,23:00,120P04738,2016-06-17 22:59:00
3995,2015025615-19085               ,2015-08-20 00:00:00,TH,4:51:00,0,0,0,0,P,N,N,2.0,2,NJ 3                                              ,W,3,6.1,2,2.0,1.0,6.0,1.0,1.0,1.0,N,4:50,120P04737,2015-08-20 04:51:00
3996,2017025617-07508               ,2017-04-19 00:00:00,WE,22:21:00,0,0,0,0,P,Y,N,11.0,1,NJ 3                                              ,W,3,6.1,2,2.0,1.0,6.0,1.0,2.0,1.0,N,22:20,120P04737,2017-04-19 22:21:00
3997,2014025614-13726               ,2014-06-26 00:00:00,TH,21:53:00,0,0,0,0,P,N,N,2.0,2,NJ 3                                              ,W,3,6.36,2,2.0,1.0,6.0,1.0,1.0,1.0,N,21:55,120+04737,2014-06-26 21:53:00
3998,201302562013-004990            ,2013-04-30 00:00:00,TU,9:18:00,0,1,0,0,I,N,N,1.0,2,NJ 3                                              ,W,3,5.0,2,2.0,1.0,1.0,1.0,1.0,2.0,N,9:20,120+04739,2013-04-30 09:18:00
3999,2014025614-13838               ,2014-06-28 00:00:00,SA,18:44:00,0,0,0,0,P,N,N,1.0,2,NJ 3                                              ,W,3,5.0,2,2.0,1.0,1.0,1.0,1.0,2.0,N,18:45,120+04739,2014-06-28 18:44:00
4000,2018025618-08061               ,2018-04-12 00:00:00,TH,8:17:00,0,0,0,0,P,N,N,2.0,2,NJ 3                                              ,W,3,5.1,2,2.0,1.0,1.0,1.0,1.0,1.0,N,8:15,120+04739,2018-04-12 08:17:00
4001,2016025616-13375               ,2016-06-17 00:00:00,F ,23:35:00,0,2,0,0,I,N,N,1.0,4,NJ 3                                              ,W,3,5.5,2,2.0,1.0,6.0,1.0,1.0,1.0,N,23:35,120P04738,2016-06-17 23:35:00
4002,2014025614-13848               ,2014-06-28 00:00:00,SA,22:03:00,0,0,0,0,P,N,N,1.0,2,NJ 3                                              ,W,3,5.0,2,2.0,1.0,6.0,1.0,1.0,2.0,N,22:05,120+04739,2014-06-28 22:03:00
4003,2016025616-13378               ,2016-06-17 00:00:00,F ,23:39:00,0,0,0,0,P,N,N,1.0,2,NJ 3                                              ,W,3,5.0,2,2.0,1.0,6.0,1.0,1.0,1.0,N,23:40,120+04739,2016-06-17 23:39:00
4004,2017025617-07876               ,2017-04-25 00:00:00,TU,18:25:00,0,0,0,0,P,N,N,1.0,2,NJ 3                                              ,W,3,5.0,2,2.0,2.0,1.0,2.0,1.0,1.0,N,18:25,120+04739,2017-04-25 18:25:00
4005,2015025615-19132               ,2015-08-20 00:00:00,TH,18:35:00,0,0,0,0,P,N,N,1.0,2,NJ 3                                              ,W,3,5.5,2,2.0,1.0,1.0,1.0,5.0,1.0,N,18:35,120P04738,2015-08-20 18:35:00
4006,201302562013-005014            ,2013-04-30 00:00:00,TU,15:36:00,0,1,0,0,I,N,N,1.0,3,NJ 3                                              ,W,3,5.6,2,2.0,1.0,1.0,1.0,1.0,2.0,N,15:35,120+04738,2013-04-30 15:36:00
4007,2018025618-08173               ,2018-04-13 00:00:00,FR,12:36:00,0,0,0,0,P,N,N,2.0,2,NJ 3                                              ,W,3,5.7,2,2.0,1.0,1.0,1.0,1.0,1.0,N,12:35,120+04738,2018-04-13 12:36:00
4008,2016025616-13383               ,2016-06-17 00:00:00,F ,23:42:00,0,0,0,0,P,N,N,1.0,2,NJ 3                                              ,W,3,5.0,2,2.0,1.0,6.0,1.0,1.0,1.0,N,23:40,120+04739,2016-06-17 23:42:00
4009,2018025618-08198               ,2018-04-13 00:00:00,FR,17:12:00,0,0,0,0,P,N,N,1.0,3,NJ 3                                              ,W,3,5.8,2,2.0,1.0,1.0,1.0,1.0,1.0,N,17:10,120+04738,2018-04-13 17:12:00
4010,2015025615-19284               ,2015-08-22 00:00:00,SA,17:09:00,0,0,0,0,P,N,N,2.0,2,NJ 3                                              ,W,3,6.7,2,2.0,1.0,1.0,1.0,1.0,1.0,N,17:10,120+04737,2015-08-22 17:09:00
4011,201302562013-005150            ,2013-05-03 00:00:00,F ,17:49:00,0,0,0,0,P,N,N,1.0,2,NJ 3                                              ,W,3,5.0,2,2.0,1.0,1.0,1.0,1.0,2.0,N,17:50,120+04739,2013-05-03 17:49:00
4012,2015025615-19644               ,2015-08-27 00:00:00,TH,18:49:00,0,1,0,0,I,N,N,2.0,2,NJ 3                                              ,W,3,5.0,2,1.0,1.0,1.0,1.0,1.0,1.0,N,18:50,120+04739,2015-08-27 18:49:00
4013,2014025614-13960               ,2014-06-30 00:00:00,M ,21:19:00,0,3,0,0,I,N,N,1.0,2,NJ 3                                              ,W,3,5.1,2,2.0,1.0,6.0,1.0,1.0,2.0,N,21:20,120+04739,2014-06-30 21:19:00
4014,2017025617-07934               ,2017-04-26 00:00:00,WE,16:00:00,0,0,0,0,P,N,N,1.0,2,NJ 3                                              ,W,3,5.1,2,2.0,2.0,1.0,1.0,1.0,1.0,N,16:00,120+04739,2017-04-26 16:00:00
4015,2018025618-08352               ,2018-04-16 00:00:00,MO,6:46:00,0,0,0,0,P,N,N,15.0,1,NJ 3                                              ,W,3,6.4,2,2.0,2.0,2.0,2.0,1.0,1.0,N,6:45,120+04737,2018-04-16 06:46:00
4016,2014025614-13991               ,2014-07-01 00:00:00,TU,7:05:00,0,0,0,0,P,N,N,1.0,2,NJ 3                                              ,W,3,6.6,2,2.0,1.0,1.0,1.0,1.0,1.0,N,7:05,120+04737,2014-07-01 07:05:00
4018,2014025614-14090               ,2014-07-02 00:00:00,W ,14:19:00,0,0,0,0,P,N,N,1.0,2,NJ 3                                              ,W,3,5.01,2,2.0,1.0,1.0,1.0,1.0,2.0,N,14:20,120+04739,2014-07-02 14:19:00
4019,2016025616-13670               ,2016-06-21 00:00:00,TU,16:16:00,0,0,0,0,P,N,N,2.0,2,NJ 3                                              ,W,3,5.2,2,2.0,1.0,1.0,1.0,1.0,1.0,N,16:15,120P04738,2016-06-21 16:16:00
4020,201302562013-005262            ,2013-05-06 00:00:00,M ,15:48:00,0,0,0,0,P,N,N,1.0,2,NJ 3                                              ,W,3,5.7,2,2.0,1.0,1.0,1.0,1.0,2.0,N,15:50,120+04738,2013-05-06 15:48:00
4021,201302562013-005441            ,2013-05-09 00:00:00,TH,20:35:00,0,3,0,0,I,N,N,1.0,2,NJ 3                                              ,W,3,5.2,2,2.0,1.0,6.0,1.0,1.0,2.0,N,20:35,120P04738,2013-05-09 20:35:00
4022,2018025618-08409               ,2018-04-16 00:00:00,MO,17:15:00,0,0,0,0,P,N,N,1.0,2,NJ 3                                              ,W,3,5.6,2,2.0,2.0,1.0,1.0,1.0,2.0,N,17:15,120+04738,2018-04-16 17:15:00
4023,2014025614-14107               ,2014-07-02 00:00:00,W ,18:13:00,0,0,0,0,P,N,N,2.0,2,NJ 3                                              ,W,3,5.7,2,2.0,2.0,1.0,2.0,1.0,2.0,N,18:15,120+04738,2014-07-02 18:13:00