,CRASH_ID,DATE,DAY,TIME,KILLED,INJURED,PED_KILL,PED_INJ,SEVERITY,ALCOHOL,HAZMAT,CRASH_TYPE,VEH_COUNT,LOCATION,LOC_DIR,ROUTE,MP,RD_SYS,RD_SURF,SURF_COND,LIGHT,WEATHER,RD_DIV,RD_WRKZN,CELL_USE,TIME_ROUND,TMC,timestamp
4024,2016025616-13713               ,2016-06-22 00:00:00,W ,9:16:00,0,0,0,0,P,N,N,2.0,2,NJ 3                                              ,W,3,6.6,2,1.0,1.0,1.0,1.0,1.0,1.0,N,9:15,120+04737,2016-06-22 09:16:00
4025,2014025614-14158               ,2014-07-03 00:00:00,TH,8:51:00,0,0,0,0,P,N,N,1.0,2,NJ 3                                              ,W,3,5.0,2,2.0,2.0,1.0,1.0,1.0,2.0,N,8:50,120+04739,2014-07-03 08:51:00
4026,2018025618-08694               ,2018-04-20 00:00:00,FR,19:05:00,0,0,0,0,P,N,N,11.0,1,NJ 3                                              ,W,3,6.0,2,2.0,1.0,1.0,1.0,1.0,2.0,N,19:05,120P04737,2018-04-20 19:05:00
4027,2017025617-08233               ,2017-04-29 00:00:00,SA,20:53:00,0,3,0,0,I,N,N,1.0,2,NJ 3                                              ,W,3,6.8,2,1.0,1.0,6.0,2.0,1.0,1.0,N,20:55,120+04737,2017-04-29 20:53:00
4029,2017025617-08378               ,2017-05-02 00:00:00,TU,2:29:00,0,0,0,0,P,N,N,11.0,1,NJ 3                                              ,W,3,5.7,2,2.0,1.0,6.0,1.0,1.0,1.0,N,2:30,120+04738,2017-05-02 02:29:00
4031,201302562013-005566            ,2013-05-12 00:00:00,S ,9:43:00,0,0,0,0,P,N,N,1.0,2,NJ 3                                              ,W,3,5.0,2,2.0,2.0,1.0,1.0,1.0,2.0,N,9:45,120+04739,2013-05-12 09:43:00
4032,2016025616-13930               ,2016-06-24 00:00:00,F ,16:37:00,0,0,0,0,P,N,N,1.0,2,NJ 3                                              ,W,3,5.2,2,2.0,1.0,1.0,1.0,1.0,1.0,N,16:35,120P04738,2016-06-24 16:37:00
4033,201302562013-005716            ,2013-05-15 00:00:00,W ,13:10:00,0,0,0,0,P,N,N,1.0,2,NJ 3                                              ,W,3,4.95,2,2.0,1.0,1.0,1.0,1.0,2.0,N,13:10,120+04739,2013-05-15 13:10:00
4034,2016025616-14116               ,2016-06-27 00:00:00,M ,16:07:00,0,0,0,0,P,N,N,1.0,2,NJ 3                                              ,W,3,5.3,2,2.0,1.0,1.0,1.0,2.0,1.0,N,16:05,120P04738,2016-06-27 16:07:00
4035,2017025617-08534               ,2017-05-04 00:00:00,TH,7:57:00,0,0,0,0,P,N,N,11.0,1,NJ 3                                              ,W,3,5.3,2,2.0,1.0,1.0,1.0,1.0,1.0,N,7:55,120P04738,2017-05-04 07:57:00
4036,2015025615-20751               ,2015-09-11 00:00:00,F ,16:02:00,0,0,0,0,P,N,N,1.0,2,NJ 3                                              ,W,3,5.5,2,2.0,1.0,1.0,1.0,2.0,1.0,N,16:00,120P04738,2015-09-11 16:02:00
4037,2014025614-14622               ,2014-07-09 00:00:00,W ,16:53:00,0,0,0,0,P,N,N,1.0,2,NJ 3                                              ,W,3,5.6,2,2.0,1.0,1.0,1.0,1.0,1.0,N,16:55,120+04738,2014-07-09 16:53:00
4038,201302562013-005723            ,2013-05-15 00:00:00,W ,15:51:00,0,0,0,0,P,N,N,2.0,3,NJ 3                                              ,W,3,6.7,2,2.0,1.0,1.0,1.0,1.0,1.0,N,15:50,120+04737,2013-05-15 15:51:00
4039,201302562013-005760            ,2013-05-16 00:00:00,TH,11:03:00,0,1,0,0,I,N,N,1.0,2,NJ 3                                              ,W,3,4.95,2,2.0,1.0,1.0,1.0,1.0,2.0,N,11:05,120+04739,2013-05-16 11:03:00
4040,2014025614-14688               ,2014-07-10 00:00:00,TH,15:10:00,0,0,0,0,P,N,N,11.0,1,NJ 3                                              ,W,3,5.0,2,1.0,1.0,1.0,1.0,1.0,2.0,N,15:10,120+04739,2014-07-10 15:10:00
4041,2015025615-20762               ,2015-09-11 00:00:00,F ,18:38:00,0,0,0,0,P,N,N,1.0,2,NJ 3                                              ,W,3,5.0,2,1.0,1.0,1.0,1.0,1.0,1.0,N,18:40,120+04739,2015-09-11 18:38:00
4042,201302562013-005957            ,2013-05-20 00:00:00,M ,16:04:00,0,0,0,0,P,N,N,1.0,2,NJ 3                                              ,W,3,4.95,2,2.0,1.0,1.0,1.0,1.0,2.0,N,16:05,120+04739,2013-05-20 16:04:00
4043,2017025617-08704               ,2017-05-06 00:00:00,SA,20:07:00,0,1,0,0,I,N,N,1.0,2,NJ 3                                              ,W,3,5.0,2,2.0,2.0,6.0,1.0,1.0,1.0,N,20:05,120+04739,2017-05-06 20:07:00
4045,2014025614-14796               ,2014-07-11 00:00:00,F ,22:59:00,0,0,0,0,P,N,N,11.0,1,NJ 3                                              ,W,3,6.2,2,2.0,1.0,6.0,1.0,1.0,2.0,N,23:00,120P04737,2014-07-11 22:59:00
4046,201302562013-005982            ,2013-05-21 00:00:00,TU,10:28:00,0,0,0,0,P,N,N,1.0,2,NJ 3                                              ,W,3,4.95,2,2.0,1.0,1.0,1.0,1.0,2.0,N,10:30,120+04739,2013-05-21 10:28:00
4047,2015025615-21289               ,2015-09-18 00:00:00,F ,16:50:00,0,0,0,0,P,N,N,2.0,2,NJ 3                                              ,W,3,5.3,2,2.0,1.0,1.0,1.0,1.0,1.0,N,16:50,120P04738,2015-09-18 16:50:00
4048,201302562013-006137            ,2013-05-24 00:00:00,F ,13:03:00,0,0,0,0,P,N,N,2.0,2,NJ 3                                              ,W,3,4.95,2,2.0,2.0,1.0,2.0,1.0,2.0,N,13:05,120+04739,2013-05-24 13:03:00
4049,2015025615-21554               ,2015-09-22 00:00:00,TU,17:47:00,0,1,0,0,I,N,N,1.0,2,NJ 3                                              ,W,3,5.0,2,2.0,1.0,1.0,1.0,1.0,1.0,N,17:45,120+04739,2015-09-22 17:47:00
4050,2017025617-08833               ,2017-05-08 00:00:00,MO,17:10:00,0,0,0,0,P,N,N,2.0,2,NJ 3                                              ,W,3,5.0,2,2.0,1.0,1.0,1.0,1.0,1.0,N,17:10,120+04739,2017-05-08 17:10:00
4051,2014025614-14965               ,2014-07-14 00:00:00,M ,19:02:00,0,1,0,0,I,N,N,11.0,1,NJ 3                                              ,W,3,5.5,2,2.0,1.0,3.0,5.0,1.0,2.0,N,19:00,120P04738,2014-07-14 19:02:00
4052,2017025617-08907               ,2017-05-09 00:00:00,TU,18:26:00,0,0,0,0,P,N,N,1.0,2,NJ 3                                              ,W,3,5.2,2,2.0,1.0,1.0,1.0,1.0,1.0,N,18:25,120P04738,2017-05-09 18:26:00
4053,2014025614-15030               ,2014-07-15 00:00:00,TU,15:00:00,0,0,0,0,P,N,N,2.0,2,NJ 3                                              ,W,3,5.8,2,2.0,1.0,1.0,1.0,1.0,2.0,N,15:00,120+04738,2014-07-15 15:00:00
4054,201302562013-006143            ,2013-05-24 00:00:00,F ,14:12:00,0,0,0,0,P,N,N,1.0,2,NJ 3                                              ,W,3,6.7,2,2.0,2.0,1.0,2.0,1.0,2.0,N,14:10,120+04737,2013-05-24 14:12:00
4055,2015025615-22042               ,2015-09-29 00:00:00,TU,7:51:00,0,0,0,0,P,N,N,5.0,2,NJ 3                                              ,W,3,6.8,2,2.0,1.0,1.0,1.0,1.0,1.0,N,7:50,120+04737,2015-09-29 07:51:00
4056,2014025614-15054               ,2014-07-15 00:00:00,TU,20:13:00,0,0,0,0,P,N,N,1.0,2,NJ 3                                              ,W,3,4.95,2,2.0,2.0,6.0,2.0,1.0,2.0,N,20:15,120+04739,2014-07-15 20:13:00
4057,2017025617-08963               ,2017-05-10 00:00:00,WE,14:51:00,0,2,0,0,I,N,N,1.0,2,NJ 3                                              ,W,3,5.8,2,2.0,1.0,1.0,1.0,1.0,1.0,N,14:50,120+04738,2017-05-10 14:51:00
4058,201302562013-006153            ,2013-05-24 00:00:00,F ,16:19:00,0,1,0,0,I,N,N,1.0,2,NJ 3                                              ,W,3,6.3,2,2.0,2.0,1.0,2.0,1.0,2.0,N,16:20,120P04737,2013-05-24 16:19:00
4059,2015025615-222395              ,2015-10-02 00:00:00,F ,20:32:00,0,0,0,0,P,N,N,2.0,2,NJ 3                                              ,W,3,6.4,2,2.0,2.0,6.0,2.0,1.0,1.0,N,20:30,120+04737,2015-10-02 20:32:00
4060,2014025614-15057               ,2014-07-15 00:00:00,TU,20:38:00,0,2,0,0,I,N,N,1.0,2,NJ 3                                              ,W,3,5.0,2,2.0,2.0,6.0,2.0,1.0,2.0,N,20:40,120+04739,2014-07-15 20:38:00
4061,201302562013-006156            ,2013-05-24 00:00:00,F ,17:35:00,0,0,0,0,P,N,N,2.0,2,NJ 3                                              ,W,3,6.2,2,2.0,2.0,1.0,2.0,1.0,2.0,N,17:35,120P04737,2013-05-24 17:35:00
4062,2014025614-15113               ,2014-07-16 00:00:00,W ,15:58:00,0,0,0,0,P,N,N,1.0,3,NJ 3                                              ,W,3,5.0,2,2.0,1.0,1.0,1.0,1.0,2.0,N,16:00,120+04739,2014-07-16 15:58:00
4063,2016025616-14635               ,2016-07-05 00:00:00,TU,16:29:00,0,1,0,0,I,N,N,1.0,2,NJ 3                                              ,W,3,5.0,2,1.0,1.0,1.0,1.0,1.0,1.0,N,16:30,120+04739,2016-07-05 16:29:00
4064,2018025618-09733               ,2018-05-05 00:00:00,SA,12:42:00,0,1,0,0,I,N,N,2.0,2,NJ 3                                              ,W,3,5.0,2,2.0,1.0,1.0,1.0,1.0,1.0,N,12:40,120+04739,2018-05-05 12:42:00
4065,2015025615-22620               ,2015-10-06 00:00:00,TU,10:57:00,0,0,0,0,P,N,N,15.0,1,NJ 3                                              ,W,3,5.9,2,2.0,1.0,1.0,1.0,1.0,1.0,N,10:55,120P04737,2015-10-06 10:57:00
4066,2014025614-15144               ,2014-07-16 00:00:00,W ,23:45:00,0,0,0,0,P,N,N,1.0,2,NJ 3                                              ,W,3,4.95,2,2.0,1.0,6.0,1.0,1.0,2.0,N,23:45,120+04739,2014-07-16 23:45:00
4067,2016025616-14791               ,2016-07-07 00:00:00,TH,17:17:00,0,0,0,0,P,N,N,2.0,2,NJ 3                                              ,W,3,5.1,2,2.0,1.0,1.0,1.0,1.0,1.0,N,17:15,120+04739,2016-07-07 17:17:00
4068,2017025617-09118               ,2017-05-12 00:00:00,FR,21:57:00,0,0,0,0,P,N,N,1.0,2,NJ 3                                              ,W,3,5.7,2,2.0,1.0,6.0,1.0,1.0,1.0,N,21:55,120+04738,2017-05-12 21:57:00
4069,2015025615-22622               ,2015-10-06 00:00:00,TU,11:02:00,0,0,0,0,P,N,N,15.0,1,NJ 3                                              ,W,3,5.9,2,2.0,1.0,1.0,1.0,1.0,1.0,N,11:00,120P04737,2015-10-06 11:02:00
4070,2016025616-14813               ,2016-07-07 00:00:00,TH,22:31:00,0,0,0,0,P,Y,N,11.0,1,NJ 3                                              ,W,3,5.0,2,2.0,1.0,6.0,1.0,1.0,1.0,N,22:30,120+04739,2016-07-07 22:31:00
4071,2018025618-09876               ,2018-05-07 00:00:00,MO,17:16:00,0,1,0,0,I,N,N,1.0,2,NJ 3                                              ,W,3,5.3,2,2.0,1.0,1.0,1.0,1.0,2.0,N,17:15,120P04738,2018-05-07 17:16:00
4072,2014025614-15145               ,2014-07-16 00:00:00,W ,23:51:00,0,0,0,0,P,N,N,1.0,2,NJ 3                                              ,W,3,5.7,2,2.0,1.0,6.0,1.0,1.0,2.0,N,23:50,120+04738,2014-07-16 23:51:00
4073,2015025615-22626               ,2015-10-06 00:00:00,TU,11:07:00,0,0,0,0,P,N,N,15.0,1,NJ 3                                              ,W,3,5.9,2,2.0,1.0,1.0,1.0,1.0,1.0,N,11:05,120P04737,2015-10-06 11:07:00
4074,201302562013-006379            ,2013-05-30 00:00:00,TH,16:12:00,0,1,0,0,I,N,N,2.0,2,NJ 3                                              ,W,3,6.2,2,2.0,1.0,1.0,1.0,5.0,2.0,N,16:10,120P04737,2013-05-30 16:12:00
4075,2017025617-09136               ,2017-05-13 00:00:00,SA,12:42:00,0,1,0,0,I,N,N,11.0,1,NJ 3                                              ,W,3,6.6,2,2.0,2.0,1.0,2.0,1.0,1.0,N,12:40,120+04737,2017-05-13 12:42:00
4076,2014025614-15213               ,2014-07-17 00:00:00,TH,20:42:00,0,0,0,0,P,N,N,2.0,2,NJ 3                                              ,W,3,5.0,2,1.0,1.0,6.0,1.0,1.0,2.0,N,20:40,120+04739,2014-07-17 20:42:00
4077,2015025615-22874               ,2015-10-09 00:00:00,F ,18:10:00,0,0,0,0,P,N,N,2.0,2,NJ 3                                              ,W,3,5.3,2,2.0,2.0,6.0,2.0,1.0,1.0,N,18:10,120P04738,2015-10-09 18:10:00
4078,201302562013-006553            ,2013-06-03 00:00:00,M ,16:01:00,0,0,0,0,P,N,N,2.0,2,NJ 3                                              ,W,3,5.8,2,2.0,1.0,1.0,1.0,1.0,2.0,N,16:00,120+04738,2013-06-03 16:01:00
4079,201302562013-006595            ,2013-06-04 00:00:00,TU,16:59:00,0,0,0,0,P,N,N,1.0,2,NJ 3                                              ,W,3,5.0,2,2.0,1.0,1.0,1.0,1.0,2.0,N,17:00,120+04739,2013-06-04 16:59:00
4080,2016025616-15054               ,2016-07-11 00:00:00,M ,18:43:00,0,0,0,0,P,N,N,1.0,3,NJ 3                                              ,W,3,5.1,2,2.0,1.0,1.0,1.0,1.0,1.0,N,18:45,120+04739,2016-07-11 18:43:00
4081,2018025618-10162               ,2018-05-11 00:00:00,FR,15:12:00,0,1,0,0,I,N,N,1.0,3,NJ 3                                              ,W,3,5.1,2,2.0,1.0,1.0,1.0,1.0,2.0,N,15:10,120+04739,2018-05-11 15:12:00
4082,2017025617-09477               ,2017-05-18 00:00:00,TH,18:06:00,0,0,0,0,P,N,N,1.0,2,NJ 3                                              ,W,3,5.2,2,2.0,1.0,1.0,1.0,1.0,1.0,N,18:05,120P04738,2017-05-18 18:06:00
4083,2015025615-22879               ,2015-10-09 00:00:00,F ,19:04:00,0,1,0,0,I,N,N,1.0,5,NJ 3                                              ,W,3,5.3,2,2.0,2.0,6.0,2.0,1.0,1.0,N,19:05,120P04738,2015-10-09 19:04:00
4085,2017025617-09720               ,2017-05-22 00:00:00,MO,19:43:00,0,0,0,0,P,N,N,1.0,2,NJ 3                                              ,W,3,5.0,2,2.0,2.0,1.0,2.0,1.0,1.0,N,19:45,120+04739,2017-05-22 19:43:00
4086,2016025616-15396               ,2016-07-15 00:00:00,F ,16:49:00,0,0,0,0,P,N,N,2.0,2,NJ 3                                              ,W,3,5.2,2,2.0,1.0,1.0,1.0,2.0,1.0,N,16:50,120P04738,2016-07-15 16:49:00
4087,2015025615-23078               ,2015-10-12 00:00:00,M ,14:02:00,0,0,0,0,P,N,N,1.0,2,NJ 3                                              ,W,3,6.6,2,2.0,1.0,1.0,1.0,1.0,1.0,N,14:00,120+04737,2015-10-12 14:02:00
4088,2015025615-23085               ,2015-10-12 00:00:00,M ,16:26:00,0,0,0,0,P,N,N,1.0,2,NJ 3                                              ,W,3,5.5,2,2.0,1.0,1.0,1.0,1.0,1.0,N,16:25,120P04738,2015-10-12 16:26:00
4089,2014025614-15261               ,2014-07-18 00:00:00,F ,10:03:00,0,3,0,0,I,N,N,1.0,2,NJ 3                                              ,W,3,5.7,2,2.0,1.0,1.0,1.0,1.0,2.0,N,10:05,120+04738,2014-07-18 10:03:00
4090,2016025616-15528               ,2016-07-17 00:00:00,S ,2:13:00,0,2,0,0,I,N,N,11.0,1,NJ 3                                              ,W,3,6.0,2,2.0,1.0,6.0,1.0,1.0,1.0,N,2:15,120P04737,2016-07-17 02:13:00
4091,201302562013-006691            ,2013-06-06 00:00:00,TH,20:10:00,0,0,0,0,P,N,N,2.0,2,NJ 3                                              ,W,3,6.5,2,2.0,2.0,1.0,2.0,1.0,1.0,N,20:10,120+04737,2013-06-06 20:10:00
4092,2014025614-15289               ,2014-07-18 00:00:00,F ,18:48:00,0,0,0,0,P,N,N,1.0,3,NJ 3                                              ,W,3,5.5,2,2.0,1.0,1.0,1.0,1.0,2.0,N,18:50,120P04738,2014-07-18 18:48:00
4093,2017025617-09790               ,2017-05-23 00:00:00,TU,18:27:00,0,0,0,0,P,N,N,1.0,2,NJ 3                                              ,W,3,6.4,2,2.0,1.0,1.0,1.0,1.0,1.0,N,18:25,120+04737,2017-05-23 18:27:00
4094,2015025615-23228               ,2015-10-14 00:00:00,W ,15:52:00,0,0,0,0,P,N,N,1.0,2,NJ 3                                              ,W,3,6.6,2,2.0,1.0,1.0,1.0,1.0,1.0,N,15:50,120+04737,2015-10-14 15:52:00
4096,2017025617-09816               ,2017-05-24 00:00:00,WE,7:58:00,0,0,0,0,P,N,N,1.0,2,NJ 3                                              ,W,3,5.5,2,2.0,2.0,1.0,1.0,1.0,1.0,N,8:00,120P04738,2017-05-24 07:58:00
4097,2014025614-15489               ,2014-07-21 00:00:00,M ,17:00:00,0,1,0,0,I,N,N,1.0,2,NJ 3                                              ,W,3,6.8,2,2.0,1.0,1.0,1.0,1.0,2.0,N,17:00,120+04737,2014-07-21 17:00:00
4098,2016025616-15878               ,2016-07-21 00:00:00,TH,17:59:00,0,0,0,0,P,N,N,1.0,3,NJ 3                                              ,W,3,5.0,2,2.0,1.0,1.0,1.0,1.0,1.0,N,18:00,120+04739,2016-07-21 17:59:00
4099,2015025615-23322               ,2015-10-15 00:00:00,TH,19:02:00,0,0,0,0,P,N,N,2.0,2,NJ 3                                              ,W,3,5.3,2,2.0,1.0,6.0,1.0,1.0,1.0,N,19:00,120P04738,2015-10-15 19:02:00
4100,2017025617-09819               ,2017-05-24 00:00:00,WE,8:23:00,0,1,0,0,I,N,N,1.0,2,NJ 3                                              ,W,3,5.5,2,2.0,2.0,1.0,1.0,1.0,1.0,N,8:25,120P04738,2017-05-24 08:23:00
4101,201302562013-006714            ,2013-06-07 00:00:00,F ,12:04:00,0,0,0,0,P,N,N,8.0,2,NJ 3                                              ,W,3,5.8,2,2.0,2.0,1.0,2.0,5.0,2.0,N,12:05,120+04738,2013-06-07 12:04:00
4102,2018025618-10398               ,2018-05-14 00:00:00,MO,16:38:00,0,0,0,0,P,N,N,1.0,2,NJ 3                                              ,W,3,6.5,2,2.0,1.0,1.0,1.0,1.0,1.0,N,16:40,120+04737,2018-05-14 16:38:00
4103,2014025614-15563               ,2014-07-22 00:00:00,TU,20:43:00,0,0,0,0,P,N,N,2.0,2,NJ 3                                              ,W,3,6.8,2,1.0,1.0,6.0,1.0,1.0,1.0,N,20:45,120+04737,2014-07-22 20:43:00
4104,201302562013-006749            ,2013-06-08 00:00:00,SA,6:32:00,0,0,0,0,P,N,N,1.0,2,NJ 3                                              ,W,3,5.0,2,2.0,2.0,1.0,2.0,1.0,2.0,N,6:30,120+04739,2013-06-08 06:32:00
4105,2017025617-09866               ,2017-05-24 00:00:00,WE,17:51:00,0,0,0,0,P,N,N,1.0,2,NJ 3                                              ,W,3,5.0,2,2.0,1.0,1.0,1.0,1.0,1.0,N,17:50,120+04739,2017-05-24 17:51:00
4106,2014025614-15626               ,2014-07-23 00:00:00,W ,17:22:00,0,0,0,0,P,N,N,2.0,2,NJ 3                                              ,W,3,5.3,2,2.0,1.0,1.0,1.0,1.0,2.0,N,17:20,120P04738,2014-07-23 17:22:00
4107,2015025615-23323               ,2015-10-15 00:00:00,TH,19:02:00,0,0,0,0,P,N,N,1.0,2,NJ 3                                              ,W,3,5.3,2,2.0,1.0,6.0,1.0,1.0,1.0,N,19:00,120P04738,2015-10-15 19:02:00
4109,2016025616-15955               ,2016-07-22 00:00:00,F ,19:37:00,0,1,0,0,I,N,N,1.0,3,NJ 3                                              ,W,3,5.6,2,2.0,1.0,1.0,1.0,1.0,1.0,N,19:35,120+04738,2016-07-22 19:37:00
4111,2014025614-15735               ,2014-07-25 00:00:00,F ,4:11:00,0,0,0,0,P,N,N,1.0,2,NJ 3                                              ,W,3,6.2,2,2.0,1.0,6.0,1.0,1.0,2.0,N,4:10,120P04737,2014-07-25 04:11:00
4112,2018025618-10458               ,2018-05-15 00:00:00,TU,15:29:00,0,0,0,0,P,N,N,1.0,2,NJ 3                                              ,W,3,6.8,2,2.0,1.0,1.0,1.0,1.0,1.0,N,15:30,120+04737,2018-05-15 15:29:00
4113,2015025615-23405               ,2015-10-16 00:00:00,F ,18:27:00,0,0,0,0,P,N,N,1.0,2,NJ 3                                              ,W,3,5.7,2,2.0,1.0,6.0,1.0,1.0,1.0,N,18:25,120+04738,2015-10-16 18:27:00
4114,2018025618-10476               ,2018-09-18 00:00:00,TU,16:44:00,0,0,0,0,P,N,N,2.0,2,NJ 3                                              ,W,3,6.4,2,2.0,1.0,1.0,1.0,1.0,1.0,N,16:45,120+04737,2018-09-18 16:44:00
4115,2014025614-15753               ,2014-07-25 00:00:00,F ,9:50:00,0,1,0,0,I,N,N,3.0,2,NJ 3                                              ,W,3,6.0,2,2.0,1.0,1.0,1.0,5.0,1.0,N,9:50,120P04737,2014-07-25 09:50:00
4116,2014025614-15791               ,2014-07-25 00:00:00,F ,18:45:00,0,1,0,0,I,N,N,1.0,2,NJ 3                                              ,W,3,5.0,2,2.0,1.0,1.0,1.0,1.0,2.0,N,18:45,120+04739,2014-07-25 18:45:00
4117,2016025616-16353               ,2016-07-29 00:00:00,F ,8:18:00,0,0,0,0,P,N,N,1.0,2,NJ 3                                              ,W,3,5.0,2,2.0,2.0,1.0,2.0,1.0,1.0,N,8:20,120+04739,2016-07-29 08:18:00
4118,2017025617-10291               ,2017-05-31 00:00:00,WE,13:11:00,0,0,0,0,P,N,N,1.0,2,NJ 3                                              ,W,3,5.5,2,2.0,1.0,1.0,1.0,1.0,1.0,N,13:10,120P04738,2017-05-31 13:11:00
4119,2018025618-10480               ,2018-05-15 00:00:00,TU,17:50:00,0,0,0,0,P,N,N,2.0,2,NJ 3                                              ,W,3,6.0,2,2.0,2.0,1.0,2.0,1.0,1.0,N,17:50,120P04737,2018-05-15 17:50:00
4120,2015025615-23514               ,2015-10-18 00:00:00,S ,1:50:00,0,0,0,0,P,N,N,12.0,1,NJ 3                                              ,W,3,6.4,2,2.0,1.0,6.0,1.0,1.0,1.0,N,1:50,120+04737,2015-10-18 01:50:00
4121,201302562013-006858            ,2013-06-10 00:00:00,M ,18:20:00,0,0,0,0,P,N,N,1.0,2,NJ 3                                              ,W,3,6.5,2,2.0,2.0,1.0,2.0,1.0,1.0,N,18:20,120+04737,2013-06-10 18:20:00
4122,201302562013-006866            ,2013-06-10 00:00:00,M ,22:03:00,0,0,0,0,P,N,N,1.0,2,NJ 3                                              ,W,3,5.0,2,2.0,2.0,6.0,1.0,2.0,2.0,N,22:05,120+04739,2013-06-10 22:03:00
4123,2015025615-23527               ,2015-10-18 00:00:00,S ,10:15:00,0,0,0,0,P,N,N,3.0,2,NJ 3                                              ,W,3,5.0,2,2.0,1.0,1.0,1.0,2.0,1.0,N,10:15,120+04739,2015-10-18 10:15:00
4124,2014025614-15792               ,2014-07-25 00:00:00,F ,20:18:00,0,0,0,0,P,N,N,1.0,2,NJ 3                                              ,W,3,5.1,2,2.0,1.0,2.0,1.0,1.0,2.0,N,20:20,120+04739,2014-07-25 20:18:00
4125,2017025617-10304               ,2017-05-31 00:00:00,WE,17:03:00,0,0,0,0,P,N,N,1.0,3,NJ 3                                              ,W,3,5.7,2,2.0,1.0,1.0,1.0,1.0,1.0,N,17:05,120+04738,2017-05-31 17:03:00
4126,2014025614-15839               ,2014-07-26 00:00:00,SA,11:17:00,0,0,0,0,P,N,N,1.0,2,NJ 3                                              ,W,3,5.0,2,2.0,1.0,1.0,1.0,1.0,2.0,N,11:15,120+04739,2014-07-26 11:17:00
4127,2015025615-23556               ,2015-10-18 00:00:00,S ,16:36:00,0,4,0,0,I,N,N,1.0,3,NJ 3                                              ,W,3,5.0,2,2.0,1.0,1.0,1.0,1.0,1.0,N,16:35,120+04739,2015-10-18 16:36:00
4128,2017025617-10377               ,2017-06-01 00:00:00,TH,16:24:00,0,1,0,0,I,N,N,1.0,2,NJ 3                                              ,W,3,5.7,2,2.0,1.0,1.0,1.0,1.0,1.0,N,16:25,120+04738,2017-06-01 16:24:00
4129,2016025616-16439               ,2016-07-30 00:00:00,SA,4:40:00,0,0,0,0,P,N,N,2.0,2,NJ 3                                              ,W,3,6.4,2,2.0,1.0,6.0,1.0,1.0,1.0,N,4:40,120+04737,2016-07-30 04:40:00
4130,2018025618-10809               ,2018-05-19 00:00:00,SA,15:20:00,0,0,0,0,P,N,N,1.0,2,NJ 3                                              ,W,3,5.1,2,2.0,2.0,1.0,2.0,1.0,1.0,N,15:20,120+04739,2018-05-19 15:20:00
4131,2017025617-10406               ,2017-06-01 00:00:00,TH,23:34:00,0,0,0,0,P,N,N,2.0,2,NJ 3                                              ,W,3,6.1,2,2.0,1.0,6.0,1.0,1.0,1.0,N,23:35,120P04737,2017-06-01 23:34:00
4132,201302562013-006961            ,2013-06-12 00:00:00,W ,15:26:00,0,0,0,0,P,N,N,2.0,2,NJ 3                                              ,W,3,6.2,2,2.0,1.0,1.0,1.0,1.0,2.0,N,15:25,120P04737,2013-06-12 15:26:00
4133,2014025614-15880               ,2014-07-27 00:00:00,S ,5:14:00,0,1,0,0,I,N,N,6.0,2,NJ 3                                              ,W,3,6.4,2,2.0,1.0,3.0,5.0,1.0,2.0,N,5:15,120+04737,2014-07-27 05:14:00
4134,201302562013-007048            ,2013-06-14 00:00:00,F ,16:21:00,0,0,0,0,P,N,N,1.0,2,NJ 3                                              ,W,3,4.95,2,2.0,1.0,1.0,1.0,1.0,2.0,N,16:20,120+04739,2013-06-14 16:21:00
4135,2017025617-10631               ,2017-06-05 00:00:00,MO,16:55:00,0,0,0,0,P,N,N,1.0,2,NJ 3                                              ,W,3,5.0,2,2.0,1.0,1.0,5.0,1.0,1.0,N,16:55,120+04739,2017-06-05 16:55:00
4136,2015025615-23718               ,2015-10-20 00:00:00,TU,17:55:00,0,0,0,0,P,N,N,1.0,2,NJ 3                                              ,W,3,5.5,2,2.0,1.0,6.0,1.0,1.0,1.0,N,17:55,120P04738,2015-10-20 17:55:00
4137,2014025614-15887               ,2014-07-27 00:00:00,S ,6:00:00,0,2,0,0,I,N,N,2.0,2,NJ 3                                              ,W,3,6.4,2,2.0,1.0,2.0,1.0,1.0,2.0,N,6:00,120+04737,2014-07-27 06:00:00
4138,201302562013-007054            ,2013-06-14 00:00:00,F ,17:39:00,0,0,0,0,P,N,N,1.0,2,NJ 3                                              ,W,3,4.95,2,2.0,1.0,1.0,1.0,1.0,1.0,N,17:40,120+04739,2013-06-14 17:39:00