,CRASH_ID,DATE,DAY,TIME,KILLED,INJURED,PED_KILL,PED_INJ,SEVERITY,ALCOHOL,HAZMAT,CRASH_TYPE,VEH_COUNT,LOCATION,LOC_DIR,ROUTE,MP,RD_SYS,RD_SURF,SURF_COND,LIGHT,WEATHER,RD_DIV,RD_WRKZN,CELL_USE,TIME_ROUND,TMC,timestamp
4139,2014025614-16132               ,2014-07-30 00:00:00,W ,12:54:00,0,0,0,0,P,N,N,2.0,3,NJ 3                                              ,W,3,5.0,2,1.0,1.0,1.0,1.0,1.0,2.0,N,12:55,120+04739,2014-07-30 12:54:00
4140,2017025617-10838               ,2017-06-08 00:00:00,TH,19:41:00,0,0,0,0,P,N,N,1.0,2,NJ 3                                              ,W,3,5.0,2,2.0,1.0,3.0,1.0,1.0,1.0,N,19:40,120+04739,2017-06-08 19:41:00
4141,2015025615-23941               ,2015-10-23 00:00:00,F ,16:02:00,0,1,0,0,I,N,N,1.0,2,NJ 3                                              ,W,3,6.3,2,2.0,1.0,1.0,1.0,1.0,1.0,N,16:00,120P04737,2015-10-23 16:02:00
4142,2014025614-16209               ,2014-07-31 00:00:00,TH,15:25:00,0,0,0,0,P,N,N,1.0,2,NJ 3                                              ,W,3,5.3,2,2.0,1.0,1.0,1.0,1.0,2.0,N,15:25,120P04738,2014-07-31 15:25:00
4143,2015025615-24040               ,2015-10-25 00:00:00,S ,2:00:00,0,0,0,0,P,N,N,2.0,2,NJ 3                                              ,W,3,5.7,2,2.0,1.0,6.0,1.0,1.0,1.0,N,2:00,120+04738,2015-10-25 02:00:00
4144,201302562013-007102            ,2013-06-15 00:00:00,SA,15:57:00,0,1,0,0,I,Y,N,1.0,3,NJ 3                                              ,W,3,6.1,2,2.0,1.0,1.0,1.0,1.0,1.0,N,15:55,120P04737,2013-06-15 15:57:00
4145,2016025616-16599               ,2016-08-01 00:00:00,M ,5:22:00,0,1,0,0,I,N,N,11.0,1,NJ 3                                              ,W,3,6.2,2,2.0,2.0,2.0,5.0,1.0,1.0,N,5:20,120P04737,2016-08-01 05:22:00
4147,201302562013-007109            ,2013-06-15 00:00:00,SA,19:12:00,0,0,0,0,P,N,N,99.0,2,NJ 3                                              ,W,3,5.0,2,,,,,,,N,19:10,120+04739,2013-06-15 19:12:00
4148,2014025614-16479               ,2014-08-04 00:00:00,M ,11:53:00,0,0,0,0,P,N,N,1.0,2,NJ 3                                              ,W,3,5.01,2,2.0,1.0,1.0,1.0,1.0,2.0,N,11:55,120+04739,2014-08-04 11:53:00
4149,2015025615-24154               ,2015-10-26 00:00:00,M ,19:22:00,0,0,0,0,P,N,N,1.0,2,NJ 3                                              ,W,3,5.6,2,2.0,1.0,6.0,1.0,1.0,1.0,N,19:20,120+04738,2015-10-26 19:22:00
4150,2016025616-16646               ,2016-08-01 00:00:00,M ,17:25:00,0,0,0,0,P,N,N,2.0,2,NJ 3                                              ,W,3,6.3,2,1.0,1.0,1.0,1.0,1.0,1.0,N,17:25,120P04737,2016-08-01 17:25:00
4151,201302562013-007134            ,2013-06-16 00:00:00,S ,15:01:00,0,0,0,0,P,N,N,8.0,2,NJ 3                                              ,W,3,5.0,2,2.0,1.0,1.0,1.0,2.0,2.0,N,15:00,120+04739,2013-06-16 15:01:00
4152,2018025618-10982               ,2018-05-21 00:00:00,MO,16:46:00,0,1,0,0,I,N,N,1.0,3,NJ 3                                              ,W,3,6.2,2,1.0,1.0,1.0,1.0,1.0,2.0,N,16:45,120P04737,2018-05-21 16:46:00
4153,2016025616-16648               ,2016-08-01 00:00:00,M ,17:34:00,0,0,0,0,P,N,N,11.0,2,NJ 3                                              ,W,3,6.3,2,2.0,1.0,1.0,1.0,1.0,1.0,N,17:35,120P04737,2016-08-01 17:34:00
4155,2014025614-16603               ,2014-08-06 00:00:00,W ,15:48:00,0,1,0,0,I,N,N,1.0,2,NJ 3                                              ,W,3,6.5,2,2.0,1.0,1.0,1.0,1.0,2.0,N,15:50,120+04737,2014-08-06 15:48:00
4156,2015025615-24334               ,2015-10-28 00:00:00,W ,19:24:00,0,0,0,0,P,N,N,1.0,2,NJ 3                                              ,W,3,5.3,2,2.0,2.0,6.0,2.0,1.0,1.0,N,19:25,120P04738,2015-10-28 19:24:00
4157,2016025616-17076               ,2016-08-08 00:00:00,M ,18:14:00,0,0,0,0,P,N,N,1.0,2,NJ 3                                              ,W,3,5.4,2,2.0,1.0,1.0,1.0,1.0,1.0,N,18:15,120P04738,2016-08-08 18:14:00
4158,2017025617-11031               ,2017-06-12 00:00:00,MO,1:03:00,0,1,0,0,I,Y,N,2.0,2,NJ 3                                              ,W,3,5.7,2,2.0,1.0,6.0,1.0,5.0,1.0,N,1:05,120+04738,2017-06-12 01:03:00
4160,201302562013-007393            ,2013-06-21 00:00:00,F ,21:24:00,0,0,0,0,P,N,N,1.0,2,NJ 3                                              ,W,3,5.0,2,2.0,1.0,6.0,1.0,1.0,2.0,N,21:25,120+04739,2013-06-21 21:24:00
4161,2015025615-24337               ,2015-10-28 00:00:00,W ,19:37:00,0,0,0,0,P,N,N,1.0,2,NJ 3                                              ,W,3,5.1,2,2.0,2.0,6.0,2.0,1.0,1.0,N,19:35,120+04739,2015-10-28 19:37:00
4162,2014025614-16871               ,2014-08-10 00:00:00,S ,22:42:00,0,0,0,0,P,N,N,1.0,2,NJ 3                                              ,W,3,5.2,2,2.0,1.0,6.0,1.0,1.0,2.0,N,22:40,120P04738,2014-08-10 22:42:00
4163,2016025616-17175               ,2016-08-10 00:00:00,W ,4:30:00,0,0,0,0,P,N,N,11.0,1,NJ 3                                              ,W,3,6.4,2,2.0,1.0,6.0,1.0,1.0,1.0,N,4:30,120+04737,2016-08-10 04:30:00
4164,2018025618-11249               ,2018-05-25 00:00:00,FR,13:38:00,0,1,0,0,I,N,N,1.0,3,NJ 3                                              ,W,3,6.4,2,2.0,1.0,1.0,1.0,1.0,1.0,N,13:40,120+04737,2018-05-25 13:38:00
4165,2017025617-11171               ,2017-06-14 00:00:00,WE,7:42:00,0,0,0,0,P,N,N,2.0,2,NJ 3                                              ,W,3,6.5,2,2.0,2.0,1.0,2.0,1.0,1.0,N,7:40,120+04737,2017-06-14 07:42:00
4166,2016025616-17298               ,2016-08-11 00:00:00,TH,17:17:00,0,0,0,0,P,N,N,1.0,2,NJ 3                                              ,W,3,5.0,2,2.0,1.0,1.0,1.0,1.0,1.0,N,17:15,120+04739,2016-08-11 17:17:00
4167,2014025614-17006               ,2014-08-12 00:00:00,TU,17:59:00,0,0,0,0,P,N,N,1.0,2,NJ 3                                              ,W,3,5.3,2,2.0,1.0,1.0,5.0,1.0,2.0,N,18:00,120P04738,2014-08-12 17:59:00
4168,201302562013-007561            ,2013-06-25 00:00:00,TU,14:26:00,0,0,0,0,P,N,N,2.0,2,NJ 3                                              ,W,3,5.6,2,2.0,1.0,1.0,1.0,1.0,2.0,N,14:25,120+04738,2013-06-25 14:26:00
4169,2018025618-11260               ,2018-05-25 00:00:00,FR,15:56:00,0,0,0,0,P,N,N,1.0,2,NJ 3                                              ,W,3,6.2,2,2.0,1.0,1.0,1.0,1.0,2.0,N,15:55,120P04737,2018-05-25 15:56:00
4170,201302562013-007564            ,2013-06-25 00:00:00,TU,16:52:00,0,3,0,0,I,N,N,1.0,4,NJ 3                                              ,W,3,5.2,2,2.0,1.0,1.0,1.0,1.0,2.0,N,16:50,120P04738,2013-06-25 16:52:00
4171,2018025618-11331               ,2018-05-26 00:00:00,SA,17:50:00,0,6,0,0,I,Y,N,1.0,3,NJ 3                                              ,W,3,5.3,2,2.0,1.0,1.0,1.0,1.0,2.0,N,17:50,120P04738,2018-05-26 17:50:00
4172,2015025615-24378               ,2015-10-29 00:00:00,TH,8:30:00,0,0,0,0,P,N,N,1.0,3,NJ 3                                              ,W,3,5.7,2,2.0,2.0,1.0,5.0,1.0,1.0,N,8:30,120+04738,2015-10-29 08:30:00
4173,2014025614-17084               ,2014-08-13 00:00:00,W ,18:21:00,0,0,0,0,P,N,N,1.0,2,NJ 3                                              ,W,3,6.6,2,2.0,1.0,1.0,1.0,5.0,1.0,N,18:20,120+04737,2014-08-13 18:21:00
4174,2016025616-17466               ,2016-08-14 00:00:00,S ,2:45:00,0,1,0,0,I,N,N,10.0,1,NJ 3                                              ,W,3,6.8,2,2.0,1.0,6.0,1.0,1.0,1.0,N,2:45,120+04737,2016-08-14 02:45:00
4175,201302562013-007565            ,2013-06-25 00:00:00,TU,16:55:00,0,0,0,0,P,N,N,1.0,2,NJ 3                                              ,W,3,5.0,2,2.0,1.0,1.0,1.0,1.0,2.0,N,16:55,120+04739,2013-06-25 16:55:00
4176,2016025616-17567               ,2016-08-15 00:00:00,M ,18:30:00,0,0,0,0,P,N,N,1.0,2,NJ 3                                              ,W,3,5.3,2,2.0,1.0,1.0,1.0,1.0,1.0,N,18:30,120P04738,2016-08-15 18:30:00
4177,2014025614-17138               ,2014-08-14 00:00:00,TH,17:09:00,0,0,0,0,P,N,N,1.0,2,NJ 3                                              ,W,3,5.5,2,2.0,1.0,1.0,1.0,1.0,2.0,N,17:10,120P04738,2014-08-14 17:09:00
4179,201302562013-007613            ,2013-06-26 00:00:00,W ,16:18:00,0,0,0,0,P,N,N,2.0,2,NJ 3                                              ,W,3,6.2,2,2.0,1.0,1.0,1.0,2.0,2.0,N,16:20,120P04737,2013-06-26 16:18:00
4180,2017025617-11286               ,2017-06-15 00:00:00,TH,17:07:00,0,0,0,0,P,N,N,1.0,2,NJ 3                                              ,W,3,6.2,2,2.0,1.0,1.0,1.0,5.0,1.0,N,17:05,120P04737,2017-06-15 17:07:00
4181,2014025614-17162               ,2014-07-27 00:00:00,S ,7:24:00,0,0,0,0,P,N,N,1.0,2,NJ 3                                              ,W,3,6.4,2,2.0,1.0,3.0,5.0,1.0,2.0,N,7:25,120+04737,2014-07-27 07:24:00
4182,201302562013-007747            ,2013-06-29 00:00:00,SA,10:26:00,0,0,0,0,P,N,N,1.0,2,NJ 3                                              ,W,3,4.95,2,2.0,1.0,1.0,1.0,1.0,2.0,N,10:25,120+04739,2013-06-29 10:26:00
4183,2018025618-11749               ,2018-06-01 00:00:00,FR,15:30:00,0,0,0,0,P,N,N,1.0,2,NJ 3                                              ,W,3,5.1,2,2.0,1.0,1.0,1.0,1.0,1.0,N,15:30,120+04739,2018-06-01 15:30:00
4184,2017025617-11306               ,2017-06-16 00:00:00,FR,1:54:00,0,0,0,0,P,N,N,12.0,1,NJ 3                                              ,W,3,6.3,2,2.0,1.0,6.0,1.0,1.0,1.0,N,1:55,120P04737,2017-06-16 01:54:00
4185,2016025616-17841               ,2016-08-19 00:00:00,F ,18:45:00,0,1,0,0,I,N,N,1.0,2,NJ 3                                              ,W,3,5.0,2,2.0,1.0,1.0,1.0,1.0,1.0,N,18:45,120+04739,2016-08-19 18:45:00
4186,2017025617-11347               ,2017-06-16 00:00:00,FR,15:45:00,0,0,0,0,P,N,N,1.0,2,NJ 3                                              ,W,3,5.0,2,2.0,1.0,1.0,1.0,1.0,1.0,N,15:45,120+04739,2017-06-16 15:45:00
4187,2014025614-18117               ,2014-08-28 00:00:00,TH,23:05:00,0,1,0,0,I,N,N,1.0,2,NJ 3                                              ,W,3,6.3,2,2.0,1.0,6.0,1.0,1.0,1.0,N,23:05,120P04737,2014-08-28 23:05:00
4188,2018025618-11757               ,2018-06-01 00:00:00,FR,18:32:00,0,0,0,0,P,N,N,1.0,2,NJ 3                                              ,W,3,6.5,2,1.0,1.0,1.0,1.0,1.0,1.0,N,18:30,120+04737,2018-06-01 18:32:00
4189,2014025614-18164               ,2014-08-29 00:00:00,F ,15:57:00,0,2,0,0,I,N,N,2.0,2,NJ 3                                              ,W,3,5.3,2,2.0,1.0,1.0,1.0,1.0,2.0,N,15:55,120P04738,2014-08-29 15:57:00
4190,2016025616-17879               ,2016-08-20 00:00:00,SA,3:55:00,0,0,0,0,P,N,N,2.0,2,NJ 3                                              ,W,3,5.9,2,2.0,1.0,6.0,1.0,1.0,1.0,N,3:55,120P04737,2016-08-20 03:55:00
4191,201302562013-007859            ,2013-07-01 00:00:00,M ,11:55:00,0,0,0,0,P,N,N,1.0,2,NJ 3                                              ,W,3,6.0,2,2.0,2.0,1.0,1.0,1.0,2.0,N,11:55,120P04737,2013-07-01 11:55:00
4192,2018025618-11845               ,2018-06-02 00:00:00,SA,23:33:00,0,1,0,0,I,N,N,1.0,2,NJ 3                                              ,W,3,6.8,2,2.0,2.0,6.0,2.0,1.0,1.0,N,23:35,120+04737,2018-06-02 23:33:00
4193,2018025618-12091               ,2018-06-05 00:00:00,TU,19:10:00,0,0,0,0,P,N,N,2.0,2,NJ 3                                              ,W,3,5.3,2,2.0,1.0,1.0,1.0,1.0,1.0,N,19:10,120P04738,2018-06-05 19:10:00
4195,2017025617-11500               ,2017-06-19 00:00:00,MO,9:12:00,0,0,0,0,P,N,N,1.0,3,NJ 3                                              ,W,3,5.0,2,2.0,1.0,1.0,1.0,1.0,1.0,N,9:10,120+04739,2017-06-19 09:12:00
4196,201302562013-007953            ,2013-07-03 00:00:00,W ,10:24:00,0,0,0,0,P,N,N,1.0,2,NJ 3                                              ,W,3,5.0,2,2.0,2.0,1.0,5.0,1.0,2.0,N,10:25,120+04739,2013-07-03 10:24:00
4197,201302562013-007967            ,2013-07-03 00:00:00,W ,15:54:00,0,0,0,0,P,N,N,2.0,2,NJ 3                                              ,W,3,5.0,2,2.0,1.0,1.0,1.0,1.0,2.0,N,15:55,120+04739,2013-07-03 15:54:00
4199,2018025618-12252               ,2018-06-07 00:00:00,TH,19:00:00,0,0,0,0,P,N,N,1.0,2,NJ 3                                              ,W,3,6.8,2,2.0,1.0,1.0,1.0,1.0,1.0,N,19:00,120+04737,2018-06-07 19:00:00
4200,201302562013-007969            ,2013-07-03 00:00:00,W ,16:35:00,0,0,0,0,P,N,N,2.0,2,NJ 3                                              ,W,3,5.0,2,2.0,1.0,1.0,1.0,1.0,2.0,N,16:35,120+04739,2013-07-03 16:35:00
4201,2014025614-19052               ,2014-09-11 00:00:00,TH,23:25:00,0,0,0,0,P,N,N,2.0,2,NJ 3                                              ,W,3,5.7,2,2.0,1.0,6.0,1.0,1.0,2.0,N,23:25,120+04738,2014-09-11 23:25:00
4202,2017025617-11739               ,2017-06-22 00:00:00,TH,17:37:00,0,0,0,0,P,N,N,2.0,2,NJ 3                                              ,W,3,6.2,2,2.0,1.0,1.0,1.0,1.0,1.0,N,17:35,120P04737,2017-06-22 17:37:00
4203,2015025615-25725               ,2015-11-15 00:00:00,S ,21:03:00,0,0,0,0,P,N,N,1.0,5,NJ 3                                              ,W,3,6.8,2,2.0,1.0,6.0,1.0,1.0,1.0,N,21:05,120+04737,2015-11-15 21:03:00
4204,2014025614-19362               ,2014-09-16 00:00:00,TU,8:26:00,0,0,0,0,P,N,N,2.0,2,NJ 3                                              ,W,3,6.2,2,2.0,2.0,1.0,2.0,1.0,1.0,N,8:25,120P04737,2014-09-16 08:26:00
4205,201302562013-008064            ,2013-07-05 00:00:00,F ,17:30:00,0,0,0,0,P,N,N,1.0,2,NJ 3                                              ,W,3,5.0,2,2.0,1.0,1.0,1.0,1.0,2.0,N,17:30,120+04739,2013-07-05 17:30:00
4206,2016025616-18142               ,2016-08-23 00:00:00,TU,17:05:00,0,1,0,0,I,N,N,1.0,2,NJ 3                                              ,W,3,5.0,2,2.0,1.0,1.0,1.0,1.0,1.0,N,17:05,120+04739,2016-08-23 17:05:00
4208,2018025618-12308               ,2018-06-08 00:00:00,FR,13:36:00,0,0,0,0,P,N,N,15.0,2,NJ 3                                              ,W,3,6.0,2,2.0,1.0,1.0,1.0,1.0,1.0,N,13:35,120P04737,2018-06-08 13:36:00
4209,2014025614-19407               ,2014-09-16 00:00:00,TU,18:20:00,0,0,0,0,P,N,N,1.0,2,NJ 3                                              ,W,3,5.0,2,2.0,1.0,1.0,1.0,1.0,1.0,N,18:20,120+04739,2014-09-16 18:20:00
4210,2015025615-25893               ,2015-11-17 00:00:00,TU,18:50:00,0,0,0,0,P,N,N,1.0,3,NJ 3                                              ,W,3,5.0,2,2.0,1.0,6.0,1.0,1.0,1.0,N,18:50,120+04739,2015-11-17 18:50:00
4211,2016025616-18179               ,2016-08-24 00:00:00,W ,1:41:00,0,0,0,0,P,N,N,11.0,1,NJ 3                                              ,W,3,5.0,2,2.0,1.0,6.0,1.0,1.0,1.0,N,1:40,120+04739,2016-08-24 01:41:00
4212,2018025618-12321               ,2018-06-08 00:00:00,FR,18:07:00,0,1,0,0,I,N,N,1.0,4,NJ 3                                              ,W,3,5.3,2,2.0,1.0,1.0,1.0,1.0,2.0,N,18:05,120P04738,2018-06-08 18:07:00
4213,2017025617-11991               ,2017-06-26 00:00:00,MO,13:01:00,0,0,0,0,P,N,N,8.0,2,NJ 3                                              ,W,3,6.4,2,2.0,1.0,1.0,1.0,1.0,1.0,N,13:00,120+04737,2017-06-26 13:01:00
4214,201302562013-008228            ,2013-07-09 00:00:00,TU,13:03:00,0,0,0,0,P,N,N,1.0,2,NJ 3                                              ,W,3,5.0,2,2.0,1.0,1.0,1.0,1.0,2.0,N,13:05,120+04739,2013-07-09 13:03:00
4215,2018025618-12328               ,2018-06-08 00:00:00,FR,18:59:00,0,0,0,0,P,N,N,3.0,2,NJ 3                                              ,W,3,5.0,2,1.0,1.0,1.0,1.0,1.0,1.0,N,19:00,120+04739,2018-06-08 18:59:00
4216,2017025617-12390               ,2017-07-03 00:00:00,MO,16:40:00,0,0,0,0,P,N,N,1.0,2,NJ 3                                              ,W,3,5.1,2,2.0,2.0,1.0,1.0,1.0,1.0,N,16:40,120+04739,2017-07-03 16:40:00
4217,201302562013-008229            ,2013-07-09 00:00:00,TU,13:11:00,0,1,0,0,I,N,N,1.0,2,NJ 3                                              ,W,3,5.0,2,2.0,1.0,1.0,1.0,1.0,2.0,N,13:10,120+04739,2013-07-09 13:11:00
4218,2016025616-18640               ,2016-08-29 00:00:00,M ,16:51:00,0,0,0,0,P,N,N,1.0,2,NJ 3                                              ,W,3,5.0,2,2.0,1.0,1.0,1.0,1.0,1.0,N,16:50,120+04739,2016-08-29 16:51:00
4219,2017025617-12391               ,2017-07-03 00:00:00,MO,16:47:00,0,0,0,0,P,N,N,1.0,3,NJ 3                                              ,W,3,5.1,2,2.0,2.0,1.0,1.0,1.0,1.0,N,16:45,120+04739,2017-07-03 16:47:00
4220,2015025615-26440               ,2015-11-24 00:00:00,TU,8:46:00,0,1,0,0,I,N,N,1.0,2,NJ 3                                              ,W,3,5.0,2,2.0,1.0,1.0,5.0,1.0,1.0,N,8:45,120+04739,2015-11-24 08:46:00
4221,201302562013-008324            ,2013-07-11 00:00:00,TH,16:08:00,0,0,0,0,P,N,N,1.0,2,NJ 3                                              ,W,3,5.1,2,2.0,1.0,1.0,1.0,1.0,2.0,N,16:10,120+04739,2013-07-11 16:08:00
4222,2016025616-18785               ,2016-08-31 00:00:00,W ,19:00:00,0,0,0,0,P,N,N,1.0,2,NJ 3                                              ,W,3,5.5,2,2.0,1.0,1.0,1.0,1.0,1.0,N,19:00,120P04738,2016-08-31 19:00:00
4223,2018025618-12913               ,2018-06-15 00:00:00,FR,22:49:00,0,0,0,0,P,N,N,1.0,2,NJ 3                                              ,W,3,6.1,2,2.0,1.0,4.0,1.0,1.0,2.0,N,22:50,120P04737,2018-06-15 22:49:00
4224,2015025615-26445               ,2015-11-24 00:00:00,TU,8:59:00,0,0,0,0,P,N,N,1.0,2,NJ 3                                              ,W,3,5.0,2,2.0,1.0,1.0,5.0,1.0,1.0,N,9:00,120+04739,2015-11-24 08:59:00
4225,2018025618-12958               ,2018-06-16 00:00:00,SA,15:35:00,0,2,0,0,I,N,N,1.0,2,NJ 3                                              ,W,3,5.2,2,2.0,1.0,1.0,1.0,1.0,1.0,N,15:35,120P04738,2018-06-16 15:35:00
4226,2014025614-19602               ,2014-09-19 00:00:00,F ,9:50:00,0,0,0,0,P,N,N,11.0,1,NJ 3                                              ,W,3,5.3,2,2.0,1.0,1.0,1.0,1.0,1.0,N,9:50,120P04738,2014-09-19 09:50:00
4227,2017025617-12610               ,2017-07-07 00:00:00,FR,10:58:00,0,0,0,0,P,N,N,1.0,2,NJ 3                                              ,W,3,5.7,2,2.0,2.0,1.0,2.0,1.0,1.0,N,11:00,120+04738,2017-07-07 10:58:00
4228,2018025618-13142               ,2018-06-19 00:00:00,TU,8:58:00,0,1,0,0,I,N,N,1.0,2,NJ 3                                              ,W,3,5.3,2,2.0,1.0,1.0,1.0,1.0,2.0,N,9:00,120P04738,2018-06-19 08:58:00
4229,2015025615-26571               ,2015-11-25 00:00:00,W ,17:24:00,0,2,0,0,I,N,N,1.0,4,NJ 3                                              ,W,3,5.6,2,2.0,1.0,3.0,1.0,1.0,1.0,N,17:25,120+04738,2015-11-25 17:24:00
4231,201302562013-008431            ,2013-07-13 00:00:00,SA,21:44:00,0,1,0,0,I,N,N,1.0,2,NJ 3                                              ,W,3,5.0,2,2.0,1.0,6.0,1.0,1.0,2.0,N,21:45,120+04739,2013-07-13 21:44:00
4232,2015025615-26628               ,2015-11-26 00:00:00,TH,7:41:00,0,0,0,0,P,N,N,11.0,1,NJ 3                                              ,W,3,5.2,2,2.0,1.0,1.0,1.0,1.0,1.0,N,7:40,120P04738,2015-11-26 07:41:00
4233,2014025614-19908               ,2014-09-23 00:00:00,TU,7:43:00,0,0,0,0,P,N,N,1.0,2,NJ 3                                              ,W,3,5.4,2,2.0,1.0,1.0,1.0,1.0,2.0,N,7:45,120P04738,2014-09-23 07:43:00
4234,2016025616-19048               ,2016-09-04 00:00:00,S ,5:59:00,0,1,0,0,I,N,N,11.0,1,NJ 3                                              ,W,3,5.7,2,2.0,1.0,2.0,1.0,1.0,1.0,N,6:00,120+04738,2016-09-04 05:59:00
4236,2017025617-12639               ,2017-07-07 00:00:00,FR,18:27:00,0,2,0,0,I,N,N,2.0,3,NJ 3                                              ,W,3,5.3,2,2.0,1.0,1.0,1.0,1.0,1.0,N,18:25,120P04738,2017-07-07 18:27:00
4237,2016025616-19213               ,2016-09-06 00:00:00,TU,16:35:00,0,1,0,0,I,N,N,2.0,5,NJ 3                                              ,W,3,5.5,2,2.0,1.0,1.0,1.0,1.0,1.0,N,16:35,120P04738,2016-09-06 16:35:00
4238,2014025614-19996               ,2014-09-24 00:00:00,W ,12:31:00,0,1,0,0,I,N,N,1.0,2,NJ 3                                              ,W,3,5.7,2,2.0,1.0,1.0,1.0,1.0,2.0,N,12:30,120+04738,2014-09-24 12:31:00
4239,2015025615-26647               ,2015-11-26 00:00:00,TH,12:54:00,0,0,0,0,P,N,N,2.0,2,NJ 3                                              ,W,3,6.3,2,2.0,1.0,1.0,1.0,1.0,1.0,N,12:55,120P04737,2015-11-26 12:54:00
4240,2014025614-20002               ,2014-09-24 00:00:00,W ,13:22:00,0,1,0,0,I,N,N,11.0,1,NJ 3                                              ,W,3,5.0,2,2.0,1.0,1.0,1.0,1.0,2.0,N,13:20,120+04739,2014-09-24 13:22:00
4241,2016025616-19223               ,2016-09-06 00:00:00,TU,18:47:00,0,0,0,0,P,N,N,1.0,2,NJ 3                                              ,W,3,5.0,2,1.0,1.0,1.0,1.0,1.0,1.0,N,18:45,120+04739,2016-09-06 18:47:00
4242,2015025615-27005               ,2015-12-01 00:00:00,TU,16:53:00,0,0,0,0,P,N,N,1.0,2,NJ 3                                              ,W,3,5.1,2,2.0,2.0,6.0,2.0,1.0,1.0,N,16:55,120+04739,2015-12-01 16:53:00
4243,2017025617-12695               ,2017-07-08 00:00:00,SA,16:53:00,0,2,0,0,I,N,N,1.0,3,NJ 3                                              ,W,3,5.2,2,2.0,1.0,1.0,1.0,1.0,1.0,N,16:55,120P04738,2017-07-08 16:53:00
4244,2018025618-13807               ,2018-06-28 00:00:00,TH,5:31:00,0,0,0,0,P,N,N,11.0,1,NJ 3                                              ,W,3,5.0,2,2.0,2.0,1.0,2.0,1.0,1.0,N,5:30,120+04739,2018-06-28 05:31:00
4246,2016025616-19334               ,2016-09-07 00:00:00,W ,21:59:00,0,1,0,0,I,N,N,1.0,2,NJ 3                                              ,W,3,5.5,2,2.0,1.0,6.0,1.0,1.0,1.0,N,22:00,120P04738,2016-09-07 21:59:00
4247,2018025618-13843               ,2018-06-28 00:00:00,TH,18:39:00,0,0,0,0,P,N,N,2.0,2,NJ 3                                              ,W,3,6.5,2,2.0,1.0,1.0,1.0,1.0,1.0,N,18:40,120+04737,2018-06-28 18:39:00
4250,201302562013-008495            ,2013-07-15 00:00:00,M ,13:40:00,0,0,0,0,P,N,N,1.0,2,NJ 3                                              ,W,3,5.0,2,2.0,1.0,1.0,1.0,1.0,2.0,N,13:40,120+04739,2013-07-15 13:40:00
4251,2016025616-19341               ,2016-09-07 00:00:00,W ,22:00:00,0,2,0,0,I,N,N,1.0,3,NJ 3                                              ,W,3,5.5,2,2.0,1.0,6.0,1.0,1.0,1.0,N,22:00,120P04738,2016-09-07 22:00:00
4252,2017025617-12890               ,2017-07-11 00:00:00,TU,17:33:00,0,1,0,0,I,N,N,1.0,3,NJ 3                                              ,W,3,5.7,2,2.0,1.0,1.0,1.0,1.0,1.0,N,17:35,120+04738,2017-07-11 17:33:00
4253,2015025615-27158               ,2015-12-03 00:00:00,TH,18:03:00,0,0,0,0,P,N,N,1.0,2,NJ 3                                              ,W,3,6.0,2,2.0,1.0,6.0,1.0,1.0,1.0,N,18:05,120P04737,2015-12-03 18:03:00
4254,2018025618-13900               ,2018-06-29 00:00:00,FR,16:08:00,0,0,0,0,P,N,N,2.0,2,NJ 3                                              ,W,3,6.2,2,2.0,1.0,1.0,1.0,1.0,1.0,N,16:10,120P04737,2018-06-29 16:08:00
4255,2015025615-27243               ,2015-12-04 00:00:00,F ,16:20:00,0,0,0,0,P,N,N,1.0,2,NJ 3                                              ,W,3,5.0,2,2.0,1.0,3.0,1.0,1.0,1.0,N,16:20,120+04739,2015-12-04 16:20:00
4256,2016025616-19406               ,2016-09-08 00:00:00,TH,15:45:00,0,1,0,0,I,N,N,1.0,2,NJ 3                                              ,W,3,5.3,2,2.0,1.0,1.0,1.0,1.0,1.0,N,15:45,120P04738,2016-09-08 15:45:00
4257,201302562013-008504            ,2013-07-15 00:00:00,M ,17:38:00,0,1,0,0,I,N,N,1.0,2,NJ 3                                              ,W,3,6.2,2,2.0,1.0,1.0,1.0,1.0,1.0,N,17:40,120P04737,2013-07-15 17:38:00
4258,2017025617-12891               ,2017-07-11 00:00:00,TU,18:24:00,0,0,0,0,P,N,N,2.0,2,NJ 3                                              ,W,3,6.3,2,2.0,1.0,1.0,1.0,1.0,1.0,N,18:25,120P04737,2017-07-11 18:24:00
4260,201302562013-008510            ,2013-07-15 00:00:00,M ,20:01:00,0,0,0,0,P,N,N,1.0,2,NJ 3                                              ,W,3,5.0,2,2.0,1.0,1.0,1.0,1.0,1.0,N,20:00,120+04739,2013-07-15 20:01:00