,CRASH_ID,DATE,DAY,TIME,KILLED,INJURED,PED_KILL,PED_INJ,SEVERITY,ALCOHOL,HAZMAT,CRASH_TYPE,VEH_COUNT,LOCATION,LOC_DIR,ROUTE,MP,RD_SYS,RD_SURF,SURF_COND,LIGHT,WEATHER,RD_DIV,RD_WRKZN,CELL_USE,TIME_ROUND,TMC,timestamp
4261,2016025616-19416               ,2016-09-08 00:00:00,TH,18:14:00,0,0,0,0,P,N,N,2.0,2,NJ 3                                              ,W,3,5.0,2,2.0,1.0,1.0,1.0,1.0,1.0,N,18:15,120+04739,2016-09-08 18:14:00
4262,2017025617-12892               ,2017-07-11 00:00:00,TU,18:50:00,0,0,0,0,P,N,N,2.0,2,NJ 3                                              ,W,3,5.0,2,2.0,1.0,1.0,1.0,1.0,1.0,N,18:50,120+04739,2017-07-11 18:50:00
4263,2015025615-27322               ,2015-12-05 00:00:00,SA,17:24:00,0,1,0,0,I,N,N,1.0,2,NJ 3                                              ,W,3,5.5,2,2.0,1.0,6.0,1.0,1.0,1.0,N,17:25,120P04738,2015-12-05 17:24:00
4264,2014025614-20765               ,2014-10-03 00:00:00,F ,23:57:00,0,0,0,0,P,N,N,2.0,2,NJ 3                                              ,W,3,6.4,2,1.0,1.0,6.0,1.0,1.0,1.0,N,23:55,120+04737,2014-10-03 23:57:00
4265,2018025618-14253               ,2018-07-04 00:00:00,WE,23:25:00,0,0,0,0,P,N,N,1.0,2,NJ 3                                              ,W,3,6.5,2,2.0,1.0,6.0,1.0,1.0,2.0,N,23:25,120+04737,2018-07-04 23:25:00
4266,2015025615-27326               ,2015-12-05 00:00:00,SA,17:43:00,0,0,0,0,P,N,N,2.0,2,NJ 3                                              ,W,3,5.2,2,2.0,1.0,6.0,1.0,1.0,1.0,N,17:45,120P04738,2015-12-05 17:43:00
4267,2017025617-12944               ,2017-07-12 00:00:00,WE,17:45:00,0,0,0,0,P,N,N,2.0,2,NJ 3                                              ,W,3,5.5,2,2.0,1.0,1.0,1.0,1.0,1.0,N,17:45,120P04738,2017-07-12 17:45:00
4268,2018025618-14287               ,2018-07-05 00:00:00,TH,17:05:00,0,0,0,0,P,N,N,2.0,2,NJ 3                                              ,W,3,6.2,2,2.0,1.0,1.0,1.0,1.0,2.0,N,17:05,120P04737,2018-07-05 17:05:00
4269,2016025616-19531               ,2016-09-09 00:00:00,F ,23:24:00,0,0,0,0,P,N,N,11.0,1,NJ 3                                              ,W,3,6.3,2,2.0,2.0,6.0,2.0,1.0,1.0,N,23:25,120P04737,2016-09-09 23:24:00
4270,2018025618-14362               ,2018-07-06 00:00:00,FR,15:23:00,0,2,0,0,I,N,N,1.0,3,NJ 3                                              ,W,3,5.5,2,2.0,1.0,1.0,1.0,1.0,2.0,N,15:25,120P04738,2018-07-06 15:23:00
4271,2017025617-13010               ,2017-07-13 00:00:00,TH,18:08:00,0,0,0,0,P,N,N,1.0,2,NJ 3                                              ,W,3,5.6,2,2.0,2.0,1.0,1.0,1.0,1.0,N,18:10,120+04738,2017-07-13 18:08:00
4272,2016025616-19532               ,2016-09-09 00:00:00,F ,23:26:00,0,0,0,0,P,N,N,2.0,2,NJ 3                                              ,W,3,6.1,2,2.0,2.0,6.0,2.0,1.0,1.0,N,23:25,120P04737,2016-09-09 23:26:00
4273,2016025616-20006               ,2016-09-16 00:00:00,F ,19:58:00,0,1,0,0,I,N,N,1.0,3,NJ 3                                              ,W,3,5.0,2,2.0,1.0,6.0,1.0,1.0,1.0,N,20:00,120+04739,2016-09-16 19:58:00
4274,2018025618-14439               ,2018-07-07 00:00:00,SA,15:04:00,0,1,0,0,I,N,N,1.0,2,NJ 3                                              ,W,3,5.3,2,2.0,1.0,1.0,1.0,1.0,2.0,N,15:05,120P04738,2018-07-07 15:04:00
4275,2015025615-27395               ,2015-12-06 00:00:00,S ,17:29:00,0,0,0,0,P,N,N,1.0,2,NJ 3                                              ,W,3,5.5,2,2.0,1.0,6.0,1.0,1.0,1.0,N,17:30,120P04738,2015-12-06 17:29:00
4276,2015025615-27402               ,2015-12-06 00:00:00,S ,18:39:00,0,1,0,0,I,N,N,1.0,2,NJ 3                                              ,W,3,5.2,2,2.0,1.0,6.0,1.0,1.0,1.0,N,18:40,120P04738,2015-12-06 18:39:00
4277,2016025616-20008               ,2016-09-16 00:00:00,F ,20:27:00,0,0,0,0,P,N,N,1.0,2,NJ 3                                              ,W,3,5.5,2,2.0,1.0,6.0,1.0,1.0,1.0,N,20:25,120P04738,2016-09-16 20:27:00
4278,2018025618-14660               ,2018-07-10 00:00:00,TU,16:48:00,0,0,0,0,P,N,N,1.0,2,NJ 3                                              ,W,3,6.8,2,2.0,1.0,1.0,1.0,1.0,1.0,N,16:50,120+04737,2018-07-10 16:48:00
4279,2018025618-14666               ,2018-07-10 00:00:00,TU,17:37:00,0,0,0,0,P,N,N,1.0,2,NJ 3                                              ,W,3,5.4,2,2.0,1.0,1.0,1.0,1.0,2.0,N,17:35,120P04738,2018-07-10 17:37:00
4280,2017025617-13132               ,2017-07-16 00:00:00,SU,3:15:00,0,0,0,0,P,N,N,2.0,2,NJ 3                                              ,W,3,5.6,2,2.0,1.0,6.0,1.0,1.0,1.0,N,3:15,120+04738,2017-07-16 03:15:00
4281,2015025615-27559               ,2015-12-08 00:00:00,TU,18:40:00,0,0,0,0,P,N,N,1.0,2,NJ 3                                              ,W,3,5.7,2,2.0,1.0,6.0,1.0,1.0,1.0,N,18:40,120+04738,2015-12-08 18:40:00
4282,2016025616-20118               ,2016-09-19 00:00:00,M ,6:19:00,0,0,0,0,P,N,N,15.0,1,NJ 3                                              ,W,3,6.3,2,2.0,2.0,2.0,2.0,1.0,1.0,N,6:20,120P04737,2016-09-19 06:19:00
4283,2014025614-21634               ,2014-10-15 00:00:00,W ,17:17:00,0,2,0,0,I,N,N,1.0,2,NJ 3                                              ,W,3,5.1,2,2.0,2.0,4.0,2.0,1.0,1.0,N,17:15,120+04739,2014-10-15 17:17:00
4284,2017025617-13220               ,2017-07-17 00:00:00,MO,15:40:00,0,0,0,0,P,N,N,2.0,2,NJ 3                                              ,W,3,5.3,2,2.0,1.0,1.0,1.0,1.0,1.0,N,15:40,120P04738,2017-07-17 15:40:00
4285,2015025615-27561               ,2015-12-08 00:00:00,TU,18:58:00,0,0,0,0,P,N,N,1.0,2,NJ 3                                              ,W,3,5.7,2,2.0,1.0,6.0,1.0,1.0,1.0,N,19:00,120+04738,2015-12-08 18:58:00
4286,2018025618-14718               ,2018-07-11 00:00:00,WE,14:48:00,0,0,0,0,P,N,N,1.0,2,NJ 3                                              ,W,3,6.2,2,2.0,1.0,1.0,1.0,1.0,2.0,N,14:50,120P04737,2018-07-11 14:48:00
4287,2016025616-20353               ,2016-09-21 00:00:00,W ,17:21:00,0,0,0,0,P,N,N,1.0,2,NJ 3                                              ,W,3,5.0,2,2.0,1.0,1.0,1.0,2.0,1.0,N,17:20,120+04739,2016-09-21 17:21:00
4288,2017025617-13228               ,2017-07-17 00:00:00,MO,18:48:00,0,0,0,0,P,N,N,1.0,2,NJ 3                                              ,W,3,5.2,2,2.0,1.0,1.0,1.0,1.0,1.0,N,18:50,120P04738,2017-07-17 18:48:00
4289,2015025615-27634               ,2015-12-09 00:00:00,W ,15:55:00,0,0,0,0,P,N,N,1.0,2,NJ 3                                              ,W,3,5.9,2,2.0,1.0,1.0,1.0,1.0,1.0,N,15:55,120P04737,2015-12-09 15:55:00
4290,2018025618-14848               ,2018-07-13 00:00:00,FR,8:36:00,0,2,0,0,I,N,N,2.0,3,NJ 3                                              ,W,3,6.2,2,2.0,1.0,1.0,1.0,1.0,2.0,N,8:35,120P04737,2018-07-13 08:36:00
4291,2018025618-14911               ,2018-07-14 00:00:00,SA,9:53:00,0,0,0,0,P,N,N,2.0,2,NJ 3                                              ,W,3,5.8,2,2.0,1.0,1.0,1.0,1.0,2.0,N,9:55,120+04738,2018-07-14 09:53:00
4292,2015025615-27778               ,2015-12-11 00:00:00,F ,16:23:00,0,1,0,0,I,N,N,2.0,3,NJ 3                                              ,W,3,5.9,2,2.0,1.0,3.0,1.0,1.0,1.0,N,16:25,120P04737,2015-12-11 16:23:00
4293,2014025614-21744               ,2014-10-17 00:00:00,F ,8:20:00,0,0,0,0,P,N,N,1.0,2,NJ 3                                              ,W,3,6.0,2,2.0,1.0,1.0,1.0,1.0,1.0,N,8:20,120P04737,2014-10-17 08:20:00
4294,201302562013-008635            ,2013-07-18 00:00:00,TH,8:46:00,0,1,0,0,I,N,N,1.0,2,NJ 3                                              ,W,3,5.0,2,2.0,1.0,1.0,1.0,1.0,2.0,N,8:45,120+04739,2013-07-18 08:46:00
4295,2016025616-20422               ,2016-09-22 00:00:00,TH,17:20:00,0,1,0,0,I,N,N,1.0,3,NJ 3                                              ,W,3,5.0,2,2.0,1.0,1.0,1.0,1.0,1.0,N,17:20,120+04739,2016-09-22 17:20:00
4296,2017025617-13292               ,2017-07-18 00:00:00,TU,16:10:00,0,0,0,0,P,N,N,2.0,2,NJ 3                                              ,W,3,5.9,2,2.0,1.0,1.0,1.0,1.0,1.0,N,16:10,120P04737,2017-07-18 16:10:00
4297,2015025615-27817               ,2015-12-12 00:00:00,SA,5:12:00,0,0,0,0,P,Y,N,11.0,1,NJ 3                                              ,W,3,6.4,2,2.0,1.0,6.0,1.0,2.0,1.0,N,5:10,120+04737,2015-12-12 05:12:00
4298,201302562013-008657            ,2013-07-18 00:00:00,TH,16:06:00,0,0,0,0,P,N,N,1.0,2,NJ 3                                              ,W,3,4.95,2,1.0,1.0,1.0,1.0,1.0,2.0,N,16:05,120+04739,2013-07-18 16:06:00
4299,2018025618-15119               ,2018-07-17 00:00:00,TU,16:08:00,0,1,0,0,I,N,N,1.0,2,NJ 3                                              ,W,3,6.2,2,2.0,2.0,1.0,2.0,1.0,2.0,N,16:10,120P04737,2018-07-17 16:08:00
4300,201302562013-008658            ,2013-07-18 00:00:00,TH,16:32:00,0,0,0,0,P,N,N,1.0,2,NJ 3                                              ,W,3,5.2,2,2.0,1.0,1.0,1.0,1.0,2.0,N,16:30,120P04738,2013-07-18 16:32:00
4301,2018025618-15126               ,2018-07-17 00:00:00,TU,18:10:00,0,0,0,0,P,N,N,1.0,2,NJ 3                                              ,W,3,5.2,2,2.0,2.0,1.0,1.0,1.0,2.0,N,18:10,120P04738,2018-07-17 18:10:00
4302,2015025615-27912               ,2015-12-13 00:00:00,S ,16:31:00,0,3,0,0,I,N,N,1.0,3,NJ 3                                              ,W,3,5.3,2,2.0,1.0,6.0,1.0,1.0,1.0,N,16:30,120P04738,2015-12-13 16:31:00
4303,2014025614-22336               ,2014-10-25 00:00:00,SA,1:20:00,0,0,0,0,P,Y,N,1.0,2,NJ 3                                              ,W,3,5.7,2,2.0,1.0,6.0,1.0,1.0,4.0,N,1:20,120+04738,2014-10-25 01:20:00
4304,201302562013-008693            ,2013-07-19 00:00:00,F ,12:29:00,0,0,0,0,P,N,N,15.0,1,NJ 3                                              ,W,3,6.2,2,2.0,1.0,1.0,1.0,1.0,1.0,N,12:30,120P04737,2013-07-19 12:29:00
4305,2015025615-27959               ,2015-12-14 00:00:00,M ,9:11:00,0,0,0,0,P,N,N,1.0,2,NJ 3                                              ,W,3,6.2,2,2.0,1.0,1.0,5.0,1.0,1.0,N,9:10,120P04737,2015-12-14 09:11:00
4307,2018025618-15206               ,2018-07-18 00:00:00,WE,18:04:00,0,0,0,0,P,N,N,2.0,2,NJ 3                                              ,W,3,6.5,2,2.0,1.0,1.0,1.0,1.0,1.0,N,18:05,120+04737,2018-07-18 18:04:00
4308,2017025617-13796               ,2017-07-25 00:00:00,TU,18:52:00,0,0,0,0,P,N,N,2.0,2,NJ 3                                              ,W,3,5.0,2,2.0,1.0,1.0,1.0,1.0,1.0,N,18:50,120+04739,2017-07-25 18:52:00
4309,2018025618-15336               ,2018-07-20 00:00:00,FR,17:45:00,0,1,0,0,I,N,N,1.0,2,NJ 3                                              ,W,3,5.2,2,2.0,1.0,1.0,1.0,1.0,1.0,N,17:45,120P04738,2018-07-20 17:45:00
4310,201302562013-008817            ,2013-07-22 00:00:00,M ,8:10:00,0,0,0,0,P,N,N,1.0,2,NJ 3                                              ,W,3,5.5,2,2.0,1.0,1.0,1.0,1.0,2.0,N,8:10,120P04738,2013-07-22 08:10:00
4311,2016025616-20698               ,2016-09-25 00:00:00,S ,20:23:00,0,0,0,0,P,N,N,2.0,2,NJ 3                                              ,W,3,6.4,2,2.0,1.0,6.0,1.0,1.0,1.0,N,20:25,120+04737,2016-09-25 20:23:00
4312,201302562013-008867            ,2013-07-23 00:00:00,TU,12:09:00,0,0,0,0,P,N,N,1.0,2,NJ 3                                              ,W,3,5.0,2,2.0,1.0,1.0,1.0,2.0,2.0,N,12:10,120+04739,2013-07-23 12:09:00
4313,2015025615-28096               ,2015-12-15 00:00:00,TU,16:22:00,0,0,0,0,P,N,N,1.0,2,NJ 3                                              ,W,3,5.0,2,2.0,1.0,3.0,1.0,5.0,1.0,N,16:20,120+04739,2015-12-15 16:22:00
4314,2018025618-15386               ,2018-07-21 00:00:00,SA,12:05:00,0,0,0,0,P,N,N,1.0,2,NJ 3                                              ,W,3,5.4,2,2.0,1.0,1.0,1.0,1.0,2.0,N,12:05,120P04738,2018-07-21 12:05:00
4315,2016025616-20761               ,2016-09-26 00:00:00,M ,18:11:00,0,0,0,0,P,N,N,1.0,2,NJ 3                                              ,W,3,5.5,2,2.0,1.0,1.0,1.0,1.0,1.0,N,18:10,120P04738,2016-09-26 18:11:00
4316,201302562013-008965            ,2013-07-25 00:00:00,TH,15:10:00,0,0,0,0,P,N,N,1.0,2,NJ 3                                              ,W,3,5.1,2,2.0,1.0,1.0,5.0,1.0,2.0,N,15:10,120+04739,2013-07-25 15:10:00
4317,2015025615-28173               ,2015-12-16 00:00:00,W ,18:18:00,0,0,0,0,P,N,N,1.0,2,NJ 3                                              ,W,3,6.4,2,2.0,1.0,6.0,5.0,1.0,1.0,N,18:20,120+04737,2015-12-16 18:18:00
4318,2014025614-23076               ,2014-11-03 00:00:00,M ,10:04:00,0,0,0,0,P,N,N,15.0,1,NJ 3                                              ,W,3,5.0,2,2.0,1.0,1.0,1.0,1.0,1.0,N,10:05,120+04739,2014-11-03 10:04:00
4319,2015025615-28175               ,2015-12-16 00:00:00,W ,19:22:00,0,0,0,0,P,N,N,2.0,2,NJ 3                                              ,W,3,5.0,2,2.0,1.0,6.0,5.0,1.0,1.0,N,19:20,120+04739,2015-12-16 19:22:00
4320,2018025618-15523               ,2018-07-23 00:00:00,MO,16:11:00,0,0,0,0,P,N,N,2.0,2,NJ 3                                              ,W,3,6.4,2,2.0,1.0,1.0,1.0,1.0,1.0,N,16:10,120+04737,2018-07-23 16:11:00
4321,201302562013-009029            ,2013-07-26 00:00:00,F ,18:13:00,0,1,0,0,I,N,N,2.0,2,NJ 3                                              ,W,3,6.5,2,2.0,1.0,1.0,1.0,1.0,1.0,N,18:15,120+04737,2013-07-26 18:13:00
4322,2016025616-20861               ,2016-09-28 00:00:00,W ,2:32:00,0,0,0,0,P,N,N,1.0,2,NJ 3                                              ,W,3,5.0,2,2.0,1.0,6.0,1.0,1.0,1.0,N,2:30,120+04739,2016-09-28 02:32:00
4323,2017025617-14062               ,2017-07-29 00:00:00,SA,16:13:00,0,1,0,0,I,N,N,1.0,2,NJ 3                                              ,W,3,5.0,2,2.0,1.0,1.0,1.0,1.0,1.0,N,16:15,120+04739,2017-07-29 16:13:00
4324,2017025617-14404               ,2017-08-03 00:00:00,TH,14:44:00,0,1,0,0,I,N,N,1.0,3,NJ 3                                              ,W,3,5.0,2,2.0,1.0,1.0,1.0,5.0,1.0,N,14:45,120+04739,2017-08-03 14:44:00
4325,2016025616-20910               ,2016-09-28 00:00:00,W ,18:24:00,0,2,0,0,I,N,N,1.0,4,NJ 3                                              ,W,3,6.2,2,1.0,1.0,3.0,1.0,1.0,1.0,N,18:25,120P04737,2016-09-28 18:24:00
4326,2014025614-23234               ,2014-11-05 00:00:00,W ,8:34:00,0,0,0,0,P,N,N,1.0,2,NJ 3                                              ,W,3,6.3,2,2.0,1.0,1.0,1.0,1.0,1.0,N,8:35,120P04737,2014-11-05 08:34:00
4327,2018025618-15674               ,2018-07-30 00:00:00,MO,14:45:00,0,0,0,0,P,N,N,1.0,2,NJ 3                                              ,W,3,6.4,2,2.0,1.0,1.0,1.0,1.0,1.0,N,14:45,120+04737,2018-07-30 14:45:00
4328,2015025615-28288               ,2015-12-18 00:00:00,F ,5:27:00,0,0,0,0,P,N,N,2.0,2,NJ 3                                              ,W,3,5.0,2,2.0,2.0,6.0,1.0,1.0,1.0,N,5:25,120+04739,2015-12-18 05:27:00
4331,2017025617-14966               ,2017-08-11 00:00:00,FR,17:59:00,0,0,0,0,P,N,N,2.0,3,NJ 3                                              ,W,3,5.2,2,2.0,1.0,1.0,1.0,1.0,1.0,N,18:00,120P04738,2017-08-11 17:59:00
4332,2018025618-15716               ,2018-07-26 00:00:00,TH,8:36:00,0,0,0,0,P,N,N,2.0,3,NJ 3                                              ,W,3,5.2,2,2.0,1.0,1.0,1.0,1.0,1.0,N,8:35,120P04738,2018-07-26 08:36:00
4333,2016025616-21076               ,2016-09-30 00:00:00,F ,13:59:00,0,0,0,0,P,N,N,1.0,2,NJ 3                                              ,W,3,6.2,2,2.0,2.0,1.0,2.0,2.0,1.0,N,14:00,120P04737,2016-09-30 13:59:00
4334,2015025615-28345               ,2015-06-23 00:00:00,TU,19:15:00,0,0,0,0,P,N,N,1.0,2,NJ 3                                              ,W,3,4.98,2,2.0,2.0,1.0,2.0,1.0,1.0,N,19:15,120+04739,2015-06-23 19:15:00
4335,2018025618-15746               ,2018-07-26 00:00:00,TH,15:25:00,0,0,0,0,P,N,N,1.0,2,NJ 3                                              ,W,3,5.0,2,2.0,1.0,1.0,1.0,1.0,1.0,N,15:25,120+04739,2018-07-26 15:25:00
4336,2016025616-21084               ,2016-09-30 00:00:00,F ,16:03:00,0,0,0,0,P,N,N,2.0,2,NJ 3                                              ,W,3,5.7,2,2.0,2.0,1.0,2.0,2.0,1.0,N,16:05,120+04738,2016-09-30 16:03:00
4337,2014025614-23627               ,2014-11-10 00:00:00,M ,19:15:00,0,0,0,0,P,N,N,1.0,3,NJ 3                                              ,W,3,6.3,2,2.0,1.0,6.0,1.0,1.0,1.0,N,19:15,120P04737,2014-11-10 19:15:00
4338,2017025617-15025               ,2017-08-12 00:00:00,SA,11:02:00,0,0,0,0,P,N,N,11.0,1,NJ 3                                              ,W,3,5.7,2,2.0,1.0,1.0,1.0,1.0,1.0,N,11:00,120+04738,2017-08-12 11:02:00
4339,2018025618-15758               ,2018-07-26 00:00:00,TH,17:51:00,0,0,0,0,P,N,N,1.0,2,NJ 3                                              ,W,3,6.0,2,2.0,1.0,1.0,1.0,1.0,2.0,N,17:50,120P04737,2018-07-26 17:51:00
4340,2016025616-21085               ,2016-09-30 00:00:00,F ,15:58:00,0,0,0,0,P,N,N,1.0,2,NJ 3                                              ,W,3,6.5,2,2.0,2.0,1.0,2.0,1.0,1.0,N,16:00,120+04737,2016-09-30 15:58:00
4341,2014025614-23952               ,2014-11-14 00:00:00,F ,18:21:00,0,0,0,0,P,N,N,2.0,2,NJ 3                                              ,W,3,5.7,2,2.0,1.0,6.0,1.0,1.0,1.0,N,18:20,120+04738,2014-11-14 18:21:00
4342,2018025618-15759               ,2018-07-26 00:00:00,TH,18:00:00,0,0,0,0,P,N,N,1.0,2,NJ 3                                              ,W,3,6.8,2,1.0,1.0,1.0,1.0,1.0,1.0,N,18:00,120+04737,2018-07-26 18:00:00
4343,2015025615-28545               ,2015-12-21 00:00:00,M ,15:50:00,0,0,0,0,P,N,N,2.0,2,NJ 3                                              ,W,3,5.0,2,2.0,1.0,1.0,1.0,1.0,1.0,N,15:50,120+04739,2015-12-21 15:50:00
4344,2014025614-24065               ,2014-11-16 00:00:00,S ,17:10:00,0,1,0,0,I,N,N,1.0,3,NJ 3                                              ,W,3,5.5,2,2.0,1.0,6.0,1.0,1.0,1.0,N,17:10,120P04738,2014-11-16 17:10:00
4345,2016025616-21313               ,2016-10-04 00:00:00,TU,3:45:00,0,0,0,0,P,N,N,11.0,1,NJ 3                                              ,W,3,6.0,2,2.0,1.0,6.0,1.0,1.0,1.0,N,3:45,120P04737,2016-10-04 03:45:00
4346,2018025618-15804               ,2018-07-27 00:00:00,FR,15:11:00,0,0,0,0,P,N,N,2.0,2,NJ 3                                              ,W,3,6.2,2,2.0,2.0,1.0,2.0,1.0,2.0,N,15:10,120P04737,2018-07-27 15:11:00
4347,2017025617-15574               ,2017-08-20 00:00:00,SU,21:15:00,0,0,0,0,P,N,N,2.0,2,NJ 3                                              ,W,3,6.36,2,2.0,1.0,6.0,1.0,2.0,1.0,N,21:15,120+04737,2017-08-20 21:15:00
4348,2018025618-15810               ,2018-07-27 00:00:00,FR,16:00:00,0,0,0,0,P,N,N,1.0,2,NJ 3                                              ,W,3,5.3,2,2.0,2.0,1.0,2.0,1.0,1.0,N,16:00,120P04738,2018-07-27 16:00:00
4349,2014025614-24122               ,2014-11-17 00:00:00,M ,17:41:00,0,0,0,0,P,N,N,1.0,2,NJ 3                                              ,W,3,5.5,2,2.0,2.0,6.0,2.0,1.0,1.0,N,17:40,120P04738,2014-11-17 17:41:00
4350,2017025617-15652               ,2017-08-22 00:00:00,TU,9:59:00,0,0,0,0,P,N,N,2.0,2,NJ 3                                              ,W,3,0.0,2,2.0,1.0,1.0,1.0,5.0,1.0,N,10:00,120+07449,2017-08-22 09:59:00
4351,2014025614-24125               ,2014-11-17 00:00:00,M ,18:32:00,0,2,0,0,I,N,N,1.0,2,NJ 3                                              ,W,3,5.0,2,2.0,2.0,6.0,2.0,1.0,1.0,N,18:30,120+04739,2014-11-17 18:32:00
4352,2017025617-15747               ,2017-08-23 00:00:00,WE,16:11:00,0,0,0,0,P,N,N,11.0,1,NJ 3                                              ,W,3,5.67,2,2.0,1.0,1.0,1.0,3.0,1.0,N,16:10,120+04738,2017-08-23 16:11:00
4353,201302562013-009472            ,2013-08-05 00:00:00,M ,15:56:00,0,0,0,0,P,N,N,1.0,2,NJ 3                                              ,W,3,6.2,2,2.0,1.0,1.0,1.0,1.0,2.0,N,15:55,120P04737,2013-08-05 15:56:00
4354,2018025618-15975               ,2018-07-30 00:00:00,MO,14:45:00,0,0,0,0,P,N,N,1.0,2,NJ 3                                              ,W,3,6.2,2,2.0,1.0,1.0,1.0,1.0,2.0,N,14:45,120P04737,2018-07-30 14:45:00
4355,2016025616-21565               ,2016-10-07 00:00:00,F ,17:36:00,0,0,0,0,P,N,N,2.0,2,NJ 3                                              ,W,3,6.4,2,2.0,1.0,1.0,1.0,1.0,1.0,N,17:35,120+04737,2016-10-07 17:36:00
4356,2018025618-16215               ,2018-08-02 00:00:00,TH,17:41:00,0,0,0,0,P,N,N,1.0,2,NJ 3                                              ,W,3,5.0,2,1.0,1.0,1.0,1.0,1.0,1.0,N,17:40,120+04739,2018-08-02 17:41:00
4357,2015025615-28960               ,2015-12-27 00:00:00,S ,17:26:00,0,1,0,0,I,N,N,1.0,3,NJ 3                                              ,W,3,5.5,2,2.0,2.0,6.0,2.0,1.0,1.0,N,17:25,120P04738,2015-12-27 17:26:00
4358,2017025617-15749               ,2017-08-23 00:00:00,WE,16:14:00,0,0,0,0,P,N,N,1.0,2,NJ 3                                              ,W,3,5.7,2,2.0,1.0,1.0,1.0,1.0,1.0,N,16:15,120+04738,2017-08-23 16:14:00
4359,201302562013-009714            ,2013-08-10 00:00:00,SA,11:39:00,0,0,0,0,P,N,N,1.0,2,NJ 3                                              ,W,3,5.1,2,2.0,1.0,1.0,1.0,1.0,2.0,N,11:40,120+04739,2013-08-10 11:39:00
4360,2017025617-15856               ,2017-08-25 00:00:00,FR,14:13:00,0,0,0,0,P,N,N,1.0,2,NJ 3                                              ,W,3,5.4,2,2.0,1.0,1.0,1.0,1.0,1.0,N,14:15,120P04738,2017-08-25 14:13:00
4361,2015025615-29186               ,2015-12-30 00:00:00,W ,18:05:00,0,0,0,0,P,N,N,1.0,3,NJ 3                                              ,W,3,6.4,2,2.0,1.0,6.0,1.0,1.0,1.0,N,18:05,120+04737,2015-12-30 18:05:00
4362,2016025616-21626               ,2016-10-08 00:00:00,SA,16:38:00,0,0,0,0,P,N,N,11.0,1,NJ 3                                              ,W,3,6.4,2,2.0,2.0,1.0,1.0,5.0,1.0,N,16:40,120+04737,2016-10-08 16:38:00
4363,2018025618-16217               ,2018-08-02 00:00:00,TH,18:02:00,0,0,0,0,P,N,N,2.0,2,NJ 3                                              ,W,3,6.5,2,2.0,1.0,1.0,1.0,1.0,1.0,N,18:00,120+04737,2018-08-02 18:02:00
4364,2014025614-24294               ,2014-11-19 00:00:00,W ,18:13:00,0,0,0,0,P,N,N,2.0,2,NJ 3                                              ,W,3,6.7,2,2.0,1.0,6.0,1.0,1.0,1.0,N,18:15,120+04737,2014-11-19 18:13:00
4365,2.02E+17,2015-12-18 00:00:00,F ,18:45:00,0,0,0,0,P,N,N,1.0,2,NJ 3                                              ,W,3,5.32,2,1.0,1.0,6.0,1.0,1.0,1.0,N,18:45,120P04738,2015-12-18 18:45:00
4366,2018025618-16280               ,2018-08-03 00:00:00,FR,13:17:00,0,3,0,0,I,N,N,1.0,2,NJ 3                                              ,W,3,6.2,2,2.0,1.0,1.0,1.0,1.0,1.0,N,13:15,120P04737,2018-08-03 13:17:00
4367,2017025617-15869               ,2017-08-25 00:00:00,FR,17:45:00,0,0,0,0,P,N,N,1.0,2,NJ 3                                              ,W,3,6.4,2,2.0,1.0,1.0,1.0,1.0,1.0,N,17:45,120+04737,2017-08-25 17:45:00
4368,201302562013-009819            ,2013-08-12 00:00:00,M ,17:48:00,0,0,0,0,P,N,N,1.0,2,NJ 3                                              ,W,3,6.8,2,1.0,1.0,1.0,1.0,1.0,1.0,N,17:50,120+04737,2013-08-12 17:48:00
4369,2018025618-16364               ,2018-08-04 00:00:00,SA,16:09:00,0,0,0,0,P,N,N,1.0,2,NJ 3                                              ,W,3,5.1,2,2.0,1.0,1.0,1.0,1.0,1.0,N,16:10,120+04739,2018-08-04 16:09:00
4370,2017025617-15959               ,2017-08-27 00:00:00,SU,1:08:00,0,0,0,0,P,Y,N,11.0,1,NJ 3                                              ,W,3,5.2,2,2.0,1.0,6.0,1.0,1.0,1.0,N,1:10,120P04738,2017-08-27 01:08:00
4372,2016025616-21862               ,2016-10-11 00:00:00,TU,17:32:00,0,0,0,0,P,N,N,2.0,2,NJ 3                                              ,W,3,5.0,2,2.0,1.0,1.0,1.0,1.0,1.0,N,17:30,120+04739,2016-10-11 17:32:00