,CRASH_ID,DATE,DAY,TIME,KILLED,INJURED,PED_KILL,PED_INJ,SEVERITY,ALCOHOL,HAZMAT,CRASH_TYPE,VEH_COUNT,LOCATION,LOC_DIR,ROUTE,MP,RD_SYS,RD_SURF,SURF_COND,LIGHT,WEATHER,RD_DIV,RD_WRKZN,CELL_USE,TIME_ROUND,TMC,timestamp
4373,2017025617-16042               ,2017-08-28 00:00:00,MO,18:10:00,0,0,0,0,P,N,N,1.0,2,NJ 3                                              ,W,3,5.2,2,2.0,1.0,1.0,1.0,1.0,1.0,N,18:10,120P04738,2017-08-28 18:10:00
4374,201302562013-009910            ,2013-08-14 00:00:00,W ,15:51:00,0,2,0,0,I,N,N,1.0,2,NJ 3                                              ,W,3,5.7,2,2.0,1.0,1.0,1.0,1.0,2.0,N,15:50,120+04738,2013-08-14 15:51:00
4375,2018025618-16507               ,2018-08-06 00:00:00,MO,18:57:00,0,0,0,0,P,N,N,1.0,2,NJ 3                                              ,W,3,6.5,2,2.0,1.0,1.0,1.0,1.0,1.0,N,18:55,120+04737,2018-08-06 18:57:00
4376,2017025617-16090               ,2017-08-29 00:00:00,TU,13:27:00,0,0,0,0,P,N,N,1.0,3,NJ 3                                              ,W,3,5.0,2,2.0,2.0,1.0,2.0,1.0,1.0,N,13:25,120+04739,2017-08-29 13:27:00
4377,2014025614-24676               ,2014-11-24 00:00:00,M ,17:47:00,0,1,0,0,I,N,N,1.0,2,NJ 3                                              ,W,3,5.1,2,2.0,1.0,7.0,1.0,1.0,1.0,N,17:45,120+04739,2014-11-24 17:47:00
4378,201302562013-009985            ,2013-08-15 00:00:00,TH,19:50:00,0,1,0,0,I,N,N,1.0,3,NJ 3                                              ,W,3,5.2,2,2.0,1.0,1.0,1.0,1.0,2.0,N,19:50,120P04738,2013-08-15 19:50:00
4379,2016025616-21930               ,2016-10-12 00:00:00,W ,16:46:00,0,0,0,0,P,N,N,2.0,3,NJ 3                                              ,W,3,5.5,2,2.0,1.0,1.0,1.0,1.0,1.0,N,16:45,120P04738,2016-10-12 16:46:00
4380,2018025618-16675               ,2018-08-09 00:00:00,TH,3:03:00,0,1,0,0,I,N,N,11.0,1,NJ 3                                              ,W,3,6.4,2,2.0,2.0,6.0,2.0,1.0,1.0,N,3:05,120+04737,2018-08-09 03:03:00
4381,2015090815-015995              ,2015-10-27 00:00:00,TU,7:19:00,0,0,0,0,P,N,N,1.0,2,NJ 3                                              ,W,3,10.46,2,2.0,1.0,1.0,1.0,1.0,1.0,N,7:20,120+04729,2015-10-27 07:19:00
4382,201302562013-010070            ,2013-08-17 00:00:00,SA,12:03:00,0,1,0,0,I,N,N,1.0,2,NJ 3                                              ,W,3,5.4,2,2.0,1.0,1.0,1.0,1.0,2.0,N,12:05,120P04738,2013-08-17 12:03:00
4383,2017025617-16092               ,2017-08-29 00:00:00,TU,14:40:00,0,0,0,0,P,N,N,11.0,1,NJ 3                                              ,W,3,5.5,2,2.0,1.0,1.0,1.0,1.0,,N,14:40,120P04738,2017-08-29 14:40:00
4384,2018025618-16717               ,2018-08-09 00:00:00,TH,18:32:00,0,0,0,0,P,N,N,1.0,2,NJ 3                                              ,W,3,5.5,2,2.0,1.0,1.0,1.0,1.0,2.0,N,18:30,120P04738,2018-08-09 18:32:00
4385,2014025614-24730               ,2014-11-25 00:00:00,TU,10:47:00,0,0,0,0,P,N,N,1.0,2,NJ 3                                              ,W,3,5.7,2,2.0,1.0,1.0,1.0,1.0,1.0,N,10:45,120+04738,2014-11-25 10:47:00
4386,201302562013-010072            ,2013-08-17 00:00:00,SA,13:54:00,0,0,0,0,P,N,N,2.0,2,NJ 3                                              ,W,3,4.95,2,2.0,1.0,1.0,1.0,2.0,2.0,N,13:55,120+04739,2013-08-17 13:54:00
4387,2014025614-24836               ,2014-11-26 00:00:00,W ,14:46:00,0,1,0,0,I,N,N,1.0,2,NJ 3                                              ,W,3,5.0,2,2.0,5.0,1.0,3.0,1.0,1.0,N,14:45,120+04739,2014-11-26 14:46:00
4388,2018025618-16779               ,2018-08-10 00:00:00,FR,15:59:00,0,0,0,0,P,N,N,2.0,2,NJ 3                                              ,W,3,6.4,2,2.0,1.0,1.0,1.0,1.0,1.0,N,16:00,120+04737,2018-08-10 15:59:00
4389,2016025616-22013               ,2016-10-13 00:00:00,TH,17:17:00,0,0,0,0,P,N,N,1.0,2,NJ 3                                              ,W,3,6.7,2,1.0,1.0,1.0,1.0,1.0,1.0,N,17:15,120+04737,2016-10-13 17:17:00
4390,2017025617-16282               ,2017-09-01 00:00:00,FR,16:51:00,0,0,0,0,P,N,N,2.0,2,NJ 3                                              ,W,3,5.3,2,2.0,1.0,1.0,1.0,1.0,1.0,N,16:50,120P04738,2017-09-01 16:51:00
4391,2018025618-16789               ,2018-08-10 00:00:00,FR,17:22:00,0,0,0,0,P,N,N,2.0,2,NJ 3                                              ,W,3,5.4,2,2.0,1.0,1.0,1.0,1.0,2.0,N,17:20,120P04738,2018-08-10 17:22:00
4392,201302562013-010140            ,2013-08-19 00:00:00,M ,1:05:00,0,0,0,0,P,N,N,1.0,2,NJ 3                                              ,W,3,5.7,2,2.0,1.0,6.0,1.0,1.0,2.0,N,1:05,120+04738,2013-08-19 01:05:00
4393,2014025614-24845               ,2014-11-26 00:00:00,W ,17:52:00,0,0,0,0,P,N,N,2.0,2,NJ 3                                              ,W,3,6.36,2,2.0,2.0,6.0,2.0,1.0,1.0,N,17:50,120+04737,2014-11-26 17:52:00
4394,2016025616-22019               ,2016-10-13 00:00:00,TH,18:04:00,0,0,0,0,P,N,N,1.0,2,NJ 3                                              ,W,3,6.8,2,2.0,1.0,1.0,1.0,1.0,1.0,N,18:05,120+04737,2016-10-13 18:04:00
4396,201302562013-010171            ,2013-08-19 00:00:00,M ,16:29:00,0,0,0,0,P,N,N,1.0,2,NJ 3                                              ,W,3,5.0,2,2.0,1.0,1.0,1.0,1.0,2.0,N,16:30,120+04739,2013-08-19 16:29:00
4397,2016025616-22583               ,2016-10-21 00:00:00,F ,15:33:00,0,3,0,0,I,N,N,1.0,2,NJ 3                                              ,W,3,5.5,2,2.0,2.0,1.0,5.0,1.0,1.0,N,15:35,120P04738,2016-10-21 15:33:00
4398,2018025618-16846               ,2018-08-11 00:00:00,SA,16:58:00,0,0,0,0,P,N,N,1.0,2,NJ 3                                              ,W,3,6.4,2,2.0,2.0,1.0,2.0,1.0,1.0,N,17:00,120+04737,2018-08-11 16:58:00
4400,2017025617-16332               ,2017-09-02 00:00:00,SA,20:18:00,0,1,0,0,I,N,N,11.0,1,NJ 3                                              ,W,3,5.6,2,2.0,2.0,6.0,2.0,1.0,1.0,N,20:20,120+04738,2017-09-02 20:18:00
4401,201302562013-010216            ,2013-08-20 00:00:00,TU,17:34:00,0,0,0,0,P,N,N,1.0,2,NJ 3                                              ,W,3,6.3,2,2.0,1.0,1.0,1.0,1.0,2.0,N,17:35,120P04737,2013-08-20 17:34:00
4402,2016025616-22630               ,2016-10-22 00:00:00,SA,10:13:00,0,0,0,0,P,N,N,15.0,1,NJ 3                                              ,W,3,6.3,2,2.0,2.0,1.0,5.0,1.0,1.0,N,10:15,120P04737,2016-10-22 10:13:00
4403,2018025618-16947               ,2018-08-13 00:00:00,MO,6:18:00,0,0,0,0,P,N,N,2.0,2,NJ 3                                              ,W,3,6.5,2,2.0,2.0,1.0,2.0,1.0,1.0,N,6:20,120+04737,2018-08-13 06:18:00
4404,2.02E+15,2015-01-08 00:00:00,TH,19:36:00,0,2,0,0,I,N,N,1.0,2,NJ 3                                              ,W,3,10.33,2,2.0,1.0,7.0,1.0,4.0,,N,19:35,120P04729,2015-01-08 19:36:00
4405,201302562013-010219            ,2013-08-20 00:00:00,TU,18:13:00,0,0,0,0,P,N,N,1.0,3,NJ 3                                              ,W,3,4.95,2,2.0,1.0,1.0,1.0,1.0,2.0,N,18:15,120+04739,2013-08-20 18:13:00
4406,2017025617-16359               ,2017-09-03 00:00:00,SU,11:36:00,0,0,0,0,P,N,N,11.0,1,NJ 3                                              ,W,3,5.0,2,1.0,2.0,1.0,2.0,1.0,1.0,N,11:35,120+04739,2017-09-03 11:36:00
4407,2018025618-16984               ,2018-08-13 00:00:00,MO,17:22:00,0,0,0,0,P,N,N,1.0,2,NJ 3                                              ,W,3,5.3,2,2.0,2.0,1.0,2.0,1.0,2.0,N,17:20,120P04738,2018-08-13 17:22:00
4408,2016025616-22640               ,2016-10-22 00:00:00,SA,12:41:00,0,0,0,0,P,N,N,2.0,2,NJ 3                                              ,W,3,6.2,2,2.0,2.0,5.0,2.0,1.0,1.0,N,12:40,120P04737,2016-10-22 12:41:00
4410,2017025617-16488               ,2017-09-05 00:00:00,TU,17:28:00,0,0,0,0,P,N,N,1.0,2,NJ 3                                              ,W,3,5.3,2,2.0,1.0,1.0,1.0,1.0,1.0,N,17:30,120P04738,2017-09-05 17:28:00
4411,2018025618-16985               ,2018-08-13 00:00:00,MO,17:44:00,0,1,0,0,I,N,N,1.0,2,NJ 3                                              ,W,3,5.3,2,2.0,2.0,1.0,2.0,1.0,2.0,N,17:45,120P04738,2018-08-13 17:44:00
4412,201302562013-010266            ,2013-08-21 00:00:00,W ,21:03:00,0,0,0,0,P,N,N,15.0,1,NJ 3                                              ,W,3,6.1,2,2.0,1.0,6.0,1.0,1.0,1.0,N,21:05,120P04737,2013-08-21 21:03:00
4414,2016025616-22787               ,2016-10-24 00:00:00,M ,16:41:00,0,0,0,0,P,N,N,2.0,2,NJ 3                                              ,W,3,5.0,2,2.0,1.0,1.0,1.0,1.0,1.0,N,16:40,120+04739,2016-10-24 16:41:00
4415,2017025617-16531               ,2017-09-06 00:00:00,WE,16:07:00,0,1,0,0,I,N,N,1.0,3,NJ 3                                              ,W,3,5.0,2,2.0,2.0,1.0,2.0,1.0,1.0,N,16:05,120+04739,2017-09-06 16:07:00
4416,2018025618-16987               ,2018-08-13 00:00:00,MO,17:58:00,0,0,0,0,P,N,N,1.0,2,NJ 3                                              ,W,3,5.3,2,2.0,2.0,1.0,2.0,1.0,1.0,N,18:00,120P04738,2018-08-13 17:58:00
4418,201302562013-010434            ,2013-08-25 00:00:00,S ,15:35:00,0,2,0,0,I,N,N,1.0,2,NJ 3                                              ,W,3,4.95,2,2.0,1.0,1.0,1.0,1.0,2.0,N,15:35,120+04739,2013-08-25 15:35:00
4419,2018025618-17138               ,2018-08-15 00:00:00,WE,18:01:00,0,0,0,0,P,N,N,1.0,3,NJ 3                                              ,W,3,5.3,2,2.0,1.0,1.0,1.0,1.0,1.0,N,18:00,120P04738,2018-08-15 18:01:00
4420,2017025617-16534               ,2017-09-06 00:00:00,WE,17:37:00,0,0,0,0,P,N,N,1.0,2,NJ 3                                              ,W,3,5.4,2,2.0,2.0,1.0,2.0,1.0,1.0,N,17:35,120P04738,2017-09-06 17:37:00
4421,2014025614-25746               ,2014-12-09 00:00:00,TU,7:29:00,0,0,0,0,P,N,N,1.0,2,NJ 3                                              ,W,3,6.2,2,2.0,2.0,1.0,2.0,1.0,1.0,N,7:30,120P04737,2014-12-09 07:29:00
4422,2016025616-22788               ,2016-10-24 00:00:00,M ,17:31:00,0,0,0,0,P,N,N,2.0,2,NJ 3                                              ,W,3,6.4,2,2.0,1.0,1.0,1.0,1.0,1.0,N,17:30,120+04737,2016-10-24 17:31:00
4423,2014025614-25777               ,2014-12-09 00:00:00,TU,14:36:00,0,1,0,0,I,N,N,11.0,1,NJ 3                                              ,W,3,5.0,2,2.0,2.0,1.0,2.0,1.0,1.0,N,14:35,120+04739,2014-12-09 14:36:00
4424,2018025618-17140               ,2018-08-15 00:00:00,WE,18:08:00,0,0,0,0,P,N,N,1.0,2,NJ 3                                              ,W,3,5.3,2,2.0,1.0,1.0,1.0,1.0,2.0,N,18:10,120P04738,2018-08-15 18:08:00
4425,2017025617-16613               ,2017-09-07 00:00:00,TH,19:00:00,0,1,0,0,I,N,N,1.0,2,NJ 3                                              ,W,3,5.6,2,2.0,1.0,1.0,1.0,1.0,1.0,N,19:00,120+04738,2017-09-07 19:00:00
4426,201302562013-010582            ,2013-08-28 00:00:00,W ,18:59:00,0,0,0,0,P,N,N,2.0,2,NJ 3                                              ,W,3,6.2,2,2.0,1.0,3.0,1.0,1.0,2.0,N,19:00,120P04737,2013-08-28 18:59:00
4427,2014025614-25782               ,2014-12-09 00:00:00,TU,15:12:00,0,0,0,0,P,N,N,2.0,2,NJ 3                                              ,W,3,5.0,2,2.0,2.0,1.0,2.0,1.0,1.0,N,15:10,120+04739,2014-12-09 15:12:00
4428,2016025616-22879               ,2016-10-25 00:00:00,TU,16:41:00,0,0,0,0,P,N,N,1.0,2,NJ 3                                              ,W,3,5.5,2,2.0,1.0,1.0,1.0,1.0,1.0,N,16:40,120P04738,2016-10-25 16:41:00
4429,2017025617-16614               ,2017-09-07 00:00:00,TH,19:01:00,0,1,0,0,I,N,N,1.0,2,NJ 3                                              ,W,3,5.5,2,2.0,1.0,1.0,1.0,1.0,1.0,N,19:00,120P04738,2017-09-07 19:01:00
4431,2016025616-22883               ,2016-10-25 00:00:00,TU,18:32:00,0,0,0,0,P,N,N,1.0,2,NJ 3                                              ,W,3,5.3,2,2.0,1.0,6.0,1.0,1.0,1.0,N,18:30,120P04738,2016-10-25 18:32:00
4432,2017025617-16622               ,2017-09-07 00:00:00,TH,20:17:00,0,0,0,0,P,N,N,1.0,2,NJ 3                                              ,W,3,5.5,2,2.0,1.0,3.0,1.0,1.0,1.0,N,20:15,120P04738,2017-09-07 20:17:00
4433,2018025618-17216               ,2018-08-16 00:00:00,TH,19:55:00,0,0,0,0,P,N,N,2.0,2,NJ 3                                              ,W,3,6.2,2,2.0,1.0,1.0,1.0,1.0,1.0,N,19:55,120P04737,2018-08-16 19:55:00
4434,2014025614-25864               ,2014-12-10 00:00:00,W ,16:49:00,0,0,0,0,P,N,N,1.0,2,NJ 3                                              ,W,3,6.3,2,2.0,2.0,6.0,3.0,1.0,1.0,N,16:50,120P04737,2014-12-10 16:49:00
4435,2017025617-16819               ,2017-09-11 00:00:00,MO,8:27:00,0,0,0,0,P,N,N,1.0,2,NJ 3                                              ,W,3,5.0,2,2.0,1.0,1.0,1.0,1.0,1.0,N,8:25,120+04739,2017-09-11 08:27:00
4436,2014025614-26020               ,2014-12-12 00:00:00,F ,17:29:00,0,0,0,0,P,N,N,2.0,2,NJ 3                                              ,W,3,5.2,2,1.0,1.0,6.0,1.0,1.0,1.0,N,17:30,120P04738,2014-12-12 17:29:00
4437,2016025616-22889               ,2016-10-25 00:00:00,TU,18:59:00,0,0,0,0,P,N,N,1.0,2,NJ 3                                              ,W,3,5.2,2,2.0,1.0,6.0,1.0,1.0,1.0,N,19:00,120P04738,2016-10-25 18:59:00
4438,2018025618-17227               ,2018-08-16 00:00:00,TH,22:40:00,0,0,0,0,P,N,N,1.0,2,NJ 3                                              ,W,3,6.5,2,2.0,1.0,6.0,1.0,1.0,1.0,N,22:40,120+04737,2018-08-16 22:40:00
4439,2014025614-26022               ,2014-12-12 00:00:00,F ,17:51:00,0,0,0,0,P,N,N,1.0,2,NJ 3                                              ,W,3,5.1,2,1.0,1.0,6.0,1.0,1.0,1.0,N,17:50,120+04739,2014-12-12 17:51:00
4440,2016025616-22893               ,2016-10-25 00:00:00,TU,19:24:00,0,0,0,0,P,N,N,2.0,2,NJ 3                                              ,W,3,5.9,2,2.0,1.0,6.0,1.0,1.0,1.0,N,19:25,120P04737,2016-10-25 19:24:00
4441,201302562013-010977            ,2013-09-06 00:00:00,F ,12:11:00,0,0,0,0,P,N,N,1.0,2,NJ 3                                              ,W,3,6.1,2,2.0,1.0,1.0,1.0,1.0,2.0,N,12:10,120P04737,2013-09-06 12:11:00
4442,2017025617-16900               ,2017-09-12 00:00:00,TU,12:50:00,0,0,0,0,P,N,N,1.0,2,NJ 3                                              ,W,3,6.4,2,2.0,1.0,1.0,1.0,1.0,1.0,N,12:50,120+04737,2017-09-12 12:50:00
4443,2.02E+15,2015-03-10 00:00:00,TU,7:03:00,0,0,0,0,P,N,N,1.0,2,NJ 3                                              ,W,3,10.84,2,2.0,1.0,1.0,1.0,1.0,1.0,N,7:05,120P13767,2015-03-10 07:03:00
4444,201302562013-011038            ,2013-09-07 00:00:00,SA,17:31:00,0,0,0,0,P,N,N,1.0,2,NJ 3                                              ,W,3,5.0,2,2.0,1.0,1.0,1.0,1.0,2.0,N,17:30,120+04739,2013-09-07 17:31:00
4445,2016025616-22967               ,2016-10-26 00:00:00,W ,17:43:00,0,0,0,0,P,N,N,2.0,2,NJ 3                                              ,W,3,5.0,2,2.0,1.0,1.0,1.0,1.0,1.0,N,17:45,120+04739,2016-10-26 17:43:00
4446,2014025614-26249               ,2014-12-15 00:00:00,M ,17:20:00,0,0,0,0,P,N,N,1.0,2,NJ 3                                              ,W,3,6.3,2,2.0,1.0,6.0,1.0,1.0,1.0,N,17:20,120P04737,2014-12-15 17:20:00
4447,2018025618-17467               ,2018-08-21 00:00:00,TU,16:18:00,0,1,0,0,I,N,N,1.0,3,NJ 3                                              ,W,3,6.4,2,2.0,1.0,1.0,1.0,1.0,1.0,N,16:20,120+04737,2018-08-21 16:18:00
4448,2018025618-17470               ,2018-08-21 00:00:00,TU,17:42:00,0,1,0,0,I,N,N,1.0,2,NJ 3                                              ,W,3,5.0,2,2.0,1.0,1.0,1.0,1.0,1.0,N,17:40,120+04739,2018-08-21 17:42:00
4449,2014025614-26254               ,2014-12-15 00:00:00,M ,17:52:00,0,0,0,0,P,N,N,1.0,2,NJ 3                                              ,W,3,6.3,2,2.0,1.0,6.0,1.0,1.0,1.0,N,17:50,120P04737,2014-12-15 17:52:00
4450,2014025614-26404               ,2014-12-17 00:00:00,W ,16:33:00,0,0,0,0,P,N,N,1.0,2,NJ 3                                              ,W,3,5.0,2,1.0,1.0,6.0,1.0,1.0,1.0,N,16:35,120+04739,2014-12-17 16:33:00
4451,2016025616-23154               ,2016-10-28 00:00:00,F ,19:35:00,0,1,0,0,I,Y,N,1.0,2,NJ 3                                              ,W,3,5.7,2,2.0,1.0,6.0,1.0,1.0,1.0,N,19:35,120+04738,2016-10-28 19:35:00
4452,2.02E+15,2015-04-05 00:00:00,S ,15:25:00,0,0,0,0,P,N,N,99.0,2,NJ 3                                              ,W,3,0.0,2,2.0,1.0,1.0,1.0,2.0,1.0,N,15:25,120+07449,2015-04-05 15:25:00
4453,2014025614-26477               ,2014-12-18 00:00:00,TH,18:23:00,0,0,0,0,P,N,N,1.0,2,NJ 3                                              ,W,3,5.0,2,2.0,1.0,6.0,1.0,1.0,1.0,N,18:25,120+04739,2014-12-18 18:23:00
4454,2016025616-23177               ,2016-10-29 00:00:00,SA,6:04:00,0,1,0,0,I,N,N,1.0,2,NJ 3                                              ,W,3,5.0,2,1.0,1.0,6.0,1.0,5.0,1.0,N,6:05,120+04739,2016-10-29 06:04:00
4455,201302562013-011230            ,2013-09-12 00:00:00,TH,8:01:00,0,0,0,0,P,N,N,1.0,2,NJ 3                                              ,W,3,5.0,2,2.0,1.0,1.0,1.0,1.0,2.0,N,8:00,120+04739,2013-09-12 08:01:00
4456,2014025614-26785               ,2014-12-22 00:00:00,M ,18:17:00,0,1,0,0,I,N,N,1.0,2,NJ 3                                              ,W,3,5.0,2,2.0,2.0,6.0,2.0,1.0,1.0,N,18:15,120+04739,2014-12-22 18:17:00
4457,2018025618-17665               ,2018-08-24 00:00:00,FR,16:00:00,0,0,0,0,P,N,N,2.0,2,NJ 3                                              ,W,3,5.0,2,2.0,1.0,1.0,1.0,1.0,1.0,N,16:00,120+04739,2018-08-24 16:00:00
4458,2016025616-23244               ,2016-10-30 00:00:00,S ,8:57:00,0,0,0,0,P,N,N,2.0,2,NJ 3                                              ,W,3,5.8,2,2.0,1.0,1.0,1.0,1.0,1.0,N,8:55,120+04738,2016-10-30 08:57:00
4459,2014025614-26812               ,2014-12-23 00:00:00,TU,6:51:00,0,0,0,0,P,N,N,2.0,2,NJ 3                                              ,W,3,5.5,2,2.0,2.0,2.0,2.0,1.0,1.0,N,6:50,120P04738,2014-12-23 06:51:00
4460,201302562013-011270            ,2013-09-12 00:00:00,TH,22:05:00,0,2,0,0,I,N,N,1.0,2,NJ 3                                              ,W,3,6.1,2,2.0,2.0,6.0,1.0,2.0,2.0,N,22:05,120P04737,2013-09-12 22:05:00
4461,2016025616-23390               ,2016-11-01 00:00:00,TU,9:18:00,0,0,0,0,P,N,N,1.0,2,NJ 3                                              ,W,3,6.4,2,2.0,1.0,1.0,1.0,1.0,1.0,N,9:20,120+04737,2016-11-01 09:18:00
4462,2017025617-17373               ,2017-09-19 00:00:00,TU,19:57:00,0,1,0,0,I,N,N,1.0,2,NJ 3                                              ,W,3,5.0,2,1.0,2.0,6.0,2.0,1.0,1.0,N,19:55,120+04739,2017-09-19 19:57:00
4463,2014025614-26850               ,2014-12-23 00:00:00,TU,15:13:00,0,0,0,0,P,N,N,2.0,2,NJ 3                                              ,W,3,5.3,2,2.0,2.0,1.0,2.0,1.0,1.0,N,15:15,120P04738,2014-12-23 15:13:00
4464,2018025618-17733               ,2018-08-25 00:00:00,SA,16:35:00,0,0,0,0,P,N,N,1.0,2,NJ 3                                              ,W,3,5.5,2,2.0,1.0,1.0,1.0,1.0,2.0,N,16:35,120P04738,2018-08-25 16:35:00
4465,2017025617-17770               ,2017-09-25 00:00:00,MO,17:26:00,0,0,0,0,P,N,N,2.0,2,NJ 3                                              ,W,3,5.0,2,1.0,1.0,1.0,1.0,1.0,1.0,N,17:25,120+04739,2017-09-25 17:26:00
4466,2018025618-17740               ,2018-08-25 00:00:00,SA,17:11:00,0,1,0,0,I,N,N,1.0,2,NJ 3                                              ,W,3,6.12,2,2.0,1.0,1.0,1.0,5.0,1.0,N,17:10,120P04737,2018-08-25 17:11:00
4467,201302562013-011439            ,2013-09-16 00:00:00,M ,16:23:00,0,0,0,0,P,N,N,2.0,2,NJ 3                                              ,W,3,6.5,2,2.0,1.0,1.0,1.0,1.0,2.0,N,16:25,120+04737,2013-09-16 16:23:00
4468,201302562013-011496            ,2013-09-17 00:00:00,TU,19:17:00,0,1,0,0,I,N,N,2.0,2,NJ 3                                              ,W,3,5.5,2,2.0,1.0,6.0,1.0,1.0,2.0,N,19:15,120P04738,2013-09-17 19:17:00
4469,2014025614-27455               ,2014-12-30 00:00:00,TU,17:27:00,0,0,0,0,P,N,N,1.0,2,NJ 3                                              ,W,3,5.5,2,2.0,1.0,6.0,1.0,1.0,1.0,N,17:25,120P04738,2014-12-30 17:27:00
4470,2018025618-17776               ,2018-08-26 00:00:00,SU,4:44:00,0,1,0,0,I,N,N,11.0,1,NJ 3                                              ,W,3,5.8,2,2.0,1.0,6.0,1.0,1.0,2.0,N,4:45,120+04738,2018-08-26 04:44:00
4471,2017025617-17858               ,2017-09-27 00:00:00,WE,1:34:00,0,0,0,0,P,N,N,11.0,1,NJ 3                                              ,W,3,6.4,2,2.0,1.0,6.0,1.0,2.0,1.0,N,1:35,120+04737,2017-09-27 01:34:00
4472,2014025614-3416                ,2014-03-27 00:00:00,TH,19:33:00,0,0,0,0,P,N,N,1.0,2,NJ 3                                              ,W,3,5.04,2,2.0,1.0,3.0,1.0,1.0,1.0,N,19:35,120+04739,2014-03-27 19:33:00
4473,2016025616-23694               ,2016-11-04 00:00:00,F ,20:09:00,0,0,0,0,P,N,N,1.0,2,NJ 3                                              ,W,3,5.2,2,2.0,1.0,6.0,1.0,1.0,1.0,N,20:10,120P04738,2016-11-04 20:09:00
4474,201302562013-011509            ,2013-09-18 00:00:00,W ,8:18:00,0,1,0,0,I,N,N,1.0,2,NJ 3                                              ,W,3,5.7,2,2.0,1.0,1.0,1.0,1.0,2.0,N,8:20,120+04738,2013-09-18 08:18:00
4475,2018025618-18046               ,2018-08-30 00:00:00,TH,7:31:00,0,0,0,0,P,N,N,2.0,2,NJ 3                                              ,W,3,6.5,2,2.0,1.0,1.0,1.0,1.0,1.0,N,7:30,120+04737,2018-08-30 07:31:00
4477,2017025617-17913               ,2017-09-27 00:00:00,WE,16:33:00,0,0,0,0,P,N,N,1.0,2,NJ 3                                              ,W,3,6.2,2,2.0,1.0,1.0,1.0,1.0,1.0,N,16:35,120P04737,2017-09-27 16:33:00
4478,20140256BC-14-012676           ,2014-03-21 00:00:00,F ,16:10:00,0,0,0,0,P,N,N,1.0,2,NJ 3                                              ,W,3,6.36,2,2.0,1.0,1.0,1.0,1.0,2.0,N,16:10,120+04737,2014-03-21 16:10:00
4479,2016025616-23881               ,2016-11-07 00:00:00,M ,8:07:00,0,0,0,0,P,N,N,1.0,2,NJ 3                                              ,W,3,5.0,2,1.0,1.0,1.0,1.0,1.0,1.0,N,8:05,120+04739,2016-11-07 08:07:00
4480,201302562013-011652            ,2013-09-21 00:00:00,SA,15:07:00,0,1,0,0,I,N,N,1.0,2,NJ 3                                              ,W,3,5.5,2,2.0,1.0,1.0,1.0,1.0,2.0,N,15:05,120P04738,2013-09-21 15:07:00
4481,2018025618-18094               ,2018-08-30 00:00:00,TH,21:16:00,0,0,0,0,P,N,N,6.0,2,NJ 3                                              ,W,3,6.5,2,2.0,1.0,6.0,1.0,1.0,2.0,N,21:15,120+04737,2018-08-30 21:16:00
4482,201302562013-011655            ,2013-09-21 00:00:00,SA,16:01:00,0,0,0,0,P,N,N,1.0,2,NJ 3                                              ,W,3,5.0,2,2.0,1.0,1.0,1.0,1.0,2.0,N,16:00,120+04739,2013-09-21 16:01:00
4483,2017025617-18321               ,2017-10-04 00:00:00,WE,16:23:00,0,0,0,0,P,N,N,1.0,2,NJ 3                                              ,W,3,5.7,2,2.0,1.0,1.0,1.0,1.0,1.0,N,16:25,120+04738,2017-10-04 16:23:00
4484,2018025618-18101               ,2018-08-30 00:00:00,TH,22:08:00,0,0,0,0,P,N,N,1.0,3,NJ 3                                              ,W,3,6.7,2,1.0,1.0,6.0,1.0,1.0,1.0,N,22:10,120+04737,2018-08-30 22:08:00
4485,2018025618-18103               ,2018-08-30 00:00:00,TH,22:25:00,0,0,0,0,P,N,N,1.0,2,NJ 3                                              ,W,3,6.5,2,2.0,1.0,6.0,1.0,1.0,2.0,N,22:25,120+04737,2018-08-30 22:25:00
4486,201302562013-011769            ,2013-09-24 00:00:00,TU,9:15:00,0,1,0,0,I,N,N,2.0,3,NJ 3                                              ,W,3,5.0,2,1.0,1.0,1.0,1.0,1.0,2.0,N,9:15,120+04739,2013-09-24 09:15:00
4488,2016025616-24135               ,2016-11-10 00:00:00,TH,18:42:00,0,0,0,0,P,N,N,1.0,2,NJ 3                                              ,W,3,5.3,2,2.0,1.0,6.0,1.0,1.0,1.0,N,18:40,120P04738,2016-11-10 18:42:00
4489,2017025617-18338               ,2017-10-09 00:00:00,MO,13:51:00,0,0,0,0,P,N,N,1.0,2,NJ 3                                              ,W,3,6.1,2,2.0,2.0,1.0,2.0,1.0,1.0,N,13:50,120P04737,2017-10-09 13:51:00