,CRASH_ID,DATE,DAY,TIME,KILLED,INJURED,PED_KILL,PED_INJ,SEVERITY,ALCOHOL,HAZMAT,CRASH_TYPE,VEH_COUNT,LOCATION,LOC_DIR,ROUTE,MP,RD_SYS,RD_SURF,SURF_COND,LIGHT,WEATHER,RD_DIV,RD_WRKZN,CELL_USE,TIME_ROUND,TMC,timestamp
4490,2.02E+15,2015-06-23 00:00:00,TU,17:07:00,0,0,0,0,P,N,N,2.0,2,NJ 3                                              ,W,3,10.24,2,2.0,1.0,1.0,1.0,1.0,1.0,N,17:05,120P04729,2015-06-23 17:07:00
4491,2018025618-18447               ,2018-09-04 00:00:00,TU,14:10:00,0,0,0,0,P,N,N,11.0,1,NJ 3                                              ,W,3,5.0,2,2.0,1.0,1.0,1.0,1.0,2.0,N,14:10,120+04739,2018-09-04 14:10:00
4492,2017025617-18436               ,2017-10-06 00:00:00,FR,16:08:00,0,0,0,0,P,N,N,1.0,2,NJ 3                                              ,W,3,5.1,2,2.0,1.0,1.0,1.0,1.0,1.0,N,16:10,120+04739,2017-10-06 16:08:00
4493,201302562013-011770            ,2013-09-24 00:00:00,TU,9:33:00,0,0,0,0,P,N,N,3.0,2,NJ 3                                              ,W,3,5.5,2,2.0,1.0,1.0,1.0,5.0,2.0,N,9:35,120P04738,2013-09-24 09:33:00
4494,2016025616-24145               ,2016-11-10 00:00:00,TH,19:34:00,0,0,0,0,P,N,N,2.0,2,NJ 3                                              ,W,3,6.4,2,2.0,1.0,6.0,1.0,1.0,1.0,N,19:35,120+04737,2016-11-10 19:34:00
4495,2018025618-18653               ,2018-09-06 00:00:00,TH,19:21:00,0,1,0,0,I,N,N,1.0,4,NJ 3                                              ,W,3,5.5,2,2.0,2.0,6.0,1.0,1.0,1.0,N,19:20,120P04738,2018-09-06 19:21:00
4496,201302562013-011801            ,2013-09-24 00:00:00,TU,20:39:00,0,0,0,0,P,N,N,1.0,2,NJ 3                                              ,W,3,5.7,2,2.0,1.0,6.0,1.0,5.0,2.0,N,20:40,120+04738,2013-09-24 20:39:00
4497,2017025617-18539               ,2017-10-08 00:00:00,SU,8:16:00,0,1,0,0,I,N,N,11.0,1,NJ 3                                              ,W,3,6.3,2,2.0,2.0,1.0,2.0,1.0,1.0,N,8:15,120P04737,2017-10-08 08:16:00
4498,2018025618-18656               ,2018-09-06 00:00:00,TH,19:35:00,0,0,0,0,P,N,N,1.0,2,NJ 3                                              ,W,3,5.5,2,2.0,2.0,3.0,1.0,1.0,1.0,N,19:35,120P04738,2018-09-06 19:35:00
4499,2016025616-24337               ,2016-11-13 00:00:00,S ,17:25:00,0,0,0,0,P,N,N,1.0,2,NJ 3                                              ,W,3,6.8,2,2.0,1.0,6.0,1.0,1.0,1.0,N,17:25,120+04737,2016-11-13 17:25:00
4500,2.01E+15,2014-02-11 00:00:00,TU,6:09:00,0,1,0,0,I,N,N,6.0,2,NJ 3                                              ,W,3,10.5,2,2.0,1.0,6.0,1.0,1.0,1.0,N,6:10,120P13767,2014-02-11 06:09:00
4501,201302562013-011816            ,2013-09-25 00:00:00,W ,10:06:00,0,1,0,0,I,N,N,1.0,2,NJ 3                                              ,W,3,5.0,2,2.0,1.0,1.0,1.0,1.0,2.0,N,10:05,120+04739,2013-09-25 10:06:00
4502,2016025616-24404               ,2016-11-14 00:00:00,M ,16:05:00,0,0,0,0,P,N,N,1.0,2,NJ 3                                              ,W,3,5.2,2,2.0,1.0,6.0,1.0,1.0,1.0,N,16:05,120P04738,2016-11-14 16:05:00
4503,2.02E+15,2015-07-08 00:00:00,W ,8:10:00,0,0,0,0,P,N,N,1.0,3,NJ 3                                              ,W,3,10.85,2,1.0,1.0,1.0,1.0,4.0,1.0,N,8:10,120P13767,2015-07-08 08:10:00
4504,2016025616-24448               ,2016-11-15 00:00:00,TU,6:30:00,0,0,0,0,P,N,N,3.0,2,NJ 3                                              ,W,3,5.93,2,2.0,2.0,2.0,2.0,5.0,1.0,N,6:30,120P04737,2016-11-15 06:30:00
4505,201302562013-011887            ,2013-09-26 00:00:00,TH,21:01:00,0,1,0,0,I,N,N,15.0,1,NJ 3                                              ,W,3,5.0,2,2.0,1.0,6.0,1.0,1.0,2.0,N,21:00,120+04739,2013-09-26 21:01:00
4508,2016025616-24736               ,2016-11-18 00:00:00,F ,18:04:00,0,0,0,0,P,N,N,1.0,2,NJ 3                                              ,W,3,5.6,2,2.0,1.0,6.0,1.0,1.0,1.0,N,18:05,120+04738,2016-11-18 18:04:00
4509,2.01E+15,2014-04-07 00:00:00,M ,10:02:00,0,0,0,0,P,N,N,1.0,2,NJ 3                                              ,W,3,10.84,2,2.0,1.0,1.0,1.0,1.0,1.0,N,10:00,120P13767,2014-04-07 10:02:00
4510,201302562013-012120            ,2013-10-01 00:00:00,TU,16:05:00,0,1,0,0,I,N,N,1.0,2,NJ 3                                              ,W,3,6.4,2,2.0,1.0,1.0,1.0,1.0,2.0,N,16:05,120+04737,2013-10-01 16:05:00
4511,201302562013-012155            ,2013-10-02 00:00:00,W ,8:58:00,0,0,0,0,P,N,N,15.0,1,NJ 3                                              ,W,3,5.0,2,1.0,1.0,1.0,1.0,1.0,2.0,N,9:00,120+04739,2013-10-02 08:58:00
4512,2016025616-24944               ,2016-11-21 00:00:00,M ,17:54:00,0,0,0,0,P,N,N,1.0,2,NJ 3                                              ,W,3,5.0,2,1.0,1.0,6.0,1.0,1.0,1.0,N,17:55,120+04739,2016-11-21 17:54:00
4513,2017025617-18701               ,2017-10-10 00:00:00,TU,15:38:00,0,1,0,0,I,N,N,1.0,2,NJ 3                                              ,W,3,5.5,2,2.0,1.0,1.0,1.0,1.0,1.0,N,15:40,120P04738,2017-10-10 15:38:00
4514,2018025618-18840               ,2018-09-09 00:00:00,SU,16:58:00,0,0,0,0,P,N,N,2.0,2,NJ 3                                              ,W,3,6.4,2,2.0,2.0,1.0,2.0,1.0,1.0,N,17:00,120+04737,2018-09-09 16:58:00
4515,2.01E+15,2014-04-11 00:00:00,F ,8:40:00,0,0,0,0,P,N,N,1.0,2,NJ 3                                              ,W,3,7.9,2,2.0,1.0,1.0,1.0,1.0,1.0,N,8:40,120+04734,2014-04-11 08:40:00
4517,2016025616-25101               ,2016-11-23 00:00:00,W ,17:23:00,0,0,0,0,P,N,N,1.0,2,NJ 3                                              ,W,3,5.0,2,2.0,1.0,6.0,1.0,1.0,1.0,N,17:25,120+04739,2016-11-23 17:23:00
4518,201302562013-012197            ,2013-10-03 00:00:00,TH,7:01:00,0,0,0,0,P,N,N,1.0,2,NJ 3                                              ,W,3,5.6,2,2.0,1.0,1.0,1.0,1.0,2.0,N,7:00,120+04738,2013-10-03 07:01:00
4519,2017025617-18771               ,2017-10-11 00:00:00,WE,14:58:00,0,1,0,0,I,N,N,1.0,3,NJ 3                                              ,W,3,6.3,2,2.0,1.0,1.0,1.0,1.0,1.0,N,15:00,120P04737,2017-10-11 14:58:00
4521,201302562013-012198            ,2013-10-03 00:00:00,TH,7:01:00,0,0,0,0,P,N,N,1.0,2,NJ 3                                              ,W,3,5.1,2,2.0,1.0,1.0,1.0,1.0,2.0,N,7:00,120+04739,2013-10-03 07:01:00
4522,2017025617-18786               ,2017-10-11 00:00:00,WE,17:29:00,0,0,0,0,P,N,N,1.0,2,NJ 3                                              ,W,3,5.5,2,2.0,1.0,1.0,5.0,1.0,1.0,N,17:30,120P04738,2017-10-11 17:29:00
4523,2016025616-25175               ,2016-11-24 00:00:00,TH,16:59:00,0,0,0,0,P,N,N,1.0,3,NJ 3                                              ,W,3,5.7,2,2.0,2.0,6.0,2.0,1.0,1.0,N,17:00,120+04738,2016-11-24 16:59:00
4524,2016025616-25180               ,2016-11-24 00:00:00,TH,18:08:00,0,0,0,0,P,N,N,1.0,2,NJ 3                                              ,W,3,5.0,2,1.0,2.0,6.0,2.0,1.0,1.0,N,18:10,120+04739,2016-11-24 18:08:00
4525,201302562013-012203            ,2013-10-03 00:00:00,TH,9:41:00,0,0,0,0,P,N,N,1.0,3,NJ 3                                              ,W,3,5.4,2,2.0,1.0,1.0,1.0,1.0,2.0,N,9:40,120P04738,2013-10-03 09:41:00
4526,2018025618-19118               ,2018-09-13 00:00:00,TH,17:55:00,0,0,0,0,P,N,N,1.0,2,NJ 3                                              ,W,3,6.4,2,2.0,1.0,1.0,1.0,1.0,1.0,N,17:55,120+04737,2018-09-13 17:55:00
4528,2016025616-25229               ,2016-11-25 00:00:00,F ,16:46:00,0,0,0,0,P,N,N,1.0,2,NJ 3                                              ,W,3,5.0,2,1.0,1.0,6.0,1.0,1.0,1.0,N,16:45,120+04739,2016-11-25 16:46:00
4529,201302562013-012206            ,2013-10-03 00:00:00,TH,9:52:00,0,0,0,0,P,N,N,2.0,2,NJ 3                                              ,W,3,5.1,2,2.0,1.0,1.0,1.0,1.0,2.0,N,9:50,120+04739,2013-10-03 09:52:00
4530,2017025617-18869               ,2017-10-12 00:00:00,TH,17:23:00,0,0,0,0,P,N,N,1.0,2,NJ 3                                              ,W,3,6.8,2,1.0,1.0,1.0,1.0,1.0,1.0,N,17:25,120+04737,2017-10-12 17:23:00
4531,2.02E+15,2015-09-11 00:00:00,F ,19:05:00,0,0,0,0,P,N,N,1.0,2,NJ 3                                              ,W,3,10.85,2,2.0,1.0,1.0,1.0,4.0,1.0,N,19:05,120P13767,2015-09-11 19:05:00
4532,201302562013-012214            ,2013-10-03 00:00:00,TH,14:28:00,0,0,0,0,P,N,N,1.0,2,NJ 3                                              ,W,3,5.1,2,2.0,1.0,1.0,1.0,1.0,2.0,N,14:30,120+04739,2013-10-03 14:28:00
4533,2016025616-25370               ,2016-11-28 00:00:00,M ,7:44:00,0,0,0,0,P,N,N,15.0,1,NJ 3                                              ,W,3,5.0,2,2.0,1.0,1.0,1.0,1.0,1.0,N,7:45,120+04739,2016-11-28 07:44:00
4534,201302562013-012318            ,2013-10-05 00:00:00,SA,19:35:00,0,0,0,0,P,N,N,1.0,2,NJ 3                                              ,W,3,5.7,2,2.0,1.0,6.0,1.0,1.0,2.0,N,19:35,120+04738,2013-10-05 19:35:00
4535,2017025617-19054               ,2017-10-15 00:00:00,SU,17:19:00,0,1,0,0,I,N,N,1.0,3,NJ 3                                              ,W,3,6.3,2,2.0,1.0,1.0,1.0,1.0,1.0,N,17:20,120P04737,2017-10-15 17:19:00
4537,201302562013-012395            ,2013-10-07 00:00:00,M ,17:58:00,0,0,0,0,P,N,N,1.0,2,NJ 3                                              ,W,3,5.4,2,2.0,2.0,3.0,2.0,1.0,2.0,N,18:00,120P04738,2013-10-07 17:58:00
4538,2016025616-25371               ,2016-11-28 00:00:00,M ,7:51:00,0,0,0,0,P,N,N,15.0,1,NJ 3                                              ,W,3,6.2,2,2.0,1.0,1.0,1.0,1.0,1.0,N,7:50,120P04737,2016-11-28 07:51:00
4539,201302562013-012430            ,2013-10-08 00:00:00,TU,12:11:00,0,0,0,0,P,N,N,11.0,1,NJ 3                                              ,W,3,5.0,2,2.0,1.0,1.0,1.0,1.0,2.0,N,12:10,120+04739,2013-10-08 12:11:00
4540,2017025617-19333               ,2017-10-19 00:00:00,TH,16:12:00,0,0,0,0,P,N,N,1.0,4,NJ 3                                              ,W,3,5.1,2,2.0,1.0,1.0,1.0,1.0,1.0,N,16:10,120+04739,2017-10-19 16:12:00
4541,2018025618-19217               ,2018-09-14 00:00:00,FR,19:38:00,0,1,0,0,I,N,N,1.0,3,NJ 3                                              ,W,3,5.8,2,2.0,1.0,6.0,1.0,1.0,2.0,N,19:40,120+04738,2018-09-14 19:38:00
4542,2016025616-25373               ,2016-11-28 00:00:00,M ,8:02:00,0,0,0,0,P,N,N,15.0,5,NJ 3                                              ,W,3,6.4,2,2.0,1.0,1.0,1.0,1.0,1.0,N,8:00,120+04737,2016-11-28 08:02:00
4544,2017025617-19349               ,2017-10-19 00:00:00,TH,19:52:00,0,0,0,0,P,N,N,1.0,2,NJ 3                                              ,W,3,5.0,2,2.0,1.0,6.0,1.0,1.0,1.0,N,19:50,120+04739,2017-10-19 19:52:00
4545,2018025618-19235               ,2018-09-14 00:00:00,FR,23:31:00,0,1,0,0,I,N,N,1.0,2,NJ 3                                              ,W,3,5.5,2,2.0,1.0,6.0,1.0,1.0,2.0,N,23:30,120P04738,2018-09-14 23:31:00
4546,201302562013-012434            ,2013-10-08 00:00:00,TU,13:13:00,0,1,0,0,I,N,N,1.0,2,NJ 3                                              ,W,3,5.6,2,2.0,1.0,1.0,1.0,1.0,2.0,N,13:15,120+04738,2013-10-08 13:13:00
4547,2016025616-25377               ,2016-11-28 00:00:00,M ,8:21:00,0,0,0,0,P,N,N,1.0,2,NJ 3                                              ,W,3,6.2,2,2.0,1.0,1.0,1.0,1.0,1.0,N,8:20,120P04737,2016-11-28 08:21:00
4549,201302562013-012506            ,2013-10-09 00:00:00,W ,18:47:00,0,0,0,0,P,N,N,1.0,2,NJ 3                                              ,W,3,5.7,2,2.0,1.0,6.0,1.0,1.0,2.0,N,18:45,120+04738,2013-10-09 18:47:00
4550,2017025617-19412               ,2017-10-20 00:00:00,FR,19:46:00,0,1,0,0,I,N,N,2.0,2,NJ 3                                              ,W,3,5.7,2,2.0,1.0,6.0,1.0,1.0,1.0,N,19:45,120+04738,2017-10-20 19:46:00
4551,2018025618-19354               ,2018-09-16 00:00:00,SU,17:54:00,0,0,0,0,P,N,N,1.0,2,NJ 3                                              ,W,3,6.0,2,2.0,1.0,1.0,1.0,1.0,2.0,N,17:55,120P04737,2018-09-16 17:54:00
4552,2.01E+15,2014-05-24 00:00:00,SA,23:33:00,0,0,0,0,P,N,N,11.0,1,NJ 3                                              ,W,3,10.46,2,2.0,1.0,6.0,1.0,3.0,1.0,N,23:35,120+04729,2014-05-24 23:33:00
4553,2.02E+15,2015-10-10 00:00:00,SA,7:42:00,0,1,0,0,I,N,N,1.0,2,NJ 3                                              ,W,3,10.85,2,2.0,1.0,1.0,1.0,1.0,1.0,N,7:40,120P13767,2015-10-10 07:42:00
4554,201302562013-012721            ,2013-10-15 00:00:00,TU,8:45:00,0,0,0,0,P,N,N,1.0,2,NJ 3                                              ,W,3,5.0,2,2.0,1.0,1.0,1.0,1.0,2.0,N,8:45,120+04739,2013-10-15 08:45:00
4555,2018025618-19403               ,2018-09-17 00:00:00,MO,15:38:00,0,0,0,0,P,N,N,1.0,2,NJ 3                                              ,W,3,5.1,2,2.0,1.0,1.0,1.0,1.0,1.0,N,15:40,120+04739,2018-09-17 15:38:00
4556,2016025616-25529               ,2016-11-30 00:00:00,W ,8:18:00,0,0,0,0,P,N,N,1.0,2,NJ 3                                              ,W,3,5.2,2,2.0,2.0,1.0,2.0,1.0,1.0,N,8:20,120P04738,2016-11-30 08:18:00
4557,2.01E+15,2014-05-29 00:00:00,TH,9:59:00,0,0,0,0,P,N,N,1.0,2,NJ 3                                              ,W,3,10.9,2,2.0,1.0,1.0,1.0,1.0,1.0,N,10:00,120P13767,2014-05-29 09:59:00
4558,201302562013-012734            ,2013-10-15 00:00:00,TU,12:28:00,0,0,0,0,P,N,N,2.0,2,NJ 3                                              ,W,3,5.2,2,2.0,1.0,1.0,1.0,1.0,2.0,N,12:30,120P04738,2013-10-15 12:28:00
4559,2018025618-19461               ,2018-09-18 00:00:00,TU,14:45:00,0,1,0,0,I,N,N,1.0,2,NJ 3                                              ,W,3,5.3,2,2.0,2.0,1.0,2.0,1.0,1.0,N,14:45,120P04738,2018-09-18 14:45:00
4560,2016025616-25550               ,2016-11-30 00:00:00,W ,14:03:00,0,0,0,0,P,N,N,2.0,2,NJ 3                                              ,W,3,6.4,2,2.0,2.0,1.0,2.0,1.0,1.0,N,14:05,120+04737,2016-11-30 14:03:00
4561,201302562013-012736            ,2013-10-15 00:00:00,TU,12:46:00,0,0,0,0,P,N,N,2.0,2,NJ 3                                              ,W,3,5.0,2,2.0,1.0,1.0,1.0,1.0,2.0,N,12:45,120+04739,2013-10-15 12:46:00
4562,2018025618-19662               ,2018-09-21 00:00:00,FR,8:13:00,0,0,0,0,P,N,N,1.0,2,NJ 3                                              ,W,3,5.0,2,2.0,1.0,1.0,1.0,1.0,1.0,N,8:15,120+04739,2018-09-21 08:13:00
4563,2017025617-19545               ,2017-10-22 00:00:00,SU,20:21:00,0,0,0,0,P,N,N,1.0,3,NJ 3                                              ,W,3,6.8,2,1.0,1.0,6.0,1.0,1.0,1.0,N,20:20,120+04737,2017-10-22 20:21:00
4566,2018025618-19687               ,2018-09-21 00:00:00,FR,15:41:00,0,0,0,0,P,N,N,2.0,2,NJ 3                                              ,W,3,5.0,2,2.0,1.0,1.0,1.0,1.0,1.0,N,15:40,120+04739,2018-09-21 15:41:00
4567,2016025616-25710               ,2016-12-02 00:00:00,F ,17:23:00,0,0,0,0,P,N,N,2.0,2,NJ 3                                              ,W,3,5.3,2,2.0,1.0,3.0,1.0,1.0,1.0,N,17:25,120P04738,2016-12-02 17:23:00
4568,2017025617-19549               ,2017-10-22 00:00:00,SU,21:25:00,0,0,0,0,P,N,N,11.0,1,NJ 3                                              ,W,3,5.7,2,2.0,1.0,6.0,1.0,1.0,1.0,N,21:25,120+04738,2017-10-22 21:25:00
4569,201302562013-012749            ,2013-10-15 00:00:00,TU,18:35:00,0,0,0,0,P,N,N,1.0,2,NJ 3                                              ,W,3,5.9,2,2.0,1.0,3.0,1.0,1.0,2.0,N,18:35,120P04737,2013-10-15 18:35:00
4571,2016025616-25887               ,2016-12-05 00:00:00,M ,15:57:00,0,0,0,0,P,N,N,1.0,2,NJ 3                                              ,W,3,5.0,2,2.0,1.0,1.0,1.0,1.0,1.0,N,15:55,120+04739,2016-12-05 15:57:00
4572,2017025617-19592               ,2017-10-23 00:00:00,MO,14:28:00,0,1,0,0,I,N,N,2.0,2,NJ 3                                              ,W,3,6.3,2,2.0,1.0,1.0,1.0,1.0,1.0,N,14:30,120P04737,2017-10-23 14:28:00
4574,201302562013-012930            ,2013-10-19 00:00:00,SA,12:11:00,0,0,0,0,P,N,N,1.0,2,NJ 3                                              ,W,3,5.0,2,2.0,1.0,1.0,1.0,1.0,2.0,N,12:10,120+04739,2013-10-19 12:11:00
4575,2017025617-19596               ,2017-10-23 00:00:00,MO,16:27:00,0,0,0,0,P,N,N,1.0,2,NJ 3                                              ,W,3,6.1,2,2.0,1.0,1.0,1.0,1.0,1.0,N,16:25,120P04737,2017-10-23 16:27:00
4576,2018025618-19829               ,2018-09-23 00:00:00,SU,13:27:00,0,2,0,0,I,N,N,1.0,2,NJ 3                                              ,W,3,6.4,2,2.0,1.0,1.0,1.0,1.0,1.0,N,13:25,120+04737,2018-09-23 13:27:00
4577,201302562013-012933            ,2013-10-19 00:00:00,SA,13:30:00,0,0,0,0,P,N,N,1.0,2,NJ 3                                              ,W,3,5.01,2,2.0,1.0,1.0,1.0,1.0,2.0,N,13:30,120+04739,2013-10-19 13:30:00
4578,2016025616-26043               ,2016-12-07 00:00:00,W ,17:03:00,0,0,0,0,P,N,N,2.0,2,NJ 3                                              ,W,3,5.1,2,2.0,1.0,6.0,1.0,5.0,1.0,N,17:05,120+04739,2016-12-07 17:03:00
4579,2018025618-19893               ,2018-09-24 00:00:00,MO,16:04:00,0,1,0,0,I,N,N,1.0,2,NJ 3                                              ,W,3,6.7,2,2.0,1.0,1.0,1.0,1.0,1.0,N,16:05,120+04737,2018-09-24 16:04:00
4582,201302562013-012996            ,2013-10-21 00:00:00,M ,11:29:00,0,0,0,0,P,N,N,1.0,2,NJ 3                                              ,W,3,5.01,2,2.0,1.0,1.0,1.0,2.0,2.0,N,11:30,120+04739,2013-10-21 11:29:00
4583,2016025616-26183               ,2016-12-09 00:00:00,F ,16:04:00,0,1,0,0,I,N,N,1.0,2,NJ 3                                              ,W,3,5.5,2,2.0,1.0,1.0,1.0,1.0,1.0,N,16:05,120P04738,2016-12-09 16:04:00
4585,2018025618-20028               ,2018-09-26 00:00:00,WE,7:57:00,0,1,0,0,I,N,N,1.0,2,NJ 3                                              ,W,3,5.0,2,2.0,2.0,1.0,1.0,1.0,1.0,N,7:55,120+04739,2018-09-26 07:57:00
4586,201302562013-013064            ,2013-10-23 00:00:00,W ,7:03:00,0,0,0,0,P,N,N,1.0,2,NJ 3                                              ,W,3,5.01,2,2.0,1.0,2.0,1.0,2.0,2.0,N,7:05,120+04739,2013-10-23 07:03:00
4587,2016025616-26315               ,2016-12-12 00:00:00,M ,4:10:00,0,0,0,0,P,N,N,11.0,1,NJ 3                                              ,W,3,6.4,2,2.0,2.0,6.0,2.0,2.0,1.0,N,4:10,120+04737,2016-12-12 04:10:00
4588,2.02E+15,2015-11-12 00:00:00,TH,15:21:00,0,0,0,0,P,N,N,1.0,2,NJ 3                                              ,W,3,10.24,2,2.0,1.0,1.0,1.0,1.0,1.0,N,15:20,120P04729,2015-11-12 15:21:00
4590,201302562013-013070            ,2013-10-23 00:00:00,W ,8:02:00,0,0,0,0,P,N,N,1.0,2,NJ 3                                              ,W,3,5.0,2,2.0,1.0,1.0,1.0,1.0,2.0,N,8:00,120+04739,2013-10-23 08:02:00
4591,2018025618-20031               ,2018-09-26 00:00:00,WE,8:02:00,0,0,0,0,P,N,N,1.0,2,NJ 3                                              ,W,3,5.1,2,2.0,2.0,1.0,1.0,1.0,1.0,N,8:00,120+04739,2018-09-26 08:02:00
4592,2017025617-19858               ,2017-10-27 00:00:00,FR,17:00:00,0,0,0,0,P,N,N,1.0,2,NJ 3                                              ,W,3,5.6,2,2.0,1.0,1.0,1.0,1.0,1.0,N,17:00,120+04738,2017-10-27 17:00:00
4593,2016025616-26334               ,2016-12-12 00:00:00,M ,10:37:00,0,1,0,0,I,N,N,11.0,1,NJ 3                                              ,W,3,6.4,2,2.0,2.0,1.0,5.0,1.0,1.0,N,10:35,120+04737,2016-12-12 10:37:00
4594,2.02E+15,2015-11-13 00:00:00,F ,12:15:00,0,0,0,0,P,N,N,1.0,2,NJ 3                                              ,W,3,10.85,2,1.0,1.0,1.0,1.0,4.0,1.0,N,12:15,120P13767,2015-11-13 12:15:00
4595,201302562013-013089            ,2013-10-23 00:00:00,W ,13:17:00,0,0,0,0,P,N,N,2.0,2,NJ 3                                              ,W,3,5.0,2,2.0,1.0,1.0,5.0,1.0,2.0,N,13:15,120+04739,2013-10-23 13:17:00
4596,2017025617-19931               ,2017-10-28 00:00:00,SA,18:25:00,0,0,0,0,P,N,N,1.0,2,NJ 3                                              ,W,3,5.2,2,2.0,1.0,6.0,1.0,1.0,1.0,N,18:25,120P04738,2017-10-28 18:25:00
4599,2016025616-26665               ,2016-12-16 00:00:00,F ,12:53:00,0,1,0,0,I,N,N,1.0,2,NJ 3                                              ,W,3,5.0,2,2.0,1.0,1.0,1.0,1.0,1.0,N,12:55,120+04739,2016-12-16 12:53:00
4600,2017025617-19933               ,2017-10-28 00:00:00,SA,18:36:00,0,0,0,0,P,N,N,1.0,2,NJ 3                                              ,W,3,5.2,2,2.0,1.0,6.0,1.0,1.0,1.0,N,18:35,120P04738,2017-10-28 18:36:00
4601,201302562013-013114            ,2013-10-23 00:00:00,W ,23:34:00,0,5,0,0,I,N,N,1.0,4,NJ 3                                              ,W,3,5.7,2,2.0,1.0,6.0,1.0,1.0,2.0,N,23:35,120+04738,2013-10-23 23:34:00
4603,2016025616-26688               ,2016-12-16 00:00:00,F ,17:48:00,0,0,0,0,P,N,N,1.0,2,NJ 3                                              ,W,3,5.5,2,2.0,1.0,6.0,1.0,1.0,1.0,N,17:50,120P04738,2016-12-16 17:48:00
4604,201302562013-013278            ,2013-10-27 00:00:00,S ,15:02:00,0,0,0,0,P,N,N,15.0,1,NJ 3                                              ,W,3,6.3,2,2.0,1.0,1.0,1.0,1.0,2.0,N,15:00,120P04737,2013-10-27 15:02:00
4605,2.01E+15,2014-08-21 00:00:00,TH,1:03:00,0,0,0,0,P,N,N,2.0,2,NJ 3                                              ,W,3,10.5,2,2.0,1.0,6.0,1.0,3.0,1.0,N,1:05,120P13767,2014-08-21 01:03:00
4606,201302562013-013299            ,2013-10-28 00:00:00,M ,8:04:00,0,0,0,0,P,N,N,1.0,3,NJ 3                                              ,W,3,5.7,2,2.0,1.0,1.0,1.0,1.0,2.0,N,8:05,120+04738,2013-10-28 08:04:00
4607,2.01E+15,2014-08-27 00:00:00,W ,5:19:00,0,2,0,0,I,N,N,4.0,2,NJ 3                                              ,W,3,0.0,2,2.0,1.0,2.0,1.0,2.0,1.0,N,5:20,120+07449,2014-08-27 05:19:00
4608,201302562013-013326            ,2013-10-28 00:00:00,M ,18:48:00,0,0,0,0,P,N,N,2.0,2,NJ 3                                              ,W,3,5.7,2,2.0,1.0,6.0,1.0,5.0,1.0,N,18:50,120+04738,2013-10-28 18:48:00
4609,2018025618-20422               ,2018-10-01 00:00:00,MO,16:00:00,0,1,0,0,I,N,N,1.0,2,NJ 3                                              ,W,3,6.3,2,2.0,1.0,1.0,1.0,1.0,2.0,N,16:00,120P04737,2018-10-01 16:00:00
4610,2017025617-20077               ,2017-10-30 00:00:00,MO,16:46:00,0,0,0,0,P,N,N,2.0,2,NJ 3                                              ,W,3,6.4,2,2.0,1.0,1.0,1.0,1.0,1.0,N,16:45,120+04737,2017-10-30 16:46:00
4612,2018025618-20427               ,2018-10-01 00:00:00,MO,16:36:00,0,0,0,0,P,N,N,1.0,2,NJ 3                                              ,W,3,5.7,2,2.0,1.0,1.0,1.0,1.0,2.0,N,16:35,120+04738,2018-10-01 16:36:00
4613,2016025616-26890               ,2016-12-20 00:00:00,TU,7:21:00,0,0,0,0,P,N,N,1.0,2,NJ 3                                              ,W,3,6.4,2,2.0,1.0,1.0,1.0,1.0,1.0,N,7:20,120+04737,2016-12-20 07:21:00
4614,2.01E+15,2014-09-05 00:00:00,F ,21:35:00,0,4,0,0,I,N,N,1.0,2,NJ 3                                              ,W,3,10.9,2,2.0,1.0,6.0,1.0,4.0,1.0,N,21:35,120P13767,2014-09-05 21:35:00
4615,201302562013-013372            ,2013-10-29 00:00:00,TU,19:02:00,0,0,0,0,P,N,N,1.0,2,NJ 3                                              ,W,3,5.0,2,2.0,1.0,6.0,1.0,1.0,2.0,N,19:00,120+04739,2013-10-29 19:02:00
4618,201302562013-013373            ,2013-10-29 00:00:00,TU,19:33:00,0,0,0,0,P,N,N,2.0,2,NJ 3                                              ,W,3,6.2,2,2.0,1.0,6.0,1.0,1.0,2.0,N,19:35,120P04737,2013-10-29 19:33:00
4620,2018025618-20584               ,2018-10-03 00:00:00,WE,19:02:00,0,2,0,0,I,N,N,1.0,2,NJ 3                                              ,W,3,6.2,2,2.0,1.0,6.0,99.0,1.0,2.0,N,19:00,120P04737,2018-10-03 19:02:00
4621,20150908SO-15-010606           ,2015-04-28 00:00:00,TU,18:54:00,0,1,0,0,I,N,N,2.0,2,NJ 3                                              ,W,3,10.3,2,2.0,1.0,1.0,1.0,2.0,1.0,N,18:55,120P04729,2015-04-28 18:54:00
4622,2016025616-27065               ,2016-12-22 00:00:00,TH,18:00:00,0,0,0,0,P,N,N,1.0,2,NJ 3                                              ,W,3,5.2,2,2.0,1.0,6.0,1.0,1.0,1.0,N,18:00,120P04738,2016-12-22 18:00:00