,CRASH_ID,DATE,DAY,TIME,KILLED,INJURED,PED_KILL,PED_INJ,SEVERITY,ALCOHOL,HAZMAT,CRASH_TYPE,VEH_COUNT,LOCATION,LOC_DIR,ROUTE,MP,RD_SYS,RD_SURF,SURF_COND,LIGHT,WEATHER,RD_DIV,RD_WRKZN,CELL_USE,TIME_ROUND,TMC,timestamp
4623,2018025618-20651               ,2018-10-04 00:00:00,TH,16:54:00,0,0,0,0,P,N,N,1.0,2,NJ 3                                              ,W,3,5.5,2,2.0,1.0,1.0,1.0,1.0,2.0,N,16:55,120P04738,2018-10-04 16:54:00
4625,2016025616-27077               ,2016-12-22 00:00:00,TH,21:35:00,0,0,0,0,P,N,N,1.0,2,NJ 3                                              ,W,3,5.7,2,2.0,1.0,6.0,1.0,1.0,1.0,N,21:35,120+04738,2016-12-22 21:35:00
4627,2016025616-27131               ,2016-12-24 00:00:00,SA,2:14:00,0,0,0,0,P,N,N,11.0,1,NJ 3                                              ,W,3,5.6,2,2.0,1.0,6.0,1.0,1.0,1.0,Y,2:15,120+04738,2016-12-24 02:14:00
4628,201302562013-013580            ,2013-11-03 00:00:00,S ,16:34:00,0,0,0,0,P,N,N,1.0,2,NJ 3                                              ,W,3,5.8,2,2.0,1.0,1.0,1.0,1.0,2.0,N,16:35,120+04738,2013-11-03 16:34:00
4629,2018025618-20744               ,2018-10-06 00:00:00,SA,6:20:00,0,0,0,0,P,N,N,11.0,1,NJ 3                                              ,W,3,6.1,2,2.0,1.0,6.0,1.0,1.0,2.0,N,6:20,120P04737,2018-10-06 06:20:00
4630,2017025617-20608               ,2017-11-07 00:00:00,TU,7:41:00,0,1,0,0,I,N,N,1.0,2,NJ 3                                              ,W,3,6.3,2,2.0,1.0,1.0,1.0,1.0,1.0,N,7:40,120P04737,2017-11-07 07:41:00
4631,2018025618-20785               ,2018-10-06 00:00:00,SA,19:05:00,0,0,0,0,P,N,N,1.0,3,NJ 3                                              ,W,3,5.2,2,2.0,2.0,6.0,2.0,1.0,1.0,N,19:05,120P04738,2018-10-06 19:05:00
4632,201302562013-013586            ,2013-11-03 00:00:00,S ,18:08:00,0,1,0,0,I,N,N,1.0,3,NJ 3                                              ,W,3,5.5,2,2.0,1.0,6.0,1.0,1.0,2.0,N,18:10,120P04738,2013-11-03 18:08:00
4633,2017025617-20647               ,2017-11-07 00:00:00,TU,19:45:00,0,0,0,0,P,N,N,1.0,3,NJ 3                                              ,W,3,5.5,2,2.0,2.0,6.0,2.0,1.0,1.0,N,19:45,120P04738,2017-11-07 19:45:00
4635,201302562013-013590            ,2013-11-03 00:00:00,S ,18:31:00,0,0,0,0,P,N,N,1.0,3,NJ 3                                              ,W,3,5.0,2,2.0,1.0,6.0,1.0,1.0,2.0,N,18:30,120+04739,2013-11-03 18:31:00
4636,2018025618-20992               ,2018-10-09 00:00:00,TU,16:11:00,0,0,0,0,P,N,N,1.0,3,NJ 3                                              ,W,3,5.2,2,2.0,1.0,1.0,1.0,1.0,2.0,N,16:10,120P04738,2018-10-09 16:11:00
4637,2017025617-20664               ,2017-11-08 00:00:00,WE,1:16:00,0,0,0,0,P,N,N,11.0,1,NJ 3                                              ,W,3,6.1,2,2.0,2.0,6.0,1.0,1.0,1.0,N,1:15,120P04737,2017-11-08 01:16:00
4639,2015090915-000780              ,2015-01-16 00:00:00,F ,5:00:00,0,1,0,0,I,Y,N,2.0,2,NJ 3                                              ,W,3,8.8,2,2.0,1.0,6.0,1.0,1.0,1.0,N,5:00,120+04733,2015-01-16 05:00:00
4640,2018025618-21008               ,2018-10-09 00:00:00,TU,18:58:00,0,0,0,0,P,N,N,1.0,2,NJ 3                                              ,W,3,5.0,2,2.0,1.0,6.0,1.0,1.0,2.0,N,19:00,120+04739,2018-10-09 18:58:00
4641,201302562013-013618            ,2013-11-04 00:00:00,M ,17:47:00,0,0,0,0,P,N,N,1.0,2,NJ 3                                              ,W,3,5.7,2,2.0,1.0,6.0,1.0,1.0,2.0,N,17:45,120+04738,2013-11-04 17:47:00
4642,2017025617-21060               ,2017-11-14 00:00:00,TU,17:52:00,0,0,0,0,P,N,N,2.0,2,NJ 3                                              ,W,3,5.7,2,2.0,1.0,6.0,1.0,1.0,1.0,N,17:50,120+04738,2017-11-14 17:52:00
4643,2016025616-27267               ,2016-12-26 00:00:00,M ,21:53:00,0,0,0,0,P,N,N,11.0,1,NJ 3                                              ,W,3,6.1,2,2.0,2.0,6.0,2.0,3.0,1.0,N,21:55,120P04737,2016-12-26 21:53:00
4645,2017025617-21290               ,2017-11-17 00:00:00,FR,17:40:00,0,0,0,0,P,N,N,2.0,2,NJ 3                                              ,W,3,5.0,2,2.0,1.0,3.0,1.0,1.0,1.0,N,17:40,120+04739,2017-11-17 17:40:00
4646,201302562013-013679            ,2013-11-06 00:00:00,W ,13:30:00,0,0,0,0,P,N,N,2.0,2,NJ 3                                              ,W,3,5.1,2,2.0,1.0,1.0,1.0,1.0,2.0,N,13:30,120+04739,2013-11-06 13:30:00
4647,2016025616-27303               ,2016-12-27 00:00:00,TU,17:27:00,0,0,0,0,P,N,N,1.0,4,NJ 3                                              ,W,3,5.7,2,2.0,1.0,6.0,1.0,1.0,1.0,N,17:25,120+04738,2016-12-27 17:27:00
4648,2018025618-21075               ,2018-10-10 00:00:00,WE,16:36:00,0,0,0,0,P,N,N,1.0,2,NJ 3                                              ,W,3,6.8,2,2.0,1.0,1.0,1.0,1.0,1.0,N,16:35,120+04737,2018-10-10 16:36:00
4649,201302562013-013683            ,2013-11-06 00:00:00,W ,15:56:00,0,1,0,0,I,N,N,1.0,2,NJ 3                                              ,W,3,5.0,2,2.0,1.0,1.0,1.0,1.0,2.0,N,15:55,120+04739,2013-11-06 15:56:00
4650,2016025616-27312               ,2016-12-27 00:00:00,TU,19:15:00,0,0,0,0,P,N,N,1.0,2,NJ 3                                              ,W,3,5.0,2,1.0,1.0,6.0,1.0,1.0,1.0,N,19:15,120+04739,2016-12-27 19:15:00
4651,2018025618-21076               ,2018-10-10 00:00:00,WE,16:47:00,0,2,0,0,I,N,N,1.0,3,NJ 3                                              ,W,3,5.5,2,2.0,1.0,1.0,1.0,1.0,2.0,N,16:45,120P04738,2018-10-10 16:47:00
4652,2017025617-21301               ,2017-11-17 00:00:00,FR,19:24:00,0,0,0,0,P,N,N,1.0,2,NJ 3                                              ,W,3,6.2,2,2.0,1.0,6.0,1.0,1.0,1.0,N,19:25,120P04737,2017-11-17 19:24:00
4653,2.01E+15,2014-12-10 00:00:00,W ,8:23:00,0,2,0,0,I,N,N,2.0,3,NJ 3                                              ,W,3,10.45,2,2.0,2.0,1.0,2.0,1.0,1.0,N,8:25,120+04729,2014-12-10 08:23:00
4654,2015090915-001187              ,2015-01-24 00:00:00,SA,3:56:00,0,1,0,0,I,N,N,11.0,1,NJ 3                                              ,W,3,8.8,2,2.0,3.0,6.0,3.0,1.0,1.0,N,3:55,120+04733,2015-01-24 03:56:00
4655,2017025617-21336               ,2017-11-18 00:00:00,SA,13:07:00,0,0,0,0,P,N,N,3.0,2,NJ 3                                              ,W,3,5.0,2,2.0,1.0,1.0,5.0,2.0,1.0,N,13:05,120+04739,2017-11-18 13:07:00
4656,201302562013-013786            ,2013-11-08 00:00:00,F ,18:13:00,0,1,0,0,I,N,N,1.0,2,NJ 3                                              ,W,3,5.8,2,2.0,1.0,1.0,1.0,1.0,2.0,N,18:15,120+04738,2013-11-08 18:13:00
4657,2018025618-21104               ,2018-10-11 00:00:00,TH,8:30:00,0,0,0,0,P,N,N,1.0,2,NJ 3                                              ,W,3,6.5,2,2.0,1.0,1.0,1.0,2.0,1.0,N,8:30,120+04737,2018-10-11 08:30:00
4659,201302562013-013892            ,2013-11-11 00:00:00,M ,16:49:00,0,0,0,0,P,N,N,1.0,2,NJ 3                                              ,W,3,5.0,2,2.0,1.0,6.0,1.0,1.0,2.0,N,16:50,120+04739,2013-11-11 16:49:00
4660,2017025617-21495               ,2017-11-20 00:00:00,MO,17:45:00,0,0,0,0,P,N,N,1.0,2,NJ 3                                              ,W,3,6.8,2,1.0,1.0,6.0,1.0,1.0,1.0,N,17:45,120+04737,2017-11-20 17:45:00
4662,2018025618-21220               ,2018-10-12 00:00:00,FR,15:04:00,0,1,0,0,I,N,N,1.0,2,NJ 3                                              ,W,3,5.2,2,2.0,1.0,1.0,1.0,1.0,1.0,N,15:05,120P04738,2018-10-12 15:04:00
4663,2017025617-21551               ,2017-11-21 00:00:00,TU,18:33:00,0,0,0,0,P,N,N,2.0,2,NJ 3                                              ,W,3,5.4,2,2.0,1.0,6.0,1.0,1.0,1.0,N,18:35,120P04738,2017-11-21 18:33:00
4664,2015090915-001852              ,2015-02-08 00:00:00,S ,13:58:00,0,2,0,0,I,N,N,2.0,3,NJ 3                                              ,W,3,9.8,2,2.0,1.0,1.0,1.0,2.0,1.0,Y,14:00,120+04730,2015-02-08 13:58:00
4665,2.01E+15,2014-12-17 00:00:00,W ,20:18:00,0,0,0,0,P,N,N,2.0,2,NJ 3                                              ,W,3,10.84,2,2.0,1.0,6.0,1.0,1.0,1.0,N,20:20,120P13767,2014-12-17 20:18:00
4666,2018025618-21287               ,2018-10-13 00:00:00,SA,12:22:00,0,0,0,0,P,N,N,1.0,2,NJ 3                                              ,W,3,5.3,2,2.0,1.0,1.0,5.0,1.0,2.0,N,12:20,120P04738,2018-10-13 12:22:00
4667,20160256BS-16-057565           ,2016-09-30 00:00:00,F ,16:13:00,0,0,0,0,P,N,N,2.0,2,NJ 3                                              ,W,3,5.71,2,2.0,2.0,1.0,2.0,1.0,1.0,N,16:15,120+04738,2016-09-30 16:13:00
4668,2017025617-21587               ,2017-11-22 00:00:00,WE,9:26:00,0,0,0,0,P,N,N,3.0,2,NJ 3                                              ,W,3,5.93,2,2.0,2.0,1.0,2.0,5.0,1.0,N,9:25,120P04737,2017-11-22 09:26:00
4669,201302562013-013928            ,2013-11-12 00:00:00,TU,17:02:00,0,0,0,0,P,N,N,1.0,2,NJ 3                                              ,W,3,6.4,2,2.0,1.0,6.0,5.0,1.0,1.0,N,17:00,120+04737,2013-11-12 17:02:00
4670,2018025618-21296               ,2018-10-13 00:00:00,SA,14:13:00,0,0,0,0,P,N,N,1.0,2,NJ 3                                              ,W,3,5.11,2,2.0,1.0,1.0,5.0,1.0,1.0,N,14:15,120+04739,2018-10-13 14:13:00
4671,2017025617-21767               ,2017-11-25 00:00:00,SA,16:57:00,0,0,0,0,P,N,N,1.0,2,NJ 3                                              ,W,3,5.3,2,2.0,1.0,6.0,1.0,1.0,1.0,N,16:55,120P04738,2017-11-25 16:57:00
4672,201302562013-013951            ,2013-11-13 00:00:00,W ,9:32:00,0,0,0,0,P,N,N,1.0,2,NJ 3                                              ,W,3,5.7,2,2.0,1.0,1.0,1.0,1.0,2.0,N,9:30,120+04738,2013-11-13 09:32:00
4674,201302562013-013954            ,2013-11-13 00:00:00,W ,9:44:00,0,0,0,0,P,N,N,99.0,2,NJ 3                                              ,W,3,5.7,2,2.0,1.0,1.0,1.0,1.0,2.0,N,9:45,120+04738,2013-11-13 09:44:00
4675,2017025617-21771               ,2017-11-25 00:00:00,SA,18:57:00,0,0,0,0,P,N,N,2.0,2,NJ 3                                              ,W,3,6.1,2,2.0,1.0,6.0,1.0,1.0,1.0,N,18:55,120P04737,2017-11-25 18:57:00
4676,2015090915-002337              ,2015-02-17 00:00:00,TU,13:53:00,0,0,0,0,P,N,N,1.0,2,NJ 3                                              ,W,3,9.12,2,2.0,1.0,1.0,1.0,2.0,1.0,N,13:55,120+04732,2015-02-17 13:53:00
4677,201302562013-014001            ,2013-11-14 00:00:00,TH,12:36:00,0,0,0,0,P,N,N,1.0,2,NJ 3                                              ,W,3,5.0,2,2.0,1.0,1.0,1.0,1.0,2.0,N,12:35,120+04739,2013-11-14 12:36:00
4678,2018025618-21429               ,2018-10-15 00:00:00,MO,17:03:00,0,0,0,0,P,N,N,1.0,2,NJ 3                                              ,W,3,5.2,2,2.0,1.0,1.0,1.0,1.0,2.0,N,17:05,120P04738,2018-10-15 17:03:00
4679,2017025617-21944               ,2017-11-28 00:00:00,TU,18:25:00,0,0,0,0,P,N,N,2.0,2,NJ 3                                              ,W,3,5.8,2,2.0,1.0,6.0,1.0,1.0,1.0,N,18:25,120+04738,2017-11-28 18:25:00
4680,201302562013-014005            ,2013-11-14 00:00:00,TH,13:19:00,0,1,0,0,I,N,N,1.0,2,NJ 3                                              ,W,3,5.0,2,2.0,1.0,1.0,1.0,1.0,2.0,N,13:20,120+04739,2013-11-14 13:19:00
4681,2018025618-21438               ,2018-10-15 00:00:00,MO,19:14:00,0,1,0,0,I,N,N,1.0,2,NJ 3                                              ,W,3,5.0,2,2.0,1.0,6.0,1.0,1.0,1.0,N,19:15,120+04739,2018-10-15 19:14:00
4682,201302562013-014037            ,2013-11-15 00:00:00,F ,10:16:00,0,0,0,0,P,N,N,2.0,2,NJ 3                                              ,W,3,6.2,2,2.0,1.0,1.0,1.0,1.0,1.0,N,10:15,120P04737,2013-11-15 10:16:00
4683,2015090915-002474              ,2015-02-20 00:00:00,F ,6:42:00,0,1,0,0,I,N,N,11.0,1,NJ 3                                              ,W,3,9.2,2,2.0,1.0,1.0,1.0,1.0,1.0,N,6:40,120+04732,2015-02-20 06:42:00
4685,2018025618-21498               ,2018-10-16 00:00:00,TU,19:11:00,0,1,0,0,I,N,N,1.0,2,NJ 3                                              ,W,3,6.6,2,2.0,1.0,6.0,1.0,1.0,1.0,N,19:10,120+04737,2018-10-16 19:11:00
4686,2014090914-001389              ,2014-01-21 00:00:00,TU,22:00:00,0,0,0,0,P,N,N,11.0,1,NJ 3                                              ,W,3,8.57,2,2.0,3.0,6.0,3.0,5.0,1.0,N,22:00,120+04733,2014-01-21 22:00:00
4688,2017025617-22362               ,2017-12-04 00:00:00,MO,15:36:00,0,0,0,0,P,N,N,1.0,2,NJ 3                                              ,W,3,5.0,2,2.0,1.0,1.0,1.0,1.0,1.0,N,15:35,120+04739,2017-12-04 15:36:00
4689,2018025618-21601               ,2018-10-18 00:00:00,TH,9:18:00,0,2,0,0,I,N,N,1.0,3,NJ 3                                              ,W,3,5.0,2,2.0,1.0,1.0,1.0,1.0,1.0,N,9:20,120+04739,2018-10-18 09:18:00
4690,2014090914-001510              ,2014-01-23 00:00:00,TH,18:05:00,0,0,0,0,P,N,N,1.0,2,NJ 3                                              ,W,3,10.5,2,2.0,1.0,6.0,1.0,5.0,1.0,Y,18:05,120P13767,2014-01-23 18:05:00
4691,2018025618-21865               ,2018-10-22 00:00:00,MO,18:10:00,0,0,0,0,P,N,N,1.0,2,NJ 3                                              ,W,3,6.2,2,2.0,1.0,1.0,1.0,1.0,2.0,N,18:10,120P04737,2018-10-22 18:10:00
4692,201302562013-014160            ,2013-11-18 00:00:00,M ,8:12:00,0,0,0,0,P,N,N,11.0,1,NJ 3                                              ,W,3,6.6,2,2.0,1.0,1.0,1.0,1.0,2.0,N,8:10,120+04737,2013-11-18 08:12:00
4693,2014090914-001579              ,2014-01-24 00:00:00,F ,17:52:00,0,0,0,0,P,N,N,1.0,3,NJ 3                                              ,W,3,8.9,2,2.0,1.0,6.0,1.0,1.0,1.0,N,17:50,120+04732,2014-01-24 17:52:00
4695,201302562013-014163            ,2013-11-18 00:00:00,M ,8:54:00,0,0,0,0,P,N,N,1.0,3,NJ 3                                              ,W,3,5.6,2,2.0,1.0,1.0,1.0,1.0,2.0,N,8:55,120+04738,2013-11-18 08:54:00
4696,2018025618-22003               ,2018-10-24 00:00:00,WE,17:15:00,0,0,0,0,P,N,N,2.0,2,NJ 3                                              ,W,3,6.0,2,2.0,1.0,1.0,1.0,1.0,2.0,N,17:15,120P04737,2018-10-24 17:15:00
4697,2017025617-22958               ,2017-12-14 00:00:00,TH,17:50:00,0,0,0,0,P,N,N,1.0,2,NJ 3                                              ,W,3,6.4,2,2.0,1.0,6.0,1.0,2.0,1.0,N,17:50,120+04737,2017-12-14 17:50:00
4698,2014090914-002033              ,2014-01-31 00:00:00,F ,10:05:00,0,0,0,0,P,N,N,15.0,1,NJ 3                                              ,W,3,8.6,2,2.0,1.0,1.0,5.0,2.0,1.0,N,10:05,120+04733,2014-01-31 10:05:00
4699,2015090915-003190              ,2015-03-05 00:00:00,TH,9:33:00,0,0,0,0,P,N,N,1.0,2,NJ 3                                              ,W,3,10.5,2,2.0,3.0,1.0,3.0,2.0,1.0,N,9:35,120P13767,2015-03-05 09:33:00
4701,2018025618-22076               ,2018-10-25 00:00:00,TH,17:47:00,0,0,0,0,P,N,N,2.0,2,NJ 3                                              ,W,3,5.0,2,2.0,1.0,1.0,1.0,1.0,1.0,N,17:45,120+04739,2018-10-25 17:47:00
4702,201302562013-014164            ,2013-11-18 00:00:00,M ,9:07:00,0,0,0,0,P,N,N,1.0,2,NJ 3                                              ,W,3,6.4,2,2.0,1.0,1.0,1.0,2.0,2.0,N,9:05,120+04737,2013-11-18 09:07:00
4703,2015090915-003197              ,2015-03-05 00:00:00,TH,10:49:00,0,0,0,0,P,N,N,11.0,1,NJ 3                                              ,W,3,9.95,2,2.0,4.0,1.0,3.0,2.0,,N,10:50,120P04729,2015-03-05 10:49:00
4704,201302562013-014172            ,2013-11-18 00:00:00,M ,13:44:00,0,2,0,0,I,N,N,15.0,1,NJ 3                                              ,W,3,5.4,2,2.0,1.0,1.0,1.0,1.0,2.0,N,13:45,120P04738,2013-11-18 13:44:00
4705,2018025618-22131               ,2018-10-26 00:00:00,FR,14:40:00,0,0,0,0,P,N,N,1.0,2,NJ 3                                              ,W,3,5.8,2,2.0,1.0,1.0,1.0,1.0,2.0,N,14:40,120+04738,2018-10-26 14:40:00
4706,2017025617-23040               ,2017-12-15 00:00:00,FR,20:40:00,0,0,0,0,P,N,N,2.0,2,NJ 3                                              ,W,3,6.4,2,2.0,4.0,6.0,3.0,2.0,1.0,N,20:40,120+04737,2017-12-15 20:40:00
4707,2014090914-002296              ,2014-02-04 00:00:00,TU,8:35:00,0,1,0,0,I,N,N,11.0,2,NJ 3                                              ,W,3,0.0,2,1.0,2.0,1.0,1.0,5.0,1.0,N,8:35,120+07449,2014-02-04 08:35:00
4709,201302562013-014173            ,2013-11-18 00:00:00,M ,14:10:00,0,0,0,0,P,N,N,11.0,1,NJ 3                                              ,W,3,5.3,2,2.0,1.0,1.0,1.0,1.0,2.0,N,14:10,120P04738,2013-11-18 14:10:00
4711,2014090914-002382              ,2014-02-05 00:00:00,W ,11:14:00,0,0,0,0,P,N,N,1.0,2,NJ 3                                              ,W,3,10.24,2,2.0,4.0,1.0,6.0,1.0,1.0,N,11:15,120P04729,2014-02-05 11:14:00
4712,2018025618-22145               ,2018-10-26 00:00:00,FR,17:17:00,0,0,0,0,P,N,N,1.0,2,NJ 3                                              ,W,3,5.0,2,2.0,1.0,6.0,1.0,1.0,1.0,N,17:15,120+04739,2018-10-26 17:17:00
4713,201302562013-014174            ,2013-11-18 00:00:00,M ,14:11:00,0,0,0,0,P,N,N,11.0,1,NJ 3                                              ,W,3,5.4,2,2.0,1.0,1.0,1.0,1.0,2.0,N,14:10,120P04738,2013-11-18 14:11:00
4714,2017025617-23134               ,2017-12-17 00:00:00,SU,17:23:00,0,0,0,0,P,N,N,1.0,2,NJ 3                                              ,W,3,6.5,2,2.0,1.0,6.0,1.0,1.0,1.0,N,17:25,120+04737,2017-12-17 17:23:00
4715,2018025618-22148               ,2018-10-26 00:00:00,FR,17:50:00,0,1,0,0,I,N,N,1.0,2,NJ 3                                              ,W,3,6.0,2,2.0,1.0,1.0,1.0,1.0,2.0,N,17:50,120P04737,2018-10-26 17:50:00
4716,2017025617-23135               ,2017-12-17 00:00:00,SU,17:27:00,0,0,0,0,P,N,N,1.0,2,NJ 3                                              ,W,3,6.2,2,2.0,1.0,3.0,1.0,1.0,1.0,N,17:25,120P04737,2017-12-17 17:27:00
4717,201302562013-014184            ,2013-11-18 00:00:00,M ,18:36:00,0,0,0,0,P,N,N,1.0,2,NJ 3                                              ,W,3,6.8,2,2.0,1.0,6.0,1.0,1.0,2.0,N,18:35,120+04737,2013-11-18 18:36:00
4719,201302562013-014199            ,2013-11-19 00:00:00,TU,8:00:00,0,0,0,0,P,N,N,1.0,4,NJ 3                                              ,W,3,5.0,2,1.0,1.0,1.0,1.0,1.0,2.0,N,8:00,120+04739,2013-11-19 08:00:00
4720,2017025617-23229               ,2017-12-18 00:00:00,MO,16:05:00,0,1,0,0,I,N,N,1.0,2,NJ 3                                              ,W,3,6.4,2,2.0,1.0,1.0,1.0,1.0,1.0,N,16:05,120+04737,2017-12-18 16:05:00
4721,2014090914-003081              ,2014-02-16 00:00:00,S ,12:30:00,0,1,0,0,I,N,N,1.0,2,NJ 3                                              ,W,3,8.57,2,2.0,1.0,1.0,1.0,1.0,1.0,N,12:30,120+04733,2014-02-16 12:30:00
4722,2.02E+15,2016-02-29 00:00:00,M ,8:35:00,0,0,0,0,P,N,N,3.0,2,NJ 3                                              ,W,3,10.46,2,2.0,1.0,1.0,1.0,4.0,1.0,N,8:35,120+04729,2016-02-29 08:35:00
4723,201302562013-014226            ,2013-11-20 00:00:00,W ,1:01:00,0,0,0,0,P,N,N,1.0,2,NJ 3                                              ,W,3,5.0,2,2.0,1.0,6.0,1.0,1.0,2.0,N,1:00,120+04739,2013-11-20 01:01:00
4724,2017025617-23419               ,2017-12-20 00:00:00,WE,15:38:00,0,0,0,0,P,N,N,1.0,2,NJ 3                                              ,W,3,5.0,2,2.0,1.0,1.0,1.0,1.0,1.0,N,15:40,120+04739,2017-12-20 15:38:00
4725,201302562013-014245            ,2013-11-20 00:00:00,W ,13:58:00,0,0,0,0,P,N,N,2.0,2,NJ 3                                              ,W,3,5.0,2,2.0,1.0,1.0,1.0,1.0,2.0,N,14:00,120+04739,2013-11-20 13:58:00
4727,201302562013-014253            ,2013-11-20 00:00:00,W ,19:25:00,0,0,0,0,P,N,N,1.0,2,NJ 3                                              ,W,3,6.5,2,2.0,1.0,6.0,1.0,1.0,1.0,N,19:25,120+04737,2013-11-20 19:25:00
4728,201302562013-014315            ,2013-11-22 00:00:00,F ,11:10:00,0,0,0,0,P,N,N,11.0,1,NJ 3                                              ,W,3,5.0,2,2.0,1.0,1.0,1.0,1.0,2.0,N,11:10,120+04739,2013-11-22 11:10:00
4729,2018025618-22301               ,2018-10-29 00:00:00,MO,8:48:00,0,0,0,0,P,N,N,1.0,2,NJ 3                                              ,W,3,5.0,2,2.0,1.0,1.0,1.0,1.0,1.0,N,8:50,120+04739,2018-10-29 08:48:00
4730,2.02E+15,2016-03-08 00:00:00,TU,14:35:00,0,0,0,0,P,N,N,2.0,2,NJ 3                                              ,W,3,10.84,2,2.0,1.0,1.0,1.0,1.0,1.0,Y,14:35,120P13767,2016-03-08 14:35:00
4731,2017025617-23568               ,2017-12-22 00:00:00,FR,16:20:00,0,0,0,0,P,N,N,2.0,2,NJ 3                                              ,W,3,5.0,2,2.0,1.0,3.0,1.0,1.0,1.0,N,16:20,120+04739,2017-12-22 16:20:00
4732,201302562013-014328            ,2013-11-22 00:00:00,F ,15:15:00,0,0,0,0,P,N,N,1.0,2,NJ 3                                              ,W,3,5.8,2,2.0,1.0,1.0,1.0,1.0,2.0,N,15:15,120+04738,2013-11-22 15:15:00
4733,2018025618-22325               ,2018-10-29 00:00:00,MO,15:11:00,0,0,0,0,P,N,N,3.0,2,NJ 3                                              ,W,3,6.5,2,2.0,1.0,1.0,1.0,5.0,1.0,N,15:10,120+04737,2018-10-29 15:11:00
4734,2014090914-004024              ,2014-03-02 00:00:00,S ,4:36:00,0,0,0,0,P,N,N,1.0,2,NJ 3                                              ,W,3,10.07,2,2.0,1.0,6.0,1.0,1.0,1.0,N,4:35,120P04729,2014-03-02 04:36:00
4735,2017025617-23611               ,2017-12-23 00:00:00,SA,11:23:00,0,1,0,0,I,N,N,11.0,2,NJ 3                                              ,W,3,6.3,2,2.0,2.0,1.0,2.0,2.0,1.0,N,11:25,120P04737,2017-12-23 11:23:00
4737,201302562013-014340            ,2013-11-22 00:00:00,F ,19:16:00,0,0,0,0,P,N,N,1.0,2,NJ 3                                              ,W,3,5.9,2,2.0,1.0,6.0,1.0,1.0,2.0,N,19:15,120P04737,2013-11-22 19:16:00
4738,2014090914-004455              ,2014-03-07 00:00:00,F ,21:10:00,0,1,0,0,I,N,N,2.0,2,NJ 3                                              ,W,3,8.8,2,2.0,1.0,6.0,1.0,1.0,1.0,N,21:10,120+04733,2014-03-07 21:10:00
4739,2018025618-22482               ,2018-10-31 00:00:00,WE,13:37:00,0,1,0,0,I,N,N,2.0,2,NJ 3                                              ,W,3,5.2,2,2.0,1.0,1.0,1.0,1.0,1.0,N,13:35,120P04738,2018-10-31 13:37:00
4740,2017025617-23658               ,2017-12-24 00:00:00,SU,12:46:00,0,0,0,0,P,N,N,2.0,2,NJ 3                                              ,W,3,6.4,2,1.0,1.0,1.0,1.0,1.0,1.0,N,12:45,120+04737,2017-12-24 12:46:00
4743,201302562013-014450            ,2013-11-25 00:00:00,M ,19:18:00,0,0,0,0,P,N,N,1.0,2,NJ 3                                              ,W,3,5.5,2,2.0,1.0,6.0,1.0,1.0,2.0,N,19:20,120P04738,2013-11-25 19:18:00
4744,2.02E+15,2016-03-31 00:00:00,TH,1:00:00,0,0,0,0,P,Y,N,6.0,2,NJ 3                                              ,W,3,10.46,2,2.0,1.0,6.0,1.0,5.0,2.0,N,1:00,120+04729,2016-03-31 01:00:00
4746,2018025618-22556               ,2018-11-01 00:00:00,TH,7:48:00,0,0,0,0,P,N,N,1.0,2,NJ 3                                              ,W,3,5.3,2,2.0,1.0,1.0,1.0,1.0,1.0,N,7:50,120P04738,2018-11-01 07:48:00
4747,201302562013-014451            ,2013-11-25 00:00:00,M ,19:33:00,0,0,0,0,P,N,N,2.0,2,NJ 3                                              ,W,3,5.5,2,2.0,1.0,6.0,1.0,1.0,2.0,N,19:35,120P04738,2013-11-25 19:33:00
4748,2014090914-004877              ,2014-03-14 00:00:00,F ,9:24:00,0,1,0,0,I,N,N,1.0,2,NJ 3                                              ,W,3,8.0,2,2.0,1.0,1.0,1.0,5.0,1.0,N,9:25,120+04734,2014-03-14 09:24:00
4751,2.01E+17,2013-05-08 00:00:00,W ,19:39:00,0,1,0,0,I,N,N,1.0,2,NJ 3                                              ,W,3,4.95,2,2.0,1.0,3.0,1.0,5.0,2.0,N,19:40,120+04739,2013-05-08 19:39:00
4752,2017025617-24106               ,2017-12-31 00:00:00,SU,2:53:00,0,2,0,0,I,Y,N,1.0,2,NJ 3                                              ,W,3,5.93,2,2.0,4.0,6.0,1.0,5.0,1.0,N,2:55,120P04737,2017-12-31 02:53:00
4754,2018025618-22871               ,2018-11-06 00:00:00,TU,15:39:00,0,0,0,0,P,N,N,1.0,2,NJ 3                                              ,W,3,5.1,2,2.0,2.0,1.0,2.0,1.0,1.0,N,15:40,120+04739,2018-11-06 15:39:00