,CRASH_ID,DATE,DAY,TIME,KILLED,INJURED,PED_KILL,PED_INJ,SEVERITY,ALCOHOL,HAZMAT,CRASH_TYPE,VEH_COUNT,LOCATION,LOC_DIR,ROUTE,MP,RD_SYS,RD_SURF,SURF_COND,LIGHT,WEATHER,RD_DIV,RD_WRKZN,CELL_USE,TIME_ROUND,TMC,timestamp
4755,2.01E+17,2013-05-10 00:00:00,F ,4:28:00,0,0,0,0,P,N,N,11.0,1,NJ 3                                              ,W,3,6.2,2,2.0,1.0,6.0,1.0,1.0,2.0,N,4:30,120P04737,2013-05-10 04:28:00
4757,2018025618-22946               ,2018-11-07 00:00:00,WE,18:48:00,0,0,0,0,P,N,N,1.0,2,NJ 3                                              ,W,3,6.4,2,2.0,1.0,6.0,1.0,1.0,1.0,N,18:50,120+04737,2018-11-07 18:48:00
4758,2018025618-22990               ,2018-11-08 00:00:00,TH,14:44:00,0,1,0,0,I,N,N,1.0,4,NJ 3                                              ,W,3,5.3,2,2.0,1.0,1.0,1.0,1.0,2.0,N,14:45,120P04738,2018-11-08 14:44:00
4759,2015090915-005489              ,2015-04-15 00:00:00,W ,20:53:00,0,2,0,0,I,Y,N,1.0,2,NJ 3                                              ,W,3,10.03,2,2.0,1.0,6.0,1.0,5.0,1.0,N,20:55,120P04729,2015-04-15 20:53:00
4761,2018025618-23017               ,2018-11-08 00:00:00,TH,18:48:00,0,0,0,0,P,N,N,1.0,2,NJ 3                                              ,W,3,6.5,2,2.0,1.0,6.0,1.0,1.0,1.0,N,18:50,120+04737,2018-11-08 18:48:00
4762,2014090914-005835              ,2014-03-28 00:00:00,F ,6:54:00,0,0,0,0,P,N,N,2.0,2,NJ 3                                              ,W,3,9.4,2,2.0,1.0,1.0,5.0,2.0,1.0,N,6:55,120+04732,2014-03-28 06:54:00
4763,2.02E+15,2016-05-05 00:00:00,TH,14:17:00,0,0,0,0,P,N,N,1.0,2,NJ 3                                              ,W,3,10.82,2,2.0,1.0,1.0,1.0,1.0,1.0,N,14:15,120P13767,2016-05-05 14:17:00
4764,2018025618-23281               ,2018-11-13 00:00:00,TU,8:40:00,0,0,0,0,P,N,N,11.0,1,NJ 3                                              ,W,3,6.5,2,2.0,2.0,1.0,2.0,1.0,1.0,N,8:40,120+04737,2018-11-13 08:40:00
4765,2.02E+15,2016-05-05 00:00:00,TH,14:24:00,0,0,0,0,P,N,N,1.0,2,NJ 3                                              ,W,3,10.84,2,2.0,1.0,1.0,1.0,1.0,,N,14:25,120P13767,2016-05-05 14:24:00
4766,2.02E+15,2017-01-30 00:00:00,MO,6:55:00,0,0,0,0,P,N,N,2.0,2,NJ 3                                              ,W,3,10.5,2,2.0,1.0,1.0,1.0,3.0,1.0,N,6:55,120P13767,2017-01-30 06:55:00
4768,2014090914-006543              ,2014-04-07 00:00:00,M ,12:52:00,0,0,0,0,P,N,N,2.0,2,NJ 3                                              ,W,3,10.04,2,2.0,1.0,1.0,5.0,2.0,1.0,N,12:50,120P04729,2014-04-07 12:52:00
4770,2.02E+15,2017-02-19 00:00:00,SU,19:45:00,0,0,0,0,P,N,N,8.0,2,NJ 3                                              ,W,3,10.83,2,2.0,1.0,6.0,1.0,1.0,1.0,N,19:45,120P13767,2017-02-19 19:45:00
4772,2018025618-23621               ,2018-11-16 00:00:00,FR,19:46:00,0,0,0,0,P,N,N,2.0,2,NJ 3                                              ,W,3,6.5,2,2.0,1.0,6.0,1.0,1.0,1.0,N,19:45,120+04737,2018-11-16 19:46:00
4773,2014090914-007115              ,2014-04-16 00:00:00,W ,15:19:00,0,0,0,0,P,N,N,2.0,2,NJ 3                                              ,W,3,9.6,2,2.0,1.0,1.0,2.0,1.0,1.0,N,15:20,120+04731,2014-04-16 15:19:00
4774,2.02E+15,2017-02-23 00:00:00,TH,18:53:00,0,0,0,0,P,N,N,2.0,2,NJ 3                                              ,W,3,10.46,2,2.0,1.0,3.0,1.0,2.0,1.0,N,18:55,120+04729,2017-02-23 18:53:00
4777,2.02E+15,2017-03-08 00:00:00,WE,6:40:00,0,0,0,0,P,N,N,11.0,1,NJ 3                                              ,W,3,10.46,2,2.0,2.0,2.0,2.0,1.0,1.0,N,6:40,120+04729,2017-03-08 06:40:00
4778,2.02E+15,2016-06-01 00:00:00,W ,20:18:00,0,0,0,0,P,N,N,1.0,2,NJ 3                                              ,W,3,10.83,2,2.0,1.0,1.0,1.0,1.0,1.0,N,20:20,120P13767,2016-06-01 20:18:00
4779,2.01E+15,2013-03-20 00:00:00,W ,4:50:00,0,1,0,0,I,N,N,11.0,1,NJ 3                                              ,W,3,10.84,2,2.0,4.0,6.0,1.0,1.0,1.0,N,4:50,120P13767,2013-03-20 04:50:00
4781,2015090915-007074              ,2015-05-12 00:00:00,TU,16:16:00,0,0,0,0,P,N,N,2.0,3,NJ 3                                              ,W,3,9.4,2,2.0,1.0,1.0,1.0,1.0,1.0,N,16:15,120+04732,2015-05-12 16:16:00
4786,2018025618-24267               ,2018-11-26 00:00:00,MO,17:53:00,0,0,0,0,P,N,N,1.0,2,NJ 3                                              ,W,3,6.6,2,2.0,2.0,6.0,2.0,1.0,1.0,N,17:55,120+04737,2018-11-26 17:53:00
4787,2014090914-008130              ,2014-04-30 00:00:00,W ,7:48:00,0,1,0,0,I,N,N,1.0,2,NJ 3                                              ,W,3,10.1,2,2.0,2.0,1.0,2.0,1.0,1.0,N,7:50,120P04729,2014-04-30 07:48:00
4789,2018025618-24271               ,2018-11-26 00:00:00,MO,18:13:00,0,0,0,0,P,N,N,2.0,2,NJ 3                                              ,W,3,6.0,2,2.0,2.0,6.0,2.0,1.0,2.0,N,18:15,120P04737,2018-11-26 18:13:00
4790,2015090915-007829              ,2015-05-26 00:00:00,TU,8:44:00,0,0,0,0,P,N,N,1.0,3,NJ 3                                              ,W,3,8.51,2,1.0,1.0,1.0,1.0,5.0,1.0,N,8:45,120P04733,2015-05-26 08:44:00
4793,2015090915-007938              ,2015-05-28 00:00:00,TH,3:01:00,0,0,0,0,P,N,N,11.0,1,NJ 3                                              ,W,3,8.58,2,2.0,1.0,6.0,1.0,5.0,1.0,N,3:00,120+04733,2015-05-28 03:01:00
4795,2018025618-24336               ,2018-11-27 00:00:00,TU,15:42:00,0,0,0,0,P,N,N,1.0,2,NJ 3                                              ,W,3,5.3,2,2.0,1.0,1.0,1.0,1.0,2.0,N,15:40,120P04738,2018-11-27 15:42:00
4797,2014090914-008357              ,2014-05-03 00:00:00,SA,2:34:00,0,0,0,0,P,N,N,99.0,1,NJ 3                                              ,W,3,8.6,2,2.0,1.0,6.0,1.0,3.0,1.0,N,2:35,120+04733,2014-05-03 02:34:00
4798,2015090915-008055              ,2015-05-30 00:00:00,SA,3:10:00,0,2,0,0,I,N,N,2.0,2,NJ 3                                              ,W,3,8.6,2,2.0,1.0,4.0,1.0,5.0,1.0,N,3:10,120+04733,2015-05-30 03:10:00
4799,2.02E+15,2017-05-14 00:00:00,SU,21:37:00,0,0,0,0,P,N,N,1.0,2,NJ 3                                              ,W,3,10.84,2,2.0,1.0,6.0,1.0,4.0,1.0,N,21:35,120P13767,2017-05-14 21:37:00
4800,2.01E+15,2013-05-31 00:00:00,F ,7:40:00,0,0,0,0,P,N,N,1.0,3,NJ 3                                              ,W,3,10.85,2,2.0,1.0,1.0,1.0,1.0,1.0,N,7:40,120P13767,2013-05-31 07:40:00
4802,2018025618-24482               ,2018-11-29 00:00:00,TH,19:20:00,0,0,0,0,P,N,N,1.0,2,NJ 3                                              ,W,3,6.6,2,2.0,1.0,6.0,1.0,1.0,1.0,N,19:20,120+04737,2018-11-29 19:20:00
4804,2018025618-24494               ,2018-11-29 00:00:00,TH,21:26:00,0,0,0,0,P,N,N,2.0,2,NJ 3                                              ,W,3,5.0,2,2.0,1.0,6.0,1.0,1.0,1.0,N,21:25,120+04739,2018-11-29 21:26:00
4805,2.01E+15,2013-06-05 00:00:00,W ,17:50:00,0,1,0,0,I,N,N,1.0,3,NJ 3                                              ,W,3,10.85,2,2.0,1.0,1.0,1.0,1.0,,N,17:50,120P13767,2013-06-05 17:50:00
4807,2018025618-24626               ,2018-12-01 00:00:00,SA,17:56:00,0,0,0,0,P,N,N,1.0,2,NJ 3                                              ,W,3,5.1,2,2.0,2.0,6.0,2.0,1.0,1.0,N,17:55,120+04739,2018-12-01 17:56:00
4808,2.01E+15,2013-06-09 00:00:00,S ,22:16:00,0,0,0,0,P,N,N,2.0,2,NJ 3                                              ,W,3,10.9,2,2.0,1.0,6.0,1.0,3.0,1.0,N,22:15,120P13767,2013-06-09 22:16:00
4809,2.02E+15,2016-10-02 00:00:00,S ,15:04:00,0,0,0,0,P,N,N,5.0,2,NJ 3                                              ,W,3,10.46,2,2.0,1.0,1.0,1.0,4.0,1.0,N,15:05,120+04729,2016-10-02 15:04:00
4811,2018025618-24689               ,2018-12-02 00:00:00,SU,16:34:00,0,1,0,0,I,N,N,1.0,3,NJ 3                                              ,W,3,6.4,2,2.0,2.0,3.0,5.0,1.0,2.0,N,16:35,120+04737,2018-12-02 16:34:00
4812,2.02E+15,2017-05-25 00:00:00,TH,13:29:00,0,0,0,0,P,N,N,1.0,2,NJ 3                                              ,W,3,10.84,2,2.0,2.0,1.0,2.0,1.0,,N,13:30,120P13767,2017-05-25 13:29:00
4814,2015090915-009129              ,2015-06-18 00:00:00,TH,17:42:00,0,0,0,0,P,N,N,1.0,2,NJ 3                                              ,W,3,8.56,2,2.0,1.0,1.0,5.0,2.0,1.0,N,17:40,120+04733,2015-06-18 17:42:00
4815,2.02E+15,2016-10-22 00:00:00,SA,18:58:00,0,1,0,0,I,N,N,11.0,1,NJ 3                                              ,W,3,10.75,2,2.0,2.0,5.0,2.0,1.0,1.0,N,19:00,120P13767,2016-10-22 18:58:00
4816,2014090914-009708              ,2014-05-23 00:00:00,F ,2:45:00,0,0,0,0,P,N,N,11.0,1,NJ 3                                              ,W,3,8.6,2,2.0,2.0,6.0,4.0,5.0,1.0,N,2:45,120+04733,2014-05-23 02:45:00
4819,2018025618-24902               ,2018-12-04 00:00:00,TU,22:41:00,0,0,0,0,P,N,N,2.0,2,NJ 3                                              ,W,3,6.2,2,2.0,1.0,6.0,1.0,1.0,2.0,N,22:40,120P04737,2018-12-04 22:41:00
4821,2018025618-24937               ,2018-12-05 00:00:00,WE,9:36:00,0,0,0,0,P,N,N,1.0,2,NJ 3                                              ,W,3,5.1,2,2.0,1.0,1.0,1.0,1.0,1.0,N,9:35,120+04739,2018-12-05 09:36:00
4822,2018025618-25455               ,2018-12-11 00:00:00,TU,19:49:00,0,0,0,0,P,N,N,1.0,2,NJ 3                                              ,W,3,5.4,2,2.0,1.0,6.0,1.0,1.0,2.0,N,19:50,120P04738,2018-12-11 19:49:00
4823,2015090915-009316              ,2015-06-22 00:00:00,M ,11:59:00,0,0,0,0,P,N,N,15.0,1,NJ 3                                              ,W,3,10.05,2,2.0,1.0,1.0,1.0,1.0,1.0,N,12:00,120P04729,2015-06-22 11:59:00
4825,2018025618-25552               ,2018-12-12 00:00:00,WE,17:43:00,0,0,0,0,P,N,N,1.0,2,NJ 3                                              ,W,3,5.2,2,2.0,1.0,6.0,1.0,1.0,1.0,N,17:45,120P04738,2018-12-12 17:43:00
4826,2018025618-25768               ,2018-12-14 00:00:00,FR,18:11:00,0,0,0,0,P,N,N,2.0,2,NJ 3                                              ,W,3,5.1,2,2.0,,6.0,,1.0,1.0,N,18:10,120+04739,2018-12-14 18:11:00
4827,2.02E+15,2017-06-28 00:00:00,WE,11:54:00,0,0,0,0,P,N,N,3.0,2,NJ 3                                              ,W,3,10.48,2,2.0,1.0,1.0,1.0,1.0,1.0,N,11:55,120P13767,2017-06-28 11:54:00
4828,2.01E+15,2013-08-25 00:00:00,S ,12:18:00,0,0,0,0,P,N,N,3.0,2,NJ 3                                              ,W,3,10.57,2,2.0,1.0,1.0,1.0,5.0,1.0,N,12:20,120P13767,2013-08-25 12:18:00
4829,2018025618-25775               ,2018-12-14 00:00:00,FR,19:00:00,0,0,0,0,P,N,N,1.0,3,NJ 3                                              ,W,3,6.6,2,2.0,2.0,6.0,2.0,1.0,1.0,N,19:00,120+04737,2018-12-14 19:00:00
4830,2014090914-011129              ,2014-06-16 00:00:00,M ,18:13:00,0,0,0,0,P,N,N,1.0,2,NJ 3                                              ,W,3,9.7,2,2.0,1.0,1.0,1.0,2.0,1.0,N,18:15,120+04730,2014-06-16 18:13:00
4831,2.01E+15,2013-08-26 00:00:00,M ,9:41:00,0,0,0,0,P,N,N,3.0,2,NJ 3                                              ,W,3,10.57,2,2.0,1.0,1.0,1.0,5.0,1.0,N,9:40,120P13767,2013-08-26 09:41:00
4832,2.02E+15,2017-07-13 00:00:00,TH,17:19:00,0,0,0,0,P,N,N,2.0,2,NJ 3                                              ,W,3,10.84,2,2.0,1.0,1.0,5.0,4.0,1.0,N,17:20,120P13767,2017-07-13 17:19:00
4833,2.02E+15,2016-11-29 00:00:00,TU,19:24:00,0,0,0,0,P,N,N,1.0,2,NJ 3                                              ,W,3,10.5,2,2.0,1.0,6.0,1.0,2.0,1.0,N,19:25,120P13767,2016-11-29 19:24:00
4834,2018025618-25919               ,2018-12-17 00:00:00,MO,17:01:00,0,0,0,0,P,N,N,2.0,2,NJ 3                                              ,W,3,6.3,2,2.0,1.0,6.0,5.0,1.0,2.0,N,17:00,120P04737,2018-12-17 17:01:00
4835,2.02E+15,2017-07-15 00:00:00,SA,23:48:00,0,0,0,0,P,N,N,2.0,2,NJ 3                                              ,W,3,10.84,2,2.0,1.0,6.0,1.0,1.0,1.0,N,23:50,120P13767,2017-07-15 23:48:00
4836,2014090914-012363              ,2014-07-11 00:00:00,F ,20:25:00,0,0,0,0,P,N,N,1.0,2,NJ 3                                              ,W,3,8.8,2,2.0,1.0,1.0,1.0,4.0,1.0,N,20:25,120+04733,2014-07-11 20:25:00
4837,2018025618-25957               ,2018-12-18 00:00:00,TU,8:15:00,0,0,0,0,P,N,N,1.0,2,NJ 3                                              ,W,3,5.2,2,2.0,1.0,1.0,1.0,1.0,1.0,Y,8:15,120P04738,2018-12-18 08:15:00
4838,2.02E+15,2017-07-24 00:00:00,MO,21:44:00,0,0,0,0,P,N,N,2.0,2,NJ 3                                              ,W,3,10.46,2,2.0,1.0,6.0,1.0,1.0,1.0,N,21:45,120+04729,2017-07-24 21:44:00
4840,2015090915-010337              ,2015-07-11 00:00:00,SA,2:02:00,0,0,0,0,P,N,N,2.0,2,NJ 3                                              ,W,3,9.12,2,2.0,1.0,6.0,1.0,3.0,1.0,N,2:00,120+04732,2015-07-11 02:02:00
4841,2018025618-25958               ,2018-12-18 00:00:00,TU,8:22:00,0,0,0,0,P,N,N,1.0,5,NJ 3                                              ,W,3,5.2,2,2.0,1.0,1.0,1.0,1.0,1.0,N,8:20,120P04738,2018-12-18 08:22:00
4843,2018025618-25989               ,2018-12-18 00:00:00,TU,16:20:00,0,0,0,0,P,N,N,2.0,2,NJ 3                                              ,W,3,5.2,2,2.0,1.0,1.0,1.0,1.0,2.0,N,16:20,120P04738,2018-12-18 16:20:00
4845,2.01E+15,2013-10-13 00:00:00,S ,17:57:00,0,0,0,0,P,N,N,2.0,2,NJ 3                                              ,W,3,10.84,2,2.0,1.0,1.0,1.0,1.0,1.0,N,17:55,120P13767,2013-10-13 17:57:00
4849,2018025618-26090               ,2018-12-19 00:00:00,WE,18:18:00,0,0,0,0,P,N,N,2.0,2,NJ 3                                              ,W,3,5.2,2,2.0,1.0,1.0,1.0,1.0,1.0,N,18:20,120P04738,2018-12-19 18:18:00
4850,2014090914-013309              ,2014-08-02 00:00:00,SA,3:01:00,0,0,0,0,P,Y,N,2.0,2,NJ 3                                              ,W,3,8.6,2,1.0,1.0,6.0,5.0,1.0,1.0,N,3:00,120+04733,2014-08-02 03:01:00
4851,2018025618-26126               ,2018-12-20 00:00:00,TH,5:14:00,0,0,0,0,P,N,N,15.0,1,NJ 3                                              ,W,3,5.8,2,2.0,1.0,6.0,1.0,1.0,2.0,N,5:15,120+04738,2018-12-20 05:14:00
4852,2015090915-011003              ,2015-07-23 00:00:00,TH,4:47:00,0,1,0,0,I,N,N,10.0,1,NJ 3                                              ,W,3,8.6,2,2.0,1.0,7.0,1.0,1.0,1.0,N,4:45,120+04733,2015-07-23 04:47:00
4854,2018025618-26129               ,2018-12-20 00:00:00,TH,5:24:00,0,0,0,0,P,N,N,15.0,1,NJ 3                                              ,W,3,5.8,2,2.0,1.0,6.0,1.0,1.0,2.0,N,5:25,120+04738,2018-12-20 05:24:00
4855,2014090914-013442              ,2014-08-05 00:00:00,TU,13:50:00,0,0,0,0,P,N,N,2.0,2,NJ 3                                              ,W,3,9.6,2,2.0,1.0,1.0,1.0,1.0,5.0,N,13:50,120+04731,2014-08-05 13:50:00
4856,2.02E+15,2017-09-06 00:00:00,WE,7:05:00,0,1,0,0,I,N,N,1.0,2,NJ 3                                              ,W,3,10.84,2,2.0,2.0,1.0,2.0,1.0,1.0,N,7:05,120P13767,2017-09-06 07:05:00
4858,2018025618-26232               ,2018-12-21 00:00:00,FR,9:52:00,0,0,0,0,P,N,N,11.0,2,NJ 3                                              ,W,3,6.5,2,2.0,2.0,1.0,2.0,1.0,1.0,N,9:50,120+04737,2018-12-21 09:52:00
4859,2015090915-0111003             ,2015-07-23 00:00:00,TH,4:47:00,0,1,0,0,I,N,N,99.0,1,NJ 3                                              ,W,3,8.6,2,2.0,1.0,7.0,1.0,1.0,1.0,N,4:45,120+04733,2015-07-23 04:47:00
4861,2.01E+15,2013-11-12 00:00:00,TU,21:52:00,0,1,0,0,I,N,N,1.0,3,NJ 3                                              ,W,3,10.65,2,2.0,1.0,6.0,1.0,1.0,,N,21:50,120P13767,2013-11-12 21:52:00
4863,2014090914-013485              ,2014-08-06 00:00:00,W ,11:26:00,0,1,0,0,I,N,N,99.0,1,NJ 3                                              ,W,3,8.6,2,2.0,1.0,1.0,1.0,2.0,4.0,N,11:25,120+04733,2014-08-06 11:26:00
4864,2015090915-011569              ,2015-08-02 00:00:00,S ,4:07:00,0,0,0,0,P,N,N,2.0,2,NJ 3                                              ,W,3,9.8,2,2.0,1.0,6.0,1.0,2.0,1.0,N,4:05,120+04730,2015-08-02 04:07:00
4865,2018025618-26284               ,2018-12-21 00:00:00,FR,18:48:00,0,0,0,0,P,N,N,1.0,2,NJ 3                                              ,W,3,5.1,2,2.0,2.0,6.0,1.0,1.0,1.0,N,18:50,120+04739,2018-12-21 18:48:00
4866,2015090915-011715              ,2015-08-04 00:00:00,TU,16:44:00,0,0,0,0,P,N,N,1.0,3,NJ 3                                              ,W,3,8.51,2,1.0,1.0,1.0,1.0,5.0,1.0,N,16:45,120P04733,2015-08-04 16:44:00
4867,2.01E+15,2013-12-13 00:00:00,F ,18:30:00,0,0,0,0,P,N,N,1.0,2,NJ 3                                              ,W,3,10.85,2,2.0,1.0,6.0,1.0,4.0,,Y,18:30,120P13767,2013-12-13 18:30:00
4868,2018025618-26298               ,2018-12-21 00:00:00,FR,23:09:00,0,0,0,0,P,N,N,11.0,2,NJ 3                                              ,W,3,6.3,2,2.0,2.0,6.0,1.0,2.0,1.0,N,23:10,120P04737,2018-12-21 23:09:00
4869,2015090915-011716              ,2015-08-04 00:00:00,TU,17:26:00,0,0,0,0,P,N,N,2.0,2,NJ 3                                              ,W,3,9.77,2,2.0,1.0,1.0,1.0,2.0,1.0,N,17:25,120+04730,2015-08-04 17:26:00
4872,2018025618-26643               ,2018-12-28 00:00:00,FR,14:47:00,0,0,0,0,P,N,N,11.0,1,NJ 3                                              ,W,3,6.5,2,2.0,2.0,1.0,2.0,5.0,1.0,N,14:45,120+04737,2018-12-28 14:47:00
4873,2.02E+15,2017-10-01 00:00:00,SU,21:08:00,0,0,0,0,P,N,N,1.0,2,NJ 3                                              ,W,3,10.84,2,2.0,1.0,6.0,1.0,1.0,1.0,N,21:10,120P13767,2017-10-01 21:08:00
4874,2.02E+17,2018-01-16 00:00:00,TU,19:56:00,0,0,0,0,P,N,N,2.0,2,NJ 3                                              ,W,3,4.98,2,1.0,1.0,6.0,1.0,1.0,1.0,N,19:55,120+04739,2018-01-16 19:56:00
4876,20180256ER-18-05250            ,2018-07-07 00:00:00,SA,8:49:00,0,0,0,0,P,N,N,15.0,2,NJ 3                                              ,W,3,6.8,2,2.0,1.0,1.0,1.0,1.0,1.0,N,8:50,120+04737,2018-07-07 08:49:00
4877,2014090914-013939              ,2014-08-17 00:00:00,S ,9:42:00,0,0,0,0,P,N,N,99.0,1,NJ 3                                              ,W,3,10.04,2,2.0,2.0,1.0,5.0,2.0,1.0,N,9:40,120P04729,2014-08-17 09:42:00
4878,2.02E+15,2017-10-09 00:00:00,MO,13:05:00,0,1,0,0,I,N,N,10.0,1,NJ 3                                              ,W,3,10.5,2,2.0,2.0,1.0,2.0,3.0,1.0,N,13:05,120P13767,2017-10-09 13:05:00
4880,2016090916-000489              ,2016-01-10 00:00:00,S ,12:21:00,0,0,0,0,P,N,N,2.0,2,NJ 3                                              ,W,3,9.4,2,2.0,2.0,1.0,2.0,5.0,1.0,N,12:20,120+04732,2016-01-10 12:21:00
4881,2.02E+15,2017-10-17 00:00:00,TU,17:26:00,0,0,0,0,P,N,N,2.0,2,NJ 3                                              ,W,3,10.84,2,2.0,1.0,1.0,1.0,2.0,1.0,N,17:25,120P13767,2017-10-17 17:26:00
4882,2013090913-000702              ,2013-01-11 00:00:00,F ,22:24:00,0,0,0,0,P,N,N,2.0,2,NJ 3                                              ,W,3,9.19,2,2.0,2.0,4.0,2.0,2.0,1.0,N,22:25,120+04732,2013-01-11 22:24:00
4883,2014090914-014021              ,2014-08-19 00:00:00,TU,10:58:00,0,1,0,0,I,N,N,2.0,2,NJ 3                                              ,W,3,9.4,2,2.0,1.0,1.0,1.0,2.0,1.0,N,11:00,120+04732,2014-08-19 10:58:00
4884,2.02E+15,2017-10-18 00:00:00,WE,11:04:00,0,0,0,0,P,N,N,1.0,2,NJ 3                                              ,W,3,10.85,2,2.0,1.0,1.0,1.0,4.0,1.0,N,11:05,120P13767,2017-10-18 11:04:00
4885,2015090915-012747              ,2015-08-24 00:00:00,M ,15:07:00,0,0,0,0,P,N,N,2.0,2,NJ 3                                              ,W,3,9.6,2,2.0,1.0,1.0,1.0,2.0,1.0,N,15:05,120+04731,2015-08-24 15:07:00
4887,2016090916-001050              ,2016-01-21 00:00:00,TH,8:30:00,0,1,0,0,I,N,N,1.0,2,NJ 3                                              ,W,3,8.9,2,2.0,1.0,1.0,1.0,5.0,1.0,N,8:30,120+04732,2016-01-21 08:30:00
4889,2015090915-012880              ,2015-08-27 00:00:00,TH,8:44:00,0,1,0,0,I,N,N,1.0,2,NJ 3                                              ,W,3,8.6,2,2.0,1.0,1.0,1.0,1.0,1.0,N,8:45,120+04733,2015-08-27 08:44:00
4892,2015090915-012949              ,2015-08-28 00:00:00,F ,14:53:00,0,0,0,0,P,N,N,2.0,2,NJ 3                                              ,W,3,8.58,2,2.0,1.0,1.0,1.0,5.0,1.0,N,14:55,120+04733,2015-08-28 14:53:00
4893,2014090914-014316              ,2014-08-25 00:00:00,M ,17:52:00,0,0,0,0,P,N,N,2.0,2,NJ 3                                              ,W,3,8.6,2,2.0,1.0,1.0,1.0,2.0,1.0,N,17:50,120+04733,2014-08-25 17:52:00
4894,2.02E+15,2017-12-03 00:00:00,SU,2:15:00,0,0,0,0,P,N,N,2.0,2,NJ 3                                              ,W,3,10.84,2,2.0,1.0,6.0,1.0,1.0,1.0,N,2:15,120P13767,2017-12-03 02:15:00
4897,2018090818-066252              ,2018-07-25 00:00:00,WE,14:18:00,0,0,0,0,P,N,N,2.0,2,NJ 3                                              ,W,3,10.5,2,2.0,2.0,1.0,2.0,1.0,,N,14:20,120P13767,2018-07-25 14:18:00
4898,2014090914-014607              ,2014-09-01 00:00:00,M ,15:41:00,0,0,0,0,P,N,N,1.0,2,NJ 3                                              ,W,3,9.89,2,2.0,1.0,1.0,1.0,2.0,1.0,N,15:40,120+04730,2014-09-01 15:41:00
4899,2018090818-067387              ,2018-07-29 00:00:00,SU,2:00:00,0,1,0,0,I,N,N,2.0,2,NJ 3                                              ,W,3,10.5,2,2.0,1.0,6.0,1.0,4.0,1.0,N,2:00,120P13767,2018-07-29 02:00:00
4901,2013090913-002000              ,2013-01-31 00:00:00,TH,21:05:00,0,1,0,0,I,N,N,10.0,1,NJ 3                                              ,W,3,4.39,2,2.0,1.0,6.0,1.0,3.0,1.0,N,21:05,120+04740,2013-01-31 21:05:00
4902,2014090914-014765              ,2014-09-04 00:00:00,TH,13:40:00,0,0,0,0,P,N,N,1.0,2,NJ 3                                              ,W,3,10.0,2,2.0,1.0,1.0,1.0,1.0,1.0,N,13:40,120P04729,2014-09-04 13:40:00
4903,2013090913-002442              ,2013-02-08 00:00:00,F ,18:19:00,0,0,0,0,P,N,N,11.0,1,NJ 3                                              ,W,3,9.8,2,2.0,3.0,6.0,3.0,3.0,1.0,N,18:20,120+04730,2013-02-08 18:19:00
4904,2018090818-076413              ,2018-08-22 00:00:00,WE,20:57:00,0,0,0,0,P,N,N,1.0,2,NJ 3                                              ,W,3,10.42,2,2.0,2.0,6.0,1.0,2.0,1.0,N,20:55,120+04729,2018-08-22 20:57:00
4906,2014090914-015322              ,2014-09-17 00:00:00,W ,8:22:00,0,0,0,0,P,N,N,1.0,2,NJ 3                                              ,W,3,9.7,2,2.0,1.0,1.0,1.0,2.0,1.0,N,8:20,120+04730,2014-09-17 08:22:00
4907,2018090818-079115              ,2018-08-30 00:00:00,TH,18:11:00,0,0,0,0,P,N,N,2.0,2,NJ 3                                              ,W,3,10.84,2,2.0,1.0,1.0,1.0,4.0,,N,18:10,120P13767,2018-08-30 18:11:00
4908,2017090917-000012              ,2017-01-01 00:00:00,SU,6:28:00,0,1,0,0,I,N,N,1.0,2,NJ 3                                              ,W,3,8.5,2,2.0,1.0,6.0,1.0,1.0,1.0,N,6:30,120P04733,2017-01-01 06:28:00
4909,2013090913-002995              ,2013-02-17 00:00:00,S ,15:52:00,0,0,0,0,P,N,N,15.0,1,NJ 3                                              ,W,3,8.66,2,2.0,1.0,1.0,1.0,3.0,1.0,N,15:50,120+04733,2013-02-17 15:52:00
4910,2015090915-013694              ,2015-09-12 00:00:00,SA,17:32:00,0,0,0,0,P,N,N,1.0,2,NJ 3                                              ,W,3,8.75,2,2.0,1.0,1.0,1.0,1.0,1.0,N,17:30,120+04733,2015-09-12 17:32:00
4911,2018090818-080830              ,2018-09-04 00:00:00,TU,19:33:00,0,0,0,0,P,N,N,2.0,2,NJ 3                                              ,W,3,10.46,2,2.0,1.0,3.0,1.0,5.0,1.0,N,19:35,120+04729,2018-09-04 19:33:00
4912,2015090915-013976              ,2015-09-17 00:00:00,TH,22:50:00,0,0,0,0,P,N,N,99.0,1,NJ 3                                              ,W,3,9.1,2,2.0,1.0,6.0,1.0,1.0,1.0,N,22:50,120+04732,2015-09-17 22:50:00
4913,2016090916-001775              ,2016-02-02 00:00:00,TU,16:30:00,0,0,0,0,P,N,N,1.0,2,NJ 3                                              ,W,3,9.89,2,2.0,1.0,1.0,1.0,1.0,1.0,N,16:30,120+04730,2016-02-02 16:30:00
4914,2018090818-082454              ,2018-09-09 00:00:00,SU,4:24:00,0,0,0,0,P,N,N,2.0,2,NJ 3                                              ,W,3,10.84,2,2.0,2.0,6.0,2.0,2.0,1.0,N,4:25,120P13767,2018-09-09 04:24:00