,CRASH_ID,DATE,DAY,TIME,KILLED,INJURED,PED_KILL,PED_INJ,SEVERITY,ALCOHOL,HAZMAT,CRASH_TYPE,VEH_COUNT,LOCATION,LOC_DIR,ROUTE,MP,RD_SYS,RD_SURF,SURF_COND,LIGHT,WEATHER,RD_DIV,RD_WRKZN,CELL_USE,TIME_ROUND,TMC,timestamp
4915,2013090913-003300              ,2013-02-22 00:00:00,F ,10:39:00,0,1,0,0,I,N,N,11.0,1,NJ 3                                              ,W,3,8.69,2,2.0,1.0,1.0,1.0,2.0,1.0,N,10:40,120+04733,2013-02-22 10:39:00
4916,2013090913-003303              ,2013-02-22 00:00:00,F ,11:16:00,0,0,0,0,P,N,N,2.0,2,NJ 3                                              ,W,3,8.56,2,2.0,1.0,1.0,1.0,1.0,2.0,N,11:15,120+04733,2013-02-22 11:16:00
4917,2015090915-014276              ,2015-09-23 00:00:00,W ,22:33:00,0,0,0,0,P,N,N,9.0,2,NJ 3                                              ,W,3,9.5,2,2.0,1.0,6.0,1.0,1.0,1.0,N,22:35,120+04731,2015-09-23 22:33:00
4918,2018090818-082834              ,2018-09-10 00:00:00,MO,8:14:00,0,0,0,0,P,N,N,2.0,2,NJ 3                                              ,W,3,10.84,2,2.0,2.0,1.0,2.0,2.0,1.0,N,8:15,120P13767,2018-09-10 08:14:00
4919,2017090917-000513              ,2017-01-10 00:00:00,TU,8:28:00,0,0,0,0,P,N,N,11.0,1,NJ 3                                              ,W,3,10.04,2,2.0,4.0,1.0,1.0,3.0,1.0,N,8:30,120P04729,2017-01-10 08:28:00
4920,2018090818-089688              ,2018-09-28 00:00:00,FR,15:11:00,0,0,0,0,P,N,N,1.0,2,NJ 3                                              ,W,3,10.46,2,2.0,1.0,1.0,1.0,4.0,1.0,N,15:10,120+04729,2018-09-28 15:11:00
4921,2018090818-092182              ,2018-10-05 00:00:00,FR,5:16:00,0,0,0,0,P,N,N,2.0,2,NJ 3                                              ,W,3,10.84,2,2.0,1.0,6.0,1.0,4.0,1.0,N,5:15,120P13767,2018-10-05 05:16:00
4923,2015090915-014581              ,2015-09-30 00:00:00,W ,14:26:00,0,0,0,0,P,N,N,1.0,2,NJ 3                                              ,W,3,9.6,2,2.0,1.0,1.0,1.0,5.0,1.0,N,14:25,120+04731,2015-09-30 14:26:00
4924,2013090913-003972              ,2013-03-05 00:00:00,TU,8:47:00,0,0,0,0,P,N,N,2.0,3,NJ 3                                              ,W,3,10.0,2,2.0,1.0,1.0,1.0,3.0,1.0,N,8:45,120P04729,2013-03-05 08:47:00
4925,2018090818-095225              ,2018-10-13 00:00:00,SA,2:37:00,0,1,0,0,I,N,N,3.0,2,NJ 3                                              ,W,3,10.46,2,2.0,1.0,7.0,1.0,4.0,1.0,N,2:35,120+04729,2018-10-13 02:37:00
4926,2013090913-004085              ,2013-03-07 00:00:00,TH,12:27:00,0,1,0,0,I,N,N,1.0,2,NJ 3                                              ,W,3,9.12,2,2.0,2.0,1.0,3.0,1.0,1.0,N,12:25,120+04732,2013-03-07 12:27:00
4927,2016090916-002222              ,2016-02-10 00:00:00,W ,17:56:00,0,0,0,0,P,N,N,2.0,2,NJ 3                                              ,W,3,9.2,2,2.0,1.0,6.0,1.0,3.0,1.0,N,17:55,120+04732,2016-02-10 17:56:00
4928,2015090915-014649              ,2015-10-01 00:00:00,TH,17:58:00,0,0,0,0,P,N,N,1.0,2,NJ 3                                              ,W,3,9.8,2,2.0,2.0,1.0,2.0,5.0,1.0,N,18:00,120+04730,2015-10-01 17:58:00
4929,2013090913-004320              ,2013-03-11 00:00:00,M ,11:34:00,0,0,0,0,P,N,N,2.0,2,NJ 3                                              ,W,3,9.95,2,2.0,1.0,1.0,1.0,1.0,2.0,N,11:35,120P04729,2013-03-11 11:34:00
4930,2018090818-098804              ,2018-10-22 00:00:00,MO,22:06:00,0,0,0,0,P,N,N,11.0,1,NJ 3                                              ,W,3,10.46,2,2.0,1.0,6.0,1.0,1.0,1.0,N,22:05,120+04729,2018-10-22 22:06:00
4932,2017090917-001190              ,2017-01-22 00:00:00,SU,17:47:00,0,0,0,0,P,N,N,11.0,1,NJ 3                                              ,W,3,9.2,2,2.0,2.0,6.0,2.0,1.0,1.0,N,17:45,120+04732,2017-01-22 17:47:00
4933,2013090913-004385              ,2013-03-12 00:00:00,TU,9:46:00,0,0,0,0,P,N,N,2.0,2,NJ 3                                              ,W,3,10.2,2,2.0,2.0,1.0,2.0,1.0,1.0,N,9:45,120P04729,2013-03-12 09:46:00
4935,2014090914-016914              ,2014-10-21 00:00:00,TU,8:25:00,0,0,0,0,P,N,N,1.0,2,NJ 3                                              ,W,3,9.67,2,2.0,1.0,1.0,5.0,2.0,1.0,N,8:25,120+04730,2014-10-21 08:25:00
4936,2013090913-004514              ,2013-03-14 00:00:00,TH,11:11:00,0,0,0,0,P,N,N,1.0,2,NJ 3                                              ,W,3,9.7,2,2.0,1.0,1.0,1.0,1.0,1.0,N,11:10,120+04730,2013-03-14 11:11:00
4937,2017090917-001507              ,2017-01-27 00:00:00,FR,21:12:00,0,0,0,0,P,N,N,2.0,2,NJ 3                                              ,W,3,9.6,2,2.0,1.0,6.0,1.0,1.0,1.0,N,21:10,120+04731,2017-01-27 21:12:00
4938,2013090913-004577              ,2013-03-15 00:00:00,F ,7:37:00,0,0,0,0,P,N,N,1.0,2,NJ 3                                              ,W,3,10.02,2,2.0,1.0,1.0,1.0,1.0,1.0,N,7:35,120P04729,2013-03-15 07:37:00
4939,2017090917-001715              ,2017-02-01 00:00:00,WE,9:03:00,0,0,0,0,P,N,N,2.0,2,NJ 3                                              ,W,3,9.8,2,2.0,1.0,1.0,1.0,4.0,1.0,N,9:05,120+04730,2017-02-01 09:03:00
4940,2018090818-103900              ,2018-11-04 00:00:00,SU,16:16:00,0,2,0,0,I,N,N,1.0,3,NJ 3                                              ,W,3,10.82,2,2.0,1.0,1.0,1.0,1.0,1.0,N,16:15,120P13767,2018-11-04 16:16:00
4941,2017090917-001866              ,2017-02-03 00:00:00,FR,21:16:00,0,1,0,0,I,N,N,3.0,2,NJ 3                                              ,W,3,9.8,2,2.0,1.0,6.0,1.0,4.0,1.0,N,21:15,120+04730,2017-02-03 21:16:00
4942,2013090913-004804              ,2013-03-19 00:00:00,TU,5:22:00,0,0,0,0,P,N,N,11.0,1,NJ 3                                              ,W,3,9.9,2,2.0,2.0,6.0,2.0,3.0,1.0,N,5:20,120+04730,2013-03-19 05:22:00
4943,2016090916-003039              ,2016-02-24 00:00:00,W ,19:34:00,0,2,0,0,I,N,N,2.0,2,NJ 3                                              ,W,3,8.6,2,2.0,2.0,5.0,2.0,5.0,1.0,N,19:35,120+04733,2016-02-24 19:34:00
4944,2016090916-003155              ,2016-02-26 00:00:00,F ,15:03:00,0,0,0,0,P,N,N,2.0,2,NJ 3                                              ,W,3,9.8,2,2.0,1.0,1.0,1.0,2.0,1.0,N,15:05,120+04730,2016-02-26 15:03:00
4945,2015090915-015090              ,2015-10-09 00:00:00,F ,22:15:00,0,0,0,0,P,N,N,1.0,2,NJ 3                                              ,W,3,9.4,2,2.0,2.0,6.0,1.0,2.0,1.0,N,22:15,120+04732,2015-10-09 22:15:00
4947,2016090916-003448              ,2016-03-03 00:00:00,TH,18:44:00,0,0,0,0,P,N,N,2.0,2,NJ 3                                              ,W,3,10.2,2,2.0,1.0,3.0,1.0,,,N,18:45,120P04729,2016-03-03 18:44:00
4948,2018090818-109118              ,2018-11-18 00:00:00,SU,18:34:00,0,0,0,0,P,N,N,2.0,2,NJ 3                                              ,W,3,10.5,2,2.0,1.0,6.0,1.0,4.0,1.0,N,18:35,120P13767,2018-11-18 18:34:00
4949,2013090913-005555              ,2013-03-30 00:00:00,SA,16:14:00,0,0,0,0,P,N,N,15.0,1,NJ 3                                              ,W,3,8.6,2,2.0,1.0,1.0,1.0,1.0,1.0,N,16:15,120+04733,2013-03-30 16:14:00
4951,2013090913-005720              ,2013-04-02 00:00:00,TU,20:24:00,0,0,0,0,P,N,N,2.0,2,NJ 3                                              ,W,3,8.69,2,2.0,1.0,6.0,1.0,1.0,1.0,N,20:25,120+04733,2013-04-02 20:24:00
4952,2014090914-017785              ,2014-11-10 00:00:00,M ,13:58:00,0,1,0,0,I,N,N,1.0,2,NJ 3                                              ,W,3,8.8,2,2.0,1.0,1.0,1.0,2.0,1.0,N,14:00,120+04733,2014-11-10 13:58:00
4953,2016090916-003683              ,2016-03-08 00:00:00,TU,18:55:00,0,0,0,0,P,N,N,2.0,2,NJ 3                                              ,W,3,9.01,2,2.0,1.0,6.0,1.0,1.0,1.0,N,18:55,120+04732,2016-03-08 18:55:00
4954,2014090914-018089              ,2014-11-17 00:00:00,M ,5:22:00,0,1,0,0,I,N,N,11.0,2,NJ 3                                              ,W,3,10.5,2,2.0,2.0,6.0,2.0,1.0,1.0,N,5:20,120P13767,2014-11-17 05:22:00
4955,2016090916-004026              ,2016-03-15 00:00:00,TU,16:30:00,0,0,0,0,P,N,N,2.0,2,NJ 3                                              ,W,3,10.0,2,2.0,1.0,1.0,1.0,2.0,1.0,N,16:30,120P04729,2016-03-15 16:30:00
4956,2017090917-003749              ,2017-03-07 00:00:00,TU,17:53:00,0,0,0,0,P,N,N,2.0,2,NJ 3                                              ,W,3,10.24,2,2.0,1.0,6.0,5.0,2.0,1.0,N,17:55,120P04729,2017-03-07 17:53:00
4957,2018090818-121021              ,2018-12-18 00:00:00,TU,14:47:00,0,0,0,0,P,N,N,2.0,2,NJ 3                                              ,W,3,10.46,2,2.0,1.0,1.0,1.0,4.0,1.0,N,14:45,120+04729,2018-12-18 14:47:00
4958,2013090913-005966              ,2013-04-06 00:00:00,SA,19:11:00,0,0,0,0,P,N,N,2.0,2,NJ 3                                              ,W,3,8.6,2,2.0,1.0,1.0,1.0,1.0,1.0,N,19:10,120+04733,2013-04-06 19:11:00
4960,2016090916-004032              ,2016-03-15 00:00:00,TU,17:56:00,0,1,0,0,I,N,N,11.0,2,NJ 3                                              ,W,3,9.4,2,2.0,1.0,1.0,1.0,1.0,1.0,Y,17:55,120+04732,2016-03-15 17:56:00
4961,2017090917-003970              ,2017-03-11 00:00:00,SA,16:17:00,0,0,0,0,P,N,N,2.0,2,NJ 3                                              ,W,3,10.0,2,2.0,1.0,1.0,1.0,1.0,1.0,N,16:15,120P04729,2017-03-11 16:17:00
4962,2017090917-004202              ,2017-03-15 00:00:00,WE,17:15:00,0,0,0,0,P,N,N,15.0,1,NJ 3                                              ,W,3,9.5,2,2.0,1.0,1.0,1.0,4.0,1.0,N,17:15,120+04731,2017-03-15 17:15:00
4963,2016090916-004502              ,2016-03-24 00:00:00,TH,8:15:00,0,0,0,0,P,N,N,11.0,1,NJ 3                                              ,W,3,9.9,2,2.0,1.0,1.0,1.0,4.0,1.0,N,8:15,120+04730,2016-03-24 08:15:00
4964,2017090917-004265              ,2017-03-16 00:00:00,TH,14:51:00,0,0,0,0,P,N,N,11.0,1,NJ 3                                              ,W,3,9.2,2,2.0,4.0,1.0,1.0,4.0,1.0,N,14:50,120+04732,2017-03-16 14:51:00
4965,2013090913-006154              ,2013-04-09 00:00:00,TU,17:36:00,0,1,0,0,I,N,N,1.0,2,NJ 3                                              ,W,3,9.72,2,2.0,1.0,1.0,1.0,2.0,1.0,N,17:35,120+04730,2013-04-09 17:36:00
4967,2015090915-016847              ,2015-11-10 00:00:00,TU,17:43:00,0,0,0,0,P,N,N,2.0,2,NJ 3                                              ,W,3,9.4,2,2.0,2.0,6.0,2.0,1.0,1.0,N,17:45,120+04732,2015-11-10 17:43:00
4968,2013090913-006424              ,2013-04-14 00:00:00,S ,2:12:00,0,0,0,0,P,N,N,1.0,2,NJ 3                                              ,W,3,3.91,2,2.0,1.0,6.0,1.0,1.0,1.0,N,2:10,120+07442,2013-04-14 02:12:00
4969,2014090914-018949              ,2014-12-05 00:00:00,F ,18:29:00,0,0,0,0,P,N,N,1.0,3,NJ 3                                              ,W,3,8.8,2,2.0,2.0,6.0,2.0,2.0,1.0,N,18:30,120+04733,2014-12-05 18:29:00
4971,2014090914-018953              ,2014-12-05 00:00:00,F ,18:48:00,0,0,0,0,P,N,N,2.0,2,NJ 3                                              ,W,3,9.5,2,2.0,2.0,6.0,2.0,4.0,1.0,N,18:50,120+04731,2014-12-05 18:48:00
4972,2.02E+15,2018-01-12 00:00:00,FR,6:57:00,0,0,0,0,P,N,N,1.0,4,NJ 3                                              ,W,3,10.49,2,2.0,2.0,2.0,2.0,1.0,1.0,N,6:55,120P13767,2018-01-12 06:57:00
4973,2.02E+15,2018-01-12 00:00:00,FR,7:06:00,0,0,0,0,P,N,N,1.0,3,NJ 3                                              ,W,3,10.46,2,2.0,2.0,1.0,2.0,1.0,1.0,N,7:05,120+04729,2018-01-12 07:06:00
4974,2015090915-017026              ,2015-11-13 00:00:00,F ,18:30:00,0,0,0,0,P,N,N,1.0,3,NJ 3                                              ,W,3,8.64,2,2.0,1.0,3.0,1.0,1.0,1.0,N,18:30,120+04733,2015-11-13 18:30:00
4975,2014090914-018984              ,2014-12-06 00:00:00,SA,18:27:00,0,0,0,0,P,N,N,1.0,2,NJ 3                                              ,W,3,9.89,2,2.0,2.0,6.0,2.0,2.0,1.0,N,18:25,120+04730,2014-12-06 18:27:00
4978,2015090915-017030              ,2015-11-13 00:00:00,F ,19:11:00,0,0,0,0,P,N,N,1.0,2,NJ 3                                              ,W,3,9.6,2,2.0,1.0,6.0,1.0,5.0,1.0,N,19:10,120+04731,2015-11-13 19:11:00
4980,2014090914-019098              ,2014-12-09 00:00:00,TU,13:54:00,0,1,0,0,I,N,N,1.0,2,NJ 3                                              ,W,3,8.61,2,2.0,2.0,1.0,2.0,1.0,1.0,N,13:55,120+04733,2014-12-09 13:54:00
4983,2015090915-017351              ,2015-11-19 00:00:00,TH,18:10:00,0,0,0,0,P,N,N,2.0,2,NJ 3                                              ,W,3,8.0,2,2.0,2.0,6.0,2.0,1.0,1.0,N,18:10,120+04734,2015-11-19 18:10:00
4984,2015090915-017620              ,2015-11-24 00:00:00,TU,18:06:00,0,0,0,0,P,N,N,2.0,2,NJ 3                                              ,W,3,8.59,2,2.0,1.0,6.0,1.0,4.0,1.0,N,18:05,120+04733,2015-11-24 18:06:00
4985,2016090916-005900              ,2016-04-19 00:00:00,TU,10:47:00,0,0,0,0,P,N,N,6.0,2,NJ 3                                              ,W,3,10.2,2,2.0,1.0,1.0,1.0,1.0,3.0,N,10:45,120P04729,2016-04-19 10:47:00
4986,2.02E+15,2018-02-14 00:00:00,WE,18:48:00,0,0,0,0,P,N,N,1.0,2,NJ 3                                              ,W,3,10.5,2,2.0,2.0,6.0,1.0,1.0,1.0,N,18:50,120P13767,2018-02-14 18:48:00
4987,2013090913-007557              ,2013-05-02 00:00:00,TH,8:41:00,0,0,0,0,P,N,N,2.0,4,NJ 3                                              ,W,3,8.54,2,2.0,1.0,1.0,1.0,5.0,1.0,Y,8:40,120P04733,2013-05-02 08:41:00
4988,2016090916-006121              ,2016-04-23 00:00:00,SA,23:52:00,0,0,0,0,P,N,N,2.0,3,NJ 3                                              ,W,3,10.1,2,2.0,1.0,6.0,1.0,5.0,1.0,N,23:50,120P04729,2016-04-23 23:52:00
4989,2017090917-005392              ,2017-04-05 00:00:00,WE,18:18:00,0,0,0,0,P,N,N,15.0,1,NJ 3                                              ,W,3,10.24,2,2.0,1.0,1.0,1.0,1.0,1.0,N,18:20,120P04729,2017-04-05 18:18:00
4990,2.02E+15,2018-02-21 00:00:00,WE,21:31:00,0,0,0,0,P,N,N,11.0,1,NJ 3                                              ,W,3,10.5,2,2.0,2.0,5.0,2.0,4.0,2.0,N,21:30,120P13767,2018-02-21 21:31:00
4991,2013090913-007915              ,2013-05-08 00:00:00,W ,9:26:00,0,1,0,0,I,N,N,1.0,2,NJ 3                                              ,W,3,8.58,2,2.0,2.0,1.0,2.0,5.0,1.0,N,9:25,120+04733,2013-05-08 09:26:00
4992,2016090916-006534              ,2016-05-01 00:00:00,S ,19:38:00,0,0,0,0,P,N,N,99.0,1,NJ 3                                              ,W,3,10.0,2,2.0,2.0,6.0,2.0,2.0,1.0,N,19:40,120P04729,2016-05-01 19:38:00
4994,2013090913-008422              ,2013-05-16 00:00:00,TH,10:02:00,0,0,0,0,P,N,N,99.0,2,NJ 3                                              ,W,3,8.6,2,2.0,1.0,1.0,1.0,1.0,1.0,N,10:00,120+04733,2013-05-16 10:02:00
4995,2017090917-005543              ,2017-04-08 00:00:00,SA,3:35:00,0,0,0,0,P,Y,N,3.0,2,NJ 3                                              ,W,3,10.1,2,2.0,1.0,6.0,1.0,1.0,1.0,N,3:35,120P04729,2017-04-08 03:35:00
4997,2016090916-006627              ,2016-05-03 00:00:00,TU,11:59:00,0,0,0,0,P,N,N,1.0,2,NJ 3                                              ,W,3,9.5,2,2.0,2.0,1.0,2.0,5.0,1.0,N,12:00,120+04731,2016-05-03 11:59:00
4998,2017090917-005995              ,2017-04-15 00:00:00,SA,4:49:00,0,0,0,0,P,N,N,11.0,1,NJ 3                                              ,W,3,9.2,2,2.0,1.0,6.0,1.0,1.0,1.0,N,4:50,120+04732,2017-04-15 04:49:00
5001,20140909SO-14-005093           ,2014-04-13 00:00:00,S ,8:20:00,0,0,0,0,P,N,N,8.0,2,NJ 3                                              ,W,3,8.8,2,2.0,1.0,1.0,1.0,5.0,1.0,N,8:20,120+04733,2014-04-13 08:20:00
5002,2017090917-006353              ,2017-04-20 00:00:00,TH,9:26:00,0,0,0,0,P,N,N,11.0,1,NJ 3                                              ,W,3,9.12,2,2.0,2.0,1.0,2.0,5.0,1.0,N,9:25,120+04732,2017-04-20 09:26:00
5003,20140909SO-14-012617           ,2014-08-05 00:00:00,TU,19:07:00,0,0,0,0,P,N,N,2.0,2,NJ 3                                              ,W,3,9.7,2,2.0,1.0,1.0,1.0,1.0,1.0,N,19:05,120+04730,2014-08-05 19:07:00
5004,2013090913-008896              ,2013-05-23 00:00:00,TH,23:01:00,0,1,0,0,I,N,N,1.0,2,NJ 3                                              ,W,3,9.6,2,2.0,1.0,6.0,1.0,1.0,1.0,N,23:00,120+04731,2013-05-23 23:01:00
5005,2017090917-006463              ,2017-04-21 00:00:00,FR,1:53:00,0,0,0,0,P,N,N,11.0,1,NJ 3                                              ,W,3,9.7,2,2.0,2.0,7.0,2.0,1.0,1.0,N,1:55,120+04730,2017-04-21 01:53:00
5006,2015090915-019063              ,2015-12-21 00:00:00,M ,17:16:00,0,0,0,0,P,N,N,1.0,3,NJ 3                                              ,W,3,9.0,2,2.0,1.0,6.0,1.0,1.0,1.0,N,17:15,120+04732,2015-12-21 17:16:00
5007,2.02E+15,2018-04-28 00:00:00,SA,4:51:00,0,0,0,0,P,N,N,2.0,2,NJ 3                                              ,W,3,10.7,2,2.0,1.0,6.0,1.0,4.0,1.0,N,4:50,120P13767,2018-04-28 04:51:00
5008,2015090915-019130              ,2015-12-22 00:00:00,TU,17:52:00,0,1,0,0,I,N,N,1.0,2,NJ 3                                              ,W,3,9.2,2,2.0,2.0,6.0,1.0,1.0,1.0,N,17:50,120+04732,2015-12-22 17:52:00
5009,2016090916-007177              ,2016-05-13 00:00:00,F ,16:57:00,0,0,0,0,P,N,N,11.0,1,NJ 3                                              ,W,3,10.0,2,2.0,2.0,1.0,2.0,4.0,1.0,N,16:55,120P04729,2016-05-13 16:57:00
5010,2016090916-007180              ,2016-05-13 00:00:00,F ,17:37:00,0,0,0,0,P,N,N,99.0,1,NJ 3                                              ,W,3,9.3,2,2.0,2.0,1.0,2.0,4.0,1.0,N,17:35,120+04732,2016-05-13 17:37:00
5011,2.02E+15,2018-05-08 00:00:00,TU,7:42:00,0,0,0,0,P,N,N,2.0,2,NJ 3                                              ,W,3,10.84,2,2.0,1.0,1.0,1.0,1.0,,N,7:40,120P13767,2018-05-08 07:42:00
5013,2.02E+15,2018-05-10 00:00:00,TH,12:53:00,0,0,0,0,P,N,N,1.0,2,NJ 3                                              ,W,3,10.46,2,2.0,1.0,1.0,1.0,1.0,,N,12:55,120+04729,2018-05-10 12:53:00
5015,20150909S0-15-036046           ,2015-12-22 00:00:00,TU,15:11:00,0,0,0,0,P,N,N,1.0,2,NJ 3                                              ,W,3,8.8,2,2.0,2.0,1.0,1.0,1.0,1.0,N,15:10,120+04733,2015-12-22 15:11:00
5016,2013090913-009821              ,2013-06-08 00:00:00,SA,11:39:00,0,0,0,0,P,N,N,15.0,2,NJ 3                                              ,W,3,9.14,2,2.0,1.0,1.0,1.0,1.0,1.0,N,11:40,120+04732,2013-06-08 11:39:00
5017,2016090916-007565              ,2016-05-20 00:00:00,F ,1:22:00,0,1,0,0,I,N,N,11.0,1,NJ 3                                              ,W,3,9.4,2,2.0,1.0,6.0,1.0,1.0,1.0,N,1:20,120+04732,2016-05-20 01:22:00
5019,2014160214-100628              ,2014-12-13 00:00:00,SA,16:58:00,0,0,0,0,P,N,N,1.0,2,NJ 3                                              ,W,3,0.62,2,2.0,1.0,6.0,1.0,1.0,1.0,N,17:00,120P07448,2014-12-13 16:58:00
5020,2017090917-006971              ,2017-04-30 00:00:00,SU,11:20:00,0,0,0,0,P,N,N,2.0,2,NJ 3                                              ,W,3,8.6,2,2.0,1.0,1.0,1.0,5.0,1.0,N,11:20,120+04733,2017-04-30 11:20:00
5021,2018090918-000248              ,2018-01-04 00:00:00,TH,17:38:00,0,0,0,0,P,N,N,11.0,1,NJ 3                                              ,W,3,10.0,2,2.0,3.0,7.0,3.0,5.0,1.0,N,17:40,120P04729,2018-01-04 17:38:00
5022,2017090917-007177              ,2017-05-03 00:00:00,WE,10:23:00,0,0,0,0,P,N,N,2.0,2,NJ 3                                              ,W,3,9.65,2,2.0,1.0,1.0,1.0,2.0,1.0,N,10:25,120+04730,2017-05-03 10:23:00
5023,2017090917-007200              ,2017-05-03 00:00:00,WE,17:49:00,0,0,0,0,P,N,N,2.0,2,NJ 3                                              ,W,3,8.49,2,2.0,1.0,1.0,1.0,4.0,1.0,N,17:50,120P04733,2017-05-03 17:49:00
5024,2016090916-008502              ,2016-06-03 00:00:00,F ,16:03:00,0,1,0,0,I,N,N,11.0,1,NJ 3                                              ,W,3,8.8,2,2.0,1.0,1.0,1.0,5.0,1.0,N,16:05,120+04733,2016-06-03 16:03:00
5025,2017090917-007254              ,2017-05-04 00:00:00,TH,17:20:00,0,0,0,0,P,N,N,1.0,3,NJ 3                                              ,W,3,8.58,2,2.0,1.0,1.0,1.0,1.0,1.0,N,17:20,120+04733,2017-05-04 17:20:00
5026,2016090916-008527              ,2016-06-04 00:00:00,SA,3:17:00,0,0,0,0,P,N,N,1.0,2,NJ 3                                              ,W,3,9.3,2,2.0,1.0,6.0,1.0,1.0,1.0,N,3:15,120+04732,2016-06-04 03:17:00
5027,2015132215-5627                ,2015-10-14 00:00:00,W ,20:51:00,0,0,0,0,P,N,N,1.0,2,MONMOUTH COUNTY 3                                 ,W,3,13.21,5,2.0,1.0,6.0,1.0,2.0,1.0,N,20:50,120P13767,2015-10-14 20:51:00
5029,2014160214-100758              ,2014-12-14 00:00:00,S ,18:27:00,0,2,0,0,I,N,N,1.0,2,NJ 3                                              ,W,3,1.44,2,2.0,1.0,5.0,1.0,1.0,1.0,N,18:25,120P07446,2014-12-14 18:27:00
5030,2018090918-000563              ,2018-01-09 00:00:00,TU,15:47:00,0,0,0,0,P,N,N,2.0,2,NJ 3                                              ,W,3,9.8,2,2.0,1.0,1.0,1.0,2.0,1.0,N,15:45,120+04730,2018-01-09 15:47:00
5032,2014160214-100835              ,2014-12-15 00:00:00,M ,7:46:00,0,0,0,0,P,N,N,2.0,2,NJ 3                                              ,W,3,3.41,2,2.0,1.0,1.0,1.0,1.0,1.0,N,7:45,120+07443,2014-12-15 07:46:00
5033,2017090917-007461              ,2017-05-08 00:00:00,MO,11:10:00,0,0,0,0,P,N,N,1.0,2,NJ 3                                              ,W,3,9.5,2,2.0,1.0,1.0,1.0,5.0,1.0,N,11:10,120+04731,2017-05-08 11:10:00
5034,2013090913-010698              ,2013-06-21 00:00:00,F ,23:53:00,0,0,0,0,P,N,N,2.0,2,NJ 3                                              ,W,3,8.6,2,1.0,1.0,6.0,1.0,2.0,2.0,N,23:55,120+04733,2013-06-21 23:53:00
5035,2015132615MN02508              ,2015-02-01 00:00:00,S ,19:31:00,0,0,0,0,P,N,N,12.0,1,MONMOUTH COUNTY 3                                 ,W,3,1.72,5,2.0,1.0,6.0,1.0,5.0,1.0,N,19:30,120+07445,2015-02-01 19:31:00
5036,2016090916-008777              ,2016-06-08 00:00:00,W ,15:50:00,0,1,0,0,I,N,N,1.0,3,NJ 3                                              ,W,3,8.9,2,2.0,2.0,1.0,5.0,5.0,1.0,N,15:50,120+04732,2016-06-08 15:50:00
5037,2013090913-010900              ,2013-06-25 00:00:00,TU,15:24:00,0,2,0,0,I,N,N,1.0,2,NJ 3                                              ,W,3,9.9,2,2.0,1.0,1.0,1.0,1.0,1.0,N,15:25,120+04730,2013-06-25 15:24:00
5038,2013090913-010937              ,2013-06-26 00:00:00,W ,8:24:00,0,0,0,0,P,N,N,2.0,2,NJ 3                                              ,W,3,8.0,2,2.0,1.0,1.0,1.0,2.0,1.0,N,8:25,120+04734,2013-06-26 08:24:00
5040,2014160214-100926              ,2014-12-15 00:00:00,M ,18:38:00,0,0,0,0,P,N,N,1.0,2,NJ 3                                              ,W,3,0.6,2,2.0,1.0,6.0,1.0,1.0,,N,18:40,120P07448,2014-12-15 18:38:00
5041,2013090913-011264              ,2013-07-01 00:00:00,M ,16:40:00,0,1,0,0,I,N,N,11.0,1,NJ 3                                              ,W,3,0.0,2,2.0,2.0,1.0,2.0,2.0,1.0,N,16:40,120+07449,2013-07-01 16:40:00
5043,2014160214-101 762             ,2014-12-21 00:00:00,S ,17:41:00,0,1,0,0,I,N,N,1.0,2,NJ 3                                              ,W,3,2.7,2,2.0,1.0,6.0,1.0,1.0,1.0,N,17:40,120+07444,2014-12-21 17:41:00
5044,2017090917-008055              ,2017-05-18 00:00:00,TH,9:33:00,0,0,0,0,P,N,N,11.0,2,NJ 3                                              ,W,3,9.88,2,2.0,1.0,1.0,1.0,2.0,1.0,N,9:35,120+04730,2017-05-18 09:33:00
5045,2017090917-008096              ,2017-05-19 00:00:00,FR,1:57:00,0,0,0,0,P,N,N,12.0,1,NJ 3                                              ,W,3,10.0,2,2.0,1.0,6.0,1.0,3.0,1.0,N,1:55,120P04729,2017-05-19 01:57:00
5046,2016090916-009228              ,2016-06-16 00:00:00,TH,17:44:00,0,0,0,0,P,N,N,2.0,2,NJ 3                                              ,W,3,10.2,2,2.0,1.0,1.0,1.0,5.0,1.0,N,17:45,120P04729,2016-06-16 17:44:00