,CRASH_ID,DATE,DAY,TIME,KILLED,INJURED,PED_KILL,PED_INJ,SEVERITY,ALCOHOL,HAZMAT,CRASH_TYPE,VEH_COUNT,LOCATION,LOC_DIR,ROUTE,MP,RD_SYS,RD_SURF,SURF_COND,LIGHT,WEATHER,RD_DIV,RD_WRKZN,CELL_USE,TIME_ROUND,TMC,timestamp
5047,2014160214-101158              ,2014-12-17 00:00:00,W ,8:12:00,0,0,0,0,P,N,N,1.0,2,NJ 3                                              ,W,3,1.51,2,2.0,1.0,1.0,1.0,1.0,1.0,N,8:10,120+07445,2014-12-17 08:12:00
5049,2014160214-101307              ,2014-12-18 00:00:00,TH,8:56:00,0,0,0,0,P,N,N,1.0,3,NJ 3                                              ,W,3,1.78,2,2.0,1.0,1.0,1.0,1.0,1.0,N,8:55,120+07445,2014-12-18 08:56:00
5050,2018090918-001377              ,2018-01-22 00:00:00,MO,23:37:00,0,0,0,0,P,N,N,11.0,1,NJ 3                                              ,W,3,10.04,2,2.0,2.0,6.0,4.0,5.0,1.0,N,23:35,120P04729,2018-01-22 23:37:00
5051,2016090916-009745              ,2016-06-27 00:00:00,M ,7:01:00,0,1,0,0,I,N,N,1.0,2,NJ 3                                              ,W,3,8.8,2,2.0,1.0,1.0,1.0,5.0,1.0,Y,7:00,120+04733,2016-06-27 07:01:00
5052,2018090918-001477              ,2018-01-24 00:00:00,WE,12:15:00,0,0,0,0,P,N,N,1.0,2,NJ 3                                              ,W,3,10.0,2,1.0,1.0,1.0,1.0,1.0,1.0,N,12:15,120P04729,2018-01-24 12:15:00
5057,2016090916-009858              ,2016-06-29 00:00:00,W ,7:55:00,0,1,0,0,I,N,N,2.0,2,NJ 3                                              ,W,3,9.6,2,2.0,1.0,1.0,1.0,1.0,1.0,N,7:55,120+04731,2016-06-29 07:55:00
5059,2018090918-001952              ,2018-02-01 00:00:00,TH,23:23:00,0,0,0,0,P,N,N,11.0,1,NJ 3                                              ,W,3,8.6,2,2.0,2.0,6.0,2.0,2.0,1.0,N,23:25,120+04733,2018-02-01 23:23:00
5061,2014160214-10178               ,2014-09-23 00:00:00,TU,18:15:00,0,0,0,0,P,N,N,1.0,2,NJ 3                                              ,W,3,1.22,2,2.0,1.0,1.0,1.0,1.0,1.0,N,18:15,120P07447,2014-09-23 18:15:00
5062,2013090913-014082              ,2013-08-18 00:00:00,S ,1:48:00,0,0,0,0,P,N,N,99.0,1,NJ 3                                              ,W,3,9.88,2,2.0,1.0,6.0,1.0,99.0,2.0,N,1:50,120+04730,2013-08-18 01:48:00
5063,2014160214-10180               ,2014-09-23 00:00:00,TU,18:07:00,0,0,0,0,P,N,N,1.0,2,NJ 3                                              ,W,3,0.1,2,2.0,1.0,1.0,1.0,1.0,1.0,N,18:05,120+07449,2014-09-23 18:07:00
5064,2018090918-002254              ,2018-02-07 00:00:00,WE,10:14:00,0,0,0,0,P,N,N,11.0,1,NJ 3                                              ,W,3,9.6,2,2.0,3.0,1.0,3.0,2.0,1.0,N,10:15,120+04731,2018-02-07 10:14:00
5065,2018090918-002391              ,2018-02-09 00:00:00,FR,10:31:00,0,2,0,0,I,N,N,11.0,2,NJ 3                                              ,W,3,9.16,2,2.0,1.0,1.0,1.0,1.0,1.0,N,10:30,120+04732,2018-02-09 10:31:00
5066,2016090916-010303              ,2016-07-08 00:00:00,F ,14:17:00,0,0,0,0,P,N,N,15.0,1,NJ 3                                              ,W,3,9.3,2,2.0,1.0,1.0,1.0,1.0,1.0,N,14:15,120+04732,2016-07-08 14:17:00
5067,2016090916-010520              ,2016-07-13 00:00:00,W ,7:18:00,0,0,0,0,P,N,N,2.0,2,NJ 3                                              ,W,3,8.6,2,2.0,1.0,1.0,1.0,5.0,1.0,N,7:20,120+04733,2016-07-13 07:18:00
5068,2013090913-014660              ,2013-08-28 00:00:00,W ,9:04:00,0,0,0,0,P,N,N,11.0,2,NJ 3                                              ,W,3,10.03,2,2.0,1.0,1.0,1.0,1.0,1.0,N,9:05,120P04729,2013-08-28 09:04:00
5069,2014160214-102051              ,2014-12-23 00:00:00,TU,18:00:00,0,0,0,0,P,N,N,1.0,2,NJ 3                                              ,W,3,2.7,2,2.0,2.0,6.0,2.0,1.0,1.0,N,18:00,120+07444,2014-12-23 18:00:00
5070,2013090913-015039              ,2013-09-03 00:00:00,TU,16:29:00,0,1,0,0,I,N,N,1.0,2,NJ 3                                              ,W,3,8.8,2,2.0,1.0,1.0,1.0,1.0,1.0,N,16:30,120+04733,2013-09-03 16:29:00
5071,2015132615MN10704              ,2015-04-27 00:00:00,M ,13:20:00,0,0,0,0,P,N,N,2.0,2,MONMOUTH COUNTY 3                                 ,W,3,3.62,5,1.0,1.0,1.0,1.0,4.0,1.0,N,13:20,120P07442,2015-04-27 13:20:00
5072,2018090918-002717              ,2018-02-14 00:00:00,WE,18:15:00,0,0,0,0,P,N,N,1.0,2,NJ 3                                              ,W,3,8.56,2,2.0,1.0,7.0,1.0,1.0,1.0,N,18:15,120+04733,2018-02-14 18:15:00
5073,2016090916-010714              ,2016-07-17 00:00:00,S ,6:20:00,0,0,0,0,P,N,N,11.0,1,NJ 3                                              ,W,3,8.61,2,2.0,1.0,1.0,1.0,3.0,1.0,N,6:20,120+04733,2016-07-17 06:20:00
5074,2015132615MN10831              ,2015-04-28 00:00:00,TU,16:11:00,0,0,0,0,P,N,N,1.0,2,MONMOUTH COUNTY 3                                 ,W,3,3.68,5,1.0,1.0,1.0,1.0,5.0,1.0,N,16:10,120+07442,2015-04-28 16:11:00
5075,2013090913-015633              ,2013-09-13 00:00:00,F ,9:43:00,0,0,0,0,P,N,N,99.0,3,NJ 3                                              ,W,3,8.51,2,2.0,1.0,1.0,1.0,,1.0,N,9:45,120P04733,2013-09-13 09:43:00
5077,2016090916-010924              ,2016-07-21 00:00:00,TH,7:46:00,0,0,0,0,P,N,N,1.0,2,NJ 3                                              ,W,3,8.7,2,2.0,1.0,1.0,1.0,5.0,1.0,N,7:45,120+04733,2016-07-21 07:46:00
5078,2017090917-010155              ,2017-06-21 00:00:00,WE,18:34:00,0,0,0,0,P,N,N,2.0,2,NJ 3                                              ,W,3,9.2,2,2.0,1.0,1.0,1.0,5.0,1.0,N,18:35,120+04732,2017-06-21 18:34:00
5080,2014160214-10235               ,2014-09-25 00:00:00,TH,8:33:00,0,0,0,0,P,N,N,11.0,1,NJ 3                                              ,W,3,2.14,2,2.0,2.0,1.0,2.0,1.0,1.0,N,8:35,120+07445,2014-09-25 08:33:00
5081,2018090918-003245              ,2018-02-23 00:00:00,FR,18:45:00,0,1,0,0,I,N,N,2.0,2,NJ 3                                              ,W,3,9.2,2,2.0,2.0,6.0,2.0,4.0,1.0,N,18:45,120+04732,2018-02-23 18:45:00
5082,2014160214-102357              ,2014-12-26 00:00:00,F ,17:13:00,0,0,0,0,P,N,N,2.0,2,NJ 3                                              ,W,3,3.91,2,2.0,1.0,6.0,1.0,1.0,1.0,N,17:15,120+07442,2014-12-26 17:13:00
5083,2013090913-016119              ,2013-09-21 00:00:00,SA,9:24:00,0,0,0,0,P,N,N,2.0,2,NJ 3                                              ,W,3,8.5,2,1.0,1.0,1.0,1.0,1.0,1.0,N,9:25,120P04733,2013-09-21 09:24:00
5084,2013090913-016161              ,2013-09-22 00:00:00,S ,3:00:00,0,2,0,0,I,Y,N,99.0,2,NJ 3                                              ,W,3,10.5,2,2.0,2.0,4.0,2.0,1.0,1.0,N,3:00,120P13767,2013-09-22 03:00:00
5086,2018090918-003598              ,2018-03-01 00:00:00,TH,10:52:00,0,0,0,0,P,N,N,15.0,2,NJ 3                                              ,W,3,8.6,2,2.0,1.0,1.0,1.0,5.0,1.0,N,10:50,120+04733,2018-03-01 10:52:00
5089,2018090918-003815              ,2018-03-05 00:00:00,MO,8:05:00,0,0,0,0,P,N,N,2.0,3,NJ 3                                              ,W,3,9.1,2,2.0,1.0,1.0,1.0,5.0,1.0,N,8:05,120+04732,2018-03-05 08:05:00
5090,2013090913-016813              ,2013-10-02 00:00:00,W ,7:50:00,0,1,0,0,I,N,N,1.0,2,NJ 3                                              ,W,3,9.89,2,2.0,1.0,1.0,1.0,1.0,1.0,N,7:50,120+04730,2013-10-02 07:50:00
5091,2017090917-010962              ,2017-07-05 00:00:00,WE,20:09:00,0,1,0,0,I,N,N,2.0,2,NJ 3                                              ,W,3,9.9,2,2.0,1.0,3.0,1.0,1.0,1.0,N,20:10,120+04730,2017-07-05 20:09:00
5092,2016090916-011344              ,2016-07-29 00:00:00,F ,9:49:00,0,1,0,0,I,N,N,11.0,1,NJ 3                                              ,W,3,10.0,2,2.0,2.0,1.0,2.0,2.0,1.0,N,9:50,120P04729,2016-07-29 09:49:00
5093,2016090916-011410              ,2016-07-30 00:00:00,SA,13:43:00,0,0,0,0,P,N,N,11.0,1,NJ 3                                              ,W,3,10.0,2,2.0,2.0,1.0,5.0,2.0,1.0,N,13:45,120P04729,2016-07-30 13:43:00
5094,2014160214-102670              ,2014-12-29 00:00:00,M ,19:01:00,0,0,0,0,P,N,N,1.0,2,NJ 3                                              ,W,3,0.09,2,2.0,1.0,1.0,1.0,3.0,1.0,N,19:00,120+07449,2014-12-29 19:01:00
5095,2017090917-010995              ,2017-07-06 00:00:00,TH,11:30:00,0,1,0,0,I,N,N,1.0,2,NJ 3                                              ,W,3,8.8,2,2.0,1.0,1.0,1.0,1.0,1.0,N,11:30,120+04733,2017-07-06 11:30:00
5096,2017090917-011058              ,2017-07-07 00:00:00,FR,10:43:00,0,1,0,0,I,N,N,11.0,1,NJ 3                                              ,W,3,9.6,2,2.0,2.0,1.0,2.0,1.0,1.0,N,10:45,120+04731,2017-07-07 10:43:00
5097,2016090916-011809              ,2016-08-06 00:00:00,SA,21:38:00,0,1,0,0,I,N,N,1.0,2,NJ 3                                              ,W,3,9.7,2,2.0,1.0,7.0,1.0,3.0,1.0,N,21:40,120+04730,2016-08-06 21:38:00
5099,2015132615MN13345              ,2015-05-23 00:00:00,SA,19:51:00,0,0,0,0,P,N,N,1.0,2,MONMOUTH COUNTY 3                                 ,W,3,0.8,5,2.0,1.0,1.0,1.0,5.0,1.0,N,19:50,120+07448,2015-05-23 19:51:00
5100,2014160214-102784              ,2014-12-30 00:00:00,TU,10:39:00,0,0,0,0,P,N,N,1.0,2,NJ 3                                              ,W,3,3.82,2,2.0,1.0,1.0,1.0,1.0,1.0,N,10:40,120+07442,2014-12-30 10:39:00
5101,2018090918-004086              ,2018-03-09 00:00:00,FR,19:18:00,0,1,0,0,I,N,N,2.0,2,NJ 3                                              ,W,3,9.5,2,2.0,,6.0,1.0,2.0,1.0,N,19:20,120+04731,2018-03-09 19:18:00
5102,2013090913-017190              ,2013-10-08 00:00:00,TU,15:43:00,0,0,0,0,P,N,N,2.0,2,NJ 3                                              ,W,3,9.4,2,2.0,1.0,1.0,1.0,5.0,1.0,N,15:45,120+04732,2013-10-08 15:43:00
5104,2016090916-012704              ,2016-08-23 00:00:00,TU,20:37:00,0,0,0,0,P,N,N,2.0,2,NJ 3                                              ,W,3,9.6,2,2.0,1.0,6.0,1.0,3.0,1.0,N,20:35,120+04731,2016-08-23 20:37:00
5105,2016090916-012749              ,2016-08-24 00:00:00,W ,17:08:00,0,0,0,0,P,N,N,1.0,2,NJ 3                                              ,W,3,9.4,2,2.0,1.0,1.0,1.0,3.0,1.0,N,17:10,120+04732,2016-08-24 17:08:00
5107,2017090917-011531              ,2017-07-15 00:00:00,SA,11:50:00,0,0,0,0,P,N,N,11.0,1,NJ 3                                              ,W,3,8.8,2,2.0,1.0,1.0,1.0,5.0,1.0,N,11:50,120+04733,2017-07-15 11:50:00
5108,2014160214-10326               ,2014-09-27 00:00:00,SA,12:23:00,0,0,0,0,P,N,N,1.0,2,NJ 3                                              ,W,3,1.44,2,2.0,1.0,1.0,1.0,1.0,1.0,N,12:25,120P07446,2014-09-27 12:23:00
5109,2017090917-011695              ,2017-07-18 00:00:00,TU,13:12:00,0,2,0,0,I,N,N,1.0,2,NJ 3                                              ,W,3,9.3,2,2.0,1.0,1.0,1.0,5.0,1.0,N,13:10,120+04732,2017-07-18 13:12:00
5110,2013090913-018297              ,2013-10-25 00:00:00,F ,16:33:00,0,0,0,0,P,N,N,2.0,2,NJ 3                                              ,W,3,10.5,2,2.0,1.0,1.0,1.0,1.0,1.0,N,16:35,120P13767,2013-10-25 16:33:00
5112,2014160214-1040                ,2014-01-28 00:00:00,TU,7:53:00,0,0,0,0,P,N,N,1.0,2,NJ 3                                              ,W,3,3.42,2,2.0,1.0,1.0,1.0,1.0,1.0,N,7:55,120+07443,2014-01-28 07:53:00
5113,2017090917-011935              ,2017-07-22 00:00:00,SA,17:35:00,0,0,0,0,P,N,N,1.0,2,NJ 3                                              ,W,3,8.8,2,2.0,1.0,1.0,1.0,1.0,1.0,N,17:35,120+04733,2017-07-22 17:35:00
5115,2016090916-013161              ,2016-08-30 00:00:00,TU,17:43:00,0,0,0,0,P,N,N,1.0,2,NJ 3                                              ,W,3,8.6,2,2.0,1.0,1.0,1.0,3.0,1.0,N,17:45,120+04733,2016-08-30 17:43:00
5116,2017090917-012006              ,2017-07-24 00:00:00,MO,8:18:00,0,0,0,0,P,N,N,11.0,1,NJ 3                                              ,W,3,10.03,2,2.0,2.0,1.0,2.0,2.0,1.0,N,8:20,120P04729,2017-07-24 08:18:00
5117,2014160214-10507               ,2014-10-02 00:00:00,TH,6:58:00,0,0,0,0,P,N,N,1.0,2,NJ 3                                              ,W,3,0.6,2,2.0,1.0,2.0,1.0,1.0,1.0,N,7:00,120P07448,2014-10-02 06:58:00
5118,2018090918-004766              ,2018-03-21 00:00:00,WE,15:55:00,0,0,0,0,P,N,N,11.0,1,NJ 3                                              ,W,3,8.9,2,2.0,3.0,1.0,3.0,1.0,1.0,N,15:55,120+04732,2018-03-21 15:55:00
5119,2016090916-013165              ,2016-08-30 00:00:00,TU,18:42:00,0,0,0,0,P,N,N,4.0,4,NJ 3                                              ,W,3,9.5,2,1.0,1.0,1.0,4.0,1.0,1.0,N,18:40,120+04731,2016-08-30 18:42:00
5120,2017090917-012061              ,2017-07-24 00:00:00,MO,21:04:00,0,2,0,0,I,N,N,1.0,2,NJ 3                                              ,W,3,10.1,2,2.0,1.0,6.0,1.0,1.0,1.0,N,21:05,120P04729,2017-07-24 21:04:00
5121,2016090916-013263              ,2016-09-01 00:00:00,TH,19:58:00,0,0,0,0,P,N,N,1.0,3,NJ 3                                              ,W,3,8.6,2,2.0,1.0,6.0,1.0,5.0,1.0,N,20:00,120+04733,2016-09-01 19:58:00
5122,2017090917-012062              ,2017-07-24 00:00:00,MO,21:05:00,0,2,0,0,I,N,N,1.0,2,NJ 3                                              ,W,3,10.2,2,2.0,1.0,6.0,1.0,5.0,1.0,N,21:05,120P04729,2017-07-24 21:05:00
5124,2014160214-10532               ,2014-10-02 00:00:00,TH,17:23:00,0,1,0,0,I,N,N,1.0,2,NJ 3                                              ,W,3,3.42,2,2.0,1.0,1.0,1.0,1.0,1.0,N,17:25,120+07443,2014-10-02 17:23:00
5125,2017090917-012116              ,2017-07-25 00:00:00,TU,15:09:00,0,1,0,0,I,N,N,1.0,2,NJ 3                                              ,W,3,10.04,2,1.0,1.0,1.0,1.0,5.0,1.0,N,15:10,120P04729,2017-07-25 15:09:00
5127,2014160214-10570               ,2014-10-03 00:00:00,F ,18:17:00,0,0,0,0,P,N,N,1.0,2,NJ 3                                              ,W,3,0.55,2,2.0,1.0,1.0,1.0,1.0,1.0,Y,18:15,120+07449,2014-10-03 18:17:00
5129,2017090917-012435              ,2017-08-01 00:00:00,TU,1:26:00,0,1,0,0,I,N,N,15.0,3,NJ 3                                              ,W,3,9.5,2,2.0,1.0,6.0,1.0,4.0,1.0,N,1:25,120+04731,2017-08-01 01:26:00
5130,2018090918-005294              ,2018-03-30 00:00:00,FR,12:02:00,0,0,0,0,P,N,N,2.0,2,NJ 3                                              ,W,3,8.7,2,2.0,1.0,1.0,5.0,5.0,1.0,N,12:00,120+04733,2018-03-30 12:02:00
5131,2013090913-020949              ,2013-12-06 00:00:00,F ,9:18:00,0,0,0,0,P,N,N,1.0,2,NJ 3                                              ,W,3,8.0,2,2.0,2.0,1.0,2.0,2.0,1.0,N,9:20,120+04734,2013-12-06 09:18:00
5132,2015132615MN21391              ,2015-08-06 00:00:00,TH,16:59:00,0,1,0,0,I,N,N,1.0,2,MONMOUTH COUNTY 3                                 ,W,3,0.0,5,2.0,1.0,1.0,1.0,5.0,1.0,N,17:00,120+07449,2015-08-06 16:59:00
5133,2014160214-10688               ,2014-10-06 00:00:00,M ,15:59:00,0,0,0,0,P,N,N,2.0,2,NJ 3                                              ,W,3,3.82,2,2.0,1.0,1.0,1.0,1.0,1.0,N,16:00,120+07442,2014-10-06 15:59:00
5134,2015132615MN21448              ,2015-08-07 00:00:00,F ,11:09:00,0,1,0,0,I,N,N,3.0,2,MONMOUTH COUNTY 3                                 ,W,3,0.0,5,2.0,1.0,1.0,1.0,5.0,1.0,N,11:10,120+07449,2015-08-07 11:09:00
5135,2018090918-005536              ,2018-04-03 00:00:00,TU,19:19:00,0,0,0,0,P,N,N,1.0,2,NJ 3                                              ,W,3,8.8,2,2.0,2.0,3.0,2.0,4.0,1.0,N,19:20,120+04733,2018-04-03 19:19:00
5136,2013090913-021963              ,2013-12-22 00:00:00,S ,3:12:00,0,0,0,0,P,Y,N,11.0,1,NJ 3                                              ,W,3,10.0,2,2.0,2.0,5.0,2.0,1.0,1.0,N,3:10,120P04729,2013-12-22 03:12:00
5138,2013090913-022000              ,2013-12-22 00:00:00,S ,18:24:00,0,0,0,0,P,N,N,11.0,1,NJ 3                                              ,W,3,9.25,2,2.0,2.0,6.0,5.0,2.0,1.0,N,18:25,120+04732,2013-12-22 18:24:00
5139,2016090916-015005              ,2016-10-03 00:00:00,M ,20:08:00,1,0,0,0,F,N,N,11.0,1,NJ 3                                              ,W,3,9.4,2,2.0,1.0,6.0,1.0,1.0,1.0,N,20:10,120+04732,2016-10-03 20:08:00
5140,2017090917-012844              ,2017-08-07 00:00:00,MO,20:23:00,0,0,0,0,P,N,N,11.0,1,NJ 3                                              ,W,3,9.8,2,2.0,2.0,7.0,2.0,2.0,1.0,N,20:25,120+04730,2017-08-07 20:23:00
5141,2018090918-005663              ,2018-04-05 00:00:00,TH,14:12:00,0,1,0,0,I,N,N,1.0,2,NJ 3                                              ,W,3,10.2,2,2.0,1.0,1.0,1.0,2.0,1.0,N,14:10,120P04729,2018-04-05 14:12:00
5143,2018090918-005734              ,2018-04-06 00:00:00,FR,14:59:00,0,0,0,0,P,N,N,2.0,2,NJ 3                                              ,W,3,9.14,2,2.0,1.0,1.0,1.0,2.0,1.0,N,15:00,120+04732,2018-04-06 14:59:00
5144,2017090917-013122              ,2017-08-12 00:00:00,SA,14:11:00,0,0,0,0,P,N,N,1.0,2,NJ 3                                              ,W,3,9.2,2,2.0,1.0,1.0,1.0,2.0,1.0,N,14:10,120+04732,2017-08-12 14:11:00
5146,2014160214-1093                ,2014-01-29 00:00:00,W ,9:03:00,0,0,0,0,P,N,N,15.0,1,NJ 3                                              ,W,3,4.89,2,2.0,2.0,1.0,1.0,1.0,2.0,N,9:05,120P04739,2014-01-29 09:03:00
5147,2017090917-013353              ,2017-08-16 00:00:00,WE,18:08:00,0,0,0,0,P,N,N,2.0,2,NJ 3                                              ,W,3,9.0,2,2.0,1.0,1.0,1.0,5.0,1.0,N,18:10,120+04732,2017-08-16 18:08:00
5150,2016090916-016287              ,2016-10-24 00:00:00,M ,19:16:00,0,0,0,0,P,N,N,2.0,2,NJ 3                                              ,W,3,8.6,2,2.0,1.0,6.0,1.0,5.0,1.0,N,19:15,120+04733,2016-10-24 19:16:00
5151,2015132615MN27360              ,2015-09-28 00:00:00,M ,15:41:00,0,0,0,0,P,N,N,11.0,1,MONMOUTH COUNTY 3                                 ,W,3,0.72,5,2.0,1.0,1.0,1.0,5.0,1.0,N,15:40,120+07448,2015-09-28 15:41:00
5152,2014160214-11078               ,2014-10-16 00:00:00,TH,18:52:00,0,0,0,0,P,N,N,1.0,2,NJ 3                                              ,W,3,1.53,2,2.0,1.0,6.0,1.0,1.0,1.0,N,18:50,120+07445,2014-10-16 18:52:00
5154,2013160213-1015                ,2013-01-28 00:00:00,M ,12:10:00,0,0,0,0,P,N,N,1.0,2,NJ 3                                              ,W,3,3.8,2,2.0,2.0,1.0,6.0,1.0,1.0,N,12:10,120+07442,2013-01-28 12:10:00
5155,2017090917-013739              ,2017-08-23 00:00:00,WE,12:28:00,0,0,0,0,P,N,N,2.0,2,NJ 3                                              ,W,3,9.4,2,2.0,1.0,1.0,1.0,1.0,1.0,N,12:30,120+04732,2017-08-23 12:28:00
5156,2013160213-10153               ,2013-09-10 00:00:00,TU,22:58:00,0,0,0,0,P,N,N,1.0,3,NJ 3                                              ,W,3,1.24,2,2.0,1.0,6.0,1.0,1.0,2.0,N,23:00,120P07447,2013-09-10 22:58:00
5157,2013160213-10183               ,2013-09-11 00:00:00,W ,17:11:00,0,0,0,0,P,N,N,1.0,2,NJ 3                                              ,W,3,0.01,2,2.0,1.0,1.0,1.0,3.0,1.0,N,17:10,120+07449,2013-09-11 17:11:00
5158,2017090917-014019              ,2017-08-27 00:00:00,SU,7:01:00,0,0,0,0,P,Y,N,11.0,1,NJ 3                                              ,W,3,9.7,2,2.0,1.0,1.0,1.0,2.0,1.0,N,7:00,120+04730,2017-08-27 07:01:00
5159,2013160213-10185               ,2013-09-11 00:00:00,W ,17:47:00,0,0,0,0,P,N,N,1.0,2,NJ 3                                              ,W,3,3.42,2,2.0,1.0,1.0,1.0,4.0,1.0,N,17:45,120+07443,2013-09-11 17:47:00
5160,2018090918-007127              ,2018-04-28 00:00:00,SA,22:45:00,0,0,0,0,P,N,N,99.0,1,NJ 3                                              ,W,3,10.0,2,2.0,2.0,7.0,2.0,2.0,1.0,N,22:45,120P04729,2018-04-28 22:45:00
5161,2013160213-10186               ,2013-09-11 00:00:00,W ,18:22:00,0,0,0,0,P,N,N,1.0,2,NJ 3                                              ,W,3,2.64,2,2.0,1.0,1.0,1.0,1.0,1.0,N,18:20,120+07444,2013-09-11 18:22:00
5162,2017090917-014180              ,2017-08-30 00:00:00,WE,2:28:00,0,1,0,0,I,N,N,11.0,1,NJ 3                                              ,W,3,8.8,2,2.0,2.0,6.0,1.0,2.0,1.0,N,2:30,120+04733,2017-08-30 02:28:00
5163,2016090916-017195              ,2016-11-09 00:00:00,W ,20:01:00,0,0,0,0,P,N,N,2.0,2,NJ 3                                              ,W,3,10.1,2,2.0,2.0,6.0,2.0,3.0,1.0,N,20:00,120P04729,2016-11-09 20:01:00
5164,2013160213-10201               ,2013-09-12 00:00:00,TH,7:54:00,0,0,0,0,P,N,N,1.0,2,NJ 3                                              ,W,3,0.19,2,2.0,1.0,1.0,5.0,1.0,1.0,N,7:55,120+07449,2013-09-12 07:54:00
5165,2018090918-007371              ,2018-05-03 00:00:00,TH,5:14:00,0,1,0,0,I,N,N,2.0,2,NJ 3                                              ,W,3,8.7,2,2.0,1.0,2.0,1.0,2.0,,N,5:15,120+04733,2018-05-03 05:14:00
5166,2016090916-017299              ,2016-11-11 00:00:00,F ,17:32:00,0,0,0,0,P,N,N,2.0,2,NJ 3                                              ,W,3,9.7,2,2.0,1.0,3.0,1.0,5.0,1.0,N,17:30,120+04730,2016-11-11 17:32:00
5167,2017090917-014301              ,2017-08-31 00:00:00,TH,17:32:00,0,1,0,0,I,N,N,1.0,2,NJ 3                                              ,W,3,10.1,2,2.0,1.0,1.0,1.0,1.0,1.0,N,17:30,120P04729,2017-08-31 17:32:00
5168,2015132615MN30943              ,2015-10-29 00:00:00,TH,8:48:00,0,1,0,0,I,N,N,1.0,2,MONMOUTH COUNTY 3                                 ,W,3,3.33,5,2.0,2.0,1.0,1.0,5.0,,N,8:50,120+07443,2015-10-29 08:48:00
5169,2014160214-11229               ,2014-10-21 00:00:00,TU,8:06:00,0,0,0,0,P,N,N,2.0,2,NJ 3                                              ,W,3,3.43,2,2.0,1.0,1.0,1.0,1.0,1.0,N,8:05,120+07443,2014-10-21 08:06:00
5170,2013160213-10260               ,2013-09-13 00:00:00,F ,11:55:00,0,0,0,0,P,N,N,1.0,2,NJ 3                                              ,W,3,4.7,2,2.0,1.0,1.0,1.0,1.0,2.0,N,11:55,120P04739,2013-09-13 11:55:00
5171,2016090916-017331              ,2016-11-12 00:00:00,SA,5:27:00,0,1,0,0,I,N,N,1.0,2,NJ 3                                              ,W,3,9.6,2,2.0,1.0,6.0,1.0,1.0,1.0,N,5:25,120+04731,2016-11-12 05:27:00
5172,2014160214-11237               ,2014-10-21 00:00:00,TU,13:30:00,0,0,0,0,P,N,N,2.0,2,NJ 3                                              ,W,3,1.8,2,2.0,1.0,1.0,1.0,1.0,1.0,N,13:30,120+07445,2014-10-21 13:30:00
5173,2015132615MN31572              ,2015-11-03 00:00:00,TU,19:09:00,0,1,0,0,I,N,N,3.0,2,MONMOUTH COUNTY 3                                 ,W,3,2.22,5,2.0,1.0,6.0,1.0,5.0,1.0,N,19:10,120+07445,2015-11-03 19:09:00
5174,2017090917-014312              ,2017-08-31 00:00:00,TH,19:53:00,0,0,0,0,P,N,N,2.0,2,NJ 3                                              ,W,3,8.65,2,1.0,1.0,6.0,1.0,1.0,1.0,N,19:55,120+04733,2017-08-31 19:53:00
5175,2014160214-11268               ,2014-10-22 00:00:00,W ,8:07:00,0,0,0,0,P,N,N,1.0,2,NJ 3                                              ,W,3,0.1,2,2.0,2.0,1.0,2.0,1.0,1.0,N,8:05,120+07449,2014-10-22 08:07:00
5176,2014160214-11287               ,2014-10-22 00:00:00,W ,17:31:00,0,2,0,0,I,N,N,1.0,2,NJ 3                                              ,W,3,2.69,2,2.0,2.0,1.0,2.0,1.0,1.0,N,17:30,120+07444,2014-10-22 17:31:00
5177,2013160213-10373               ,2013-09-16 00:00:00,M ,12:23:00,0,1,0,0,I,N,N,2.0,2,NJ 3                                              ,W,3,4.7,2,2.0,1.0,1.0,1.0,1.0,1.0,N,12:25,120P04739,2013-09-16 12:23:00
5178,2016090916-017403              ,2016-11-13 00:00:00,S ,16:19:00,0,0,0,0,P,N,N,1.0,2,NJ 3                                              ,W,3,9.2,2,2.0,1.0,3.0,1.0,2.0,1.0,N,16:20,120+04732,2016-11-13 16:19:00
5181,2013160213-10410               ,2013-09-17 00:00:00,TU,8:51:00,0,0,0,0,P,N,N,1.0,2,NJ 3                                              ,W,3,3.78,2,2.0,1.0,1.0,1.0,1.0,2.0,N,8:50,120+07442,2013-09-17 08:51:00
5182,2016090916-017565              ,2016-11-16 00:00:00,W ,13:52:00,0,0,0,0,P,N,N,1.0,2,NJ 3                                              ,W,3,8.69,2,2.0,1.0,1.0,1.0,1.0,1.0,N,13:50,120+04733,2016-11-16 13:52:00
5183,2017090917-014483              ,2017-09-03 00:00:00,SU,10:50:00,0,0,0,0,P,N,N,11.0,1,NJ 3                                              ,W,3,9.8,2,2.0,2.0,1.0,2.0,2.0,1.0,N,10:50,120+04730,2017-09-03 10:50:00