,CRASH_ID,DATE,DAY,TIME,KILLED,INJURED,PED_KILL,PED_INJ,SEVERITY,ALCOHOL,HAZMAT,CRASH_TYPE,VEH_COUNT,LOCATION,LOC_DIR,ROUTE,MP,RD_SYS,RD_SURF,SURF_COND,LIGHT,WEATHER,RD_DIV,RD_WRKZN,CELL_USE,TIME_ROUND,TMC,timestamp
5184,2014160214-11308               ,2014-10-23 00:00:00,TH,7:42:00,0,0,0,0,P,N,N,1.0,2,NJ 3                                              ,W,3,1.35,2,2.0,2.0,1.0,2.0,1.0,1.0,N,7:40,120P07446,2014-10-23 07:42:00
5185,2013160213-10414               ,2013-09-17 00:00:00,TU,9:11:00,0,0,0,0,P,N,N,1.0,3,NJ 3                                              ,W,3,2.39,2,2.0,1.0,1.0,1.0,1.0,1.0,N,9:10,120P07444,2013-09-17 09:11:00
5186,2013160213-10417               ,2013-09-17 00:00:00,TU,10:06:00,0,3,0,0,I,N,N,1.0,3,NJ 3                                              ,W,3,1.45,2,2.0,1.0,1.0,1.0,5.0,1.0,N,10:05,120+07445,2013-09-17 10:06:00
5188,2017090917-014667              ,2017-09-06 00:00:00,WE,17:44:00,0,1,0,0,I,N,N,1.0,3,NJ 3                                              ,W,3,9.3,2,2.0,2.0,6.0,2.0,5.0,1.0,N,17:45,120+04732,2017-09-06 17:44:00
5190,2016090916-017702              ,2016-11-18 00:00:00,F ,14:33:00,0,3,0,0,I,N,N,2.0,3,NJ 3                                              ,W,3,10.1,2,2.0,1.0,1.0,1.0,1.0,2.0,N,14:35,120P04729,2016-11-18 14:33:00
5191,2016090916-017716              ,2016-11-18 00:00:00,F ,18:09:00,0,0,0,0,P,N,N,1.0,2,NJ 3                                              ,W,3,9.1,2,2.0,1.0,6.0,1.0,5.0,1.0,N,18:10,120+04732,2016-11-18 18:09:00
5192,2013160213-10452               ,2013-09-18 00:00:00,W ,8:05:00,0,0,0,0,P,N,N,1.0,2,NJ 3                                              ,W,3,3.86,2,2.0,1.0,1.0,1.0,1.0,2.0,N,8:05,120+07442,2013-09-18 08:05:00
5193,2015132615MN36133              ,2015-12-12 00:00:00,SA,22:41:00,0,0,0,0,P,N,N,12.0,1,MONMOUTH COUNTY 3                                 ,W,3,4.0,5,2.0,1.0,5.0,1.0,5.0,,N,22:40,120+07442,2015-12-12 22:41:00
5194,2016090916-017719              ,2016-11-18 00:00:00,F ,18:41:00,0,0,0,0,P,N,N,2.0,2,NJ 3                                              ,W,3,9.3,2,2.0,1.0,6.0,1.0,4.0,1.0,N,18:40,120+04732,2016-11-18 18:41:00
5195,2013160213-10453               ,2013-09-18 00:00:00,W ,7:54:00,0,0,0,0,P,N,N,2.0,2,NJ 3                                              ,W,3,4.01,2,2.0,1.0,1.0,1.0,1.0,2.0,N,7:55,120+07442,2013-09-18 07:54:00
5196,2016090916-017726              ,2016-11-18 00:00:00,F ,19:24:00,0,1,0,0,I,N,N,1.0,3,NJ 3                                              ,W,3,8.5,2,2.0,1.0,6.0,1.0,2.0,1.0,N,19:25,120P04733,2016-11-18 19:24:00
5197,2017090917-014782              ,2017-09-08 00:00:00,FR,15:20:00,0,1,0,0,I,Y,N,10.0,1,NJ 3                                              ,W,3,9.9,2,2.0,1.0,1.0,1.0,1.0,1.0,N,15:20,120+04730,2017-09-08 15:20:00
5199,2016090916-017800              ,2016-11-20 00:00:00,S ,5:39:00,0,0,0,0,P,N,N,2.0,2,NJ 3                                              ,W,3,8.56,2,1.0,4.0,6.0,6.0,5.0,1.0,N,5:40,120+04733,2016-11-20 05:39:00
5201,2018090918-008535              ,2018-05-22 00:00:00,TU,18:13:00,0,0,0,0,P,N,N,1.0,2,NJ 3                                              ,W,3,9.12,2,2.0,2.0,1.0,2.0,3.0,1.0,N,18:15,120+04732,2018-05-22 18:13:00
5202,2017090917-014794              ,2017-09-08 00:00:00,FR,19:23:00,0,0,0,0,P,N,N,2.0,2,NJ 3                                              ,W,3,9.87,2,2.0,1.0,1.0,1.0,2.0,1.0,N,19:25,120+04730,2017-09-08 19:23:00
5203,2016090916-017880              ,2016-11-21 00:00:00,M ,16:28:00,0,0,0,0,P,N,N,2.0,2,NJ 3                                              ,W,3,9.65,2,2.0,1.0,6.0,1.0,2.0,1.0,N,16:30,120+04730,2016-11-21 16:28:00
5204,2013160213-10531               ,2013-09-20 00:00:00,F ,11:52:00,0,1,0,0,I,N,N,10.0,1,NJ 3                                              ,W,3,4.01,2,2.0,1.0,1.0,1.0,5.0,1.0,N,11:50,120+07442,2013-09-20 11:52:00
5205,2013160213-10600               ,2013-09-22 00:00:00,S ,11:34:00,0,0,0,0,P,N,N,1.0,2,NJ 3                                              ,W,3,0.55,2,2.0,1.0,1.0,1.0,1.0,1.0,N,11:35,120+07449,2013-09-22 11:34:00
5206,2014160214-11478               ,2014-10-27 00:00:00,M ,17:16:00,0,0,0,0,P,N,N,2.0,2,NJ 3                                              ,W,3,2.69,2,2.0,1.0,1.0,1.0,1.0,1.0,N,17:15,120+07444,2014-10-27 17:16:00
5207,2014160214-11522               ,2014-10-28 00:00:00,TU,18:52:00,0,0,0,0,P,N,N,1.0,2,NJ 3                                              ,W,3,1.44,2,2.0,1.0,6.0,1.0,1.0,1.0,N,18:50,120P07446,2014-10-28 18:52:00
5208,2014160214-11524               ,2014-10-28 00:00:00,TU,19:40:00,0,1,0,0,I,N,N,2.0,2,NJ 3                                              ,W,3,3.82,2,2.0,1.0,6.0,1.0,1.0,1.0,N,19:40,120+07442,2014-10-28 19:40:00
5209,2013160213-10603               ,2013-09-22 00:00:00,S ,14:37:00,0,0,0,0,P,N,N,2.0,2,NJ 3                                              ,W,3,3.91,2,2.0,1.0,1.0,1.0,1.0,2.0,N,14:35,120+07442,2013-09-22 14:37:00
5210,2014160214-11531               ,2014-10-28 00:00:00,TU,23:12:00,0,0,0,0,P,N,N,2.0,2,NJ 3                                              ,W,3,1.56,2,2.0,1.0,6.0,1.0,1.0,2.0,N,23:10,120+07445,2014-10-28 23:12:00
5211,2018090918-009114              ,2018-05-31 00:00:00,TH,19:44:00,0,0,0,0,P,N,N,2.0,2,NJ 3                                              ,W,3,9.4,2,2.0,1.0,1.0,1.0,1.0,1.0,N,19:45,120+04732,2018-05-31 19:44:00
5212,2016090916-018759              ,2016-12-07 00:00:00,W ,9:06:00,0,0,0,0,P,N,N,1.0,2,NJ 3                                              ,W,3,10.0,2,2.0,2.0,1.0,5.0,5.0,1.0,N,9:05,120P04729,2016-12-07 09:06:00
5213,2013160213-1064                ,2013-01-29 00:00:00,TU,14:21:00,0,0,0,0,P,N,N,2.0,2,NJ 3                                              ,W,3,0.1,2,2.0,1.0,1.0,5.0,1.0,1.0,N,14:20,120+07449,2013-01-29 14:21:00
5214,2017090917-015930              ,2017-09-27 00:00:00,WE,17:16:00,0,0,0,0,P,N,N,1.0,2,NJ 3                                              ,W,3,9.6,2,2.0,1.0,1.0,1.0,1.0,1.0,N,17:15,120+04731,2017-09-27 17:16:00
5216,2016090916-018909              ,2016-12-09 00:00:00,F ,18:36:00,0,0,0,0,P,N,N,1.0,2,NJ 3                                              ,W,3,9.4,2,2.0,1.0,5.0,1.0,4.0,1.0,N,18:35,120+04732,2016-12-09 18:36:00
5218,2014160214-11703               ,2014-11-02 00:00:00,S ,14:21:00,0,2,0,0,I,N,N,1.0,2,NJ 3                                              ,W,3,3.9,2,2.0,1.0,1.0,1.0,1.0,1.0,N,14:20,120+07442,2014-11-02 14:21:00
5220,2018090918-009588              ,2018-06-07 00:00:00,TH,21:23:00,0,0,0,0,P,N,N,1.0,2,NJ 3                                              ,W,3,8.49,2,2.0,1.0,6.0,1.0,2.0,1.0,N,21:25,120P04733,2018-06-07 21:23:00
5221,2018090918-009630              ,2018-06-08 00:00:00,FR,17:09:00,0,0,0,0,P,N,N,1.0,2,NJ 3                                              ,W,3,9.4,2,2.0,1.0,1.0,1.0,5.0,1.0,N,17:10,120+04732,2018-06-08 17:09:00
5222,2017090917-016054              ,2017-09-29 00:00:00,FR,19:27:00,0,0,0,0,P,N,N,2.0,2,NJ 3                                              ,W,3,9.8,2,2.0,1.0,6.0,1.0,2.0,1.0,N,19:25,120+04730,2017-09-29 19:27:00
5225,2014160214-11752               ,2014-11-03 00:00:00,M ,19:12:00,0,0,0,0,P,N,N,1.0,2,NJ 3                                              ,W,3,2.64,2,2.0,1.0,6.0,1.0,1.0,1.0,N,19:10,120+07444,2014-11-03 19:12:00
5226,2016090916-019408              ,2016-12-18 00:00:00,S ,15:40:00,0,0,0,0,P,N,N,1.0,2,NJ 3                                              ,W,3,9.89,2,2.0,2.0,1.0,2.0,2.0,1.0,N,15:40,120+04730,2016-12-18 15:40:00
5227,2013160213-10714               ,2013-09-25 00:00:00,W ,8:22:00,0,1,0,0,I,N,N,1.0,2,NJ 3                                              ,W,3,3.82,2,2.0,1.0,1.0,1.0,1.0,1.0,N,8:20,120+07442,2013-09-25 08:22:00
5229,2013160213-10754               ,2013-09-26 00:00:00,TH,7:52:00,0,0,0,0,P,N,N,1.0,2,NJ 3                                              ,W,3,1.59,2,2.0,1.0,1.0,1.0,1.0,1.0,N,7:50,120+07445,2013-09-26 07:52:00
5230,2013160213-10755               ,2013-09-26 00:00:00,TH,18:03:00,0,0,0,0,P,N,N,1.0,3,NJ 3                                              ,W,3,1.22,2,2.0,1.0,1.0,5.0,1.0,1.0,N,18:05,120P07447,2013-09-26 18:03:00
5232,2016090916-019581              ,2016-12-21 00:00:00,W ,7:36:00,0,0,0,0,P,N,N,1.0,2,NJ 3                                              ,W,3,8.8,2,2.0,1.0,1.0,1.0,4.0,1.0,N,7:35,120+04733,2016-12-21 07:36:00
5233,2017090917-016847              ,2017-10-11 00:00:00,WE,17:57:00,0,0,0,0,P,N,N,1.0,2,NJ 3                                              ,W,3,8.69,2,2.0,2.0,6.0,2.0,5.0,1.0,N,17:55,120+04733,2017-10-11 17:57:00
5235,2014160214-11838               ,2014-11-05 00:00:00,W ,20:07:00,0,0,0,0,P,N,N,2.0,2,NJ 3                                              ,W,3,3.96,2,2.0,1.0,6.0,1.0,5.0,1.0,N,20:05,120+07442,2014-11-05 20:07:00
5236,2018090918-011032              ,2018-06-20 00:00:00,WE,18:34:00,0,1,0,0,I,N,N,1.0,2,NJ 3                                              ,W,3,8.0,2,2.0,1.0,1.0,1.0,1.0,1.0,N,18:35,120+04734,2018-06-20 18:34:00
5237,2018090918-011978              ,2018-06-27 00:00:00,WE,21:36:00,0,3,0,0,I,N,N,2.0,2,NJ 3                                              ,W,3,8.6,2,2.0,2.0,6.0,1.0,5.0,1.0,N,21:35,120+04733,2018-06-27 21:36:00
5238,2016090916-081206              ,2016-11-27 00:00:00,S ,23:43:00,0,0,0,0,P,N,N,1.0,2,NJ 3                                              ,W,3,10.1,2,2.0,1.0,6.0,1.0,3.0,1.0,N,23:45,120P04729,2016-11-27 23:43:00
5239,2016160216-04699               ,2016-07-01 00:00:00,F ,19:46:00,0,0,0,0,P,N,N,1.0,2,NJ 3                                              ,W,3,0.53,2,2.0,1.0,1.0,1.0,1.0,1.0,N,19:45,120+07449,2016-07-01 19:46:00
5242,2015132815-020910              ,2015-07-13 00:00:00,M ,8:58:00,0,0,0,0,P,N,N,1.0,2,MONMOUTH COUNTY 3                                 ,W,3,6.08,5,1.0,1.0,1.0,1.0,5.0,1.0,N,9:00,120P04737,2015-07-13 08:58:00
5245,2.02E+17,2016-01-03 00:00:00,S ,2:07:00,0,0,0,0,P,N,N,2.0,2,NJ 3                                              ,W,3,2.65,2,2.0,1.0,6.0,1.0,1.0,1.0,N,2:05,120+07444,2016-01-03 02:07:00
5246,2015132815-021177              ,2015-07-15 00:00:00,W ,19:10:00,0,0,0,0,P,N,N,7.0,2,MONMOUTH COUNTY 3                                 ,W,3,9.95,5,2.0,2.0,3.0,1.0,4.0,1.0,N,19:10,120P04729,2015-07-15 19:10:00
5247,2014160214-11916               ,2014-11-07 00:00:00,F ,18:33:00,0,0,0,0,P,N,N,2.0,2,NJ 3                                              ,W,3,0.51,2,2.0,1.0,6.0,1.0,1.0,1.0,N,18:35,120+07449,2014-11-07 18:33:00
5248,2.02E+17,2016-01-03 00:00:00,S ,2:13:00,0,1,0,0,I,N,N,1.0,2,NJ 3                                              ,W,3,2.66,2,2.0,1.0,6.0,1.0,1.0,1.0,N,2:15,120+07444,2016-01-03 02:13:00
5249,2015132815-021547              ,2015-07-19 00:00:00,S ,7:17:00,0,0,0,0,P,N,N,3.0,2,MONMOUTH COUNTY 3                                 ,W,3,9.95,5,2.0,1.0,1.0,1.0,5.0,1.0,N,7:15,120P04729,2015-07-19 07:17:00
5250,2018090918-012779              ,2018-07-03 00:00:00,TU,19:10:00,0,1,0,0,I,N,N,11.0,1,NJ 3                                              ,W,3,10.04,2,2.0,2.0,1.0,2.0,2.0,1.0,N,19:10,120P04729,2018-07-03 19:10:00
5251,2017090917-017856              ,2017-10-29 00:00:00,SU,10:35:00,0,0,0,0,P,N,N,8.0,2,NJ 3                                              ,W,3,9.12,2,2.0,2.0,1.0,2.0,3.0,1.0,N,10:35,120+04732,2017-10-29 10:35:00
5256,2014160214-11952               ,2014-11-08 00:00:00,SA,11:56:00,0,0,0,0,P,N,N,1.0,2,NJ 3                                              ,W,3,0.05,2,2.0,1.0,1.0,1.0,1.0,1.0,N,11:55,120+07449,2014-11-08 11:56:00
5257,2018090918-015543              ,2018-07-25 00:00:00,WE,8:27:00,0,2,0,0,I,N,N,1.0,3,NJ 3                                              ,W,3,8.6,2,2.0,2.0,1.0,2.0,5.0,1.0,N,8:25,120+04733,2018-07-25 08:27:00
5259,2014160214-11962               ,2014-11-08 00:00:00,SA,19:16:00,0,0,0,0,P,N,N,1.0,2,NJ 3                                              ,W,3,2.63,2,2.0,1.0,6.0,1.0,1.0,1.0,N,19:15,120+07444,2014-11-08 19:16:00
5260,2015132815-025500              ,2015-08-22 00:00:00,SA,22:08:00,0,0,0,0,P,N,N,1.0,2,MONMOUTH COUNTY 3                                 ,W,3,9.42,5,2.0,1.0,6.0,1.0,4.0,1.0,N,22:10,120+04732,2015-08-22 22:08:00
5263,2013160213-11059               ,2013-10-04 00:00:00,F ,6:02:00,0,1,0,0,I,N,N,11.0,1,NJ 3                                              ,W,3,4.88,2,2.0,1.0,2.0,1.0,1.0,2.0,N,6:00,120P04739,2013-10-04 06:02:00
5264,2018090918-015885              ,2018-07-27 00:00:00,FR,17:09:00,0,0,0,0,P,N,N,2.0,2,NJ 3                                              ,W,3,9.4,2,2.0,2.0,1.0,2.0,5.0,1.0,N,17:10,120+04732,2018-07-27 17:09:00
5265,2013160213-11062               ,2013-10-04 00:00:00,F ,9:08:00,0,1,0,0,I,N,N,2.0,2,NJ 3                                              ,W,3,3.4,2,2.0,1.0,1.0,1.0,1.0,1.0,N,9:10,120+07443,2013-10-04 09:08:00
5267,2013160213-11066               ,2013-10-04 00:00:00,F ,10:47:00,0,1,0,0,I,N,N,11.0,1,NJ 3                                              ,W,3,2.62,2,2.0,1.0,1.0,1.0,1.0,1.0,N,10:45,120+07444,2013-10-04 10:47:00
5268,2018090918-016659              ,2018-08-03 00:00:00,FR,4:06:00,0,0,0,0,P,N,N,1.0,2,NJ 3                                              ,W,3,8.6,2,2.0,2.0,6.0,1.0,5.0,1.0,N,4:05,120+04733,2018-08-03 04:06:00
5270,2.02E+17,2016-01-10 00:00:00,S ,15:28:00,0,1,0,0,I,N,N,1.0,2,NJ 3                                              ,W,3,0.47,2,2.0,2.0,1.0,2.0,1.0,1.0,N,15:30,120+07449,2016-01-10 15:28:00
5271,2017090917-018204              ,2017-11-03 00:00:00,FR,11:43:00,0,0,0,0,P,N,N,2.0,2,NJ 3                                              ,W,3,10.0,2,2.0,1.0,1.0,1.0,1.0,1.0,N,11:45,120P04729,2017-11-03 11:43:00
5273,2013160213-11090               ,2013-10-09 00:00:00,W ,19:03:00,0,0,0,0,P,N,N,1.0,2,NJ 3                                              ,W,3,2.68,2,2.0,1.0,6.0,1.0,1.0,1.0,N,19:05,120+07444,2013-10-09 19:03:00
5274,2014160214-12140               ,2014-11-13 00:00:00,TH,2:21:00,0,0,0,0,P,N,N,11.0,1,NJ 3                                              ,W,3,3.0,2,2.0,1.0,6.0,1.0,1.0,1.0,N,2:20,120+07444,2014-11-13 02:21:00
5275,2.02E+17,2016-01-11 00:00:00,M ,8:57:00,0,0,0,0,P,N,N,1.0,2,NJ 3                                              ,W,3,3.74,2,2.0,1.0,1.0,1.0,1.0,1.0,N,8:55,120+07442,2016-01-11 08:57:00
5276,2017090917-018535              ,2017-11-08 00:00:00,WE,16:09:00,0,0,0,0,P,N,N,1.0,2,NJ 3                                              ,W,3,9.4,2,1.0,1.0,1.0,2.0,5.0,1.0,N,16:10,120+04732,2017-11-08 16:09:00
5277,2015132815-031708              ,2015-10-17 00:00:00,SA,12:54:00,0,0,0,0,P,N,N,1.0,2,MONMOUTH COUNTY 3                                 ,W,3,9.71,5,2.0,1.0,1.0,1.0,5.0,1.0,N,12:55,120+04730,2015-10-17 12:54:00
5279,2.02E+17,2016-01-12 00:00:00,TU,17:55:00,0,0,0,0,P,N,N,1.0,2,NJ 3                                              ,W,3,0.76,2,2.0,1.0,6.0,1.0,1.0,1.0,N,17:55,120+07448,2016-01-12 17:55:00
5280,2013160213-11167               ,2013-10-07 00:00:00,M ,8:01:00,0,0,0,0,P,N,N,2.0,2,NJ 3                                              ,W,3,0.89,2,2.0,1.0,1.0,5.0,5.0,1.0,N,8:00,120+07448,2013-10-07 08:01:00
5281,2017090917-018689              ,2017-11-11 00:00:00,SA,12:08:00,0,5,0,0,I,N,N,1.0,2,NJ 3                                              ,W,3,9.77,2,2.0,1.0,1.0,1.0,2.0,1.0,N,12:10,120+04730,2017-11-11 12:08:00
5283,2018090918-017949              ,2018-08-13 00:00:00,MO,16:41:00,0,0,0,0,P,N,N,2.0,2,NJ 3                                              ,W,3,9.3,2,2.0,2.0,1.0,2.0,1.0,1.0,N,16:40,120+04732,2018-08-13 16:41:00
5284,2017090917-018756              ,2017-11-12 00:00:00,SU,17:35:00,0,3,0,0,I,N,N,1.0,4,NJ 3                                              ,W,3,10.04,2,2.0,1.0,6.0,1.0,5.0,1.0,N,17:35,120P04729,2017-11-12 17:35:00
5286,2.02E+17,2016-01-13 00:00:00,W ,16:02:00,0,0,0,0,P,N,N,1.0,2,NJ 3                                              ,W,3,0.6,2,2.0,1.0,1.0,1.0,1.0,1.0,N,16:00,120P07448,2016-01-13 16:02:00
5288,2014160214-12318               ,2014-11-17 00:00:00,M ,18:04:00,0,0,0,0,P,N,N,1.0,2,NJ 3                                              ,W,3,1.44,2,2.0,2.0,6.0,2.0,1.0,1.0,N,18:05,120P07446,2014-11-17 18:04:00
5289,2013160213-11230               ,2013-10-08 00:00:00,TU,12:17:00,0,1,0,0,I,N,N,1.0,2,NJ 3                                              ,W,3,4.01,2,2.0,1.0,1.0,1.0,1.0,2.0,N,12:15,120+07442,2013-10-08 12:17:00
5293,2014160214-12366               ,2014-11-19 00:00:00,W ,7:21:00,0,0,0,0,P,N,N,2.0,2,NJ 3                                              ,W,3,3.36,2,2.0,1.0,1.0,1.0,1.0,1.0,N,7:20,120+07443,2014-11-19 07:21:00
5294,2.02E+17,2016-01-16 00:00:00,SA,13:22:00,0,1,0,0,I,N,N,1.0,2,NJ 3                                              ,W,3,3.84,2,2.0,1.0,1.0,1.0,1.0,1.0,N,13:20,120+07442,2016-01-16 13:22:00
5295,2018090918-018515              ,2018-08-18 00:00:00,SA,1:02:00,0,0,0,0,P,N,N,11.0,1,NJ 3                                              ,W,3,9.9,2,2.0,2.0,6.0,2.0,1.0,1.0,N,1:00,120+04730,2018-08-18 01:02:00
5297,2017090917-019365              ,2017-11-22 00:00:00,WE,16:52:00,0,0,0,0,P,N,N,1.0,3,NJ 3                                              ,W,3,9.0,2,2.0,1.0,6.0,1.0,1.0,1.0,N,16:50,120+04732,2017-11-22 16:52:00
5298,2015132815-034732              ,2015-11-14 00:00:00,SA,5:53:00,0,2,0,0,I,N,N,11.0,1,MONMOUTH COUNTY 3                                 ,W,3,9.68,5,2.0,1.0,3.0,1.0,5.0,1.0,N,5:55,120+04730,2015-11-14 05:53:00
5302,2014160214-12461               ,2014-11-21 00:00:00,F ,12:59:00,0,0,0,0,P,N,N,1.0,2,NJ 3                                              ,W,3,0.51,2,2.0,1.0,1.0,1.0,4.0,1.0,N,13:00,120+07449,2014-11-21 12:59:00
5304,2014160214-12469               ,2014-11-21 00:00:00,F ,16:51:00,0,0,0,0,P,N,N,1.0,2,NJ 3                                              ,W,3,0.55,2,2.0,1.0,3.0,1.0,1.0,1.0,N,16:50,120+07449,2014-11-21 16:51:00
5306,2014160214-12472               ,2014-11-21 00:00:00,F ,19:02:00,0,0,0,0,P,N,N,1.0,2,NJ 3                                              ,W,3,3.88,2,2.0,1.0,6.0,1.0,1.0,1.0,N,19:00,120+07442,2014-11-21 19:02:00
5307,2017090917-019564              ,2017-11-27 00:00:00,MO,18:28:00,0,0,0,0,P,N,N,1.0,2,NJ 3                                              ,W,3,8.65,2,2.0,1.0,6.0,1.0,1.0,1.0,N,18:30,120+04733,2017-11-27 18:28:00
5309,2013160213-11459               ,2013-10-14 00:00:00,M ,12:10:00,0,3,0,0,I,N,N,1.0,3,NJ 3                                              ,W,3,0.19,2,2.0,1.0,1.0,1.0,5.0,1.0,N,12:10,120+07449,2013-10-14 12:10:00
5310,2015132815-037571              ,2015-12-10 00:00:00,TH,21:47:00,0,1,0,0,I,Y,N,1.0,2,MONMOUTH COUNTY 3                                 ,W,3,9.59,5,2.0,1.0,7.0,1.0,5.0,1.0,Y,21:45,120+04731,2015-12-10 21:47:00
5313,2014160214-12553               ,2014-11-24 00:00:00,M ,15:45:00,0,0,0,0,P,N,N,1.0,2,NJ 3                                              ,W,3,2.63,2,2.0,1.0,1.0,1.0,1.0,1.0,N,15:45,120+07444,2014-11-24 15:45:00
5314,2017090917-020045              ,2017-12-05 00:00:00,TU,22:04:00,0,0,0,0,P,N,N,11.0,1,NJ 3                                              ,W,3,9.5,2,2.0,2.0,7.0,2.0,1.0,1.0,N,22:05,120+04731,2017-12-05 22:04:00
5315,2013160213-1152                ,2013-01-31 00:00:00,TH,14:25:00,0,0,0,0,P,N,N,1.0,2,NJ 3                                              ,W,3,0.1,2,2.0,2.0,1.0,1.0,1.0,1.0,N,14:25,120+07449,2013-01-31 14:25:00
5319,2.02E+17,2016-01-21 00:00:00,TH,7:56:00,0,0,0,0,P,N,N,11.0,1,NJ 3                                              ,W,3,3.23,2,2.0,1.0,1.0,1.0,1.0,1.0,N,7:55,120P07443,2016-01-21 07:56:00
5321,2014160214-12561               ,2014-11-24 00:00:00,M ,17:42:00,0,1,0,0,I,N,N,1.0,2,NJ 3                                              ,W,3,10.33,2,2.0,1.0,6.0,1.0,1.0,1.0,N,17:40,120P04729,2014-11-24 17:42:00
5322,2014160214-12565               ,2014-11-24 00:00:00,M ,19:06:00,0,0,0,0,P,N,N,1.0,2,NJ 3                                              ,W,3,2.92,2,2.0,1.0,6.0,1.0,5.0,1.0,N,19:05,120+07444,2014-11-24 19:06:00
5323,2018090918-020957              ,2018-09-09 00:00:00,SU,8:02:00,0,0,0,0,P,N,N,11.0,1,NJ 3                                              ,W,3,8.6,2,2.0,2.0,1.0,2.0,2.0,1.0,N,8:00,120+04733,2018-09-09 08:02:00
5324,2017090917-020362              ,2017-12-10 00:00:00,SU,18:10:00,0,0,0,0,P,N,N,2.0,2,NJ 3                                              ,W,3,9.8,2,2.0,2.0,6.0,1.0,5.0,1.0,N,18:10,120+04730,2017-12-10 18:10:00
5325,2.02E+17,2016-01-21 00:00:00,TH,8:36:00,0,0,0,0,P,N,N,1.0,2,NJ 3                                              ,W,3,1.44,2,2.0,1.0,1.0,1.0,1.0,1.0,N,8:35,120P07446,2016-01-21 08:36:00
5326,2014160214-12589               ,2014-11-25 00:00:00,TU,12:35:00,0,0,0,0,P,N,N,1.0,2,NJ 3                                              ,W,3,3.34,2,2.0,1.0,1.0,1.0,1.0,1.0,N,12:35,120+07443,2014-11-25 12:35:00
5327,2015132815-09098               ,2015-03-31 00:00:00,TU,16:41:00,0,0,0,0,P,N,N,1.0,2,MONMOUTH COUNTY 3                                 ,W,3,9.62,5,2.0,1.0,1.0,0.0,5.0,1.0,N,16:40,120+04730,2015-03-31 16:41:00
5328,2018090918-020964              ,2018-09-09 00:00:00,SU,10:31:00,0,0,0,0,P,N,N,1.0,2,NJ 3                                              ,W,3,10.04,2,2.0,2.0,1.0,2.0,3.0,1.0,N,10:30,120P04729,2018-09-09 10:31:00
5331,2014160214-12617               ,2014-11-26 00:00:00,W ,14:04:00,0,0,0,0,P,N,N,1.0,2,NJ 3                                              ,W,3,2.89,2,2.0,3.0,1.0,3.0,1.0,1.0,N,14:05,120+07444,2014-11-26 14:04:00
5332,2013160213-11597               ,2013-10-17 00:00:00,TH,17:43:00,0,1,0,0,I,N,N,1.0,3,NJ 3                                              ,W,3,2.8,2,2.0,1.0,3.0,1.0,1.0,1.0,N,17:45,120+07444,2013-10-17 17:43:00
5334,2017090917-020656              ,2017-12-15 00:00:00,FR,19:16:00,0,0,0,0,P,N,N,2.0,2,NJ 3                                              ,W,3,9.4,2,2.0,5.0,6.0,3.0,1.0,1.0,N,19:15,120+04732,2017-12-15 19:16:00
5337,2.02E+17,2016-01-22 00:00:00,F ,17:38:00,0,0,0,0,P,N,N,1.0,2,NJ 3                                              ,W,3,2.73,2,2.0,1.0,6.0,1.0,1.0,1.0,N,17:40,120+07444,2016-01-22 17:38:00
5339,2015132815-12972               ,2015-05-05 00:00:00,TU,14:50:00,0,1,0,0,I,N,N,1.0,2,MONMOUTH COUNTY 3                                 ,W,3,9.74,5,2.0,1.0,1.0,1.0,5.0,1.0,N,14:50,120+04730,2015-05-05 14:50:00
5341,2014160214-12677               ,2014-11-28 00:00:00,F ,13:15:00,0,0,0,0,P,N,N,1.0,4,NJ 3                                              ,W,3,3.82,2,2.0,1.0,1.0,1.0,1.0,1.0,N,13:15,120+07442,2014-11-28 13:15:00
5342,2014160214-12704               ,2014-11-29 00:00:00,SA,18:21:00,0,2,0,0,I,N,N,1.0,2,NJ 3                                              ,W,3,2.7,2,2.0,1.0,6.0,1.0,1.0,1.0,N,18:20,120+07444,2014-11-29 18:21:00
5345,2014160214-12737               ,2014-11-30 00:00:00,S ,21:58:00,0,1,0,0,I,N,N,2.0,2,NJ 3                                              ,W,3,0.6,2,2.0,1.0,6.0,1.0,1.0,1.0,N,22:00,120P07448,2014-11-30 21:58:00
5346,2015132815-17602               ,2015-06-13 00:00:00,SA,1:10:00,2,0,0,0,F,Y,N,11.0,2,MONMOUTH COUNTY 3                                 ,W,3,4.58,5,2.0,1.0,5.0,1.0,5.0,1.0,N,1:10,120+04740,2015-06-13 01:10:00
5347,2018090918-022203              ,2018-09-20 00:00:00,TH,8:06:00,0,0,0,0,P,N,N,2.0,2,NJ 3                                              ,W,3,8.6,2,2.0,1.0,1.0,1.0,4.0,1.0,N,8:05,120+04733,2018-09-20 08:06:00