,CRASH_ID,DATE,DAY,TIME,KILLED,INJURED,PED_KILL,PED_INJ,SEVERITY,ALCOHOL,HAZMAT,CRASH_TYPE,VEH_COUNT,LOCATION,LOC_DIR,ROUTE,MP,RD_SYS,RD_SURF,SURF_COND,LIGHT,WEATHER,RD_DIV,RD_WRKZN,CELL_USE,TIME_ROUND,TMC,timestamp
5348,2017090917-020961              ,2017-12-20 00:00:00,WE,19:05:00,0,0,0,0,P,N,N,2.0,2,NJ 3                                              ,W,3,9.6,2,2.0,1.0,6.0,1.0,1.0,1.0,N,19:05,120+04731,2017-12-20 19:05:00
5353,2013160213-11846               ,2013-10-24 00:00:00,TH,12:14:00,0,0,0,0,P,N,N,1.0,2,NJ 3                                              ,W,3,4.85,2,2.0,1.0,1.0,1.0,1.0,2.0,N,12:15,120P04739,2013-10-24 12:14:00
5354,2014160214-12799               ,2014-12-02 00:00:00,TU,14:23:00,0,0,0,0,P,N,N,1.0,2,NJ 3                                              ,W,3,0.51,2,2.0,2.0,1.0,3.0,1.0,1.0,N,14:25,120+07449,2014-12-02 14:23:00
5356,2.02E+17,2016-01-27 00:00:00,W ,8:10:00,0,0,0,0,P,N,N,1.0,2,NJ 3                                              ,W,3,0.0,2,2.0,1.0,1.0,5.0,5.0,1.0,N,8:10,120+07449,2016-01-27 08:10:00
5357,2017090917-021227              ,2017-12-24 00:00:00,SU,22:39:00,0,3,0,0,I,N,N,11.0,2,NJ 3                                              ,W,3,8.6,2,2.0,2.0,6.0,2.0,2.0,1.0,N,22:40,120+04733,2017-12-24 22:39:00
5359,2014160214-12824               ,2014-12-02 00:00:00,TU,17:32:00,0,0,0,0,P,N,N,1.0,2,NJ 3                                              ,W,3,1.28,2,2.0,2.0,3.0,2.0,1.0,1.0,N,17:30,120+07447,2014-12-02 17:32:00
5360,2.02E+17,2016-01-28 00:00:00,TH,7:51:00,0,0,0,0,P,N,N,1.0,2,NJ 3                                              ,W,3,4.8,2,2.0,1.0,1.0,1.0,1.0,1.0,N,7:50,120P04739,2016-01-28 07:51:00
5361,2018090918-022919              ,2018-09-25 00:00:00,TU,17:16:00,0,0,0,0,P,N,N,2.0,2,NJ 3                                              ,W,3,8.8,2,2.0,2.0,1.0,2.0,4.0,1.0,N,17:15,120+04733,2018-09-25 17:16:00
5362,2013160213-11908               ,2013-10-26 00:00:00,SA,1:19:00,0,3,0,0,I,N,N,11.0,1,NJ 3                                              ,W,3,0.0,2,2.0,1.0,6.0,1.0,3.0,1.0,N,1:20,120+07449,2013-10-26 01:19:00
5364,2014160214-12952               ,2014-12-07 00:00:00,S ,3:28:00,0,0,0,0,P,N,N,11.0,1,NJ 3                                              ,W,3,0.6,2,2.0,2.0,6.0,1.0,1.0,1.0,N,3:30,120P07448,2014-12-07 03:28:00
5366,2.02E+17,2016-01-29 00:00:00,F ,8:21:00,0,3,0,0,I,N,N,1.0,3,NJ 3                                              ,W,3,3.84,2,2.0,1.0,1.0,1.0,5.0,1.0,N,8:20,120+07442,2016-01-29 08:21:00
5367,2017090918-028694              ,2017-11-03 00:00:00,FR,11:43:00,0,0,0,0,P,N,N,2.0,2,NJ 3                                              ,W,3,10.0,2,2.0,1.0,1.0,1.0,1.0,1.0,N,11:45,120P04729,2017-11-03 11:43:00
5373,2014160214-1343                ,2014-02-04 00:00:00,TU,9:45:00,0,0,0,0,P,N,N,1.0,2,NJ 3                                              ,W,3,0.42,2,2.0,2.0,1.0,3.0,1.0,1.0,N,9:45,120+07449,2014-02-04 09:45:00
5374,2017160217-06456               ,2017-08-23 00:00:00,WE,15:58:00,0,0,0,0,P,N,N,1.0,2,NJ 3                                              ,W,3,3.86,2,2.0,1.0,1.0,1.0,1.0,1.0,N,16:00,120+07442,2017-08-23 15:58:00
5376,2017160217-08228               ,2017-10-26 00:00:00,TH,20:45:00,0,0,0,0,P,N,N,2.0,2,NJ 3                                              ,W,3,1.32,2,2.0,1.0,6.0,1.0,5.0,1.0,N,20:45,120P07446,2017-10-26 20:45:00
5377,2018090918-024080              ,2018-10-04 00:00:00,TH,17:09:00,0,0,0,0,P,N,N,2.0,2,NJ 3                                              ,W,3,8.6,2,2.0,2.0,1.0,2.0,1.0,1.0,N,17:10,120+04733,2018-10-04 17:09:00
5378,2018090918-024194              ,2018-10-05 00:00:00,FR,17:21:00,0,1,0,0,I,N,N,1.0,2,NJ 3                                              ,W,3,8.6,2,2.0,1.0,1.0,1.0,1.0,1.0,N,17:20,120+04733,2018-10-05 17:21:00
5380,2014160214-1386                ,2014-02-04 00:00:00,TU,22:21:00,0,0,0,0,P,N,N,2.0,2,NJ 3                                              ,W,3,0.47,2,2.0,1.0,6.0,1.0,1.0,1.0,N,22:20,120+07449,2014-02-04 22:21:00
5383,2014160214-1444                ,2014-02-06 00:00:00,TH,18:45:00,0,1,0,0,I,N,N,1.0,2,NJ 3                                              ,W,3,0.0,2,2.0,1.0,5.0,1.0,1.0,1.0,N,18:45,120+07449,2014-02-06 18:45:00
5385,2.02E+17,2016-02-03 00:00:00,W ,17:15:00,0,0,0,0,P,N,N,1.0,2,NJ 3                                              ,W,3,2.64,2,2.0,2.0,6.0,2.0,1.0,1.0,N,17:15,120+07444,2016-02-03 17:15:00
5386,2.02E+17,2017-01-03 00:00:00,TU,16:38:00,0,1,0,0,I,N,N,1.0,2,NJ 3                                              ,W,3,0.53,2,2.0,2.0,6.0,2.0,1.0,1.0,N,16:40,120+07449,2017-01-03 16:38:00
5388,2.02E+17,2017-01-04 00:00:00,WE,8:00:00,0,0,0,0,P,N,N,15.0,1,NJ 3                                              ,W,3,0.45,2,2.0,1.0,1.0,1.0,1.0,1.0,N,8:00,120+07449,2017-01-04 08:00:00
5389,2015132815-6232                ,2015-03-07 00:00:00,SA,6:53:00,0,0,0,0,P,N,N,2.0,2,MONMOUTH COUNTY 3                                 ,W,3,6.01,5,2.0,1.0,1.0,1.0,5.0,1.0,N,6:55,120P04737,2015-03-07 06:53:00
5390,2018090918-024741              ,2018-10-10 00:00:00,WE,19:59:00,0,0,0,0,P,N,N,1.0,2,NJ 3                                              ,W,3,9.76,2,2.0,1.0,6.0,1.0,2.0,1.0,N,20:00,120+04730,2018-10-10 19:59:00
5396,2018090918-024837              ,2018-10-11 00:00:00,TH,19:43:00,0,0,0,0,P,N,N,1.0,2,NJ 3                                              ,W,3,8.5,2,2.0,2.0,1.0,1.0,1.0,1.0,N,19:45,120P04733,2018-10-11 19:43:00
5397,2.02E+17,2016-02-06 00:00:00,SA,18:05:00,0,2,0,0,I,N,N,11.0,1,NJ 3                                              ,W,3,1.28,2,2.0,1.0,6.0,1.0,1.0,1.0,N,18:05,120+07447,2016-02-06 18:05:00
5401,2.02E+17,2016-02-10 00:00:00,W ,15:26:00,0,0,0,0,P,N,N,1.0,3,NJ 3                                              ,W,3,3.55,2,2.0,1.0,1.0,1.0,1.0,1.0,N,15:25,120+07443,2016-02-10 15:26:00
5404,2013160213-12445               ,2013-11-07 00:00:00,TH,15:34:00,0,0,0,0,P,N,N,1.0,2,NJ 3                                              ,W,3,1.26,2,2.0,2.0,1.0,2.0,1.0,1.0,Y,15:35,120P07447,2013-11-07 15:34:00
5405,2013160213-12457               ,2013-11-08 00:00:00,F ,7:28:00,0,0,0,0,P,N,N,1.0,3,NJ 3                                              ,W,3,3.46,2,2.0,1.0,1.0,1.0,1.0,1.0,N,7:30,120+07443,2013-11-08 07:28:00
5406,2013160213-12497               ,2013-11-09 00:00:00,SA,13:27:00,0,0,0,0,P,N,N,1.0,2,NJ 3                                              ,W,3,4.01,2,2.0,1.0,1.0,1.0,1.0,2.0,N,13:25,120+07442,2013-11-09 13:27:00
5407,2014160214-1691                ,2014-02-11 00:00:00,TU,19:44:00,0,0,0,0,P,N,N,1.0,2,NJ 3                                              ,W,3,1.28,2,2.0,1.0,6.0,1.0,1.0,1.0,N,19:45,120+07447,2014-02-11 19:44:00
5409,2.02E+17,2016-02-16 00:00:00,TU,5:38:00,0,0,0,0,P,N,N,11.0,1,NJ 3                                              ,W,3,2.39,2,2.0,4.0,6.0,2.0,1.0,1.0,N,5:40,120P07444,2016-02-16 05:38:00
5411,2.02E+17,2017-01-06 00:00:00,FR,14:21:00,0,0,0,0,P,N,N,2.0,2,NJ 3                                              ,W,3,0.5,2,2.0,1.0,1.0,1.0,1.0,1.0,N,14:20,120+07449,2017-01-06 14:21:00
5412,2013160213-12507               ,2013-11-09 00:00:00,SA,19:00:00,0,1,0,0,I,N,N,11.0,1,NJ 3                                              ,W,3,1.24,2,2.0,1.0,6.0,1.0,1.0,1.0,N,19:00,120P07447,2013-11-09 19:00:00
5413,20151330I-2015-002669          ,2015-02-20 00:00:00,F ,14:49:00,0,2,0,0,I,N,N,1.0,3,MONMOUTH COUNTY 3                                 ,W,3,11.35,5,2.0,1.0,1.0,1.0,5.0,1.0,N,14:50,120P13767,2015-02-20 14:49:00
5414,2.02E+17,2017-01-06 00:00:00,FR,15:55:00,0,0,0,0,P,N,N,1.0,2,NJ 3                                              ,W,3,0.53,2,2.0,1.0,1.0,1.0,1.0,1.0,N,15:55,120+07449,2017-01-06 15:55:00
5418,20151330I-2015-003464          ,2015-03-07 00:00:00,SA,7:52:00,0,0,0,0,P,N,N,3.0,2,MONMOUTH COUNTY 3                                 ,W,3,10.85,5,2.0,1.0,1.0,1.0,5.0,1.0,N,7:50,120P13767,2015-03-07 07:52:00
5420,2.02E+17,2016-02-17 00:00:00,W ,8:16:00,0,0,0,0,P,N,N,1.0,2,NJ 3                                              ,W,3,0.6,2,2.0,1.0,1.0,5.0,5.0,1.0,N,8:15,120P07448,2016-02-17 08:16:00
5422,2.02E+17,2016-02-18 00:00:00,TH,7:43:00,0,0,0,0,P,N,N,1.0,3,NJ 3                                              ,W,3,3.45,2,2.0,1.0,1.0,1.0,1.0,1.0,N,7:45,120+07443,2016-02-18 07:43:00
5423,20151330I-2015-004271          ,2015-03-22 00:00:00,S ,23:29:00,0,0,0,0,P,N,N,12.0,1,MONMOUTH COUNTY 3                                 ,W,3,10.35,5,2.0,1.0,6.0,1.0,5.0,1.0,N,23:30,120+04729,2015-03-22 23:29:00
5425,2.02E+17,2016-02-18 00:00:00,TH,14:59:00,0,0,0,0,P,N,N,2.0,2,NJ 3                                              ,W,3,0.47,2,2.0,1.0,1.0,1.0,1.0,1.0,N,15:00,120+07449,2016-02-18 14:59:00
5426,2014160214-18339               ,2014-08-03 00:00:00,S ,14:15:00,0,0,0,0,P,N,N,1.0,2,NJ 3                                              ,W,3,3.82,2,2.0,1.0,1.0,1.0,1.0,1.0,N,14:15,120+07442,2014-08-03 14:15:00
5427,20151330I-2015-005772          ,2015-04-21 00:00:00,TU,17:08:00,0,0,0,0,P,N,N,1.0,2,MONMOUTH COUNTY 3                                 ,W,3,10.73,5,2.0,1.0,1.0,1.0,5.0,1.0,N,17:10,120P13767,2015-04-21 17:08:00
5430,2.02E+17,2016-02-19 00:00:00,F ,18:41:00,0,0,0,0,P,N,N,2.0,2,NJ 3                                              ,W,3,4.07,2,2.0,1.0,6.0,1.0,1.0,1.0,N,18:40,120+07442,2016-02-19 18:41:00
5433,2014160214-1914                ,2014-02-17 00:00:00,M ,12:29:00,0,0,0,0,P,N,N,1.0,2,NJ 3                                              ,W,3,0.53,2,2.0,1.0,1.0,1.0,5.0,1.0,N,12:30,120+07449,2014-02-17 12:29:00
5434,2013160213-12625               ,2013-11-13 00:00:00,W ,8:04:00,0,2,0,0,I,N,N,1.0,2,NJ 3                                              ,W,3,3.82,2,2.0,1.0,1.0,1.0,1.0,1.0,N,8:05,120+07442,2013-11-13 08:04:00
5436,2013160213-12628               ,2013-11-13 00:00:00,W ,8:37:00,0,0,0,0,P,N,N,11.0,1,NJ 3                                              ,W,3,3.86,2,2.0,1.0,1.0,1.0,1.0,2.0,N,8:35,120+07442,2013-11-13 08:37:00
5437,20151330I-2015-006856          ,2015-05-11 00:00:00,M ,5:50:00,0,1,0,0,I,N,N,11.0,1,MONMOUTH COUNTY 3                                 ,W,3,11.53,5,2.0,1.0,2.0,1.0,5.0,1.0,N,5:50,120P13767,2015-05-11 05:50:00
5439,2014160214-2041                ,2014-02-20 00:00:00,TH,8:50:00,0,1,0,0,I,N,N,1.0,2,NJ 3                                              ,W,3,0.0,2,2.0,1.0,1.0,1.0,1.0,1.0,N,8:50,120+07449,2014-02-20 08:50:00
5440,2.02E+17,2017-01-14 00:00:00,SA,13:55:00,0,0,0,0,P,N,N,1.0,2,NJ 3                                              ,W,3,3.44,2,2.0,1.0,1.0,1.0,1.0,1.0,N,13:55,120+07443,2017-01-14 13:55:00
5442,2013160213-12712               ,2013-11-15 00:00:00,F ,7:21:00,0,0,0,0,P,N,N,2.0,2,NJ 3                                              ,W,3,3.91,2,2.0,1.0,1.0,2.0,1.0,1.0,N,7:20,120+07442,2013-11-15 07:21:00
5444,2.02E+17,2017-01-14 00:00:00,SA,22:11:00,0,0,0,0,P,N,N,1.0,2,NJ 3                                              ,W,3,3.14,2,1.0,2.0,6.0,3.0,1.0,1.0,N,22:10,120+07444,2017-01-14 22:11:00
5446,2.02E+17,2016-02-24 00:00:00,W ,18:42:00,0,0,0,0,P,N,N,1.0,2,NJ 3                                              ,W,3,3.39,2,2.0,2.0,5.0,2.0,1.0,1.0,N,18:40,120+07443,2016-02-24 18:42:00
5447,20151330I-2015-008505          ,2015-06-09 00:00:00,TU,16:40:00,0,0,0,0,P,N,N,1.0,2,MONMOUTH COUNTY 3                                 ,W,3,12.61,5,2.0,1.0,1.0,1.0,5.0,1.0,N,16:40,120P13767,2015-06-09 16:40:00
5449,2013160213-12778               ,2013-11-16 00:00:00,SA,16:55:00,0,0,0,0,P,N,N,1.0,3,NJ 3                                              ,W,3,1.26,2,2.0,1.0,6.0,1.0,1.0,1.0,N,16:55,120P07447,2013-11-16 16:55:00
5450,2.02E+17,2017-01-17 00:00:00,TU,9:21:00,0,0,0,0,P,N,N,11.0,1,NJ 3                                              ,W,3,3.82,2,2.0,2.0,1.0,2.0,5.0,1.0,N,9:20,120+07442,2017-01-17 09:21:00
5455,2014160214-2287                ,2014-02-25 00:00:00,TU,18:01:00,0,0,0,0,P,N,N,1.0,2,NJ 3                                              ,W,3,0.0,2,2.0,1.0,6.0,1.0,4.0,1.0,N,18:00,120+07449,2014-02-25 18:01:00
5456,2.02E+17,2016-02-26 00:00:00,F ,19:22:00,0,0,0,0,P,N,N,1.0,2,NJ 3                                              ,W,3,3.93,2,2.0,1.0,6.0,1.0,1.0,1.0,N,19:20,120+07442,2016-02-26 19:22:00
5459,2014160214-2288                ,2014-02-25 00:00:00,TU,18:14:00,0,1,0,0,I,N,N,1.0,2,NJ 3                                              ,W,3,2.89,2,2.0,1.0,6.0,1.0,1.0,1.0,N,18:15,120+07444,2014-02-25 18:14:00
5460,2018090918-028952              ,2018-11-15 00:00:00,TH,17:01:00,0,0,0,0,P,N,N,2.0,2,NJ 3                                              ,W,3,9.02,2,2.0,3.0,6.0,3.0,2.0,1.0,N,17:00,120+04732,2018-11-15 17:01:00
5461,2013160213-12796               ,2013-11-17 00:00:00,S ,13:00:00,0,0,0,0,P,N,N,11.0,1,NJ 3                                              ,W,3,0.51,2,2.0,2.0,1.0,5.0,1.0,1.0,N,13:00,120+07449,2013-11-17 13:00:00
5463,2.02E+17,2017-01-18 00:00:00,WE,17:32:00,0,0,0,0,P,N,N,1.0,3,NJ 3                                              ,W,3,1.78,2,2.0,1.0,6.0,1.0,1.0,1.0,N,17:30,120+07445,2017-01-18 17:32:00
5464,2014160214-2315                ,2014-02-26 00:00:00,W ,12:25:00,0,0,0,0,P,N,N,15.0,1,NJ 3                                              ,W,3,3.8,2,2.0,1.0,1.0,1.0,1.0,1.0,N,12:25,120+07442,2014-02-26 12:25:00
5465,2018090918-028995              ,2018-11-15 00:00:00,TH,20:55:00,0,0,0,0,P,N,N,2.0,2,NJ 3                                              ,W,3,9.01,2,2.0,3.0,6.0,3.0,1.0,5.0,N,20:55,120+04732,2018-11-15 20:55:00
5467,2.02E+17,2016-02-29 00:00:00,M ,17:33:00,0,0,0,0,P,N,N,1.0,2,NJ 3                                              ,W,3,0.5,2,2.0,1.0,3.0,1.0,1.0,1.0,N,17:35,120+07449,2016-02-29 17:33:00
5468,2.02E+17,2017-01-18 00:00:00,WE,18:58:00,0,0,0,0,P,N,N,2.0,2,NJ 3                                              ,W,3,3.14,2,2.0,1.0,6.0,1.0,1.0,1.0,N,19:00,120+07444,2017-01-18 18:58:00
5469,2014160214-2335                ,2014-02-26 00:00:00,W ,18:16:00,0,0,0,0,P,N,N,1.0,2,NJ 3                                              ,W,3,0.0,2,2.0,1.0,6.0,1.0,1.0,1.0,N,18:15,120+07449,2014-02-26 18:16:00
5470,2014160214-2353                ,2014-02-22 00:00:00,SA,8:25:00,0,0,0,0,P,N,N,1.0,2,NJ 3                                              ,W,3,0.0,2,2.0,1.0,1.0,1.0,1.0,1.0,N,8:25,120+07449,2014-02-22 08:25:00
5471,2.02E+17,2017-01-18 00:00:00,WE,19:42:00,0,2,0,0,I,N,N,1.0,2,NJ 3                                              ,W,3,3.87,2,2.0,1.0,6.0,1.0,1.0,1.0,N,19:40,120+07442,2017-01-18 19:42:00
5472,2013160213-12825               ,2013-11-18 00:00:00,M ,9:49:00,0,0,0,0,P,N,N,1.0,2,NJ 3                                              ,W,3,4.87,2,2.0,1.0,1.0,0.0,1.0,2.0,N,9:50,120P04739,2013-11-18 09:49:00
5474,20151330I-2015-011558          ,2015-08-14 00:00:00,F ,11:41:00,0,0,0,0,P,N,N,99.0,2,MONMOUTH COUNTY 3                                 ,W,3,12.19,5,2.0,1.0,1.0,1.0,5.0,1.0,N,11:40,120P13767,2015-08-14 11:41:00
5477,2.02E+17,2016-03-03 00:00:00,TH,16:36:00,0,0,0,0,P,N,N,1.0,2,NJ 3                                              ,W,3,0.3,2,2.0,1.0,1.0,1.0,1.0,1.0,N,16:35,120+07449,2016-03-03 16:36:00
5479,2.02E+17,2016-03-04 00:00:00,F ,8:50:00,0,0,0,0,P,N,N,1.0,2,NJ 3                                              ,W,3,1.32,2,2.0,2.0,1.0,2.0,5.0,1.0,N,8:50,120P07446,2016-03-04 08:50:00
5480,20151330I-2015-011574          ,2015-08-14 00:00:00,F ,18:28:00,0,0,0,0,P,N,N,1.0,2,MONMOUTH COUNTY 3                                 ,W,3,12.61,5,2.0,1.0,1.0,1.0,4.0,1.0,N,18:30,120P13767,2015-08-14 18:28:00
5482,2.02E+17,2017-01-20 00:00:00,FR,15:18:00,0,0,0,0,P,N,N,1.0,2,NJ 3                                              ,W,3,0.02,2,2.0,2.0,1.0,2.0,3.0,1.0,N,15:20,120+07449,2017-01-20 15:18:00
5483,2.02E+17,2016-03-04 00:00:00,F ,16:14:00,0,0,0,0,P,N,N,1.0,2,NJ 3                                              ,W,3,3.84,2,2.0,1.0,1.0,1.0,1.0,1.0,N,16:15,120+07442,2016-03-04 16:14:00
5484,20151330I-2015-011683          ,2015-08-16 00:00:00,S ,19:50:00,0,1,0,0,I,N,N,99.0,1,MONMOUTH COUNTY 3                                 ,W,3,10.68,5,2.0,1.0,3.0,1.0,4.0,1.0,N,19:50,120P13767,2015-08-16 19:50:00
5487,2.02E+17,2017-01-20 00:00:00,FR,16:25:00,0,0,0,0,P,N,N,1.0,2,NJ 3                                              ,W,3,3.43,2,2.0,2.0,1.0,2.0,1.0,1.0,N,16:25,120+07443,2017-01-20 16:25:00
5488,2.02E+17,2016-03-04 00:00:00,F ,18:56:00,0,3,0,0,I,N,N,1.0,3,NJ 3                                              ,W,3,4.57,2,2.0,1.0,6.0,1.0,1.0,1.0,N,18:55,120+04740,2016-03-04 18:56:00
5489,20151330I-2015-011730          ,2015-08-18 00:00:00,TU,5:34:00,0,0,0,0,P,N,N,11.0,1,MONMOUTH COUNTY 3                                 ,W,3,12.13,5,2.0,1.0,1.0,1.0,2.0,1.0,N,5:35,120P13767,2015-08-18 05:34:00
5490,2.02E+17,2016-03-04 00:00:00,F ,19:08:00,0,0,0,0,P,N,N,,3,NJ 3                                              ,W,3,2.66,2,2.0,1.0,1.0,1.0,1.0,1.0,N,19:10,120+07444,2016-03-04 19:08:00
5491,2.02E+17,2017-01-20 00:00:00,FR,17:29:00,0,0,0,0,P,N,N,1.0,2,NJ 3                                              ,W,3,3.83,2,2.0,2.0,7.0,2.0,1.0,1.0,N,17:30,120+07442,2017-01-20 17:29:00
5493,2013160213-13050               ,2013-11-23 00:00:00,SA,13:25:00,0,1,0,0,I,N,N,1.0,2,NJ 3                                              ,W,3,3.82,2,2.0,1.0,1.0,1.0,5.0,1.0,N,13:25,120+07442,2013-11-23 13:25:00
5494,20151330I-2015-012301          ,2015-08-30 00:00:00,S ,11:57:00,0,0,0,0,P,N,N,1.0,2,MONMOUTH COUNTY 3                                 ,W,3,12.33,5,2.0,1.0,1.0,1.0,5.0,1.0,N,11:55,120P13767,2015-08-30 11:57:00
5496,2014160214-2499                ,2014-03-03 00:00:00,M ,2:59:00,1,0,1,0,F,N,N,13.0,1,NJ 3                                              ,W,3,2.89,2,2.0,1.0,6.0,1.0,1.0,1.0,N,3:00,120+07444,2014-03-03 02:59:00
5497,20151330I-2015-013070          ,2015-09-13 00:00:00,S ,20:06:00,0,0,0,0,P,N,N,2.0,2,MONMOUTH COUNTY 3                                 ,W,3,10.73,5,2.0,1.0,6.0,1.0,5.0,1.0,N,20:05,120P13767,2015-09-13 20:06:00
5499,2.02E+17,2016-03-05 00:00:00,SA,13:30:00,0,0,0,0,P,N,N,11.0,1,NJ 3                                              ,W,3,0.6,2,2.0,1.0,1.0,1.0,5.0,1.0,N,13:30,120P07448,2016-03-05 13:30:00
5501,2.02E+17,2017-01-23 00:00:00,MO,8:47:00,0,1,0,0,I,N,N,1.0,2,NJ 3                                              ,W,3,0.52,2,2.0,1.0,1.0,1.0,1.0,1.0,N,8:45,120+07449,2017-01-23 08:47:00
5502,2013160213-13087               ,2013-11-24 00:00:00,S ,13:57:00,0,2,0,0,I,N,N,2.0,2,NJ 3                                              ,W,3,3.82,2,2.0,1.0,1.0,1.0,1.0,2.0,N,13:55,120+07442,2013-11-24 13:57:00
5503,2.02E+17,2016-03-09 00:00:00,W ,8:43:00,0,0,0,0,P,N,N,1.0,2,NJ 3                                              ,W,3,1.44,2,2.0,1.0,1.0,1.0,1.0,1.0,N,8:45,120P07446,2016-03-09 08:43:00
5504,2.02E+17,2017-01-23 00:00:00,MO,16:27:00,0,0,0,0,P,N,N,1.0,2,NJ 3                                              ,W,3,1.11,2,2.0,2.0,1.0,1.0,1.0,1.0,N,16:25,120+07448,2017-01-23 16:27:00
5505,2013160213-13113               ,2013-11-25 00:00:00,M ,7:46:00,0,0,0,0,P,N,N,1.0,2,NJ 3                                              ,W,3,1.26,2,2.0,1.0,1.0,1.0,1.0,1.0,N,7:45,120P07447,2013-11-25 07:46:00
5506,2.02E+17,2016-03-09 00:00:00,W ,18:52:00,0,0,0,0,P,N,N,1.0,3,NJ 3                                              ,W,3,2.64,2,2.0,1.0,5.0,1.0,1.0,1.0,N,18:50,120+07444,2016-03-09 18:52:00
5507,2013160213-13115               ,2013-11-25 00:00:00,M ,8:42:00,0,0,0,0,P,N,N,1.0,2,NJ 3                                              ,W,3,0.51,2,2.0,1.0,1.0,1.0,1.0,1.0,N,8:40,120+07449,2013-11-25 08:42:00
5510,2014160214-2645                ,2014-03-06 00:00:00,TH,16:32:00,0,1,0,0,I,N,N,1.0,2,NJ 3                                              ,W,3,0.6,2,2.0,1.0,1.0,1.0,1.0,1.0,N,16:30,120P07448,2014-03-06 16:32:00
5511,2013160213-13121               ,2013-11-25 00:00:00,M ,12:09:00,0,0,0,0,P,N,N,1.0,2,NJ 3                                              ,W,3,3.82,2,2.0,1.0,1.0,1.0,1.0,2.0,N,12:10,120+07442,2013-11-25 12:09:00
5512,2018090918-030564              ,2018-11-27 00:00:00,TU,18:01:00,0,0,0,0,P,N,N,2.0,2,NJ 3                                              ,W,3,8.6,2,1.0,1.0,6.0,1.0,5.0,1.0,N,18:00,120+04733,2018-11-27 18:01:00
5513,2.02E+17,2017-01-25 00:00:00,WE,12:29:00,0,1,0,0,I,N,N,1.0,3,NJ 3                                              ,W,3,0.45,2,2.0,1.0,1.0,1.0,5.0,1.0,N,12:30,120+07449,2017-01-25 12:29:00
5515,2.02E+17,2017-01-25 00:00:00,WE,19:12:00,0,1,0,0,I,N,N,10.0,1,NJ 3                                              ,W,3,0.51,2,2.0,1.0,6.0,1.0,1.0,1.0,N,19:10,120+07449,2017-01-25 19:12:00
5516,2013160213-13167               ,2013-11-26 00:00:00,TU,15:56:00,0,0,0,0,P,N,N,2.0,2,NJ 3                                              ,W,3,3.42,2,2.0,2.0,3.0,2.0,1.0,1.0,N,15:55,120+07443,2013-11-26 15:56:00
5517,2014160214-2840                ,2014-03-12 00:00:00,W ,5:10:00,0,1,0,0,I,N,N,11.0,1,NJ 3                                              ,W,3,0.55,2,1.0,1.0,6.0,1.0,1.0,1.0,N,5:10,120+07449,2014-03-12 05:10:00
5523,2.02E+17,2017-01-30 00:00:00,MO,9:16:00,0,0,0,0,P,N,N,1.0,2,NJ 3                                              ,W,3,0.52,2,2.0,1.0,1.0,1.0,1.0,1.0,N,9:15,120+07449,2017-01-30 09:16:00
5524,2014160214-2885                ,2014-03-13 00:00:00,TH,4:41:00,0,0,0,0,P,N,N,1.0,2,NJ 3                                              ,W,3,0.65,2,2.0,1.0,6.0,1.0,1.0,1.0,N,4:40,120P07448,2014-03-13 04:41:00
5530,2.02E+17,2016-03-20 00:00:00,S ,17:21:00,0,2,0,0,I,N,N,1.0,2,NJ 3                                              ,W,3,3.88,2,2.0,1.0,1.0,1.0,1.0,1.0,N,17:20,120+07442,2016-03-20 17:21:00
5535,2.02E+17,2017-02-01 00:00:00,WE,16:05:00,0,0,0,0,P,N,N,1.0,2,NJ 3                                              ,W,3,0.6,2,2.0,1.0,1.0,1.0,1.0,1.0,N,16:05,120P07448,2017-02-01 16:05:00
5538,2.02E+17,2017-02-01 00:00:00,WE,17:41:00,0,0,0,0,P,N,N,1.0,2,NJ 3                                              ,W,3,1.44,2,2.0,1.0,4.0,5.0,1.0,1.0,N,17:40,120P07446,2017-02-01 17:41:00
5541,2.02E+17,2017-02-02 00:00:00,TH,17:04:00,0,0,0,0,P,N,N,1.0,2,NJ 3                                              ,W,3,2.67,2,2.0,1.0,3.0,1.0,1.0,1.0,N,17:05,120+07444,2017-02-02 17:04:00
5542,2.02E+17,2016-03-22 00:00:00,TU,17:32:00,0,0,0,0,P,N,N,1.0,2,NJ 3                                              ,W,3,4.94,2,2.0,1.0,1.0,1.0,2.0,1.0,N,17:30,120P04739,2016-03-22 17:32:00
5543,2013160213-1344                ,2013-02-04 00:00:00,M ,14:09:00,0,0,0,0,P,N,N,1.0,2,NJ 3                                              ,W,3,0.0,2,2.0,1.0,1.0,1.0,5.0,1.0,N,14:10,120+07449,2013-02-04 14:09:00
5545,2013160213-13501               ,2013-12-05 00:00:00,TH,17:07:00,0,2,0,0,I,N,N,1.0,3,NJ 3                                              ,W,3,1.2,2,2.0,2.0,6.0,1.0,1.0,1.0,N,17:05,120P07447,2013-12-05 17:07:00
5547,2.02E+17,2017-02-03 00:00:00,FR,15:06:00,0,0,0,0,P,N,N,1.0,2,NJ 3                                              ,W,3,0.01,2,2.0,1.0,1.0,1.0,1.0,1.0,N,15:05,120+07449,2017-02-03 15:06:00
5548,2013160213-13502               ,2013-12-05 00:00:00,TH,17:20:00,0,0,0,0,P,N,N,1.0,2,NJ 3                                              ,W,3,1.01,2,2.0,2.0,6.0,1.0,1.0,1.0,N,17:20,120+07448,2013-12-05 17:20:00
5550,2014160214-3183                ,2014-03-21 00:00:00,F ,8:05:00,0,1,0,0,I,N,N,1.0,2,NJ 3                                              ,W,3,0.32,2,2.0,1.0,1.0,1.0,5.0,1.0,N,8:05,120+07449,2014-03-21 08:05:00