,CRASH_ID,DATE,DAY,TIME,KILLED,INJURED,PED_KILL,PED_INJ,SEVERITY,ALCOHOL,HAZMAT,CRASH_TYPE,VEH_COUNT,LOCATION,LOC_DIR,ROUTE,MP,RD_SYS,RD_SURF,SURF_COND,LIGHT,WEATHER,RD_DIV,RD_WRKZN,CELL_USE,TIME_ROUND,TMC,timestamp
5551,2015160215-020628              ,2015-05-09 00:00:00,SA,12:11:00,0,0,0,0,P,N,N,9.0,2,NJ 3                                              ,W,3,3.82,2,2.0,1.0,1.0,1.0,1.0,1.0,N,12:10,120+07442,2015-05-09 12:11:00
5552,2015160215-022403              ,2015-05-20 00:00:00,W ,8:26:00,0,0,0,0,P,N,N,1.0,2,NJ 3                                              ,W,3,3.73,2,2.0,1.0,1.0,1.0,5.0,1.0,N,8:25,120+07442,2015-05-20 08:26:00
5553,2.02E+17,2017-02-06 00:00:00,MO,18:02:00,0,0,0,0,P,N,N,1.0,2,NJ 3                                              ,W,3,4.07,2,2.0,1.0,6.0,1.0,1.0,1.0,N,18:00,120+07442,2017-02-06 18:02:00
5554,2018090918-032371              ,2018-12-11 00:00:00,TU,17:19:00,0,0,0,0,P,N,N,1.0,2,NJ 3                                              ,W,3,8.5,2,2.0,1.0,6.0,1.0,5.0,1.0,N,17:20,120P04733,2018-12-11 17:19:00
5556,2.02E+17,2016-03-31 00:00:00,TH,17:50:00,0,0,0,0,P,N,N,1.0,2,NJ 3                                              ,W,3,0.0,2,2.0,1.0,1.0,1.0,1.0,1.0,N,17:50,120+07449,2016-03-31 17:50:00
5557,2014160214-3225                ,2014-03-22 00:00:00,SA,8:23:00,0,1,0,0,I,N,N,2.0,2,NJ 3                                              ,W,3,1.07,2,2.0,1.0,1.0,1.0,5.0,1.0,N,8:25,120+07448,2014-03-22 08:23:00
5558,2015160215-022703              ,2015-05-21 00:00:00,TH,16:47:00,0,0,0,0,P,N,N,2.0,2,NJ 3                                              ,W,3,2.69,2,2.0,1.0,1.0,1.0,1.0,1.0,N,16:45,120+07444,2015-05-21 16:47:00
5562,2013160213-13644               ,2013-12-09 00:00:00,M ,4:56:00,0,1,0,0,I,N,N,11.0,1,NJ 3                                              ,W,3,4.93,2,2.0,4.0,6.0,6.0,1.0,2.0,N,4:55,120P04739,2013-12-09 04:56:00
5563,2013160213-13648               ,2013-12-09 00:00:00,M ,8:33:00,0,0,0,0,P,N,N,1.0,2,NJ 3                                              ,W,3,0.0,2,2.0,2.0,1.0,2.0,1.0,1.0,N,8:35,120+07449,2013-12-09 08:33:00
5564,2.02E+17,2016-04-04 00:00:00,M ,15:38:00,0,0,0,0,P,N,N,1.0,2,NJ 3                                              ,W,3,1.53,2,2.0,2.0,1.0,2.0,1.0,1.0,N,15:40,120+07445,2016-04-04 15:38:00
5565,2.02E+17,2017-02-09 00:00:00,TH,9:14:00,0,1,0,0,I,N,N,11.0,1,NJ 3                                              ,W,3,2.64,2,2.0,3.0,1.0,3.0,5.0,1.0,N,9:15,120+07444,2017-02-09 09:14:00
5568,2.02E+17,2016-04-06 00:00:00,W ,15:46:00,0,1,0,0,I,N,N,1.0,2,NJ 3                                              ,W,3,3.53,2,2.0,1.0,1.0,1.0,1.0,1.0,N,15:45,120+07443,2016-04-06 15:46:00
5569,2018090918-033525              ,2018-12-19 00:00:00,WE,13:54:00,0,0,0,0,P,N,N,1.0,2,NJ 3                                              ,W,3,9.8,2,2.0,1.0,1.0,1.0,1.0,2.0,N,13:55,120+04730,2018-12-19 13:54:00
5571,2.02E+17,2016-04-07 00:00:00,TH,9:23:00,0,2,0,0,I,N,N,1.0,2,NJ 3                                              ,W,3,0.49,2,2.0,1.0,1.0,5.0,5.0,1.0,N,9:25,120+07449,2016-04-07 09:23:00
5572,2013160213-13761               ,2013-12-11 00:00:00,W ,8:03:00,0,0,0,0,P,N,N,1.0,2,NJ 3                                              ,W,3,1.3,2,2.0,2.0,1.0,1.0,1.0,1.0,N,8:05,120P07446,2013-12-11 08:03:00
5573,2015160215-05156               ,2015-08-12 00:00:00,W ,20:29:00,0,2,0,0,I,N,N,11.0,1,NJ 3                                              ,W,3,4.9,2,2.0,1.0,6.0,1.0,1.0,1.0,N,20:30,120P04739,2015-08-12 20:29:00
5574,2.02E+17,2016-04-07 00:00:00,TH,15:31:00,0,0,0,0,P,N,N,2.0,2,NJ 3                                              ,W,3,3.38,2,2.0,2.0,1.0,1.0,1.0,1.0,N,15:30,120+07443,2016-04-07 15:31:00
5575,2.02E+17,2016-04-07 00:00:00,TH,17:04:00,0,2,0,0,I,N,N,1.0,4,NJ 3                                              ,W,3,0.09,2,2.0,2.0,1.0,5.0,1.0,1.0,N,17:05,120+07449,2016-04-07 17:04:00
5576,2015160215-10232               ,2015-03-06 00:00:00,F ,18:15:00,0,0,0,0,P,N,N,1.0,2,NJ 3                                              ,W,3,3.91,2,2.0,1.0,6.0,1.0,1.0,1.0,N,18:15,120+07442,2015-03-06 18:15:00
5577,2018090918-033714              ,2018-12-20 00:00:00,TH,21:14:00,0,1,0,1,I,Y,N,13.0,1,NJ 3                                              ,W,3,9.2,2,2.0,2.0,6.0,2.0,1.0,1.0,N,21:15,120+04732,2018-12-20 21:14:00
5578,2014160214-3359                ,2014-03-26 00:00:00,W ,9:58:00,0,0,0,0,P,N,N,1.0,2,NJ 3                                              ,W,3,0.25,2,2.0,1.0,1.0,1.0,3.0,1.0,N,10:00,120+07449,2014-03-26 09:58:00
5582,2.02E+17,2017-02-15 00:00:00,WE,15:22:00,0,0,0,0,P,N,N,1.0,2,NJ 3                                              ,W,3,1.32,2,1.0,1.0,1.0,1.0,1.0,1.0,N,15:20,120P07446,2017-02-15 15:22:00
5583,2013160213-13837               ,2013-12-12 00:00:00,TH,18:53:00,0,0,0,0,P,N,N,2.0,2,NJ 3                                              ,W,3,1.44,2,2.0,1.0,3.0,1.0,1.0,1.0,N,18:55,120P07446,2013-12-12 18:53:00
5586,2013160213-13839               ,2013-12-12 00:00:00,TH,14:34:00,0,0,0,0,P,N,N,1.0,2,NJ 3                                              ,W,3,1.51,2,2.0,1.0,6.0,1.0,1.0,1.0,N,14:35,120+07445,2013-12-12 14:34:00
5589,2013160213-13877               ,2013-12-13 00:00:00,F ,18:07:00,0,0,0,0,P,Y,N,1.0,2,NJ 3                                              ,W,3,0.6,2,2.0,1.0,6.0,1.0,1.0,1.0,N,18:05,120P07448,2013-12-13 18:07:00
5590,2.02E+17,2017-02-16 00:00:00,TH,16:25:00,0,1,0,1,I,N,N,13.0,1,NJ 3                                              ,W,3,4.07,2,2.0,1.0,1.0,1.0,1.0,1.0,N,16:25,120+07442,2017-02-16 16:25:00
5592,2018090918-035026              ,2018-12-31 00:00:00,MO,14:05:00,0,0,0,0,P,N,N,11.0,1,NJ 3                                              ,W,3,10.24,2,2.0,2.0,1.0,2.0,2.0,1.0,N,14:05,120P04729,2018-12-31 14:05:00
5595,2015160215-10784               ,2015-03-10 00:00:00,TU,3:23:00,0,0,0,0,P,N,N,1.0,2,NJ 3                                              ,W,3,0.01,2,2.0,1.0,1.0,1.0,1.0,1.0,N,3:25,120+07449,2015-03-10 03:23:00
5596,2.02E+17,2017-02-17 00:00:00,FR,19:13:00,0,0,0,0,P,N,N,1.0,2,NJ 3                                              ,W,3,2.68,2,2.0,1.0,6.0,1.0,1.0,1.0,N,19:15,120+07444,2017-02-17 19:13:00
5597,2.02E+17,2018-07-23 00:00:00,MO,12:18:00,0,0,0,0,P,N,N,1.0,2,NJ 3                                              ,W,3,8.95,2,2.0,1.0,1.0,1.0,5.0,1.0,N,12:20,120+04732,2018-07-23 12:18:00
5598,2014160214-3414                ,2014-03-27 00:00:00,TH,18:59:00,0,0,0,0,P,N,N,2.0,2,NJ 3                                              ,W,3,3.82,2,2.0,1.0,3.0,1.0,1.0,1.0,N,19:00,120+07442,2014-03-27 18:59:00
5600,2014160214-3455                ,2014-03-28 00:00:00,F ,18:14:00,0,2,0,0,I,N,N,2.0,2,NJ 3                                              ,W,3,3.82,2,2.0,1.0,1.0,1.0,1.0,1.0,N,18:15,120+07442,2014-03-28 18:14:00
5604,2.02E+17,2017-02-20 00:00:00,MO,11:02:00,0,0,0,0,P,N,N,2.0,2,NJ 3                                              ,W,3,2.82,2,2.0,1.0,1.0,1.0,1.0,1.0,N,11:00,120+07444,2017-02-20 11:02:00
5606,2.02E+17,2017-02-20 00:00:00,MO,17:06:00,0,0,0,0,P,N,N,2.0,2,NJ 3                                              ,W,3,3.82,2,2.0,1.0,1.0,1.0,4.0,1.0,N,17:05,120+07442,2017-02-20 17:06:00
5607,2018160218-06669               ,2018-10-04 00:00:00,TH,17:48:00,0,0,0,0,P,N,N,2.0,2,NJ 3                                              ,W,3,4.38,2,2.0,1.0,1.0,2.0,2.0,1.0,N,17:50,120+04740,2018-10-04 17:48:00
5610,2.02E+17,2018-01-02 00:00:00,TU,7:43:00,0,0,0,0,P,N,N,1.0,2,NJ 3                                              ,W,3,1.26,2,2.0,1.0,1.0,1.0,1.0,1.0,N,7:45,120P07447,2018-01-02 07:43:00
5611,2013160213-14056               ,2013-12-18 00:00:00,W ,9:07:00,0,0,0,0,P,N,N,2.0,2,NJ 3                                              ,W,3,0.0,2,2.0,2.0,1.0,1.0,1.0,1.0,N,9:05,120+07449,2013-12-18 09:07:00
5614,2.02E+17,2017-02-21 00:00:00,TU,9:31:00,0,0,0,0,P,N,N,2.0,3,NJ 3                                              ,W,3,0.1,2,2.0,1.0,1.0,1.0,5.0,1.0,N,9:30,120+07449,2017-02-21 09:31:00
5617,2014160214-354                 ,2014-01-10 00:00:00,F ,16:17:00,0,0,0,0,P,N,N,1.0,2,NJ 3                                              ,W,3,1.26,2,2.0,2.0,1.0,2.0,4.0,1.0,N,16:15,120P07447,2014-01-10 16:17:00
5618,2.02E+17,2016-04-12 00:00:00,TU,16:10:00,0,2,0,0,I,N,N,1.0,3,NJ 3                                              ,W,3,3.83,2,2.0,1.0,1.0,1.0,1.0,5.0,N,16:10,120+07442,2016-04-12 16:10:00
5619,2013160213-14059               ,2013-12-18 00:00:00,W ,10:10:00,0,0,0,0,P,N,N,2.0,2,NJ 3                                              ,W,3,1.44,2,2.0,2.0,1.0,1.0,1.0,1.0,N,10:10,120P07446,2013-12-18 10:10:00
5620,2015160215-11545               ,2015-03-14 00:00:00,SA,13:05:00,0,1,0,0,I,N,N,1.0,2,NJ 3                                              ,W,3,0.57,2,2.0,2.0,1.0,2.0,1.0,1.0,N,13:05,120P07448,2015-03-14 13:05:00
5621,2.02E+17,2017-02-23 00:00:00,TH,7:48:00,0,0,0,0,P,N,N,1.0,2,NJ 3                                              ,W,3,2.68,2,2.0,1.0,1.0,1.0,5.0,1.0,N,7:50,120+07444,2017-02-23 07:48:00
5627,2014160214-3631                ,2014-04-02 00:00:00,W ,17:27:00,0,3,0,0,I,N,N,1.0,2,NJ 3                                              ,W,3,0.09,2,2.0,1.0,1.0,1.0,2.0,1.0,N,17:25,120+07449,2014-04-02 17:27:00
5628,2.02E+17,2018-01-05 00:00:00,FR,9:08:00,0,0,0,0,P,N,N,2.0,2,NJ 3                                              ,W,3,0.49,2,2.0,1.0,1.0,1.0,5.0,1.0,N,9:10,120+07449,2018-01-05 09:08:00
5631,2.02E+17,2018-01-05 00:00:00,FR,18:04:00,0,1,0,0,I,N,N,1.0,2,NJ 3                                              ,W,3,1.13,2,2.0,1.0,3.0,1.0,1.0,1.0,N,18:05,120+07448,2018-01-05 18:04:00
5632,2015160215-11746               ,2015-03-15 00:00:00,S ,20:45:00,0,1,0,0,I,N,N,11.0,1,NJ 3                                              ,W,3,3.86,2,2.0,1.0,6.0,1.0,1.0,1.0,N,20:45,120+07442,2015-03-15 20:45:00
5634,2015160215-11802               ,2015-03-16 00:00:00,M ,8:30:00,0,0,0,0,P,N,N,1.0,2,NJ 3                                              ,W,3,0.45,2,2.0,1.0,1.0,1.0,1.0,1.0,N,8:30,120+07449,2015-03-16 08:30:00
5635,2014160214-3671                ,2014-04-03 00:00:00,TH,21:25:00,0,0,0,0,P,N,N,2.0,2,NJ 3                                              ,W,3,2.14,2,2.0,1.0,6.0,1.0,1.0,1.0,N,21:25,120+07445,2014-04-03 21:25:00
5637,2.02E+17,2018-01-11 00:00:00,TH,8:00:00,0,1,0,0,I,N,N,1.0,2,NJ 3                                              ,W,3,0.6,2,2.0,1.0,1.0,1.0,1.0,1.0,N,8:00,120P07448,2018-01-11 08:00:00
5638,2.02E+17,2017-02-25 00:00:00,SA,15:49:00,0,2,0,0,I,N,N,1.0,2,NJ 3                                              ,W,3,2.69,2,2.0,1.0,1.0,1.0,1.0,1.0,N,15:50,120+07444,2017-02-25 15:49:00
5639,2015160215-12030               ,2015-03-17 00:00:00,TU,15:24:00,0,1,0,0,I,N,N,2.0,2,NJ 3                                              ,W,3,2.92,2,2.0,1.0,1.0,1.0,1.0,1.0,N,15:25,120+07444,2015-03-17 15:24:00
5642,2015160215-12235               ,2015-03-18 00:00:00,W ,19:20:00,0,0,0,0,P,N,N,1.0,2,NJ 3                                              ,W,3,0.55,2,2.0,1.0,6.0,1.0,1.0,1.0,N,19:20,120+07449,2015-03-18 19:20:00
5643,2014160214-3704                ,2014-04-04 00:00:00,F ,18:04:00,0,1,0,0,I,N,N,1.0,2,NJ 3                                              ,W,3,1.15,2,2.0,2.0,1.0,2.0,1.0,1.0,N,18:05,120P07447,2014-04-04 18:04:00
5644,2.02E+17,2018-01-11 00:00:00,TH,9:43:00,0,1,0,0,I,N,N,1.0,2,NJ 3                                              ,W,3,2.7,2,2.0,1.0,1.0,5.0,1.0,1.0,N,9:45,120+07444,2018-01-11 09:43:00
5645,2013160213-14222               ,2013-12-21 00:00:00,SA,17:12:00,0,0,0,0,P,N,N,2.0,2,NJ 3                                              ,W,3,4.89,2,2.0,1.0,3.0,,1.0,2.0,N,17:10,120P04739,2013-12-21 17:12:00
5647,2013160213-14224               ,2013-12-21 00:00:00,SA,17:07:00,0,0,0,0,P,N,N,1.0,2,NJ 3                                              ,W,3,1.26,2,2.0,1.0,6.0,1.0,1.0,1.0,N,17:05,120P07447,2013-12-21 17:07:00
5650,2013160213-1424                ,2013-02-06 00:00:00,W ,11:01:00,0,0,0,0,P,N,N,2.0,2,NJ 3                                              ,W,3,0.49,2,2.0,1.0,1.0,1.0,1.0,1.0,N,11:00,120+07449,2013-02-06 11:01:00
5651,2015160215-12384               ,2015-03-19 00:00:00,TH,17:51:00,0,0,0,0,P,N,N,2.0,2,NJ 3                                              ,W,3,0.57,2,2.0,1.0,1.0,1.0,1.0,1.0,N,17:50,120P07448,2015-03-19 17:51:00
5652,2.02E+17,2016-04-17 00:00:00,S ,15:24:00,0,0,0,0,P,N,N,1.0,2,NJ 3                                              ,W,3,1.01,2,2.0,1.0,1.0,1.0,1.0,1.0,N,15:25,120+07448,2016-04-17 15:24:00
5653,2.02E+17,2018-01-11 00:00:00,TH,15:31:00,0,0,0,0,P,N,N,1.0,2,NJ 3                                              ,W,3,1.01,2,2.0,1.0,1.0,1.0,1.0,1.0,N,15:30,120+07448,2018-01-11 15:31:00
5654,2.02E+17,2017-02-28 00:00:00,TU,19:11:00,0,0,0,0,P,N,N,1.0,3,NJ 3                                              ,W,3,2.79,2,2.0,1.0,6.0,1.0,1.0,1.0,N,19:10,120+07444,2017-02-28 19:11:00
5659,2013160213-1438                ,2013-02-06 00:00:00,W ,13:42:00,0,0,0,0,P,N,N,1.0,2,NJ 3                                              ,W,3,0.49,2,2.0,1.0,1.0,1.0,1.0,1.0,N,13:40,120+07449,2013-02-06 13:42:00
5664,2015160215-12772               ,2015-02-22 00:00:00,S ,12:19:00,0,1,0,0,I,N,N,1.0,2,NJ 3                                              ,W,3,3.44,2,2.0,1.0,1.0,1.0,1.0,1.0,N,12:20,120+07443,2015-02-22 12:19:00
5666,2014160214-3792                ,2014-04-07 00:00:00,M ,7:48:00,0,0,0,0,P,N,N,2.0,2,NJ 3                                              ,W,3,0.32,2,2.0,1.0,1.0,1.0,5.0,1.0,N,7:50,120+07449,2014-04-07 07:48:00
5667,2.02E+17,2017-03-01 00:00:00,WE,14:22:00,0,2,0,0,I,N,N,10.0,1,NJ 3                                              ,W,3,4.89,2,2.0,1.0,1.0,1.0,5.0,1.0,N,14:20,120P04739,2017-03-01 14:22:00
5669,2015160215-13061               ,2015-03-24 00:00:00,TU,9:38:00,0,0,0,0,P,N,N,1.0,2,NJ 3                                              ,W,3,0.51,2,2.0,1.0,1.0,1.0,5.0,1.0,N,9:40,120+07449,2015-03-24 09:38:00
5675,2.02E+17,2016-04-22 00:00:00,F ,15:26:00,0,0,0,0,P,N,N,1.0,2,NJ 3                                              ,W,3,0.57,2,2.0,1.0,1.0,1.0,1.0,1.0,N,15:25,120P07448,2016-04-22 15:26:00
5676,2013160213-1478                ,2013-02-07 00:00:00,TH,8:52:00,0,0,0,0,P,N,N,1.0,2,NJ 3                                              ,W,3,3.81,2,2.0,1.0,1.0,1.0,1.0,1.0,N,8:50,120+07442,2013-02-07 08:52:00
5677,2.02E+17,2018-01-12 00:00:00,FR,8:22:00,0,0,0,0,P,N,N,2.0,2,NJ 3                                              ,W,3,3.9,2,2.0,2.0,1.0,2.0,1.0,1.0,N,8:20,120+07442,2018-01-12 08:22:00
5680,2.02E+17,2018-01-12 00:00:00,FR,8:44:00,0,0,0,0,P,N,N,2.0,2,NJ 3                                              ,W,3,1.44,2,2.0,2.0,1.0,2.0,1.0,,N,8:45,120P07446,2018-01-12 08:44:00
5681,2013160213-1499                ,2013-02-07 00:00:00,TH,16:32:00,0,0,0,0,P,N,N,1.0,2,NJ 3                                              ,W,3,2.58,2,2.0,1.0,1.0,1.0,1.0,1.0,N,16:30,120+07444,2013-02-07 16:32:00
5682,2.02E+17,2017-03-02 00:00:00,TH,12:56:00,0,0,0,0,P,N,N,2.0,2,NJ 3                                              ,W,3,3.8,2,2.0,1.0,1.0,1.0,5.0,1.0,N,12:55,120+07442,2017-03-02 12:56:00
5684,2.02E+17,2017-03-02 00:00:00,TH,16:40:00,0,1,0,0,I,N,N,1.0,2,NJ 3                                              ,W,3,0.44,2,2.0,1.0,1.0,1.0,1.0,1.0,N,16:40,120+07449,2017-03-02 16:40:00
5685,2.02E+17,2018-01-13 00:00:00,SA,19:10:00,0,1,0,0,I,N,N,1.0,2,NJ 3                                              ,W,3,3.83,2,2.0,1.0,6.0,1.0,1.0,1.0,N,19:10,120+07442,2018-01-13 19:10:00
5687,2.02E+17,2016-04-24 00:00:00,S ,15:26:00,0,1,0,0,I,N,N,1.0,2,NJ 3                                              ,W,3,2.89,2,2.0,1.0,1.0,1.0,1.0,1.0,N,15:25,120+07444,2016-04-24 15:26:00
5690,2.02E+17,2018-01-14 00:00:00,SU,11:43:00,0,0,0,0,P,N,N,1.0,3,NJ 3                                              ,W,3,0.1,2,2.0,1.0,1.0,1.0,5.0,1.0,N,11:45,120+07449,2018-01-14 11:43:00
5691,2.02E+17,2018-01-14 00:00:00,SU,12:40:00,0,0,0,0,P,N,N,2.0,2,NJ 3                                              ,W,3,0.66,2,2.0,1.0,1.0,1.0,5.0,1.0,N,12:40,120P07448,2018-01-14 12:40:00
5692,2.02E+17,2017-03-03 00:00:00,FR,1:37:00,0,0,0,0,P,N,N,1.0,2,NJ 3                                              ,W,3,3.82,2,2.0,1.0,1.0,1.0,5.0,1.0,N,1:35,120+07442,2017-03-03 01:37:00
5694,2.02E+17,2016-04-27 00:00:00,W ,8:52:00,0,0,0,0,P,N,N,1.0,2,NJ 3                                              ,W,3,0.04,2,2.0,1.0,1.0,1.0,1.0,2.0,N,8:50,120+07449,2016-04-27 08:52:00
5695,2014160214-3902                ,2014-04-09 00:00:00,W ,13:22:00,0,1,0,0,I,N,N,1.0,3,NJ 3                                              ,W,3,2.45,2,2.0,1.0,1.0,1.0,1.0,1.0,N,13:20,120P07444,2014-04-09 13:22:00
5696,2.02E+17,2018-01-14 00:00:00,SU,18:00:00,0,0,0,0,P,N,N,1.0,2,NJ 3                                              ,W,3,2.92,2,2.0,1.0,6.0,1.0,1.0,1.0,N,18:00,120+07444,2018-01-14 18:00:00
5697,2013160213-1700                ,2013-02-12 00:00:00,TU,9:14:00,0,1,0,0,I,N,N,1.0,3,NJ 3                                              ,W,3,4.93,2,2.0,2.0,1.0,1.0,1.0,2.0,N,9:15,120P04739,2013-02-12 09:14:00
5703,2.02E+17,2018-01-14 00:00:00,SU,22:39:00,0,0,0,0,P,N,N,1.0,2,NJ 3                                              ,W,3,1.44,2,2.0,1.0,6.0,1.0,1.0,1.0,N,22:40,120P07446,2018-01-14 22:39:00
5704,2.02E+17,2017-03-04 00:00:00,SA,9:00:00,0,0,0,0,P,N,N,1.0,2,NJ 3                                              ,W,3,3.81,2,2.0,1.0,1.0,1.0,1.0,1.0,N,9:00,120+07442,2017-03-04 09:00:00
5708,2.02E+17,2018-01-15 00:00:00,MO,15:00:00,0,0,0,0,P,N,N,1.0,2,NJ 3                                              ,W,3,0.76,2,2.0,1.0,1.0,1.0,1.0,1.0,N,15:00,120+07448,2018-01-15 15:00:00
5712,2.02E+17,2016-04-29 00:00:00,F ,19:57:00,0,0,0,0,P,N,N,1.0,2,NJ 3                                              ,W,3,0.13,2,2.0,2.0,6.0,2.0,3.0,1.0,N,19:55,120+07449,2016-04-29 19:57:00
5713,2015160215-14038               ,2015-03-30 00:00:00,M ,15:20:00,0,1,0,0,I,N,N,1.0,2,NJ 3                                              ,W,3,0.5,2,2.0,1.0,1.0,1.0,3.0,1.0,N,15:20,120+07449,2015-03-30 15:20:00
5716,2.02E+17,2018-01-16 00:00:00,TU,19:27:00,0,0,0,0,P,N,N,1.0,2,NJ 3                                              ,W,3,4.93,2,2.0,1.0,6.0,1.0,1.0,1.0,N,19:25,120P04739,2018-01-16 19:27:00
5719,2.02E+17,2017-03-06 00:00:00,MO,17:41:00,0,0,0,0,P,N,N,1.0,3,NJ 3                                              ,W,3,0.01,2,2.0,1.0,6.0,1.0,3.0,1.0,N,17:40,120+07449,2017-03-06 17:41:00
5720,2015160215-14132               ,2015-03-31 00:00:00,TU,7:54:00,0,0,0,0,P,N,N,2.0,2,NJ 3                                              ,W,3,1.28,2,2.0,1.0,1.0,1.0,5.0,1.0,N,7:55,120+07447,2015-03-31 07:54:00
5721,2014160214-4123                ,2014-04-15 00:00:00,TU,14:26:00,0,0,0,0,P,N,N,9.0,2,NJ 3                                              ,W,3,3.82,2,2.0,2.0,1.0,2.0,1.0,1.0,N,14:25,120+07442,2014-04-15 14:26:00
5725,2014160214-4156                ,2014-04-16 00:00:00,W ,10:06:00,0,0,0,0,P,N,N,2.0,2,NJ 3                                              ,W,3,0.51,2,2.0,1.0,1.0,1.0,0.0,1.0,N,10:05,120+07449,2014-04-16 10:06:00
5726,2015160215-14133               ,2015-03-31 00:00:00,TU,7:58:00,0,2,0,0,I,N,N,1.0,2,NJ 3                                              ,W,3,2.55,2,2.0,1.0,1.0,1.0,1.0,1.0,N,8:00,120+07444,2015-03-31 07:58:00
5727,2014160214-4157                ,2014-04-16 00:00:00,W ,10:06:00,0,0,0,0,P,N,N,1.0,2,NJ 3                                              ,W,3,0.51,2,2.0,1.0,1.0,1.0,1.0,1.0,N,10:05,120+07449,2014-04-16 10:06:00
5728,2.02E+17,2017-03-07 00:00:00,TU,9:03:00,0,0,0,0,P,N,N,1.0,2,NJ 3                                              ,W,3,2.58,2,2.0,2.0,1.0,2.0,5.0,1.0,N,9:05,120+07444,2017-03-07 09:03:00
5729,2.02E+17,2016-04-30 00:00:00,SA,15:51:00,0,0,0,0,P,N,N,1.0,2,NJ 3                                              ,W,3,2.73,2,2.0,1.0,1.0,1.0,1.0,1.0,N,15:50,120+07444,2016-04-30 15:51:00
5732,2.02E+17,2017-03-07 00:00:00,TU,9:56:00,0,0,0,0,P,N,N,1.0,2,NJ 3                                              ,W,3,1.3,2,2.0,2.0,1.0,2.0,5.0,1.0,N,9:55,120P07446,2017-03-07 09:56:00
5733,2015160215-14209               ,2015-03-31 00:00:00,TU,15:45:00,0,0,0,0,P,N,N,1.0,2,NJ 3                                              ,W,3,4.95,2,1.0,2.0,1.0,2.0,1.0,1.0,N,15:45,120+04739,2015-03-31 15:45:00
5735,2.02E+17,2018-01-19 00:00:00,FR,7:59:00,0,0,0,0,P,N,N,2.0,2,NJ 3                                              ,W,3,0.52,2,2.0,1.0,1.0,1.0,5.0,1.0,N,8:00,120+07449,2018-01-19 07:59:00
5736,2.02E+17,2017-03-07 00:00:00,TU,17:54:00,0,0,0,0,P,N,N,1.0,2,NJ 3                                              ,W,3,0.57,2,1.0,2.0,6.0,1.0,1.0,1.0,N,17:55,120P07448,2017-03-07 17:54:00
5740,2.02E+17,2017-03-09 00:00:00,TH,9:04:00,0,2,0,0,I,N,N,1.0,3,NJ 3                                              ,W,3,2.55,2,2.0,1.0,1.0,1.0,5.0,1.0,N,9:05,120+07444,2017-03-09 09:04:00
5742,2.02E+17,2018-01-19 00:00:00,FR,17:43:00,0,1,0,0,I,N,N,1.0,2,NJ 3                                              ,W,3,1.53,2,2.0,1.0,6.0,1.0,1.0,1.0,N,17:45,120+07445,2018-01-19 17:43:00
5743,2015160215-14450               ,2015-04-02 00:00:00,TH,8:08:00,0,0,0,0,P,N,N,1.0,2,NJ 3                                              ,W,3,1.44,2,2.0,1.0,1.0,1.0,1.0,1.0,N,8:10,120P07446,2015-04-02 08:08:00
5749,2.02E+17,2017-03-11 00:00:00,SA,13:29:00,0,0,0,0,P,N,N,2.0,2,NJ 3                                              ,W,3,0.6,2,2.0,1.0,1.0,5.0,1.0,1.0,N,13:30,120P07448,2017-03-11 13:29:00
5750,2.02E+17,2018-01-22 00:00:00,MO,17:20:00,0,0,0,0,P,N,N,1.0,2,NJ 3                                              ,W,3,4.86,2,2.0,1.0,7.0,1.0,1.0,1.0,N,17:20,120P04739,2018-01-22 17:20:00
5751,2014160214-437                 ,2014-01-13 00:00:00,M ,10:39:00,0,0,0,0,P,N,N,2.0,2,NJ 3                                              ,W,3,4.89,2,2.0,1.0,1.0,1.0,1.0,2.0,N,10:40,120P04739,2014-01-13 10:39:00
5754,2.02E+17,2017-03-11 00:00:00,SA,13:53:00,0,1,0,0,I,N,N,1.0,2,NJ 3                                              ,W,3,0.55,2,2.0,1.0,1.0,1.0,1.0,2.0,N,13:55,120+07449,2017-03-11 13:53:00
5755,2.02E+17,2018-01-23 00:00:00,TU,7:44:00,0,0,0,0,P,N,N,1.0,2,NJ 3                                              ,W,3,2.62,2,2.0,2.0,1.0,2.0,5.0,1.0,N,7:45,120+07444,2018-01-23 07:44:00
5756,2015160215-14879               ,2015-04-04 00:00:00,SA,15:26:00,0,1,0,0,I,N,N,1.0,2,NJ 3                                              ,W,3,3.73,2,2.0,1.0,1.0,1.0,1.0,1.0,N,15:25,120+07442,2015-04-04 15:26:00
5757,2014160214-4374                ,2014-04-22 00:00:00,TU,7:43:00,0,0,0,0,P,N,N,2.0,2,NJ 3                                              ,W,3,4.85,2,2.0,1.0,1.0,1.0,1.0,2.0,N,7:45,120P04739,2014-04-22 07:43:00
5758,2.02E+17,2018-01-23 00:00:00,TU,16:45:00,0,0,0,0,P,N,N,1.0,2,NJ 3                                              ,W,3,1.07,2,2.0,2.0,3.0,2.0,1.0,1.0,N,16:45,120+07448,2018-01-23 16:45:00
5759,2.02E+17,2017-03-11 00:00:00,SA,14:23:00,0,0,0,0,P,N,N,2.0,2,NJ 3                                              ,W,3,3.93,2,2.0,1.0,1.0,1.0,5.0,1.0,N,14:25,120+07442,2017-03-11 14:23:00
5762,2013160213-2002                ,2013-02-19 00:00:00,TU,7:41:00,0,0,0,0,P,N,N,1.0,3,NJ 3                                              ,W,3,1.53,2,2.0,1.0,1.0,1.0,5.0,1.0,N,7:40,120+07445,2013-02-19 07:41:00