,CRASH_ID,DATE,DAY,TIME,KILLED,INJURED,PED_KILL,PED_INJ,SEVERITY,ALCOHOL,HAZMAT,CRASH_TYPE,VEH_COUNT,LOCATION,LOC_DIR,ROUTE,MP,RD_SYS,RD_SURF,SURF_COND,LIGHT,WEATHER,RD_DIV,RD_WRKZN,CELL_USE,TIME_ROUND,TMC,timestamp
5765,2.02E+17,2016-05-07 00:00:00,SA,15:40:00,0,1,0,0,I,N,N,1.0,3,NJ 3                                              ,W,3,0.0,2,2.0,1.0,1.0,1.0,1.0,1.0,N,15:40,120+07449,2016-05-07 15:40:00
5766,2.02E+17,2017-03-12 00:00:00,SU,14:38:00,0,0,0,0,P,N,N,2.0,2,NJ 3                                              ,W,3,0.55,2,1.0,1.0,1.0,1.0,1.0,1.0,N,14:40,120+07449,2017-03-12 14:38:00
5770,2015160215-1536                ,2015-01-12 00:00:00,M ,15:46:00,0,0,0,0,P,N,N,1.0,2,NJ 3                                              ,W,3,2.89,2,2.0,2.0,1.0,2.0,1.0,1.0,N,15:45,120+07444,2015-01-12 15:46:00
5773,2013160213-2026                ,2013-02-19 00:00:00,TU,18:30:00,0,0,0,0,P,N,N,1.0,2,NJ 3                                              ,W,3,0.0,2,2.0,2.0,6.0,2.0,1.0,4.0,N,18:30,120+07449,2013-02-19 18:30:00
5774,2.02E+17,2016-05-11 00:00:00,W ,7:33:00,0,0,0,0,P,N,N,2.0,2,NJ 3                                              ,W,3,0.19,2,2.0,1.0,1.0,1.0,1.0,1.0,N,7:35,120+07449,2016-05-11 07:33:00
5775,2.02E+17,2018-01-27 00:00:00,SA,13:47:00,0,0,0,0,P,N,N,2.0,2,NJ 3                                              ,W,3,0.76,2,2.0,1.0,1.0,1.0,1.0,1.0,N,13:45,120+07448,2018-01-27 13:47:00
5776,2.02E+17,2017-03-15 00:00:00,WE,15:17:00,0,0,0,0,P,N,N,15.0,2,NJ 3                                              ,W,3,2.6,2,2.0,1.0,1.0,1.0,1.0,1.0,N,15:15,120+07444,2017-03-15 15:17:00
5777,2015160215-15537               ,2015-04-09 00:00:00,TH,11:10:00,0,0,0,0,P,N,N,1.0,2,NJ 3                                              ,W,3,3.4,2,2.0,2.0,1.0,5.0,1.0,1.0,N,11:10,120+07443,2015-04-09 11:10:00
5779,2013160213-2054                ,2013-02-20 00:00:00,W ,11:45:00,0,0,0,0,P,N,N,1.0,2,NJ 3                                              ,W,3,3.28,2,2.0,1.0,1.0,1.0,5.0,1.0,N,11:45,120+07443,2013-02-20 11:45:00
5784,2.02E+17,2016-05-11 00:00:00,W ,17:24:00,0,0,0,0,P,N,N,1.0,2,NJ 3                                              ,W,3,1.26,2,2.0,1.0,1.0,1.0,5.0,1.0,N,17:25,120P07447,2016-05-11 17:24:00
5785,2014160214-4540                ,2014-04-25 00:00:00,F ,23:13:00,0,0,0,0,P,Y,N,1.0,2,NJ 3                                              ,W,3,3.17,2,2.0,1.0,6.0,1.0,1.0,1.0,N,23:15,120P07443,2014-04-25 23:13:00
5786,2015160215-16866               ,2015-04-16 00:00:00,TH,21:31:00,0,0,0,0,P,N,N,2.0,2,NJ 3                                              ,W,3,3.44,2,2.0,1.0,5.0,1.0,3.0,1.0,N,21:30,120+07443,2015-04-16 21:31:00
5790,2.02E+17,2018-01-30 00:00:00,TU,10:33:00,0,1,0,0,I,N,N,1.0,2,NJ 3                                              ,W,3,0.21,2,2.0,2.0,1.0,5.0,4.0,1.0,N,10:35,120+07449,2018-01-30 10:33:00
5791,2.02E+17,2016-05-16 00:00:00,M ,14:41:00,0,0,0,0,P,N,N,15.0,1,NJ 3                                              ,W,3,2.67,2,2.0,1.0,1.0,1.0,5.0,1.0,N,14:40,120+07444,2016-05-16 14:41:00
5792,2015160215-1695                ,2015-01-13 00:00:00,TU,15:34:00,0,1,0,0,I,N,N,1.0,2,NJ 3                                              ,W,3,1.26,2,2.0,1.0,1.0,1.0,1.0,1.0,N,15:35,120P07447,2015-01-13 15:34:00
5793,2.02E+17,2016-05-16 00:00:00,M ,15:07:00,0,0,0,0,P,N,N,15.0,1,NJ 3                                              ,W,3,2.64,2,2.0,1.0,1.0,1.0,1.0,1.0,N,15:05,120+07444,2016-05-16 15:07:00
5794,2.02E+17,2017-03-20 00:00:00,MO,6:59:00,0,0,0,0,P,N,N,1.0,2,NJ 3                                              ,W,3,3.42,2,2.0,1.0,1.0,1.0,5.0,1.0,N,7:00,120+07443,2017-03-20 06:59:00
5795,2013160213-2120                ,2013-02-22 00:00:00,F ,8:47:00,0,0,0,0,P,N,N,1.0,2,NJ 3                                              ,W,3,1.44,2,2.0,1.0,1.0,1.0,5.0,1.0,N,8:45,120P07446,2013-02-22 08:47:00
5796,2015160215-16963               ,2015-04-29 00:00:00,W ,18:06:00,0,2,0,0,I,N,N,2.0,3,NJ 3                                              ,W,3,3.82,2,2.0,1.0,1.0,1.0,1.0,1.0,N,18:05,120+07442,2015-04-29 18:06:00
5797,2.02E+17,2018-01-31 00:00:00,WE,15:52:00,0,0,0,0,P,N,N,1.0,2,NJ 3                                              ,W,3,2.6,2,2.0,1.0,1.0,1.0,1.0,1.0,N,15:50,120+07444,2018-01-31 15:52:00
5798,2.02E+17,2017-03-20 00:00:00,MO,8:14:00,0,0,0,0,P,N,N,1.0,2,NJ 3                                              ,W,3,3.77,2,2.0,1.0,1.0,1.0,5.0,1.0,N,8:15,120+07442,2017-03-20 08:14:00
5804,2.02E+17,2017-03-20 00:00:00,MO,9:17:00,0,1,0,0,I,N,N,1.0,2,NJ 3                                              ,W,3,1.44,2,2.0,1.0,1.0,1.0,1.0,1.0,Y,9:15,120P07446,2017-03-20 09:17:00
5805,2.02E+17,2017-03-20 00:00:00,MO,15:43:00,0,0,0,0,P,N,N,1.0,2,NJ 3                                              ,W,3,1.28,2,1.0,1.0,1.0,1.0,1.0,1.0,N,15:45,120+07447,2017-03-20 15:43:00
5806,2.02E+17,2016-05-19 00:00:00,TH,18:57:00,0,1,0,0,I,N,N,1.0,2,NJ 3                                              ,W,3,3.88,2,2.0,1.0,1.0,1.0,1.0,1.0,N,18:55,120+07442,2016-05-19 18:57:00
5807,2.02E+17,2018-02-01 00:00:00,TH,14:00:00,0,2,0,0,I,N,N,1.0,2,NJ 3                                              ,W,3,0.17,2,2.0,1.0,1.0,1.0,2.0,1.0,N,14:00,120+07449,2018-02-01 14:00:00
5810,2.02E+17,2017-03-21 00:00:00,TU,5:09:00,0,2,0,0,I,N,N,2.0,2,NJ 3                                              ,W,3,1.44,2,2.0,1.0,6.0,1.0,1.0,1.0,N,5:10,120P07446,2017-03-21 05:09:00
5811,2.02E+17,2018-02-01 00:00:00,TH,15:00:00,0,0,0,0,P,N,N,1.0,2,NJ 3                                              ,W,3,0.76,2,2.0,1.0,1.0,1.0,1.0,1.0,N,15:00,120+07448,2018-02-01 15:00:00
5812,2.02E+17,2017-03-21 00:00:00,TU,7:31:00,0,1,0,0,I,N,N,1.0,2,NJ 3                                              ,W,3,1.24,2,2.0,1.0,1.0,1.0,5.0,1.0,N,7:30,120P07447,2017-03-21 07:31:00
5815,2.02E+17,2018-02-01 00:00:00,TH,17:42:00,0,0,0,0,P,N,N,1.0,2,NJ 3                                              ,W,3,1.53,2,2.0,1.0,6.0,1.0,1.0,1.0,N,17:40,120+07445,2018-02-01 17:42:00
5818,2015160215-18325               ,2015-04-25 00:00:00,SA,17:56:00,0,1,0,0,I,N,N,1.0,2,NJ 3                                              ,W,3,3.87,2,2.0,1.0,1.0,1.0,1.0,1.0,N,17:55,120+07442,2015-04-25 17:56:00
5819,2.02E+17,2018-02-01 00:00:00,TH,17:43:00,0,1,0,0,I,N,N,1.0,2,NJ 3                                              ,W,3,3.9,2,2.0,2.0,7.0,2.0,1.0,1.0,N,17:45,120+07442,2018-02-01 17:43:00
5822,2.02E+17,2016-05-24 00:00:00,TU,8:27:00,0,0,0,0,P,N,N,1.0,2,NJ 3                                              ,W,3,1.87,2,2.0,2.0,1.0,2.0,1.0,1.0,N,8:25,120+07445,2016-05-24 08:27:00
5823,2015160215-18481               ,2015-04-27 00:00:00,M ,3:35:00,0,0,0,0,P,N,N,1.0,2,NJ 3                                              ,W,3,2.83,2,2.0,1.0,6.0,1.0,1.0,1.0,N,3:35,120+07444,2015-04-27 03:35:00
5824,2.02E+17,2017-03-21 00:00:00,TU,20:13:00,0,0,0,0,P,N,N,2.0,2,NJ 3                                              ,W,3,3.82,2,2.0,1.0,6.0,1.0,4.0,1.0,N,20:15,120+07442,2017-03-21 20:13:00
5827,2.02E+17,2018-02-02 00:00:00,FR,7:59:00,0,0,0,0,P,N,N,1.0,2,NJ 3                                              ,W,3,0.31,2,2.0,1.0,1.0,1.0,5.0,1.0,N,8:00,120+07449,2018-02-02 07:59:00
5828,2.02E+17,2018-02-02 00:00:00,FR,15:27:00,0,0,0,0,P,N,N,1.0,2,NJ 3                                              ,W,3,0.17,2,2.0,1.0,1.0,1.0,1.0,1.0,N,15:25,120+07449,2018-02-02 15:27:00
5830,2014160214-4791                ,2014-05-02 00:00:00,F ,18:08:00,0,1,0,0,I,N,N,1.0,3,NJ 3                                              ,W,3,2.7,2,2.0,1.0,1.0,1.0,1.0,1.0,N,18:10,120+07444,2014-05-02 18:08:00
5831,2.02E+17,2018-02-02 00:00:00,FR,20:16:00,0,0,0,0,P,N,N,1.0,2,NJ 3                                              ,W,3,3.41,2,2.0,1.0,6.0,1.0,1.0,2.0,N,20:15,120+07443,2018-02-02 20:16:00
5833,2.02E+17,2018-02-03 00:00:00,SA,8:02:00,0,2,0,0,I,N,N,2.0,2,NJ 3                                              ,W,3,0.36,2,2.0,1.0,1.0,1.0,5.0,1.0,N,8:00,120+07449,2018-02-03 08:02:00
5835,2.02E+17,2016-05-25 00:00:00,W ,15:29:00,0,0,0,0,P,N,N,1.0,2,NJ 3                                              ,W,3,0.3,2,2.0,1.0,1.0,1.0,1.0,1.0,N,15:30,120+07449,2016-05-25 15:29:00
5837,2014160214-4815                ,2014-05-03 00:00:00,SA,12:22:00,0,0,0,0,P,N,N,2.0,2,NJ 3                                              ,W,3,1.18,2,2.0,1.0,1.0,1.0,5.0,1.0,N,12:20,120P07447,2014-05-03 12:22:00
5838,2.02E+17,2016-05-26 00:00:00,TH,7:44:00,0,0,0,0,P,N,N,1.0,2,NJ 3                                              ,W,3,3.36,2,2.0,1.0,1.0,1.0,5.0,1.0,N,7:45,120+07443,2016-05-26 07:44:00
5839,2.02E+17,2018-02-03 00:00:00,SA,16:35:00,0,1,0,0,I,N,N,1.0,2,NJ 3                                              ,W,3,3.82,2,2.0,1.0,1.0,1.0,1.0,1.0,N,16:35,120+07442,2018-02-03 16:35:00
5843,2014160214-4822                ,2014-05-03 00:00:00,SA,15:35:00,0,1,0,0,I,N,N,2.0,2,NJ 3                                              ,W,3,1.53,2,2.0,1.0,1.0,1.0,1.0,1.0,N,15:35,120+07445,2014-05-03 15:35:00
5849,2015160215-19911               ,2015-05-05 00:00:00,TU,11:49:00,0,0,0,0,P,N,N,15.0,2,NJ 3                                              ,W,3,1.44,2,2.0,1.0,1.0,1.0,1.0,1.0,N,11:50,120P07446,2015-05-05 11:49:00
5852,2.02E+17,2018-02-05 00:00:00,MO,8:49:00,0,0,0,0,P,N,N,1.0,2,NJ 3                                              ,W,3,0.42,2,2.0,2.0,1.0,1.0,2.0,1.0,N,8:50,120+07449,2018-02-05 08:49:00
5853,2.02E+17,2017-03-23 00:00:00,TH,17:40:00,0,0,0,0,P,N,N,1.0,2,NJ 3                                              ,W,3,0.49,2,2.0,1.0,1.0,2.0,1.0,1.0,N,17:40,120+07449,2017-03-23 17:40:00
5854,2015160215-19922               ,2015-05-05 00:00:00,TU,12:41:00,0,0,0,0,P,N,N,1.0,2,NJ 3                                              ,W,3,1.69,2,2.0,1.0,1.0,1.0,1.0,3.0,N,12:40,120+07445,2015-05-05 12:41:00
5855,2014160214-4896                ,2014-05-05 00:00:00,M ,10:58:00,0,0,0,0,P,N,N,2.0,2,NJ 3                                              ,W,3,4.89,2,2.0,1.0,1.0,1.0,1.0,2.0,N,11:00,120P04739,2014-05-05 10:58:00
5858,2014160214-4951                ,2014-05-06 00:00:00,TU,18:44:00,0,2,0,0,I,N,N,1.0,2,NJ 3                                              ,W,3,0.14,2,2.0,1.0,1.0,1.0,1.0,1.0,N,18:45,120+07449,2014-05-06 18:44:00
5861,2.02E+17,2018-02-06 00:00:00,TU,17:16:00,0,3,0,0,I,N,N,1.0,3,NJ 3                                              ,W,3,0.37,2,2.0,1.0,3.0,1.0,1.0,1.0,N,17:15,120+07449,2018-02-06 17:16:00
5862,2.02E+17,2017-03-24 00:00:00,FR,19:40:00,0,0,0,0,P,N,N,1.0,2,NJ 3                                              ,W,3,0.6,2,2.0,1.0,5.0,1.0,1.0,1.0,N,19:40,120P07448,2017-03-24 19:40:00
5864,2.02E+17,2018-02-07 00:00:00,WE,9:22:00,0,1,0,0,I,N,N,11.0,2,NJ 3                                              ,W,3,1.57,2,2.0,5.0,1.0,3.0,1.0,1.0,N,9:20,120+07445,2018-02-07 09:22:00
5865,2.02E+17,2016-06-01 00:00:00,W ,8:34:00,0,1,0,0,I,N,N,1.0,2,NJ 3                                              ,W,3,1.89,2,2.0,1.0,1.0,1.0,1.0,1.0,N,8:35,120+07445,2016-06-01 08:34:00
5866,2013160213-2738                ,2013-03-08 00:00:00,F ,19:26:00,0,0,0,0,P,N,N,2.0,2,NJ 3                                              ,W,3,1.44,2,2.0,2.0,6.0,1.0,1.0,1.0,N,19:25,120P07446,2013-03-08 19:26:00
5867,2014160214-498                 ,2014-01-14 00:00:00,TU,19:31:00,0,0,0,0,P,N,N,2.0,2,NJ 3                                              ,W,3,1.44,2,2.0,2.0,6.0,2.0,1.0,1.0,N,19:30,120P07446,2014-01-14 19:31:00
5869,2.02E+17,2018-02-07 00:00:00,WE,11:04:00,0,0,0,0,P,N,N,11.0,1,NJ 3                                              ,W,3,0.57,2,2.0,5.0,1.0,3.0,1.0,1.0,N,11:05,120P07448,2018-02-07 11:04:00
5870,2.02E+17,2016-06-01 00:00:00,W ,16:28:00,0,1,0,0,I,N,N,1.0,2,NJ 3                                              ,W,3,3.8,2,2.0,1.0,1.0,1.0,5.0,1.0,N,16:30,120+07442,2016-06-01 16:28:00
5874,2013160213-2821                ,2013-03-10 00:00:00,S ,21:12:00,0,0,0,0,P,N,N,1.0,2,NJ 3                                              ,W,3,4.89,2,2.0,1.0,6.0,1.0,1.0,2.0,N,21:10,120P04739,2013-03-10 21:12:00
5877,2.02E+17,2017-03-27 00:00:00,MO,9:26:00,0,0,0,0,P,N,N,1.0,2,NJ 3                                              ,W,3,2.67,2,2.0,2.0,1.0,2.0,5.0,1.0,N,9:25,120+07444,2017-03-27 09:26:00
5880,2.02E+17,2016-06-04 00:00:00,SA,21:13:00,0,0,0,0,P,N,N,1.0,2,NJ 3                                              ,W,3,0.0,2,2.0,2.0,4.0,2.0,1.0,1.0,N,21:15,120+07449,2016-06-04 21:13:00
5881,2.02E+17,2018-02-08 00:00:00,TH,9:39:00,0,1,0,0,I,N,N,1.0,3,NJ 3                                              ,W,3,0.01,2,2.0,2.0,1.0,1.0,2.0,1.0,N,9:40,120+07449,2018-02-08 09:39:00
5882,2.02E+17,2017-03-28 00:00:00,TU,7:49:00,0,0,0,0,P,N,N,8.0,2,NJ 3                                              ,W,3,0.55,2,2.0,1.0,1.0,1.0,5.0,1.0,N,7:50,120+07449,2017-03-28 07:49:00
5884,2014160214-5072                ,2014-05-09 00:00:00,F ,16:05:00,0,0,0,0,P,N,N,1.0,2,NJ 3                                              ,W,3,0.51,2,2.0,2.0,1.0,2.0,1.0,1.0,N,16:05,120+07449,2014-05-09 16:05:00
5886,2.02E+17,2017-03-28 00:00:00,TU,9:11:00,0,0,0,0,P,N,N,1.0,2,NJ 3                                              ,W,3,0.09,2,2.0,2.0,1.0,5.0,2.0,1.0,N,9:10,120+07449,2017-03-28 09:11:00
5887,2.02E+17,2018-02-08 00:00:00,TH,14:51:00,0,0,0,0,P,N,N,1.0,2,NJ 3                                              ,W,3,3.43,2,2.0,1.0,1.0,1.0,1.0,1.0,N,14:50,120+07443,2018-02-08 14:51:00
5888,2014160214-5090                ,2014-05-10 00:00:00,SA,6:59:00,0,0,0,0,P,N,N,2.0,2,NJ 3                                              ,W,3,2.58,2,2.0,2.0,1.0,1.0,1.0,1.0,N,7:00,120+07444,2014-05-10 06:59:00
5889,2.02E+17,2018-02-11 00:00:00,SU,17:28:00,0,1,0,0,I,N,N,1.0,2,NJ 3                                              ,W,3,3.83,2,2.0,2.0,6.0,1.0,1.0,1.0,N,17:30,120+07442,2018-02-11 17:28:00
5891,2.02E+17,2017-03-28 00:00:00,TU,18:03:00,0,0,0,0,P,N,N,2.0,2,NJ 3                                              ,W,3,0.52,2,2.0,2.0,1.0,2.0,1.0,1.0,N,18:05,120+07449,2017-03-28 18:03:00
5892,2.02E+17,2018-02-11 00:00:00,SU,17:55:00,0,0,0,0,P,N,N,2.0,2,NJ 3                                              ,W,3,2.63,2,2.0,2.0,6.0,2.0,1.0,1.0,N,17:55,120+07444,2018-02-11 17:55:00
5894,2.02E+17,2018-02-12 00:00:00,MO,8:57:00,0,1,0,0,I,N,N,1.0,3,NJ 3                                              ,W,3,2.63,2,2.0,1.0,1.0,1.0,1.0,1.0,N,8:55,120+07444,2018-02-12 08:57:00
5897,2.02E+17,2018-02-13 00:00:00,TU,7:50:00,0,0,0,0,P,N,N,2.0,2,NJ 3                                              ,W,3,0.42,2,2.0,1.0,1.0,1.0,1.0,1.0,N,7:50,120+07449,2018-02-13 07:50:00
5898,2014160214-5164                ,2014-05-12 00:00:00,M ,2:04:00,0,0,0,0,P,N,N,3.0,2,NJ 3                                              ,W,3,3.23,2,2.0,1.0,6.0,1.0,1.0,1.0,N,2:05,120P07443,2014-05-12 02:04:00
5899,2.02E+17,2016-06-09 00:00:00,TH,11:41:00,0,0,0,0,P,N,N,1.0,2,NJ 3                                              ,W,3,3.82,2,2.0,1.0,1.0,1.0,1.0,1.0,N,11:40,120+07442,2016-06-09 11:41:00
5901,2.02E+17,2018-02-13 00:00:00,TU,17:46:00,0,0,0,0,P,N,N,1.0,2,NJ 3                                              ,W,3,3.91,2,2.0,1.0,6.0,1.0,1.0,1.0,N,17:45,120+07442,2018-02-13 17:46:00
5904,2.02E+17,2018-02-14 00:00:00,WE,13:23:00,0,0,0,0,P,N,N,1.0,2,NJ 3                                              ,W,3,3.81,2,2.0,1.0,1.0,1.0,1.0,1.0,N,13:25,120+07442,2018-02-14 13:23:00
5905,2013160213-295                 ,2013-01-09 00:00:00,W ,7:57:00,0,0,0,0,P,N,N,1.0,3,NJ 3                                              ,W,3,4.9,2,2.0,1.0,1.0,1.0,5.0,1.0,N,7:55,120P04739,2013-01-09 07:57:00
5906,2014160214-5169                ,2014-05-12 00:00:00,M ,7:08:00,0,0,0,0,P,N,N,1.0,2,NJ 3                                              ,W,3,3.42,2,2.0,1.0,1.0,1.0,5.0,1.0,N,7:10,120+07443,2014-05-12 07:08:00
5908,2013160213-2984                ,2013-03-14 00:00:00,TH,16:39:00,0,0,0,0,P,N,N,1.0,2,NJ 3                                              ,W,3,0.15,2,2.0,1.0,1.0,1.0,1.0,1.0,N,16:40,120+07449,2013-03-14 16:39:00
5909,2014160214-5201                ,2014-05-12 00:00:00,M ,21:45:00,0,0,0,0,P,N,N,1.0,2,NJ 3                                              ,W,3,3.42,2,2.0,1.0,5.0,1.0,1.0,1.0,N,21:45,120+07443,2014-05-12 21:45:00
5910,2.02E+17,2016-06-11 00:00:00,SA,15:35:00,0,1,0,0,I,N,N,2.0,2,NJ 3                                              ,W,3,0.1,2,2.0,1.0,1.0,1.0,1.0,1.0,N,15:35,120+07449,2016-06-11 15:35:00
5912,2015160215-22209               ,2015-05-19 00:00:00,TU,10:14:00,0,0,0,0,P,N,N,15.0,1,NJ 3                                              ,W,3,3.4,2,2.0,2.0,1.0,1.0,1.0,1.0,N,10:15,120+07443,2015-05-19 10:14:00
5913,2.02E+17,2018-02-14 00:00:00,WE,18:20:00,0,0,0,0,P,N,N,1.0,2,NJ 3                                              ,W,3,3.83,2,2.0,1.0,6.0,1.0,4.0,1.0,N,18:20,120+07442,2018-02-14 18:20:00
5917,2.02E+17,2016-06-16 00:00:00,TH,17:41:00,0,1,0,0,I,N,N,1.0,2,NJ 3                                              ,W,3,0.49,2,2.0,1.0,1.0,1.0,1.0,1.0,N,17:40,120+07449,2016-06-16 17:41:00
5918,2.02E+17,2018-02-15 00:00:00,TH,6:28:00,0,0,0,0,P,N,N,15.0,1,NJ 3                                              ,W,3,1.17,2,2.0,2.0,1.0,5.0,1.0,1.0,N,6:30,120P07447,2018-02-15 06:28:00
5919,2.02E+17,2017-04-03 00:00:00,MO,7:22:00,0,0,0,0,P,N,N,1.0,2,NJ 3                                              ,W,3,3.5,2,2.0,1.0,1.0,1.0,1.0,1.0,N,7:20,120+07443,2017-04-03 07:22:00
5921,2.02E+17,2018-02-15 00:00:00,TH,7:19:00,0,0,0,0,P,N,N,15.0,1,NJ 3                                              ,W,3,1.17,2,2.0,2.0,1.0,5.0,2.0,1.0,N,7:20,120P07447,2018-02-15 07:19:00
5922,2015160215-22214               ,2015-05-19 00:00:00,TU,10:33:00,0,0,0,0,P,N,N,15.0,1,NJ 3                                              ,W,3,3.39,2,2.0,2.0,1.0,2.0,1.0,1.0,N,10:35,120+07443,2015-05-19 10:33:00
5925,2013160213-3148                ,2013-03-18 00:00:00,M ,18:36:00,0,1,0,0,I,N,N,11.0,2,NJ 3                                              ,W,3,2.64,2,2.0,3.0,3.0,3.0,1.0,1.0,N,18:35,120+07444,2013-03-18 18:36:00
5929,2.02E+17,2017-04-04 00:00:00,TU,7:55:00,0,0,0,0,P,N,N,1.0,2,NJ 3                                              ,W,3,1.28,2,2.0,2.0,1.0,2.0,5.0,1.0,N,7:55,120+07447,2017-04-04 07:55:00
5930,2.02E+17,2017-04-05 00:00:00,WE,13:54:00,0,0,0,0,P,N,N,2.0,2,NJ 3                                              ,W,3,4.1,2,2.0,1.0,1.0,1.0,1.0,1.0,N,13:55,120+07442,2017-04-05 13:54:00
5932,2013160213-3211                ,2013-03-20 00:00:00,W ,8:49:00,0,0,0,0,P,N,N,1.0,2,NJ 3                                              ,W,3,0.53,2,2.0,1.0,1.0,1.0,5.0,1.0,N,8:50,120+07449,2013-03-20 08:49:00
5933,2014160214-5300                ,2014-05-15 00:00:00,TH,16:47:00,0,0,0,0,P,N,N,1.0,2,NJ 3                                              ,W,3,1.44,2,2.0,1.0,1.0,1.0,1.0,1.0,N,16:45,120P07446,2014-05-15 16:47:00
5936,2014160214-5304                ,2014-05-15 00:00:00,TH,17:40:00,0,0,0,0,P,N,N,2.0,2,NJ 3                                              ,W,3,4.89,2,2.0,1.0,1.0,1.0,1.0,1.0,N,17:40,120P04739,2014-05-15 17:40:00
5937,2.02E+17,2017-04-06 00:00:00,TH,12:03:00,0,0,0,0,P,N,N,2.0,2,NJ 3                                              ,W,3,4.89,2,2.0,0.0,1.0,2.0,1.0,1.0,N,12:05,120P04739,2017-04-06 12:03:00
5940,2.02E+17,2018-02-15 00:00:00,TH,15:17:00,0,1,0,0,I,N,N,1.0,2,NJ 3                                              ,W,3,3.83,2,2.0,1.0,1.0,1.0,2.0,1.0,N,15:15,120+07442,2018-02-15 15:17:00
5943,2.02E+17,2017-04-14 00:00:00,FR,11:56:00,0,1,0,0,I,N,N,1.0,2,NJ 3                                              ,W,3,0.53,2,2.0,1.0,1.0,1.0,5.0,1.0,N,11:55,120+07449,2017-04-14 11:56:00
5944,2015160215-22977               ,2015-05-22 00:00:00,F ,23:05:00,0,0,0,0,P,N,N,99.0,1,NJ 3                                              ,W,3,2.75,2,2.0,1.0,6.0,1.0,1.0,1.0,N,23:05,120+07444,2015-05-22 23:05:00
5945,2.02E+17,2018-02-15 00:00:00,TH,16:30:00,0,1,0,0,I,N,N,1.0,2,NJ 3                                              ,W,3,3.88,2,2.0,1.0,1.0,1.0,5.0,1.0,N,16:30,120+07442,2018-02-15 16:30:00
5948,2014160214-5423                ,2014-05-18 00:00:00,S ,10:32:00,0,0,0,0,P,N,N,1.0,2,NJ 3                                              ,W,3,3.82,2,2.0,1.0,1.0,1.0,2.0,1.0,N,10:30,120+07442,2014-05-18 10:32:00
5952,2.02E+17,2017-04-17 00:00:00,MO,9:33:00,0,0,0,0,P,N,N,2.0,2,NJ 3                                              ,W,3,1.34,2,2.0,1.0,1.0,1.0,5.0,1.0,N,9:35,120P07446,2017-04-17 09:33:00
5953,2.02E+17,2018-02-16 00:00:00,FR,20:48:00,0,0,0,0,P,N,N,1.0,2,NJ 3                                              ,W,3,3.83,2,2.0,1.0,7.0,1.0,2.0,1.0,N,20:50,120+07442,2018-02-16 20:48:00
5954,2015160215-23470               ,2015-05-26 00:00:00,TU,8:56:00,0,0,0,0,P,N,N,1.0,2,NJ 3                                              ,W,3,1.44,2,2.0,1.0,1.0,1.0,2.0,1.0,N,8:55,120P07446,2015-05-26 08:56:00
5956,2.02E+17,2017-04-17 00:00:00,MO,19:45:00,0,0,0,0,P,N,N,1.0,2,NJ 3                                              ,W,3,3.43,2,2.0,1.0,6.0,1.0,1.0,1.0,N,19:45,120+07443,2017-04-17 19:45:00
5957,2.02E+17,2016-06-29 00:00:00,W ,14:37:00,0,0,0,0,P,N,N,1.0,2,NJ 3                                              ,W,3,3.92,2,1.0,1.0,1.0,1.0,1.0,1.0,N,14:35,120+07442,2016-06-29 14:37:00
5958,2.02E+17,2017-04-18 00:00:00,TU,9:37:00,0,0,0,0,P,N,N,2.0,3,NJ 3                                              ,W,3,2.65,2,2.0,1.0,1.0,1.0,5.0,1.0,N,9:35,120+07444,2017-04-18 09:37:00
5959,2014160214-5518                ,2014-05-20 00:00:00,TU,17:05:00,0,1,0,0,I,N,N,1.0,2,NJ 3                                              ,W,3,2.79,2,2.0,1.0,1.0,1.0,1.0,1.0,N,17:05,120+07444,2014-05-20 17:05:00
5961,2015160215-2390                ,2015-01-17 00:00:00,SA,15:06:00,0,0,0,0,P,N,N,2.0,2,NJ 3                                              ,W,3,4.42,2,1.0,1.0,1.0,4.0,1.0,1.0,N,15:05,120+04740,2015-01-17 15:06:00
5962,2.02E+17,2017-04-18 00:00:00,TU,10:26:00,0,0,0,0,P,N,N,2.0,2,NJ 3                                              ,W,3,3.8,2,2.0,1.0,1.0,1.0,1.0,1.0,N,10:25,120+07442,2017-04-18 10:26:00
5966,2015160215-24244               ,2015-05-30 00:00:00,SA,5:21:00,0,0,0,0,P,N,N,12.0,1,NJ 3                                              ,W,3,3.42,2,2.0,1.0,1.0,1.0,1.0,1.0,N,5:20,120+07443,2015-05-30 05:21:00
5967,2.02E+17,2017-04-18 00:00:00,TU,17:34:00,0,0,0,0,P,N,N,1.0,2,NJ 3                                              ,W,3,4.07,2,2.0,1.0,1.0,1.0,1.0,1.0,N,17:35,120+07442,2017-04-18 17:34:00
5970,2.02E+17,2018-02-18 00:00:00,SU,13:37:00,0,0,0,0,P,N,N,1.0,2,NJ 3                                              ,W,3,0.08,2,2.0,2.0,1.0,3.0,1.0,1.0,N,13:35,120+07449,2018-02-18 13:37:00
5971,2014160214-5586                ,2014-05-22 00:00:00,TH,7:43:00,0,0,0,0,P,N,N,1.0,2,NJ 3                                              ,W,3,3.38,2,2.0,2.0,1.0,5.0,1.0,1.0,N,7:45,120+07443,2014-05-22 07:43:00
5972,2.02E+17,2017-04-19 00:00:00,WE,5:28:00,0,0,0,0,P,N,N,99.0,1,NJ 3                                              ,W,3,3.9,2,2.0,1.0,2.0,1.0,2.0,1.0,N,5:30,120+07442,2017-04-19 05:28:00
5974,2014160214-5588                ,2014-05-22 00:00:00,TH,8:16:00,0,0,0,0,P,N,N,1.0,2,NJ 3                                              ,W,3,2.63,2,2.0,1.0,1.0,5.0,5.0,1.0,N,8:15,120+07444,2014-05-22 08:16:00
5975,2014160214-5606                ,2014-05-22 00:00:00,TH,14:01:00,0,0,0,0,P,N,N,1.0,2,NJ 3                                              ,W,3,3.82,2,2.0,1.0,1.0,5.0,1.0,2.0,N,14:00,120+07442,2014-05-22 14:01:00