,CRASH_ID,DATE,DAY,TIME,KILLED,INJURED,PED_KILL,PED_INJ,SEVERITY,ALCOHOL,HAZMAT,CRASH_TYPE,VEH_COUNT,LOCATION,LOC_DIR,ROUTE,MP,RD_SYS,RD_SURF,SURF_COND,LIGHT,WEATHER,RD_DIV,RD_WRKZN,CELL_USE,TIME_ROUND,TMC,timestamp
5976,2.02E+17,2017-04-19 00:00:00,WE,7:46:00,0,1,0,0,I,N,N,1.0,2,NJ 3                                              ,W,3,3.86,2,2.0,1.0,1.0,1.0,1.0,1.0,N,7:45,120+07442,2017-04-19 07:46:00
5983,2.02E+17,2018-02-20 00:00:00,TU,11:02:00,0,0,0,0,P,N,N,1.0,2,NJ 3                                              ,W,3,0.64,2,2.0,1.0,1.0,5.0,1.0,3.0,N,11:00,120P07448,2018-02-20 11:02:00
5984,2013160213-3517                ,2013-03-28 00:00:00,TH,9:49:00,0,0,0,0,P,N,N,1.0,2,NJ 3                                              ,W,3,3.84,2,2.0,1.0,1.0,1.0,1.0,2.0,N,9:50,120+07442,2013-03-28 09:49:00
5988,2.02E+17,2018-02-20 00:00:00,TU,17:01:00,0,1,0,0,I,N,N,1.0,2,NJ 3                                              ,W,3,4.07,2,2.0,1.0,1.0,1.0,1.0,1.0,N,17:00,120+07442,2018-02-20 17:01:00
5997,2.02E+17,2016-07-07 00:00:00,TH,14:45:00,0,1,0,0,I,N,N,1.0,3,NJ 3                                              ,W,3,0.47,2,2.0,2.0,1.0,2.0,1.0,1.0,N,14:45,120+07449,2016-07-07 14:45:00
5998,2.02E+17,2017-04-25 00:00:00,TU,8:29:00,0,3,0,0,I,N,N,1.0,4,NJ 3                                              ,W,3,1.87,2,2.0,2.0,1.0,2.0,1.0,1.0,N,8:30,120+07445,2017-04-25 08:29:00
6002,2.02E+17,2016-07-07 00:00:00,TH,17:42:00,0,0,0,0,P,N,N,1.0,5,NJ 3                                              ,W,3,0.45,2,2.0,2.0,1.0,2.0,2.0,1.0,N,17:40,120+07449,2016-07-07 17:42:00
6003,2.02E+17,2018-02-22 00:00:00,TH,19:58:00,0,0,0,0,P,N,N,1.0,2,NJ 3                                              ,W,3,3.42,2,2.0,1.0,7.0,1.0,2.0,1.0,N,20:00,120+07443,2018-02-22 19:58:00
6004,2015160215-25268               ,2015-06-05 00:00:00,F ,16:29:00,0,0,0,0,P,N,N,1.0,2,NJ 3                                              ,W,3,3.14,2,2.0,1.0,1.0,1.0,1.0,1.0,N,16:30,120+07444,2015-06-05 16:29:00
6005,2.02E+17,2017-04-25 00:00:00,TU,12:23:00,0,0,0,0,P,N,N,1.0,2,NJ 3                                              ,W,3,3.67,2,2.0,2.0,1.0,5.0,5.0,1.0,N,12:25,120+07442,2017-04-25 12:23:00
6006,2013160213-367                 ,2013-01-10 00:00:00,TH,21:46:00,0,0,0,0,P,N,N,15.0,1,NJ 3                                              ,W,3,4.81,2,2.0,1.0,6.0,1.0,1.0,1.0,N,21:45,120P04739,2013-01-10 21:46:00
6007,2.02E+17,2016-07-07 00:00:00,TH,18:33:00,0,0,0,0,P,N,N,1.0,2,NJ 3                                              ,W,3,4.91,2,1.0,1.0,3.0,5.0,1.0,1.0,N,18:35,120P04739,2016-07-07 18:33:00
6009,2.02E+17,2018-02-23 00:00:00,FR,16:56:00,0,0,0,0,P,N,N,1.0,2,NJ 3                                              ,W,3,1.76,2,2.0,2.0,1.0,2.0,1.0,1.0,N,16:55,120+07445,2018-02-23 16:56:00
6011,2.02E+17,2017-04-27 00:00:00,TH,8:59:00,0,1,0,0,I,N,N,1.0,2,NJ 3                                              ,W,3,1.07,2,2.0,2.0,1.0,5.0,1.0,1.0,N,9:00,120+07448,2017-04-27 08:59:00
6012,2.02E+17,2018-02-23 00:00:00,FR,19:36:00,0,0,0,0,P,N,N,1.0,2,NJ 3                                              ,W,3,3.91,2,2.0,1.0,6.0,1.0,1.0,1.0,N,19:35,120+07442,2018-02-23 19:36:00
6015,2014160214-5880                ,2014-05-29 00:00:00,TH,18:02:00,0,0,0,0,P,N,N,1.0,2,NJ 3                                              ,W,3,1.44,2,2.0,1.0,1.0,1.0,1.0,1.0,N,18:00,120P07446,2014-05-29 18:02:00
6017,2.02E+17,2018-02-24 00:00:00,SA,5:07:00,0,0,0,0,P,N,N,11.0,1,NJ 3                                              ,W,3,1.44,2,2.0,2.0,6.0,1.0,2.0,1.0,N,5:05,120P07446,2018-02-24 05:07:00
6018,2014160214-5885                ,2014-05-29 00:00:00,TH,18:58:00,0,0,0,0,P,N,N,1.0,3,NJ 3                                              ,W,3,1.53,2,2.0,1.0,1.0,1.0,1.0,1.0,N,19:00,120+07445,2014-05-29 18:58:00
6022,2.02E+17,2017-04-28 00:00:00,FR,13:32:00,0,0,0,0,P,N,N,11.0,1,NJ 3                                              ,W,3,3.37,2,2.0,1.0,1.0,1.0,5.0,1.0,N,13:30,120+07443,2017-04-28 13:32:00
6023,2014160214-5960                ,2014-05-31 00:00:00,SA,17:26:00,0,0,0,0,P,N,N,1.0,2,NJ 3                                              ,W,3,3.82,2,2.0,1.0,1.0,1.0,1.0,1.0,N,17:25,120+07442,2014-05-31 17:26:00
6029,2.02E+17,2016-07-12 00:00:00,TU,8:08:00,0,0,0,0,P,N,N,1.0,2,NJ 3                                              ,W,3,0.64,2,2.0,1.0,1.0,1.0,5.0,1.0,N,8:10,120P07448,2016-07-12 08:08:00
6030,2.02E+17,2018-02-24 00:00:00,SA,20:25:00,0,0,0,0,P,N,N,1.0,2,NJ 3                                              ,W,3,3.82,2,2.0,2.0,6.0,2.0,1.0,1.0,N,20:25,120+07442,2018-02-24 20:25:00
6032,2015160215-26451               ,2015-06-12 00:00:00,F ,16:20:00,0,0,0,0,P,N,N,1.0,2,NJ 3                                              ,W,3,1.53,2,2.0,1.0,1.0,1.0,1.0,1.0,N,16:20,120+07445,2015-06-12 16:20:00
6033,2015160215-26456               ,2015-06-12 00:00:00,F ,18:06:00,0,0,0,0,P,N,N,11.0,1,NJ 3                                              ,W,3,0.01,2,2.0,1.0,1.0,1.0,2.0,1.0,N,18:05,120+07449,2015-06-12 18:06:00
6034,2.02E+17,2018-02-25 00:00:00,SU,2:25:00,0,2,0,0,I,Y,N,1.0,2,NJ 3                                              ,W,3,4.89,2,2.0,2.0,7.0,2.0,1.0,1.0,N,2:25,120P04739,2018-02-25 02:25:00
6035,2.02E+17,2017-05-01 00:00:00,MO,11:30:00,0,0,0,0,P,N,N,2.0,2,NJ 3                                              ,W,3,0.0,2,2.0,1.0,1.0,1.0,1.0,1.0,N,11:30,120+07449,2017-05-01 11:30:00
6036,2014160214-5996                ,2014-06-01 00:00:00,S ,20:15:00,0,0,0,0,P,N,N,12.0,1,NJ 3                                              ,W,3,0.26,2,2.0,1.0,3.0,1.0,1.0,1.0,N,20:15,120+07449,2014-06-01 20:15:00
6038,2015160215-26706               ,2015-06-14 00:00:00,S ,13:12:00,0,1,0,0,I,N,N,1.0,2,NJ 3                                              ,W,3,2.67,2,2.0,1.0,1.0,1.0,1.0,1.0,N,13:10,120+07444,2015-06-14 13:12:00
6039,2.02E+17,2018-02-25 00:00:00,SU,15:43:00,0,2,0,0,I,N,N,1.0,2,NJ 3                                              ,W,3,3.91,2,2.0,2.0,1.0,2.0,1.0,1.0,N,15:45,120+07442,2018-02-25 15:43:00
6041,2013160213-4045                ,2013-04-10 00:00:00,W ,11:40:00,0,0,0,0,P,N,N,6.0,2,NJ 3                                              ,W,3,0.45,2,2.0,1.0,1.0,1.0,1.0,1.0,N,11:40,120+07449,2013-04-10 11:40:00
6042,2.02E+17,2018-02-27 00:00:00,TU,8:17:00,0,0,0,0,P,N,N,1.0,2,NJ 3                                              ,W,3,3.33,2,2.0,1.0,1.0,1.0,5.0,1.0,N,8:15,120+07443,2018-02-27 08:17:00
6043,2.02E+17,2017-05-01 00:00:00,MO,15:58:00,0,0,0,0,P,N,N,1.0,2,NJ 3                                              ,W,3,3.82,2,2.0,1.0,1.0,1.0,1.0,1.0,N,16:00,120+07442,2017-05-01 15:58:00
6044,2014160214-6027                ,2014-06-02 00:00:00,M ,16:44:00,0,2,0,0,I,N,N,1.0,2,NJ 3                                              ,W,3,4.42,2,2.0,1.0,1.0,1.0,1.0,2.0,N,16:45,120+04740,2014-06-02 16:44:00
6045,2.02E+17,2016-07-15 00:00:00,F ,9:36:00,0,0,0,0,P,N,N,2.0,3,NJ 3                                              ,W,3,1.71,2,2.0,1.0,1.0,1.0,5.0,1.0,N,9:35,120+07445,2016-07-15 09:36:00
6046,2.02E+17,2018-02-27 00:00:00,TU,8:30:00,0,0,0,0,P,N,N,1.0,3,NJ 3                                              ,W,3,3.8,2,2.0,1.0,1.0,1.0,5.0,1.0,N,8:30,120+07442,2018-02-27 08:30:00
6047,2.02E+17,2017-05-01 00:00:00,MO,17:44:00,0,0,0,0,P,N,N,1.0,2,NJ 3                                              ,W,3,4.03,2,2.0,1.0,1.0,1.0,1.0,1.0,N,17:45,120+07442,2017-05-01 17:44:00
6050,2.02E+17,2017-05-03 00:00:00,WE,16:47:00,0,0,0,0,P,N,N,1.0,2,NJ 3                                              ,W,3,3.91,2,2.0,1.0,1.0,1.0,1.0,1.0,N,16:45,120+07442,2017-05-03 16:47:00
6051,2.02E+17,2018-02-27 00:00:00,TU,10:06:00,0,0,0,0,P,N,N,2.0,2,NJ 3                                              ,W,3,4.7,2,2.0,1.0,1.0,1.0,1.0,1.0,N,10:05,120P04739,2018-02-27 10:06:00
6054,2015160215-27141               ,2015-06-16 00:00:00,TU,17:25:00,0,0,0,0,P,N,N,1.0,2,NJ 3                                              ,W,3,0.01,2,2.0,2.0,1.0,1.0,2.0,1.0,N,17:25,120+07449,2015-06-16 17:25:00
6055,2013160213-4129                ,2013-04-12 00:00:00,F ,10:32:00,0,0,0,0,P,N,N,2.0,2,NJ 3                                              ,W,3,0.51,2,2.0,2.0,1.0,2.0,5.0,1.0,Y,10:30,120+07449,2013-04-12 10:32:00
6056,2.02E+17,2016-07-16 00:00:00,SA,16:43:00,0,0,0,0,P,N,N,1.0,2,NJ 3                                              ,W,3,3.8,2,2.0,1.0,1.0,5.0,1.0,1.0,N,16:45,120+07442,2016-07-16 16:43:00
6058,2.02E+17,2017-05-04 00:00:00,TH,14:53:00,0,0,0,0,P,N,N,2.0,2,NJ 3                                              ,W,3,0.6,2,2.0,1.0,1.0,1.0,1.0,1.0,N,14:55,120P07448,2017-05-04 14:53:00
6059,2014160214-6114                ,2014-06-05 00:00:00,TH,3:09:00,0,0,0,0,P,N,N,12.0,1,NJ 3                                              ,W,3,0.76,2,2.0,2.0,6.0,2.0,1.0,1.0,N,3:10,120+07448,2014-06-05 03:09:00
6060,2.02E+17,2016-07-18 00:00:00,M ,16:47:00,0,0,0,0,P,N,N,1.0,3,NJ 3                                              ,W,3,2.64,2,2.0,2.0,1.0,2.0,1.0,1.0,N,16:45,120+07444,2016-07-18 16:47:00
6061,2013160213-4142                ,2013-04-12 00:00:00,F ,14:32:00,0,0,0,0,P,N,N,1.0,2,NJ 3                                              ,W,3,4.89,2,2.0,2.0,1.0,2.0,1.0,2.0,N,14:30,120P04739,2013-04-12 14:32:00
6063,2.02E+17,2017-05-05 00:00:00,FR,16:00:00,0,0,0,0,P,N,N,2.0,2,NJ 3                                              ,W,3,0.0,2,2.0,2.0,1.0,5.0,4.0,1.0,N,16:00,120+07449,2017-05-05 16:00:00
6064,2.02E+17,2017-05-05 00:00:00,FR,17:36:00,0,1,0,0,I,N,N,1.0,2,NJ 3                                              ,W,3,0.74,2,2.0,2.0,1.0,1.0,1.0,1.0,N,17:35,120+07448,2017-05-05 17:36:00
6065,2014160214-6135                ,2014-06-05 00:00:00,TH,16:45:00,0,0,0,0,P,N,N,1.0,2,NJ 3                                              ,W,3,0.51,2,2.0,1.0,1.0,1.0,4.0,1.0,N,16:45,120+07449,2014-06-05 16:45:00
6067,2.02E+17,2017-05-06 00:00:00,SA,5:54:00,0,2,0,0,I,N,N,11.0,1,NJ 3                                              ,W,3,2.41,2,2.0,2.0,2.0,4.0,1.0,1.0,N,5:55,120P07444,2017-05-06 05:54:00
6072,2.02E+17,2018-03-02 00:00:00,FR,19:31:00,0,0,0,0,P,N,N,2.0,2,NJ 3                                              ,W,3,2.63,2,2.0,2.0,6.0,2.0,1.0,1.0,N,19:30,120+07444,2018-03-02 19:31:00
6073,2014160214-6196                ,2014-06-07 00:00:00,SA,3:49:00,0,0,0,0,P,N,N,2.0,2,NJ 3                                              ,W,3,4.93,2,1.0,1.0,6.0,1.0,1.0,2.0,N,3:50,120P04739,2014-06-07 03:49:00
6077,2.02E+17,2017-05-06 00:00:00,SA,12:57:00,0,0,0,0,P,N,N,1.0,3,NJ 3                                              ,W,3,0.0,2,2.0,1.0,1.0,1.0,1.0,1.0,N,12:55,120+07449,2017-05-06 12:57:00
6078,2013160213-4288                ,2013-04-16 00:00:00,TU,15:51:00,0,1,0,0,I,N,N,1.0,2,NJ 3                                              ,W,3,1.44,2,2.0,1.0,1.0,5.0,1.0,1.0,N,15:50,120P07446,2013-04-16 15:51:00
6079,2.02E+17,2018-03-02 00:00:00,FR,21:15:00,0,0,0,0,P,N,N,11.0,1,NJ 3                                              ,W,3,1.49,2,2.0,2.0,6.0,3.0,1.0,1.0,N,21:15,120+07445,2018-03-02 21:15:00
6080,2.02E+17,2016-07-21 00:00:00,TH,16:54:00,0,0,0,0,P,N,N,2.0,2,NJ 3                                              ,W,3,3.82,2,2.0,1.0,1.0,1.0,1.0,1.0,N,16:55,120+07442,2016-07-21 16:54:00
6081,2014160214-6207                ,2014-06-07 00:00:00,SA,13:41:00,0,1,0,0,I,N,N,1.0,2,NJ 3                                              ,W,3,3.82,2,2.0,1.0,1.0,1.0,2.0,1.0,N,13:40,120+07442,2014-06-07 13:41:00
6083,2.02E+17,2017-05-06 00:00:00,SA,14:39:00,0,0,0,0,P,N,N,1.0,2,NJ 3                                              ,W,3,1.53,2,2.0,1.0,1.0,5.0,1.0,1.0,N,14:40,120+07445,2017-05-06 14:39:00
6084,2.02E+17,2017-05-06 00:00:00,SA,14:44:00,0,1,0,0,I,N,N,2.0,3,NJ 3                                              ,W,3,3.78,2,2.0,1.0,1.0,1.0,1.0,1.0,N,14:45,120+07442,2017-05-06 14:44:00
6085,2.02E+17,2018-03-03 00:00:00,SA,20:44:00,0,0,0,0,P,N,N,1.0,2,NJ 3                                              ,W,3,3.83,2,2.0,1.0,7.0,1.0,2.0,1.0,N,20:45,120+07442,2018-03-03 20:44:00
6086,2014160214-6250                ,2014-06-09 00:00:00,M ,7:01:00,0,0,0,0,P,N,N,2.0,2,NJ 3                                              ,W,3,1.53,2,2.0,2.0,1.0,2.0,1.0,1.0,N,7:00,120+07445,2014-06-09 07:01:00
6089,2.02E+17,2016-07-25 00:00:00,M ,8:22:00,0,0,0,0,P,N,N,2.0,2,NJ 3                                              ,W,3,0.53,2,2.0,1.0,1.0,1.0,5.0,1.0,N,8:20,120+07449,2016-07-25 08:22:00
6090,2014160214-6319                ,2014-06-10 00:00:00,TU,21:44:00,0,0,0,0,P,N,N,1.0,2,NJ 3                                              ,W,3,3.8,2,2.0,1.0,6.0,1.0,1.0,1.0,N,21:45,120+07442,2014-06-10 21:44:00
6091,2015160215-28500               ,2015-06-24 00:00:00,W ,18:37:00,0,0,0,0,P,N,N,1.0,2,NJ 3                                              ,W,3,3.85,2,2.0,1.0,1.0,1.0,1.0,1.0,N,18:35,120+07442,2015-06-24 18:37:00
6092,2.02E+17,2017-05-06 00:00:00,SA,16:52:00,0,1,0,0,I,N,N,1.0,2,NJ 3                                              ,W,3,3.9,2,2.0,1.0,1.0,1.0,1.0,1.0,N,16:50,120+07442,2017-05-06 16:52:00
6094,2015160215-28513               ,2015-06-22 00:00:00,M ,17:32:00,0,0,0,0,P,N,N,1.0,2,NJ 3                                              ,W,3,0.52,2,2.0,1.0,1.0,1.0,1.0,1.0,N,17:30,120+07449,2015-06-22 17:32:00
6095,2.02E+17,2017-05-06 00:00:00,SA,18:51:00,0,0,0,0,P,N,N,2.0,2,NJ 3                                              ,W,3,3.42,2,2.0,1.0,1.0,1.0,1.0,1.0,N,18:50,120+07443,2017-05-06 18:51:00
6096,2.02E+17,2018-03-04 00:00:00,SU,16:30:00,0,0,0,0,P,N,N,1.0,2,NJ 3                                              ,W,3,3.43,2,2.0,1.0,1.0,1.0,2.0,1.0,N,16:30,120+07443,2018-03-04 16:30:00
6098,2013160213-4377                ,2013-04-18 00:00:00,TH,18:21:00,0,0,0,0,P,N,N,2.0,2,NJ 3                                              ,W,3,1.78,2,2.0,2.0,1.0,2.0,1.0,1.0,N,18:20,120+07445,2013-04-18 18:21:00
6099,2.02E+17,2018-03-05 00:00:00,MO,17:28:00,0,0,0,0,P,N,N,1.0,2,NJ 3                                              ,W,3,4.89,2,2.0,1.0,1.0,1.0,2.0,1.0,N,17:30,120P04739,2018-03-05 17:28:00
6101,2.02E+17,2017-05-07 00:00:00,SU,11:36:00,0,1,0,0,I,N,N,11.0,1,NJ 3                                              ,W,3,1.44,2,2.0,1.0,1.0,5.0,1.0,1.0,N,11:35,120P07446,2017-05-07 11:36:00
6103,2015160215-29452               ,2015-06-30 00:00:00,TU,7:57:00,0,0,0,0,P,N,N,1.0,2,NJ 3                                              ,W,3,1.44,2,2.0,1.0,1.0,5.0,1.0,1.0,N,7:55,120P07446,2015-06-30 07:57:00
6106,2.02E+17,2018-03-06 00:00:00,TU,12:30:00,0,1,0,0,I,N,N,1.0,2,NJ 3                                              ,W,3,3.42,2,2.0,1.0,1.0,1.0,5.0,1.0,N,12:30,120+07443,2018-03-06 12:30:00
6107,2013160213-4443                ,2013-04-20 00:00:00,SA,16:40:00,0,0,0,0,P,N,N,2.0,2,NJ 3                                              ,W,3,3.82,2,2.0,1.0,1.0,1.0,1.0,2.0,N,16:40,120+07442,2013-04-20 16:40:00
6110,2013160213-447                 ,2013-01-12 00:00:00,SA,18:14:00,0,0,0,0,P,N,N,1.0,2,NJ 3                                              ,W,3,3.42,2,2.0,1.0,6.0,1.0,1.0,1.0,N,18:15,120+07443,2013-01-12 18:14:00
6112,2.02E+17,2017-05-08 00:00:00,MO,8:14:00,0,0,0,0,P,N,N,1.0,2,NJ 3                                              ,W,3,1.53,2,2.0,1.0,1.0,1.0,5.0,1.0,N,8:15,120+07445,2017-05-08 08:14:00
6113,2.02E+17,2017-05-08 00:00:00,MO,9:08:00,0,0,0,0,P,N,N,11.0,1,NJ 3                                              ,W,3,2.68,2,2.0,1.0,1.0,1.0,2.0,1.0,N,9:10,120+07444,2017-05-08 09:08:00
6114,2015160215-29848               ,2015-07-02 00:00:00,TH,11:59:00,0,0,0,0,P,N,N,1.0,3,NJ 3                                              ,W,3,3.82,2,2.0,1.0,1.0,1.0,1.0,1.0,N,12:00,120+07442,2015-07-02 11:59:00
6115,2014160214-6490                ,2014-06-15 00:00:00,S ,9:38:00,0,0,0,0,P,N,N,1.0,2,NJ 3                                              ,W,3,0.02,2,2.0,1.0,1.0,1.0,5.0,1.0,N,9:40,120+07449,2014-06-15 09:38:00
6116,2013160213-4485                ,2013-04-22 00:00:00,M ,8:06:00,0,1,0,0,I,N,N,1.0,2,NJ 3                                              ,W,3,0.42,2,2.0,1.0,1.0,1.0,1.0,1.0,N,8:05,120+07449,2013-04-22 08:06:00
6117,2.02E+17,2018-03-09 00:00:00,FR,19:51:00,0,0,0,0,P,N,N,1.0,2,NJ 3                                              ,W,3,3.24,2,2.0,1.0,6.0,1.0,1.0,1.0,N,19:50,120P07443,2018-03-09 19:51:00
6118,2.02E+17,2017-05-08 00:00:00,MO,15:35:00,0,0,0,0,P,N,N,1.0,2,NJ 3                                              ,W,3,3.9,2,2.0,1.0,1.0,1.0,5.0,1.0,N,15:35,120+07442,2017-05-08 15:35:00
6120,2.02E+17,2018-03-10 00:00:00,SA,12:14:00,0,0,0,0,P,N,N,1.0,2,NJ 3                                              ,W,3,0.5,2,2.0,1.0,1.0,1.0,1.0,1.0,N,12:15,120+07449,2018-03-10 12:14:00
6121,2.02E+17,2017-05-09 00:00:00,TU,15:17:00,0,0,0,0,P,N,N,1.0,2,NJ 3                                              ,W,3,1.47,2,2.0,1.0,1.0,1.0,1.0,1.0,N,15:15,120+07445,2017-05-09 15:17:00
6122,2014160214-6517                ,2014-06-16 00:00:00,M ,2:36:00,0,0,0,0,P,Y,N,1.0,2,NJ 3                                              ,W,3,3.5,2,2.0,1.0,6.0,1.0,2.0,1.0,N,2:35,120+07443,2014-06-16 02:36:00
6126,2.02E+17,2017-05-09 00:00:00,TU,16:58:00,0,0,0,0,P,N,N,1.0,2,NJ 3                                              ,W,3,0.64,2,2.0,1.0,1.0,1.0,1.0,1.0,N,17:00,120P07448,2017-05-09 16:58:00
6127,2.02E+17,2018-03-10 00:00:00,SA,14:54:00,0,0,0,0,P,N,N,1.0,2,NJ 3                                              ,W,3,3.43,2,2.0,1.0,1.0,1.0,2.0,1.0,N,14:55,120+07443,2018-03-10 14:54:00
6128,2013160213-4542                ,2013-04-23 00:00:00,TU,17:08:00,0,1,0,0,I,N,N,1.0,2,NJ 3                                              ,W,3,3.82,2,2.0,1.0,1.0,1.0,2.0,2.0,N,17:10,120+07442,2013-04-23 17:08:00
6131,2.02E+17,2016-08-03 00:00:00,W ,8:17:00,0,0,0,0,P,N,N,1.0,2,NJ 3                                              ,W,3,0.49,2,2.0,1.0,1.0,1.0,1.0,1.0,N,8:15,120+07449,2016-08-03 08:17:00
6132,2.02E+17,2018-03-10 00:00:00,SA,21:54:00,0,2,0,0,I,N,N,1.0,2,NJ 3                                              ,W,3,3.91,2,2.0,1.0,6.0,1.0,1.0,1.0,N,21:55,120+07442,2018-03-10 21:54:00
6134,2.02E+17,2017-05-09 00:00:00,TU,18:57:00,0,0,0,0,P,N,N,1.0,2,NJ 3                                              ,W,3,2.69,2,2.0,1.0,1.0,1.0,1.0,1.0,N,18:55,120+07444,2017-05-09 18:57:00
6136,2.02E+17,2016-08-03 00:00:00,W ,17:26:00,0,0,0,0,P,N,N,2.0,2,NJ 3                                              ,W,3,0.49,2,2.0,1.0,1.0,1.0,1.0,1.0,N,17:25,120+07449,2016-08-03 17:26:00
6137,2.02E+17,2018-03-11 00:00:00,SU,16:06:00,0,0,0,0,P,N,N,2.0,2,NJ 3                                              ,W,3,3.87,2,2.0,1.0,1.0,1.0,2.0,1.0,N,16:05,120+07442,2018-03-11 16:06:00
6139,2.02E+17,2017-05-10 00:00:00,WE,16:10:00,0,2,0,0,I,N,N,2.0,3,NJ 3                                              ,W,3,0.02,2,2.0,1.0,1.0,1.0,1.0,1.0,N,16:10,120+07449,2017-05-10 16:10:00
6140,2.02E+17,2018-03-11 00:00:00,SU,18:13:00,0,0,0,0,P,N,N,11.0,1,NJ 3                                              ,W,3,4.01,2,2.0,1.0,1.0,1.0,2.0,1.0,N,18:15,120+07442,2018-03-11 18:13:00
6142,2015160215-3144                ,2015-01-22 00:00:00,TH,7:08:00,0,0,0,0,P,N,N,2.0,2,NJ 3                                              ,W,3,0.51,2,2.0,1.0,1.0,5.0,5.0,1.0,N,7:10,120+07449,2015-01-22 07:08:00
6144,2.02E+17,2017-05-10 00:00:00,WE,20:34:00,0,0,0,0,P,N,N,1.0,2,NJ 3                                              ,W,3,2.73,2,2.0,1.0,3.0,1.0,5.0,1.0,N,20:35,120+07444,2017-05-10 20:34:00
6145,2.02E+17,2016-08-06 00:00:00,SA,23:04:00,0,0,0,0,P,N,N,15.0,1,NJ 3                                              ,W,3,3.51,2,2.0,1.0,6.0,1.0,1.0,1.0,N,23:05,120+07443,2016-08-06 23:04:00
6147,2015160215-33324               ,2015-07-23 00:00:00,TH,8:43:00,0,0,0,0,P,N,N,1.0,2,NJ 3                                              ,W,3,0.01,2,2.0,1.0,1.0,1.0,1.0,1.0,N,8:45,120+07449,2015-07-23 08:43:00
6148,2013160213-4705                ,2013-04-27 00:00:00,SA,2:35:00,0,3,0,0,I,N,N,1.0,2,NJ 3                                              ,W,3,0.42,2,2.0,1.0,6.0,1.0,1.0,1.0,N,2:35,120+07449,2013-04-27 02:35:00
6149,2.02E+17,2018-03-12 00:00:00,MO,18:05:00,0,0,0,0,P,N,N,1.0,2,NJ 3                                              ,W,3,0.55,2,2.0,1.0,1.0,1.0,1.0,1.0,N,18:05,120+07449,2018-03-12 18:05:00
6150,2.02E+17,2016-08-07 00:00:00,S ,11:41:00,0,0,0,0,P,N,N,1.0,2,NJ 3                                              ,W,3,3.4,2,2.0,1.0,1.0,1.0,1.0,1.0,N,11:40,120+07443,2016-08-07 11:41:00
6151,2013160213-4724                ,2013-04-27 00:00:00,SA,14:38:00,0,0,0,0,P,N,N,1.0,2,NJ 3                                              ,W,3,3.82,2,2.0,1.0,1.0,1.0,1.0,2.0,N,14:40,120+07442,2013-04-27 14:38:00
6152,2015160215-33423               ,2015-07-03 00:00:00,F ,18:55:00,0,0,0,0,P,N,N,1.0,2,NJ 3                                              ,W,3,4.01,2,2.0,1.0,1.0,1.0,1.0,1.0,N,18:55,120+07442,2015-07-03 18:55:00
6155,2.02E+17,2018-03-14 00:00:00,WE,13:45:00,0,0,0,0,P,N,N,1.0,2,NJ 3                                              ,W,3,3.81,2,2.0,1.0,1.0,1.0,5.0,1.0,N,13:45,120+07442,2018-03-14 13:45:00
6156,2015160215-33738               ,2015-07-25 00:00:00,SA,16:30:00,0,0,0,0,P,N,N,2.0,2,NJ 3                                              ,W,3,1.53,2,2.0,1.0,1.0,1.0,1.0,1.0,N,16:30,120+07445,2015-07-25 16:30:00
6158,2.02E+17,2017-05-11 00:00:00,TH,8:11:00,0,0,0,0,P,N,N,1.0,2,NJ 3                                              ,W,3,1.53,2,2.0,1.0,1.0,1.0,5.0,1.0,N,8:10,120+07445,2017-05-11 08:11:00
6162,2.02E+17,2018-03-14 00:00:00,WE,16:39:00,0,0,0,0,P,N,N,2.0,2,NJ 3                                              ,W,3,3.82,2,2.0,1.0,1.0,1.0,1.0,1.0,N,16:40,120+07442,2018-03-14 16:39:00
6163,2015160215-33967               ,2015-07-27 00:00:00,M ,3:08:00,0,0,0,0,P,N,N,1.0,2,NJ 3                                              ,W,3,3.91,2,2.0,1.0,6.0,1.0,0.0,1.0,N,3:10,120+07442,2015-07-27 03:08:00
6166,2.02E+17,2017-05-11 00:00:00,TH,17:34:00,0,0,0,0,P,N,N,1.0,2,NJ 3                                              ,W,3,0.0,2,2.0,1.0,1.0,1.0,4.0,1.0,N,17:35,120+07449,2017-05-11 17:34:00
6167,2.02E+17,2016-08-08 00:00:00,M ,18:24:00,0,0,0,0,P,N,N,1.0,2,NJ 3                                              ,W,3,0.6,2,2.0,1.0,1.0,1.0,1.0,1.0,N,18:25,120P07448,2016-08-08 18:24:00
6168,2.02E+17,2017-05-11 00:00:00,TH,23:08:00,0,0,0,0,P,N,N,1.0,2,NJ 3                                              ,W,3,2.64,2,2.0,1.0,7.0,1.0,4.0,1.0,N,23:10,120+07444,2017-05-11 23:08:00
6169,2013160213-4796                ,2013-04-29 00:00:00,M ,15:02:00,0,2,0,0,I,N,N,1.0,2,NJ 3                                              ,W,3,3.82,2,2.0,2.0,1.0,2.0,1.0,1.0,N,15:00,120+07442,2013-04-29 15:02:00
6170,2.02E+17,2018-03-15 00:00:00,TH,7:12:00,0,2,0,0,I,N,N,11.0,1,NJ 3                                              ,W,3,3.91,2,2.0,1.0,1.0,1.0,1.0,1.0,N,7:10,120+07442,2018-03-15 07:12:00
6172,2.02E+17,2018-03-15 00:00:00,TH,9:39:00,0,0,0,0,P,N,N,2.0,2,NJ 3                                              ,W,3,0.1,2,2.0,1.0,1.0,1.0,5.0,1.0,N,9:40,120+07449,2018-03-15 09:39:00
6173,2013160213-4825                ,2013-04-30 00:00:00,TU,5:45:00,0,0,0,0,P,N,N,1.0,2,NJ 3                                              ,W,3,2.7,2,2.0,2.0,2.0,1.0,1.0,1.0,N,5:45,120+07444,2013-04-30 05:45:00
6176,2.02E+17,2016-08-12 00:00:00,F ,7:41:00,0,0,0,0,P,N,N,1.0,2,NJ 3                                              ,W,3,0.55,2,2.0,2.0,1.0,5.0,1.0,1.0,N,7:40,120+07449,2016-08-12 07:41:00
6177,2.02E+17,2017-05-12 00:00:00,FR,16:05:00,0,0,0,0,P,N,N,1.0,2,NJ 3                                              ,W,3,1.32,2,2.0,1.0,1.0,1.0,1.0,1.0,N,16:05,120P07446,2017-05-12 16:05:00