,CRASH_ID,DATE,DAY,TIME,KILLED,INJURED,PED_KILL,PED_INJ,SEVERITY,ALCOHOL,HAZMAT,CRASH_TYPE,VEH_COUNT,LOCATION,LOC_DIR,ROUTE,MP,RD_SYS,RD_SURF,SURF_COND,LIGHT,WEATHER,RD_DIV,RD_WRKZN,CELL_USE,TIME_ROUND,TMC,timestamp
6178,2.02E+17,2018-03-15 00:00:00,TH,11:27:00,0,0,0,0,P,N,N,1.0,2,NJ 3                                              ,W,3,3.41,2,2.0,1.0,1.0,1.0,1.0,1.0,N,11:25,120+07443,2018-03-15 11:27:00
6179,2015160215-35074               ,2015-08-02 00:00:00,S ,16:56:00,0,0,0,0,P,N,N,1.0,2,NJ 3                                              ,W,3,4.42,2,2.0,1.0,1.0,1.0,1.0,1.0,N,16:55,120+04740,2015-08-02 16:56:00
6186,2.02E+17,2018-03-16 00:00:00,FR,6:48:00,0,0,0,0,P,N,N,1.0,2,NJ 3                                              ,W,3,0.17,2,2.0,1.0,1.0,1.0,3.0,1.0,N,6:50,120+07449,2018-03-16 06:48:00
6187,2013160213-4928                ,2013-05-02 00:00:00,TH,8:39:00,0,0,0,0,P,N,N,1.0,2,NJ 3                                              ,W,3,2.64,2,2.0,1.0,1.0,1.0,5.0,1.0,N,8:40,120+07444,2013-05-02 08:39:00
6188,2.02E+17,2017-05-14 00:00:00,SU,14:12:00,0,0,0,0,P,N,N,2.0,2,NJ 3                                              ,W,3,3.42,2,2.0,1.0,1.0,1.0,1.0,1.0,N,14:10,120+07443,2017-05-14 14:12:00
6190,2.02E+17,2017-05-14 00:00:00,SU,15:01:00,0,0,0,0,P,N,N,1.0,2,NJ 3                                              ,W,3,3.4,2,2.0,1.0,1.0,1.0,1.0,1.0,N,15:00,120+07443,2017-05-14 15:01:00
6191,2.02E+17,2018-03-16 00:00:00,FR,9:35:00,0,0,0,0,P,N,N,1.0,2,NJ 3                                              ,W,3,3.82,2,2.0,1.0,1.0,1.0,5.0,1.0,N,9:35,120+07442,2018-03-16 09:35:00
6192,2.02E+17,2018-03-16 00:00:00,FR,17:49:00,0,0,0,0,P,N,N,1.0,2,NJ 3                                              ,W,3,3.41,2,2.0,1.0,1.0,1.0,1.0,1.0,N,17:50,120+07443,2018-03-16 17:49:00
6195,2.02E+17,2017-05-15 00:00:00,MO,16:08:00,0,0,0,0,P,N,N,1.0,2,NJ 3                                              ,W,3,0.81,2,2.0,1.0,1.0,1.0,1.0,1.0,N,16:10,120+07448,2017-05-15 16:08:00
6196,2.02E+17,2018-03-20 00:00:00,TU,7:12:00,0,0,0,0,P,N,N,2.0,2,NJ 3                                              ,W,3,2.62,2,2.0,1.0,1.0,1.0,1.0,1.0,N,7:10,120+07444,2018-03-20 07:12:00
6199,2.02E+17,2016-08-17 00:00:00,W ,16:45:00,0,1,0,0,I,N,N,1.0,2,NJ 3                                              ,W,3,0.49,2,2.0,1.0,1.0,1.0,1.0,1.0,N,16:45,120+07449,2016-08-17 16:45:00
6200,2.02E+17,2018-03-20 00:00:00,TU,8:15:00,0,0,0,0,P,N,N,2.0,2,NJ 3                                              ,W,3,1.55,2,2.0,1.0,1.0,1.0,5.0,1.0,N,8:15,120+07445,2018-03-20 08:15:00
6204,2014160214-6885                ,2014-06-24 00:00:00,TU,16:06:00,0,1,0,0,I,N,N,1.0,2,NJ 3                                              ,W,3,0.47,2,2.0,1.0,1.0,1.0,1.0,1.0,N,16:05,120+07449,2014-06-24 16:06:00
6205,2.02E+17,2018-03-20 00:00:00,TU,8:58:00,0,0,0,0,P,N,N,1.0,2,NJ 3                                              ,W,3,1.76,2,2.0,1.0,1.0,1.0,1.0,1.0,N,9:00,120+07445,2018-03-20 08:58:00
6206,2.02E+17,2016-08-17 00:00:00,W ,17:01:00,0,1,0,0,I,N,N,1.0,2,NJ 3                                              ,W,3,2.14,2,2.0,1.0,1.0,1.0,1.0,1.0,N,17:00,120+07445,2016-08-17 17:01:00
6207,2.02E+17,2017-05-16 00:00:00,TU,15:14:00,0,1,0,0,I,N,N,1.0,2,NJ 3                                              ,W,3,3.82,2,2.0,1.0,1.0,1.0,1.0,1.0,N,15:15,120+07442,2017-05-16 15:14:00
6209,2.02E+17,2016-08-17 00:00:00,W ,17:57:00,0,0,0,0,P,N,N,1.0,3,NJ 3                                              ,W,3,0.49,2,2.0,1.0,1.0,1.0,1.0,1.0,N,17:55,120+07449,2016-08-17 17:57:00
6210,2.02E+17,2017-05-17 00:00:00,WE,15:15:00,0,0,0,0,P,N,N,1.0,3,NJ 3                                              ,W,3,0.61,2,2.0,1.0,1.0,1.0,1.0,1.0,N,15:15,120P07448,2017-05-17 15:15:00
6211,2.02E+17,2018-03-20 00:00:00,TU,9:31:00,0,0,0,0,P,N,N,1.0,2,NJ 3                                              ,W,3,0.67,2,2.0,1.0,1.0,1.0,1.0,1.0,N,9:30,120P07448,2018-03-20 09:31:00
6212,2014160214-6908                ,2014-06-25 00:00:00,W ,8:27:00,0,0,0,0,P,N,N,1.0,2,NJ 3                                              ,W,3,1.34,2,1.0,1.0,2.0,2.0,1.0,1.0,N,8:25,120P07446,2014-06-25 08:27:00
6213,2015160215-3795                ,2015-01-26 00:00:00,M ,8:49:00,0,0,0,0,P,N,N,2.0,2,NJ 3                                              ,W,3,3.48,2,2.0,2.0,1.0,3.0,1.0,1.0,N,8:50,120+07443,2015-01-26 08:49:00
6216,2013160213-5300                ,2013-05-10 00:00:00,F ,15:35:00,0,0,0,0,P,N,N,2.0,2,NJ 3                                              ,W,3,3.42,2,2.0,1.0,1.0,1.0,1.0,1.0,N,15:35,120+07443,2013-05-10 15:35:00
6217,2.02E+17,2017-05-17 00:00:00,WE,16:28:00,0,0,0,0,P,N,N,1.0,2,NJ 3                                              ,W,3,4.9,2,2.0,1.0,1.0,1.0,1.0,1.0,N,16:30,120P04739,2017-05-17 16:28:00
6220,2013160213-5306                ,2013-05-10 00:00:00,F ,17:04:00,0,0,0,0,P,N,N,1.0,2,NJ 3                                              ,W,3,0.51,2,2.0,1.0,1.0,1.0,1.0,1.0,N,17:05,120+07449,2013-05-10 17:04:00
6221,2.02E+17,2016-08-19 00:00:00,F ,12:50:00,0,0,0,0,P,N,N,1.0,2,NJ 3                                              ,W,3,0.57,2,2.0,1.0,1.0,1.0,5.0,1.0,N,12:50,120P07448,2016-08-19 12:50:00
6222,2.02E+17,2018-03-22 00:00:00,TH,15:44:00,0,2,0,0,I,N,N,1.0,2,NJ 3                                              ,W,3,1.27,2,2.0,1.0,1.0,1.0,1.0,1.0,N,15:45,120P07447,2018-03-22 15:44:00
6224,2015160215-39914               ,2015-09-01 00:00:00,TU,17:20:00,0,0,0,0,P,N,N,1.0,2,NJ 3                                              ,W,3,0.64,2,2.0,1.0,1.0,1.0,1.0,1.0,N,17:20,120P07448,2015-09-01 17:20:00
6225,2014160214-6986                ,2014-06-26 00:00:00,TH,21:29:00,0,0,0,0,P,N,N,2.0,2,NJ 3                                              ,W,3,3.74,2,2.0,1.0,5.0,1.0,1.0,1.0,N,21:30,120+07442,2014-06-26 21:29:00
6226,2.02E+17,2017-05-17 00:00:00,WE,18:01:00,0,0,0,0,P,N,N,1.0,2,NJ 3                                              ,W,3,3.85,2,2.0,1.0,1.0,1.0,5.0,1.0,N,18:00,120+07442,2017-05-17 18:01:00
6232,2.02E+17,2016-08-23 00:00:00,TU,16:48:00,0,0,0,0,P,N,N,2.0,2,NJ 3                                              ,W,3,0.0,2,2.0,1.0,1.0,1.0,1.0,1.0,N,16:50,120+07449,2016-08-23 16:48:00
6233,2.02E+17,2016-08-25 00:00:00,TH,9:25:00,0,3,0,0,I,N,N,1.0,3,NJ 3                                              ,W,3,0.0,2,2.0,1.0,1.0,1.0,5.0,1.0,N,9:25,120+07449,2016-08-25 09:25:00
6234,2.02E+17,2018-03-23 00:00:00,FR,13:44:00,0,1,0,0,I,N,N,2.0,2,NJ 3                                              ,W,3,3.82,2,2.0,1.0,1.0,1.0,1.0,1.0,N,13:45,120+07442,2018-03-23 13:44:00
6236,2.02E+17,2018-03-23 00:00:00,FR,15:52:00,0,0,0,0,P,N,N,1.0,3,NJ 3                                              ,W,3,1.55,2,2.0,1.0,1.0,1.0,1.0,1.0,N,15:50,120+07445,2018-03-23 15:52:00
6237,2.02E+17,2017-05-21 00:00:00,SU,1:45:00,0,0,0,0,P,N,N,11.0,1,NJ 3                                              ,W,3,1.56,2,2.0,1.0,7.0,1.0,1.0,1.0,N,1:45,120+07445,2017-05-21 01:45:00
6240,2013160213-5406                ,2013-05-13 00:00:00,M ,18:44:00,0,0,0,0,P,N,N,1.0,3,NJ 3                                              ,W,3,4.89,2,2.0,1.0,3.0,1.0,1.0,1.0,N,18:45,120P04739,2013-05-13 18:44:00
6244,2.02E+17,2018-03-24 00:00:00,SA,22:39:00,0,0,0,0,P,N,N,2.0,2,NJ 3                                              ,W,3,0.0,2,2.0,1.0,6.0,1.0,3.0,1.0,N,22:40,120+07449,2018-03-24 22:39:00
6245,2015160215-4134                ,2015-01-28 00:00:00,W ,18:01:00,0,0,0,0,P,N,N,1.0,2,NJ 3                                              ,W,3,3.38,2,2.0,1.0,1.0,1.0,1.0,1.0,N,18:00,120+07443,2015-01-28 18:01:00
6247,2014160214-706                 ,2014-01-19 00:00:00,S ,18:10:00,0,0,0,0,P,N,N,15.0,1,NJ 3                                              ,W,3,0.0,2,2.0,1.0,6.0,1.0,2.0,1.0,N,18:10,120+07449,2014-01-19 18:10:00
6248,2.02E+17,2017-05-23 00:00:00,TU,17:49:00,0,0,0,0,P,N,N,1.0,2,NJ 3                                              ,W,3,2.73,2,2.0,1.0,1.0,1.0,5.0,1.0,N,17:50,120+07444,2017-05-23 17:49:00
6249,2015160215-4206                ,2015-01-29 00:00:00,TH,7:49:00,0,0,0,0,P,N,N,1.0,3,NJ 3                                              ,W,3,3.78,2,2.0,1.0,1.0,1.0,5.0,1.0,N,7:50,120+07442,2015-01-29 07:49:00
6251,2.02E+17,2018-03-25 00:00:00,SU,16:56:00,0,0,0,0,P,N,N,1.0,2,NJ 3                                              ,W,3,3.82,2,2.0,1.0,1.0,1.0,1.0,1.0,N,16:55,120+07442,2018-03-25 16:56:00
6254,2.02E+17,2017-05-24 00:00:00,WE,13:11:00,0,0,0,0,P,N,N,99.0,1,NJ 3                                              ,W,3,1.44,2,2.0,1.0,1.0,1.0,1.0,1.0,N,13:10,120P07446,2017-05-24 13:11:00
6255,2.02E+17,2016-08-30 00:00:00,TU,16:06:00,0,0,0,0,P,N,N,2.0,2,NJ 3                                              ,W,3,3.81,2,2.0,1.0,1.0,1.0,1.0,1.0,N,16:05,120+07442,2016-08-30 16:06:00
6257,2013160213-5513                ,2013-05-16 00:00:00,TH,13:56:00,0,0,0,0,P,N,N,1.0,2,NJ 3                                              ,W,3,4.89,2,2.0,1.0,1.0,1.0,5.0,1.0,N,13:55,120P04739,2013-05-16 13:56:00
6259,2.02E+17,2016-08-31 00:00:00,W ,3:38:00,0,0,0,0,P,N,N,11.0,1,NJ 3                                              ,W,3,0.51,2,2.0,1.0,6.0,1.0,4.0,1.0,N,3:40,120+07449,2016-08-31 03:38:00
6261,2.02E+17,2017-05-25 00:00:00,TH,7:32:00,0,2,0,0,I,N,N,1.0,3,NJ 3                                              ,W,3,1.28,2,2.0,2.0,1.0,2.0,1.0,1.0,N,7:30,120+07447,2017-05-25 07:32:00
6263,2.02E+17,2017-05-25 00:00:00,TH,21:15:00,0,0,0,0,P,N,N,2.0,2,NJ 3                                              ,W,3,2.89,2,2.0,2.0,6.0,1.0,1.0,1.0,N,21:15,120+07444,2017-05-25 21:15:00
6267,2.02E+17,2016-09-01 00:00:00,TH,8:08:00,0,1,0,0,I,N,N,1.0,2,NJ 3                                              ,W,3,0.51,2,2.0,2.0,1.0,2.0,1.0,1.0,N,8:10,120+07449,2016-09-01 08:08:00
6270,2.02E+17,2018-03-28 00:00:00,WE,8:36:00,0,1,0,0,I,N,N,1.0,3,NJ 3                                              ,W,3,1.28,2,2.0,1.0,1.0,5.0,5.0,1.0,N,8:35,120+07447,2018-03-28 08:36:00
6271,2.02E+17,2016-09-01 00:00:00,TH,17:35:00,0,0,0,0,P,N,N,2.0,2,NJ 3                                              ,W,3,0.55,2,2.0,1.0,1.0,1.0,1.0,1.0,N,17:35,120+07449,2016-09-01 17:35:00
6272,2.02E+17,2017-05-26 00:00:00,FR,6:59:00,0,2,0,0,I,N,N,1.0,2,NJ 3                                              ,W,3,1.17,2,2.0,2.0,1.0,1.0,1.0,1.0,N,7:00,120P07447,2017-05-26 06:59:00
6273,2.02E+17,2018-03-28 00:00:00,WE,10:40:00,0,0,0,0,P,N,N,3.0,2,NJ 3                                              ,W,3,3.33,2,2.0,1.0,1.0,1.0,1.0,1.0,N,10:40,120+07443,2018-03-28 10:40:00
6275,2015160215-4846                ,2015-02-02 00:00:00,M ,11:38:00,0,0,0,0,P,N,N,2.0,2,NJ 3                                              ,W,3,1.44,2,2.0,2.0,1.0,2.0,1.0,1.0,N,11:40,120P07446,2015-02-02 11:38:00
6276,2.02E+17,2018-03-28 00:00:00,WE,16:50:00,0,0,0,0,P,N,N,1.0,2,NJ 3                                              ,W,3,3.82,2,2.0,1.0,1.0,1.0,1.0,1.0,N,16:50,120+07442,2018-03-28 16:50:00
6277,2015160215-5121                ,2015-02-03 00:00:00,TU,17:39:00,0,0,0,0,P,N,N,1.0,2,NJ 3                                              ,W,3,0.0,2,2.0,5.0,6.0,1.0,1.0,1.0,N,17:40,120+07449,2015-02-03 17:39:00
6278,2.02E+17,2017-05-28 00:00:00,SU,3:59:00,0,0,0,0,P,N,N,2.0,2,NJ 3                                              ,W,3,0.0,2,2.0,1.0,6.0,1.0,4.0,1.0,N,4:00,120+07449,2017-05-28 03:59:00
6279,2.02E+17,2018-03-29 00:00:00,TH,15:43:00,0,0,0,0,P,N,N,1.0,2,NJ 3                                              ,W,3,3.82,2,2.0,2.0,1.0,1.0,1.0,1.0,N,15:45,120+07442,2018-03-29 15:43:00
6282,2013160213-5719                ,2013-05-21 00:00:00,TU,9:12:00,0,0,0,0,P,N,N,9.0,2,NJ 3                                              ,W,3,0.51,2,2.0,1.0,1.0,1.0,1.0,1.0,N,9:10,120+07449,2013-05-21 09:12:00
6284,2.02E+17,2018-03-29 00:00:00,TH,17:23:00,0,0,0,0,P,N,N,1.0,5,NJ 3                                              ,W,3,4.89,2,2.0,1.0,1.0,1.0,1.0,1.0,N,17:25,120P04739,2018-03-29 17:23:00
6286,2.02E+17,2017-05-30 00:00:00,TU,8:35:00,0,1,0,0,I,N,N,1.0,2,NJ 3                                              ,W,3,1.53,2,2.0,1.0,1.0,5.0,5.0,1.0,N,8:35,120+07445,2017-05-30 08:35:00
6287,2.02E+17,2018-03-29 00:00:00,TH,19:36:00,0,0,0,0,P,N,N,2.0,2,NJ 3                                              ,W,3,0.17,2,2.0,1.0,6.0,1.0,1.0,1.0,N,19:35,120+07449,2018-03-29 19:36:00
6288,2.02E+17,2017-05-31 00:00:00,WE,8:43:00,0,0,0,0,P,N,N,1.0,3,NJ 3                                              ,W,3,0.55,2,2.0,2.0,1.0,5.0,5.0,1.0,N,8:45,120+07449,2017-05-31 08:43:00
6289,2014160214-7562                ,2014-07-13 00:00:00,S ,13:11:00,0,0,0,0,P,N,N,1.0,2,NJ 3                                              ,W,3,3.82,2,2.0,1.0,1.0,1.0,2.0,1.0,N,13:10,120+07442,2014-07-13 13:11:00
6290,2015160215-5758                ,2015-02-01 00:00:00,S ,9:39:00,0,0,0,0,P,N,N,15.0,1,NJ 3                                              ,W,3,4.89,2,2.0,1.0,1.0,1.0,1.0,1.0,N,9:40,120P04739,2015-02-01 09:39:00
6291,2.02E+17,2018-03-30 00:00:00,FR,11:58:00,0,0,0,0,P,N,N,2.0,2,NJ 3                                              ,W,3,0.48,2,2.0,1.0,1.0,1.0,5.0,1.0,N,12:00,120+07449,2018-03-30 11:58:00
6295,2.02E+17,2017-05-31 00:00:00,WE,17:53:00,0,1,0,0,I,N,N,1.0,2,NJ 3                                              ,W,3,1.78,2,2.0,1.0,1.0,1.0,5.0,1.0,N,17:55,120+07445,2017-05-31 17:53:00
6296,2.02E+17,2018-03-30 00:00:00,FR,13:19:00,0,0,0,0,P,N,N,1.0,2,NJ 3                                              ,W,3,3.82,2,2.0,2.0,1.0,5.0,1.0,1.0,N,13:20,120+07442,2018-03-30 13:19:00
6297,2013160213-5873                ,2013-05-24 00:00:00,F ,12:33:00,0,0,0,0,P,N,N,1.0,2,NJ 3                                              ,W,3,4.1,2,2.0,2.0,1.0,2.0,1.0,2.0,N,12:35,120+07442,2013-05-24 12:33:00
6298,2015160215-5857                ,2015-02-08 00:00:00,S ,2:52:00,0,4,0,0,I,Y,N,2.0,4,NJ 3                                              ,W,3,4.64,2,2.0,1.0,7.0,1.0,1.0,1.0,N,2:50,120+04740,2015-02-08 02:52:00
6299,2.02E+17,2018-03-30 00:00:00,FR,14:39:00,0,0,0,0,P,N,N,1.0,3,NJ 3                                              ,W,3,0.21,2,2.0,1.0,1.0,1.0,3.0,1.0,N,14:40,120+07449,2018-03-30 14:39:00
6300,2.02E+17,2017-06-02 00:00:00,FR,8:41:00,0,0,0,0,P,N,N,1.0,2,NJ 3                                              ,W,3,3.82,2,1.0,1.0,1.0,1.0,5.0,1.0,N,8:40,120+07442,2017-06-02 08:41:00
6303,2.02E+17,2018-04-03 00:00:00,TU,14:53:00,0,0,0,0,P,N,N,1.0,2,NJ 3                                              ,W,3,3.43,2,3.0,2.0,1.0,2.0,1.0,1.0,N,14:55,120+07443,2018-04-03 14:53:00
6304,2014160214-7679                ,2014-07-16 00:00:00,W ,14:35:00,0,0,0,0,P,N,N,99.0,1,NJ 3                                              ,W,3,4.86,2,2.0,1.0,1.0,1.0,5.0,1.0,N,14:35,120P04739,2014-07-16 14:35:00
6307,2014160214-771                 ,2014-01-21 00:00:00,TU,12:43:00,0,0,0,0,P,N,N,1.0,2,NJ 3                                              ,W,3,0.59,2,2.0,3.0,1.0,3.0,1.0,1.0,N,12:45,120P07448,2014-01-21 12:43:00
6308,2015160215-6234                ,2015-02-10 00:00:00,TU,19:00:00,0,0,0,0,P,N,N,1.0,2,NJ 3                                              ,W,3,2.52,2,2.0,1.0,6.0,1.0,1.0,1.0,N,19:00,120+07444,2015-02-10 19:00:00
6309,2.02E+17,2017-06-02 00:00:00,FR,14:58:00,0,0,0,0,P,N,N,1.0,3,NJ 3                                              ,W,3,3.86,2,2.0,1.0,1.0,1.0,1.0,1.0,N,15:00,120+07442,2017-06-02 14:58:00
6315,2013160213-5908                ,2013-05-25 00:00:00,SA,7:18:00,0,2,0,0,I,N,N,1.0,3,NJ 3                                              ,W,3,4.01,2,2.0,6.0,1.0,2.0,1.0,2.0,N,7:20,120+07442,2013-05-25 07:18:00
6318,2.02E+17,2018-04-04 00:00:00,WE,18:41:00,0,0,0,0,P,N,N,1.0,2,NJ 3                                              ,W,3,0.49,2,2.0,1.0,1.0,1.0,1.0,1.0,N,18:40,120+07449,2018-04-04 18:41:00
6319,2014160214-7746                ,2014-07-18 00:00:00,F ,8:08:00,0,0,0,0,P,N,N,2.0,2,NJ 3                                              ,W,3,0.51,2,2.0,1.0,1.0,1.0,5.0,1.0,N,8:10,120+07449,2014-07-18 08:08:00
6322,2.02E+17,2018-04-05 00:00:00,TH,6:56:00,0,0,0,0,P,N,N,1.0,2,NJ 3                                              ,W,3,0.48,2,2.0,1.0,1.0,1.0,5.0,1.0,N,6:55,120+07449,2018-04-05 06:56:00
6323,2.02E+17,2016-09-13 00:00:00,TU,9:05:00,0,2,0,0,I,N,N,1.0,4,NJ 3                                              ,W,3,1.28,2,2.0,1.0,1.0,1.0,5.0,1.0,N,9:05,120+07447,2016-09-13 09:05:00
6324,2014160214-7747                ,2014-07-18 00:00:00,F ,8:42:00,0,0,0,0,P,N,N,2.0,2,NJ 3                                              ,W,3,4.89,2,2.0,1.0,7.0,1.0,5.0,1.0,N,8:40,120P04739,2014-07-18 08:42:00
6325,2.02E+17,2018-04-05 00:00:00,TH,18:35:00,0,0,0,0,P,N,N,2.0,2,NJ 3                                              ,W,3,0.45,2,2.0,1.0,1.0,1.0,1.0,1.0,N,18:35,120+07449,2018-04-05 18:35:00
6326,2.02E+17,2017-06-05 00:00:00,MO,6:49:00,0,0,0,0,P,N,N,2.0,2,NJ 3                                              ,W,3,0.47,2,2.0,2.0,1.0,5.0,5.0,1.0,N,6:50,120+07449,2017-06-05 06:49:00
6327,2.02E+17,2016-09-13 00:00:00,TU,9:50:00,0,0,0,0,P,N,N,1.0,2,NJ 3                                              ,W,3,2.45,2,2.0,1.0,1.0,1.0,5.0,1.0,N,9:50,120P07444,2016-09-13 09:50:00
6328,2015160215-6886                ,2015-02-14 00:00:00,SA,15:45:00,0,0,0,0,P,N,N,1.0,2,NJ 3                                              ,W,3,3.42,2,2.0,1.0,1.0,1.0,1.0,1.0,N,15:45,120+07443,2015-02-14 15:45:00
6329,2.02E+17,2017-06-05 00:00:00,MO,15:50:00,0,0,0,0,P,N,N,1.0,2,NJ 3                                              ,W,3,0.51,2,2.0,1.0,1.0,1.0,1.0,1.0,N,15:50,120+07449,2017-06-05 15:50:00
6330,2.02E+17,2016-09-14 00:00:00,W ,7:54:00,0,0,0,0,P,N,N,1.0,2,NJ 3                                              ,W,3,3.9,2,2.0,1.0,1.0,1.0,1.0,1.0,N,7:55,120+07442,2016-09-14 07:54:00
6333,2.02E+17,2018-04-07 00:00:00,SA,19:58:00,0,0,0,0,P,N,N,99.0,1,NJ 3                                              ,W,3,2.7,2,2.0,1.0,6.0,1.0,1.0,1.0,N,20:00,120+07444,2018-04-07 19:58:00
6336,2.02E+17,2018-04-10 00:00:00,TU,8:56:00,0,1,0,0,I,N,N,1.0,2,NJ 3                                              ,W,3,1.41,2,2.0,2.0,1.0,5.0,5.0,1.0,N,8:55,120P07446,2018-04-10 08:56:00
6339,2.02E+17,2018-04-10 00:00:00,TU,9:04:00,0,0,0,0,P,N,N,1.0,2,NJ 3                                              ,W,3,1.53,2,2.0,2.0,1.0,5.0,1.0,1.0,N,9:05,120+07445,2018-04-10 09:04:00
6340,2.02E+17,2017-06-06 00:00:00,TU,15:37:00,0,0,0,0,P,N,N,1.0,2,NJ 3                                              ,W,3,3.82,2,2.0,1.0,1.0,1.0,1.0,1.0,N,15:35,120+07442,2017-06-06 15:37:00
6341,2.02E+17,2016-09-14 00:00:00,W ,18:37:00,0,0,0,0,P,N,N,2.0,2,NJ 3                                              ,W,3,2.6,2,2.0,2.0,5.0,5.0,4.0,1.0,N,18:35,120+07444,2016-09-14 18:37:00
6342,2013160213-6113                ,2013-05-30 00:00:00,TH,8:35:00,0,0,0,0,P,N,N,2.0,2,NJ 3                                              ,W,3,3.82,2,2.0,1.0,1.0,1.0,1.0,2.0,N,8:35,120+07442,2013-05-30 08:35:00
6343,2.02E+17,2018-04-10 00:00:00,TU,15:31:00,0,0,0,0,P,N,N,2.0,2,NJ 3                                              ,W,3,3.88,2,2.0,1.0,1.0,1.0,1.0,1.0,N,15:30,120+07442,2018-04-10 15:31:00
6345,2.02E+17,2016-09-15 00:00:00,TH,13:46:00,0,0,0,0,P,N,N,1.0,2,NJ 3                                              ,W,3,2.68,2,2.0,1.0,1.0,1.0,5.0,1.0,N,13:45,120+07444,2016-09-15 13:46:00
6347,2.02E+17,2017-06-06 00:00:00,TU,8:18:00,0,0,0,0,P,N,N,1.0,2,NJ 3                                              ,W,3,1.17,2,2.0,1.0,1.0,1.0,5.0,1.0,N,8:20,120P07447,2017-06-06 08:18:00
6348,2.02E+17,2018-04-11 00:00:00,WE,7:22:00,0,1,0,0,I,N,N,1.0,2,NJ 3                                              ,W,3,3.42,2,2.0,1.0,1.0,1.0,1.0,1.0,N,7:20,120+07443,2018-04-11 07:22:00
6349,2013160213-6117                ,2013-05-30 00:00:00,TH,12:04:00,0,0,0,0,P,N,N,1.0,2,NJ 3                                              ,W,3,4.89,2,2.0,1.0,1.0,1.0,1.0,2.0,N,12:05,120P04739,2013-05-30 12:04:00
6350,2014160214-8023                ,2014-07-25 00:00:00,F ,18:18:00,0,0,0,0,P,N,N,1.0,2,NJ 3                                              ,W,3,0.51,2,2.0,1.0,1.0,1.0,1.0,1.0,N,18:20,120+07449,2014-07-25 18:18:00
6354,2.02E+17,2018-04-11 00:00:00,WE,8:42:00,0,1,0,0,I,N,N,1.0,3,NJ 3                                              ,W,3,2.26,2,2.0,1.0,1.0,1.0,5.0,1.0,N,8:40,120+07445,2018-04-11 08:42:00
6355,2.02E+17,2017-06-09 00:00:00,FR,13:46:00,0,0,0,0,P,N,N,1.0,2,NJ 3                                              ,W,3,3.42,2,2.0,1.0,1.0,1.0,5.0,1.0,N,13:45,120+07443,2017-06-09 13:46:00
6356,2013160213-6167                ,2013-05-31 00:00:00,F ,20:23:00,0,0,0,0,P,N,N,1.0,2,NJ 3                                              ,W,3,4.89,2,2.0,1.0,1.0,1.0,1.0,2.0,N,20:25,120P04739,2013-05-31 20:23:00
6359,2014160214-8068                ,2014-07-27 00:00:00,S ,7:04:00,0,1,0,0,I,N,N,2.0,2,NJ 3                                              ,W,3,0.6,2,2.0,2.0,1.0,2.0,5.0,1.0,N,7:05,120P07448,2014-07-27 07:04:00
6360,2.02E+17,2018-04-11 00:00:00,WE,16:08:00,0,0,0,0,P,N,N,1.0,2,NJ 3                                              ,W,3,3.83,2,2.0,1.0,1.0,1.0,1.0,1.0,N,16:10,120+07442,2018-04-11 16:08:00
6363,2.02E+17,2017-06-11 00:00:00,SU,2:16:00,0,1,0,0,I,Y,N,2.0,3,NJ 3                                              ,W,3,0.46,2,2.0,1.0,6.0,1.0,1.0,1.0,N,2:15,120+07449,2017-06-11 02:16:00
6365,2.02E+17,2018-04-11 00:00:00,WE,17:43:00,0,0,0,0,P,N,N,1.0,2,NJ 3                                              ,W,3,2.65,2,2.0,1.0,1.0,1.0,1.0,1.0,N,17:45,120+07444,2018-04-11 17:43:00
6366,2.02E+17,2018-04-12 00:00:00,TH,10:35:00,0,0,0,0,P,N,N,2.0,2,NJ 3                                              ,W,3,0.21,2,2.0,1.0,1.0,5.0,2.0,1.0,N,10:35,120+07449,2018-04-12 10:35:00
6367,2015160215-8967                ,2015-02-27 00:00:00,F ,17:20:00,0,0,0,0,P,N,N,1.0,2,NJ 3                                              ,W,3,2.73,2,2.0,1.0,1.0,1.0,1.0,1.0,N,17:20,120+07444,2015-02-27 17:20:00
6369,2.02E+17,2017-06-11 00:00:00,SU,13:20:00,0,0,0,0,P,N,N,2.0,2,NJ 3                                              ,W,3,0.54,2,2.0,1.0,1.0,1.0,5.0,1.0,N,13:20,120+07449,2017-06-11 13:20:00
6370,2014160214-8112                ,2014-07-28 00:00:00,M ,12:30:00,0,0,0,0,P,N,N,15.0,1,NJ 3                                              ,W,3,4.83,2,2.0,1.0,1.0,1.0,1.0,2.0,N,12:30,120P04739,2014-07-28 12:30:00
6374,2.02E+17,2017-06-11 00:00:00,SU,13:44:00,0,0,0,0,P,N,N,2.0,2,NJ 3                                              ,W,3,0.0,2,2.0,1.0,1.0,1.0,5.0,1.0,N,13:45,120+07449,2017-06-11 13:44:00
6375,2.02E+17,2016-09-21 00:00:00,W ,7:16:00,0,1,0,0,I,N,N,1.0,2,NJ 3                                              ,W,3,0.4,2,2.0,1.0,1.0,1.0,5.0,1.0,N,7:15,120+07449,2016-09-21 07:16:00
6376,2014160214-8126                ,2014-07-28 00:00:00,M ,17:43:00,0,2,0,0,I,N,N,1.0,3,NJ 3                                              ,W,3,0.42,2,2.0,1.0,1.0,1.0,1.0,1.0,N,17:45,120+07449,2014-07-28 17:43:00
6378,2.02E+17,2018-04-13 00:00:00,FR,17:05:00,0,2,0,0,I,N,N,1.0,2,NJ 3                                              ,W,3,1.35,2,2.0,1.0,1.0,1.0,1.0,1.0,N,17:05,120P07446,2018-04-13 17:05:00
6379,2.02E+17,2016-09-21 00:00:00,W ,7:55:00,0,1,0,0,I,N,N,1.0,3,NJ 3                                              ,W,3,2.55,2,2.0,1.0,1.0,1.0,1.0,1.0,N,7:55,120+07444,2016-09-21 07:55:00