,CRASH_ID,DATE,DAY,TIME,KILLED,INJURED,PED_KILL,PED_INJ,SEVERITY,ALCOHOL,HAZMAT,CRASH_TYPE,VEH_COUNT,LOCATION,LOC_DIR,ROUTE,MP,RD_SYS,RD_SURF,SURF_COND,LIGHT,WEATHER,RD_DIV,RD_WRKZN,CELL_USE,TIME_ROUND,TMC,timestamp
6380,2014160214-8181                ,2014-07-30 00:00:00,W ,11:05:00,0,0,0,0,P,N,N,1.0,2,NJ 3                                              ,W,3,3.82,2,2.0,1.0,1.0,1.0,1.0,1.0,N,11:05,120+07442,2014-07-30 11:05:00
6381,2.02E+17,2017-06-13 00:00:00,TU,7:06:00,0,0,0,0,P,N,N,1.0,2,NJ 3                                              ,W,3,3.82,2,2.0,1.0,1.0,1.0,5.0,1.0,N,7:05,120+07442,2017-06-13 07:06:00
6383,2.02E+17,2017-06-13 00:00:00,TU,9:05:00,0,0,0,0,P,N,N,2.0,2,NJ 3                                              ,W,3,0.48,2,2.0,1.0,1.0,1.0,5.0,1.0,N,9:05,120+07449,2017-06-13 09:05:00
6384,2015160215-9469                ,2015-03-02 00:00:00,M ,16:52:00,0,0,0,0,P,N,N,1.0,2,NJ 3                                              ,W,3,0.0,2,2.0,1.0,1.0,1.0,1.0,1.0,N,16:50,120+07449,2015-03-02 16:52:00
6386,2014160214-8254                ,2014-08-01 00:00:00,F ,8:31:00,0,1,0,0,I,N,N,1.0,2,NJ 3                                              ,W,3,3.82,2,2.0,1.0,1.0,1.0,1.0,2.0,N,8:30,120+07442,2014-08-01 08:31:00
6387,2.02E+17,2018-04-14 00:00:00,SA,4:28:00,0,0,0,0,P,N,N,11.0,1,NJ 3                                              ,W,3,3.82,2,2.0,1.0,6.0,1.0,2.0,1.0,N,4:30,120+07442,2018-04-14 04:28:00
6389,2013160213-6317                ,2013-06-04 00:00:00,TU,7:50:00,0,1,0,0,I,N,N,1.0,2,NJ 3                                              ,W,3,0.51,2,2.0,1.0,1.0,1.0,1.0,1.0,N,7:50,120+07449,2013-06-04 07:50:00
6390,2.02E+17,2018-04-14 00:00:00,SA,15:51:00,0,0,0,0,P,N,N,2.0,2,NJ 3                                              ,W,3,3.34,2,2.0,1.0,1.0,1.0,1.0,1.0,N,15:50,120+07443,2018-04-14 15:51:00
6393,2.02E+17,2018-04-15 00:00:00,SU,18:14:00,0,0,0,0,P,N,N,1.0,2,NJ 3                                              ,W,3,3.81,2,2.0,2.0,1.0,2.0,2.0,1.0,N,18:15,120+07442,2018-04-15 18:14:00
6394,2015160215-9979                ,2015-03-05 00:00:00,TH,12:12:00,0,1,0,0,I,N,N,2.0,3,NJ 3                                              ,W,3,3.84,2,2.0,3.0,1.0,3.0,1.0,1.0,N,12:10,120+07442,2015-03-05 12:12:00
6395,2014160214-8332                ,2014-08-03 00:00:00,S ,11:57:00,0,0,0,0,P,N,N,1.0,2,NJ 3                                              ,W,3,3.42,2,2.0,1.0,1.0,1.0,1.0,1.0,N,11:55,120+07443,2014-08-03 11:57:00
6398,2013160213-633                 ,2013-01-17 00:00:00,TH,8:09:00,0,0,0,0,P,Y,N,2.0,2,NJ 3                                              ,W,3,0.6,2,2.0,2.0,1.0,5.0,1.0,1.0,N,8:10,120P07448,2013-01-17 08:09:00
6399,2.02E+17,2018-04-16 00:00:00,MO,11:48:00,0,0,0,0,P,N,N,8.0,2,NJ 3                                              ,W,3,3.8,2,2.0,2.0,1.0,2.0,1.0,1.0,N,11:50,120+07442,2018-04-16 11:48:00
6402,2013160213-6338                ,2013-06-04 00:00:00,TU,19:05:00,0,0,0,0,P,N,N,1.0,3,NJ 3                                              ,W,3,0.04,2,2.0,1.0,1.0,1.0,1.0,1.0,N,19:05,120+07449,2013-06-04 19:05:00
6403,2.02E+17,2018-04-16 00:00:00,MO,15:52:00,0,0,0,0,P,N,N,2.0,2,NJ 3                                              ,W,3,0.51,2,2.0,1.0,1.0,1.0,4.0,1.0,N,15:50,120+07449,2018-04-16 15:52:00
6404,2.02E+17,2017-06-17 00:00:00,SA,12:14:00,0,0,0,0,P,N,N,2.0,2,NJ 3                                              ,W,3,3.84,2,2.0,2.0,1.0,2.0,1.0,1.0,N,12:15,120+07442,2017-06-17 12:14:00
6406,2.02E+17,2018-04-16 00:00:00,MO,16:01:00,0,0,0,0,P,N,N,1.0,2,NJ 3                                              ,W,3,2.42,2,2.0,1.0,1.0,1.0,4.0,1.0,N,16:00,120P07444,2018-04-16 16:01:00
6407,2.02E+17,2016-09-25 00:00:00,S ,12:56:00,0,0,0,0,P,N,N,2.0,2,NJ 3                                              ,W,3,2.7,2,2.0,1.0,1.0,1.0,5.0,1.0,N,12:55,120+07444,2016-09-25 12:56:00
6411,2.02E+17,2018-04-16 00:00:00,MO,16:19:00,0,1,0,0,I,N,N,3.0,2,NJ 3                                              ,W,3,0.5,2,2.0,1.0,1.0,1.0,4.0,1.0,N,16:20,120+07449,2018-04-16 16:19:00
6414,2013160213-6370                ,2013-06-05 00:00:00,W ,17:02:00,0,0,0,0,P,N,N,1.0,4,NJ 3                                              ,W,3,0.1,2,2.0,1.0,1.0,1.0,4.0,1.0,N,17:00,120+07449,2013-06-05 17:02:00
6415,2.02E+17,2018-04-16 00:00:00,MO,17:28:00,0,0,0,0,P,N,N,1.0,2,NJ 3                                              ,W,3,3.87,2,2.0,1.0,1.0,1.0,1.0,1.0,N,17:30,120+07442,2018-04-16 17:28:00
6417,2.02E+17,2018-04-16 00:00:00,MO,18:54:00,0,0,0,0,P,N,N,2.0,2,NJ 3                                              ,W,3,0.1,2,2.0,1.0,3.0,1.0,4.0,1.0,N,18:55,120+07449,2018-04-16 18:54:00
6418,2.02E+17,2017-06-20 00:00:00,TU,7:31:00,0,2,0,0,I,N,N,1.0,3,NJ 3                                              ,W,3,1.3,2,2.0,1.0,1.0,1.0,5.0,1.0,N,7:30,120P07446,2017-06-20 07:31:00
6419,2.02E+17,2018-04-17 00:00:00,TU,8:44:00,0,1,0,0,I,N,N,1.0,3,NJ 3                                              ,W,3,1.17,2,2.0,1.0,1.0,1.0,1.0,1.0,N,8:45,120P07447,2018-04-17 08:44:00
6420,2013160213-6399                ,2013-06-06 00:00:00,TH,11:27:00,0,0,0,0,P,N,N,1.0,2,NJ 3                                              ,W,3,3.36,2,2.0,1.0,1.0,1.0,1.0,1.0,N,11:25,120+07443,2013-06-06 11:27:00
6422,2.02E+17,2018-04-17 00:00:00,TU,11:21:00,0,0,0,0,P,N,N,1.0,2,NJ 3                                              ,W,3,0.01,2,2.0,1.0,1.0,1.0,1.0,1.0,N,11:20,120+07449,2018-04-17 11:21:00
6428,2.02E+17,2018-04-17 00:00:00,TU,12:04:00,0,0,0,0,P,N,N,1.0,3,NJ 3                                              ,W,3,0.0,2,2.0,1.0,1.0,1.0,1.0,1.0,N,12:05,120+07449,2018-04-17 12:04:00
6429,2.02E+17,2017-06-21 00:00:00,WE,16:19:00,0,0,0,0,P,Y,N,1.0,2,NJ 3                                              ,W,3,3.58,2,2.0,1.0,1.0,1.0,1.0,1.0,N,16:20,120P07442,2017-06-21 16:19:00
6430,2013160213-6483                ,2013-06-08 00:00:00,SA,15:28:00,0,0,0,0,P,N,N,1.0,2,NJ 3                                              ,W,3,3.87,2,2.0,1.0,1.0,1.0,1.0,1.0,N,15:30,120+07442,2013-06-08 15:28:00
6432,2013160213-6484                ,2013-06-08 00:00:00,SA,15:28:00,0,2,0,0,I,N,N,1.0,2,NJ 3                                              ,W,3,3.86,2,2.0,1.0,1.0,1.0,1.0,2.0,N,15:30,120+07442,2013-06-08 15:28:00
6434,2.02E+17,2016-09-30 00:00:00,F ,17:26:00,0,0,0,0,P,N,N,1.0,2,NJ 3                                              ,W,3,1.53,2,2.0,2.0,3.0,2.0,1.0,1.0,N,17:25,120+07445,2016-09-30 17:26:00
6435,2.02E+17,2017-06-22 00:00:00,TH,14:32:00,0,0,0,0,P,N,N,1.0,2,NJ 3                                              ,W,3,0.66,2,2.0,1.0,1.0,1.0,1.0,1.0,N,14:30,120P07448,2017-06-22 14:32:00
6436,2013160213-6505                ,2013-06-09 00:00:00,S ,2:16:00,0,0,0,0,P,N,N,11.0,1,NJ 3                                              ,W,3,1.44,2,2.0,1.0,6.0,1.0,1.0,1.0,N,2:15,120P07446,2013-06-09 02:16:00
6438,2.02E+17,2018-04-19 00:00:00,TH,8:03:00,0,0,0,0,P,N,N,2.0,2,NJ 3                                              ,W,3,1.41,2,2.0,2.0,1.0,5.0,5.0,1.0,N,8:05,120P07446,2018-04-19 08:03:00
6447,201516022015-6691              ,2015-02-13 00:00:00,F ,13:17:00,0,0,0,0,P,N,N,1.0,3,NJ 3                                              ,W,3,0.09,2,2.0,1.0,1.0,1.0,1.0,1.0,N,13:15,120+07449,2015-02-13 13:17:00
6448,2.02E+17,2018-04-20 00:00:00,FR,11:07:00,0,0,0,0,P,N,N,1.0,2,NJ 3                                              ,W,3,3.82,2,2.0,1.0,1.0,1.0,1.0,1.0,N,11:05,120+07442,2018-04-20 11:07:00
6450,2.02E+17,2017-06-25 00:00:00,SU,7:42:00,0,0,0,0,P,N,N,2.0,2,NJ 3                                              ,W,3,2.61,2,2.0,1.0,1.0,1.0,1.0,1.0,N,7:40,120+07444,2017-06-25 07:42:00
6451,2.02E+17,2018-04-20 00:00:00,FR,19:46:00,0,0,0,0,P,N,N,1.0,2,NJ 3                                              ,W,3,3.82,2,2.0,1.0,3.0,1.0,1.0,1.0,N,19:45,120+07442,2018-04-20 19:46:00
6454,2013160213-6587                ,2013-06-11 00:00:00,TU,7:33:00,0,0,0,0,P,N,N,1.0,2,NJ 3                                              ,W,3,1.22,2,2.0,1.0,1.0,1.0,1.0,1.0,N,7:35,120P07447,2013-06-11 07:33:00
6455,2.02E+17,2018-04-21 00:00:00,SA,1:53:00,0,0,0,0,P,N,N,2.0,2,NJ 3                                              ,W,3,3.8,2,2.0,1.0,6.0,1.0,1.0,1.0,N,1:55,120+07442,2018-04-21 01:53:00
6456,2.02E+17,2016-10-03 00:00:00,M ,17:00:00,0,0,0,0,P,N,N,1.0,2,NJ 3                                              ,W,3,4.91,2,2.0,1.0,1.0,1.0,1.0,1.0,N,17:00,120P04739,2016-10-03 17:00:00
6458,2013160213-6588                ,2013-06-11 00:00:00,TU,7:56:00,0,0,0,0,P,N,N,1.0,2,NJ 3                                              ,W,3,1.22,2,2.0,1.0,1.0,1.0,1.0,1.0,N,7:55,120P07447,2013-06-11 07:56:00
6463,2.02E+17,2018-04-22 00:00:00,SU,14:19:00,0,0,0,0,P,N,N,1.0,2,NJ 3                                              ,W,3,0.55,2,2.0,1.0,1.0,1.0,1.0,1.0,N,14:20,120+07449,2018-04-22 14:19:00
6464,2014160214-885                 ,2014-01-23 00:00:00,TH,21:46:00,0,0,0,0,P,N,N,11.0,1,NJ 3                                              ,W,3,3.42,2,2.0,1.0,6.0,1.0,1.0,1.0,N,21:45,120+07443,2014-01-23 21:46:00
6466,2014160214-8892                ,2014-08-19 00:00:00,TU,10:15:00,0,0,0,0,P,N,N,1.0,2,NJ 3                                              ,W,3,0.04,2,2.0,1.0,1.0,1.0,1.0,1.0,N,10:15,120+07449,2014-08-19 10:15:00
6467,2.02E+17,2018-04-22 00:00:00,SU,17:17:00,0,0,0,0,P,N,N,1.0,2,NJ 3                                              ,W,3,3.83,2,2.0,1.0,1.0,1.0,1.0,1.0,N,17:15,120+07442,2018-04-22 17:17:00
6469,2.02E+17,2018-04-23 00:00:00,MO,16:17:00,0,0,0,0,P,N,N,1.0,3,NJ 3                                              ,W,3,1.47,2,2.0,1.0,1.0,1.0,1.0,1.0,N,16:15,120+07445,2018-04-23 16:17:00
6473,2.02E+17,2018-04-24 00:00:00,TU,7:43:00,0,0,0,0,P,N,N,1.0,2,NJ 3                                              ,W,3,1.52,2,2.0,1.0,1.0,1.0,1.0,1.0,N,7:45,120+07445,2018-04-24 07:43:00
6474,2013160213-6675                ,2013-06-13 00:00:00,TH,7:37:00,0,0,0,0,P,N,N,1.0,2,NJ 3                                              ,W,3,2.7,2,2.0,2.0,1.0,2.0,1.0,1.0,N,7:35,120+07444,2013-06-13 07:37:00
6475,2.02E+17,2015-07-08 00:00:00,W ,23:59:00,0,0,0,0,P,N,N,1.0,2,NJ 3                                              ,W,3,3.84,2,2.0,1.0,6.0,1.0,1.0,1.0,N,0:00,120+07442,2015-07-08 23:59:00
6476,2014160214-8953                ,2014-08-20 00:00:00,W ,15:43:00,0,0,0,0,P,N,N,2.0,2,NJ 3                                              ,W,3,4.85,2,2.0,1.0,1.0,1.0,1.0,1.0,N,15:45,120P04739,2014-08-20 15:43:00
6479,2.02E+17,2018-04-24 00:00:00,TU,8:41:00,0,0,0,0,P,N,N,1.0,2,NJ 3                                              ,W,3,1.52,2,2.0,1.0,1.0,1.0,1.0,1.0,N,8:40,120+07445,2018-04-24 08:41:00
6480,2.02E+17,2016-10-06 00:00:00,TH,20:45:00,0,0,0,0,P,N,N,1.0,2,NJ 3                                              ,W,3,2.68,2,2.0,1.0,6.0,1.0,1.0,1.0,N,20:45,120+07444,2016-10-06 20:45:00
6483,2.02E+17,2017-06-28 00:00:00,WE,12:15:00,0,0,0,0,P,N,N,2.0,2,NJ 3                                              ,W,3,0.0,2,2.0,1.0,1.0,1.0,5.0,1.0,N,12:15,120+07449,2017-06-28 12:15:00
6484,2.02E+17,2018-04-24 00:00:00,TU,15:29:00,0,0,0,0,P,N,N,1.0,2,NJ 3                                              ,W,3,3.83,2,2.0,1.0,1.0,1.0,1.0,1.0,N,15:30,120+07442,2018-04-24 15:29:00
6489,2.02E+17,2018-04-25 00:00:00,WE,8:56:00,0,0,0,0,P,N,N,2.0,2,NJ 3                                              ,W,3,0.57,2,2.0,2.0,1.0,2.0,5.0,1.0,N,8:55,120P07448,2018-04-25 08:56:00
6490,2013160213-670                 ,2013-01-18 00:00:00,F ,8:10:00,0,0,0,0,P,N,N,1.0,2,NJ 3                                              ,W,3,4.89,2,2.0,1.0,1.0,1.0,1.0,2.0,N,8:10,120P04739,2013-01-18 08:10:00
6492,2.02E+17,2015-07-13 00:00:00,M ,17:40:00,0,0,0,0,P,N,N,2.0,2,NJ 3                                              ,W,3,0.49,2,2.0,1.0,1.0,1.0,1.0,1.0,N,17:40,120+07449,2015-07-13 17:40:00
6493,2.02E+17,2018-04-25 00:00:00,WE,15:31:00,0,0,0,0,P,N,N,1.0,2,NJ 3                                              ,W,3,0.6,2,2.0,2.0,1.0,2.0,1.0,1.0,N,15:30,120P07448,2018-04-25 15:31:00
6497,2.02E+17,2017-06-29 00:00:00,TH,14:26:00,0,0,0,0,P,N,N,2.0,2,NJ 3                                              ,W,3,0.5,2,2.0,1.0,1.0,1.0,1.0,1.0,N,14:25,120+07449,2017-06-29 14:26:00
6499,2.02E+17,2016-10-12 00:00:00,W ,8:03:00,0,1,0,0,I,N,N,1.0,2,NJ 3                                              ,W,3,1.44,2,2.0,1.0,1.0,1.0,1.0,1.0,N,8:05,120P07446,2016-10-12 08:03:00
6500,2.02E+17,2017-06-29 00:00:00,TH,17:54:00,0,0,0,0,P,N,N,1.0,3,NJ 3                                              ,W,3,0.64,2,2.0,1.0,1.0,1.0,1.0,1.0,N,17:55,120P07448,2017-06-29 17:54:00
6501,2013160213-6762                ,2013-06-15 00:00:00,SA,3:16:00,0,0,0,0,P,N,N,2.0,2,NJ 3                                              ,W,3,3.46,2,2.0,1.0,6.0,1.0,1.0,1.0,N,3:15,120+07443,2013-06-15 03:16:00
6504,2.02E+17,2018-04-26 00:00:00,TH,9:04:00,0,0,0,0,P,N,N,1.0,2,NJ 3                                              ,W,3,0.1,2,2.0,1.0,1.0,1.0,5.0,2.0,N,9:05,120+07449,2018-04-26 09:04:00
6505,2.02E+17,2017-06-29 00:00:00,TH,17:56:00,0,0,0,0,P,N,N,1.0,2,NJ 3                                              ,W,3,1.2,2,2.0,1.0,1.0,1.0,1.0,1.0,N,17:55,120P07447,2017-06-29 17:56:00
6506,2013160213-678                 ,2013-01-18 00:00:00,F ,13:54:00,0,0,0,0,P,N,N,1.0,2,NJ 3                                              ,W,3,3.82,2,2.0,1.0,1.0,1.0,1.0,1.0,N,13:55,120+07442,2013-01-18 13:54:00
6507,2.02E+17,2015-07-16 00:00:00,TH,13:35:00,0,0,0,0,P,N,N,2.0,2,NJ 3                                              ,W,3,1.44,2,2.0,1.0,1.0,1.0,1.0,1.0,N,13:35,120P07446,2015-07-16 13:35:00
6508,2.02E+17,2018-04-26 00:00:00,TH,13:59:00,0,0,0,0,P,N,N,2.0,2,NJ 3                                              ,W,3,3.87,2,2.0,1.0,1.0,1.0,1.0,1.0,N,14:00,120+07442,2018-04-26 13:59:00
6511,2.02E+17,2016-10-14 00:00:00,F ,8:00:00,0,1,0,0,I,N,N,1.0,2,NJ 3                                              ,W,3,0.5,2,2.0,1.0,1.0,1.0,1.0,1.0,N,8:00,120+07449,2016-10-14 08:00:00
6512,2.02E+17,2018-04-26 00:00:00,TH,15:19:00,0,0,0,0,P,N,N,1.0,2,NJ 3                                              ,W,3,2.69,2,2.0,1.0,1.0,1.0,1.0,1.0,N,15:20,120+07444,2018-04-26 15:19:00
6513,2013160213-6811                ,2013-06-16 00:00:00,S ,8:06:00,0,1,0,0,I,N,N,1.0,2,NJ 3                                              ,W,3,3.42,2,2.0,1.0,1.0,5.0,1.0,1.0,N,8:05,120+07443,2013-06-16 08:06:00
6515,2013160213-6849                ,2013-06-17 00:00:00,M ,10:55:00,0,0,0,0,P,N,N,1.0,3,NJ 3                                              ,W,3,3.44,2,2.0,1.0,1.0,1.0,1.0,1.0,N,10:55,120+07443,2013-06-17 10:55:00
6516,2.02E+17,2018-04-26 00:00:00,TH,20:08:00,0,0,0,0,P,N,N,2.0,2,NJ 3                                              ,W,3,3.91,2,2.0,1.0,6.0,1.0,1.0,1.0,N,20:10,120+07442,2018-04-26 20:08:00
6518,2.02E+17,2017-06-30 00:00:00,FR,14:03:00,0,1,0,0,I,N,N,1.0,2,NJ 3                                              ,W,3,0.0,2,2.0,1.0,1.0,1.0,5.0,1.0,N,14:05,120+07449,2017-06-30 14:03:00
6519,2.02E+17,2015-07-21 00:00:00,TU,17:17:00,0,0,0,0,P,N,N,1.0,2,NJ 3                                              ,W,3,0.76,2,2.0,1.0,1.0,1.0,1.0,1.0,N,17:15,120+07448,2015-07-21 17:17:00
6520,2013160213-6878                ,2013-06-18 00:00:00,TU,8:05:00,0,0,0,0,P,N,N,1.0,2,NJ 3                                              ,W,3,3.82,2,2.0,1.0,1.0,1.0,1.0,1.0,N,8:05,120+07442,2013-06-18 08:05:00
6523,2.02E+17,2018-04-27 00:00:00,FR,15:49:00,0,0,0,0,P,N,N,1.0,2,NJ 3                                              ,W,3,0.65,2,2.0,2.0,1.0,2.0,1.0,1.0,N,15:50,120P07448,2018-04-27 15:49:00
6524,2014160214-9224                ,2014-08-28 00:00:00,TH,15:28:00,0,0,0,0,P,N,N,1.0,2,NJ 3                                              ,W,3,0.76,2,2.0,1.0,1.0,1.0,1.0,1.0,N,15:30,120+07448,2014-08-28 15:28:00
6525,2.02E+17,2016-10-15 00:00:00,SA,12:19:00,0,0,0,0,P,N,N,1.0,2,NJ 3                                              ,W,3,3.9,2,2.0,1.0,1.0,1.0,5.0,1.0,N,12:20,120+07442,2016-10-15 12:19:00
6526,2013160213-6922                ,2013-06-19 00:00:00,W ,7:42:00,0,0,0,0,P,N,N,1.0,3,NJ 3                                              ,W,3,0.53,2,2.0,1.0,1.0,1.0,1.0,1.0,N,7:40,120+07449,2013-06-19 07:42:00
6527,2.02E+17,2018-04-27 00:00:00,FR,18:18:00,0,0,0,0,P,N,N,1.0,2,NJ 3                                              ,W,3,3.9,2,2.0,2.0,1.0,1.0,1.0,1.0,N,18:20,120+07442,2018-04-27 18:18:00
6529,2.02E+17,2017-07-02 00:00:00,SU,4:34:00,0,0,0,0,P,N,N,11.0,1,NJ 3                                              ,W,3,3.73,2,2.0,1.0,4.0,1.0,1.0,1.0,N,4:35,120+07442,2017-07-02 04:34:00
6530,2.02E+17,2018-04-28 00:00:00,SA,8:25:00,0,0,0,0,P,N,N,2.0,2,NJ 3                                              ,W,3,4.87,2,2.0,1.0,1.0,1.0,1.0,1.0,N,8:25,120P04739,2018-04-28 08:25:00
6531,2.02E+17,2015-07-23 00:00:00,TH,7:57:00,0,0,0,0,P,N,N,2.0,3,NJ 3                                              ,W,3,1.44,2,2.0,1.0,1.0,1.0,1.0,1.0,N,7:55,120P07446,2015-07-23 07:57:00
6533,2.02E+17,2018-04-28 00:00:00,SA,20:02:00,0,0,0,0,P,N,N,1.0,2,NJ 3                                              ,W,3,3.62,2,2.0,2.0,3.0,2.0,1.0,1.0,N,20:00,120P07442,2018-04-28 20:02:00
6537,2.02E+17,2018-04-29 00:00:00,SU,13:03:00,0,0,0,0,P,N,N,1.0,2,NJ 3                                              ,W,3,0.3,2,2.0,1.0,1.0,1.0,2.0,1.0,N,13:05,120+07449,2018-04-29 13:03:00
6538,2.02E+17,2017-07-03 00:00:00,MO,14:04:00,0,0,0,0,P,N,N,1.0,2,NJ 3                                              ,W,3,3.87,2,2.0,1.0,1.0,1.0,5.0,1.0,N,14:05,120+07442,2017-07-03 14:04:00
6540,2.02E+17,2017-07-05 00:00:00,WE,9:21:00,0,0,0,0,P,N,N,2.0,2,NJ 3                                              ,W,3,0.32,2,2.0,1.0,1.0,1.0,1.0,1.0,N,9:20,120+07449,2017-07-05 09:21:00
6541,2014160214-9416                ,2014-09-03 00:00:00,W ,15:04:00,0,0,0,0,P,N,N,2.0,2,NJ 3                                              ,W,3,0.53,2,2.0,1.0,1.0,1.0,1.0,1.0,N,15:05,120+07449,2014-09-03 15:04:00
6542,2.02E+17,2016-10-18 00:00:00,TU,18:50:00,0,0,0,0,P,N,N,1.0,2,NJ 3                                              ,W,3,1.25,2,2.0,1.0,6.0,1.0,1.0,1.0,N,18:50,120P07447,2016-10-18 18:50:00
6543,2013160213-696                 ,2013-01-18 00:00:00,F ,20:08:00,0,0,0,0,P,N,N,1.0,2,NJ 3                                              ,W,3,3.83,2,2.0,1.0,6.0,1.0,2.0,2.0,N,20:10,120+07442,2013-01-18 20:08:00
6544,2.02E+17,2017-07-05 00:00:00,WE,16:35:00,0,0,0,0,P,N,N,1.0,2,NJ 3                                              ,W,3,3.85,2,2.0,1.0,1.0,1.0,1.0,1.0,N,16:35,120+07442,2017-07-05 16:35:00
6545,2.02E+17,2016-10-19 00:00:00,W ,7:56:00,0,0,0,0,P,N,N,15.0,2,NJ 3                                              ,W,3,4.89,2,2.0,1.0,1.0,1.0,1.0,1.0,N,7:55,120P04739,2016-10-19 07:56:00
6547,2.02E+17,2018-04-30 00:00:00,MO,15:07:00,0,0,0,0,P,N,N,1.0,2,NJ 3                                              ,W,3,1.2,2,2.0,1.0,1.0,2.0,1.0,1.0,N,15:05,120P07447,2018-04-30 15:07:00
6548,2.02E+17,2017-07-06 00:00:00,TH,7:56:00,0,1,0,0,I,N,N,1.0,3,NJ 3                                              ,W,3,2.69,2,2.0,2.0,1.0,2.0,5.0,1.0,N,7:55,120+07444,2017-07-06 07:56:00
6549,2.02E+17,2015-07-23 00:00:00,TH,19:34:00,0,0,0,0,P,N,N,2.0,2,NJ 3                                              ,W,3,3.9,2,2.0,1.0,1.0,1.0,1.0,1.0,N,19:35,120+07442,2015-07-23 19:34:00
6550,2.02E+17,2016-10-19 00:00:00,W ,8:49:00,0,0,0,0,P,N,N,1.0,3,NJ 3                                              ,W,3,3.91,2,2.0,1.0,1.0,1.0,1.0,1.0,N,8:50,120+07442,2016-10-19 08:49:00
6552,2.02E+17,2017-07-06 00:00:00,TH,10:42:00,0,0,0,0,P,N,N,1.0,2,NJ 3                                              ,W,3,1.01,2,2.0,1.0,1.0,1.0,1.0,1.0,N,10:40,120+07448,2017-07-06 10:42:00
6553,2.02E+17,2018-04-30 00:00:00,MO,17:54:00,0,0,0,0,P,N,N,1.0,2,NJ 3                                              ,W,3,3.42,2,2.0,2.0,1.0,2.0,1.0,1.0,N,17:55,120+07443,2018-04-30 17:54:00
6557,2.02E+17,2017-07-07 00:00:00,FR,15:45:00,0,0,0,0,P,N,N,1.0,2,NJ 3                                              ,W,3,0.76,2,2.0,1.0,1.0,1.0,1.0,1.0,N,15:45,120+07448,2017-07-07 15:45:00
6558,2014160214-9501                ,2014-09-05 00:00:00,F ,19:59:00,0,1,0,0,I,N,N,1.0,2,NJ 3                                              ,W,3,2.64,2,2.0,1.0,1.0,1.0,5.0,1.0,N,20:00,120+07444,2014-09-05 19:59:00
6559,2.02E+17,2015-07-26 00:00:00,S ,20:30:00,0,3,0,0,I,N,N,2.0,2,NJ 3                                              ,W,3,3.81,2,3.0,1.0,5.0,1.0,1.0,1.0,N,20:30,120+07442,2015-07-26 20:30:00
6560,2013160213-7022                ,2013-06-21 00:00:00,F ,14:17:00,0,0,0,0,P,N,N,1.0,2,NJ 3                                              ,W,3,3.91,2,2.0,1.0,1.0,1.0,1.0,2.0,N,14:15,120+07442,2013-06-21 14:17:00
6561,2013160213-7027                ,2013-06-21 00:00:00,F ,16:23:00,0,0,0,0,P,N,N,1.0,2,NJ 3                                              ,W,3,0.01,2,2.0,1.0,1.0,1.0,1.0,1.0,N,16:25,120+07449,2013-06-21 16:23:00
6562,2014160214-952                 ,2014-01-25 00:00:00,SA,11:18:00,0,1,0,0,I,N,N,13.0,1,NJ 3                                              ,W,3,3.42,2,2.0,1.0,1.0,5.0,1.0,1.0,N,11:20,120+07443,2014-01-25 11:18:00
6563,2.02E+17,2018-05-02 00:00:00,WE,19:43:00,0,1,0,0,I,N,N,1.0,2,NJ 3                                              ,W,3,3.43,2,2.0,1.0,1.0,1.0,1.0,1.0,N,19:45,120+07443,2018-05-02 19:43:00
6568,2.02E+17,2015-07-31 00:00:00,F ,3:06:00,2,3,0,0,F,N,N,11.0,1,NJ 3                                              ,W,3,0.1,2,2.0,1.0,6.0,1.0,2.0,1.0,N,3:05,120+07449,2015-07-31 03:06:00
6569,2013160213-7052                ,2013-06-22 00:00:00,SA,9:29:00,0,0,0,0,P,N,N,2.0,2,NJ 3                                              ,W,3,3.44,2,2.0,1.0,6.0,1.0,1.0,1.0,N,9:30,120+07443,2013-06-22 09:29:00
6571,2.02E+17,2016-10-21 00:00:00,F ,16:15:00,0,0,0,0,P,N,N,1.0,2,NJ 3                                              ,W,3,0.0,2,2.0,2.0,1.0,1.0,1.0,1.0,N,16:15,120+07449,2016-10-21 16:15:00
6573,2.02E+17,2018-05-05 00:00:00,SA,10:31:00,0,0,0,0,P,N,N,15.0,2,NJ 3                                              ,W,3,1.5,2,2.0,1.0,1.0,5.0,1.0,1.0,N,10:30,120+07445,2018-05-05 10:31:00
6574,2.02E+17,2015-07-31 00:00:00,F ,17:48:00,0,2,0,0,I,N,N,1.0,2,NJ 3                                              ,W,3,4.57,2,2.0,1.0,1.0,1.0,1.0,1.0,N,17:50,120+04740,2015-07-31 17:48:00
6577,2013160213-7137                ,2013-06-24 00:00:00,M ,16:29:00,0,0,0,0,P,N,N,1.0,2,NJ 3                                              ,W,3,3.82,2,2.0,1.0,1.0,1.0,1.0,1.0,N,16:30,120+07442,2013-06-24 16:29:00
6578,2.02E+17,2015-08-04 00:00:00,TU,16:31:00,0,0,0,0,P,N,N,1.0,2,NJ 3                                              ,W,3,4.89,2,2.0,1.0,1.0,1.0,1.0,1.0,N,16:30,120P04739,2015-08-04 16:31:00
6581,2014160214-9611                ,2014-09-09 00:00:00,TU,8:33:00,0,0,0,0,P,N,N,1.0,2,NJ 3                                              ,W,3,3.38,2,2.0,1.0,1.0,1.0,1.0,1.0,N,8:35,120+07443,2014-09-09 08:33:00
6582,2.02E+17,2018-05-07 00:00:00,MO,19:09:00,0,0,0,0,P,N,N,1.0,2,NJ 3                                              ,W,3,3.43,2,2.0,1.0,1.0,1.0,1.0,1.0,N,19:10,120+07443,2018-05-07 19:09:00
6583,2013160213-7210                ,2013-06-26 00:00:00,W ,6:38:00,0,0,0,0,P,N,N,2.0,2,NJ 3                                              ,W,3,4.7,2,2.0,1.0,1.0,1.0,5.0,1.0,N,6:40,120P04739,2013-06-26 06:38:00
6586,2013160213-7215                ,2013-06-26 00:00:00,W ,8:31:00,0,0,0,0,P,N,N,1.0,3,NJ 3                                              ,W,3,0.14,2,2.0,1.0,1.0,1.0,1.0,1.0,N,8:30,120+07449,2013-06-26 08:31:00