,CRASH_ID,DATE,DAY,TIME,KILLED,INJURED,PED_KILL,PED_INJ,SEVERITY,ALCOHOL,HAZMAT,CRASH_TYPE,VEH_COUNT,LOCATION,LOC_DIR,ROUTE,MP,RD_SYS,RD_SURF,SURF_COND,LIGHT,WEATHER,RD_DIV,RD_WRKZN,CELL_USE,TIME_ROUND,TMC,timestamp
6587,2014160214-9646                ,2014-09-10 00:00:00,W ,7:49:00,0,0,0,0,P,N,N,2.0,2,NJ 3                                              ,W,3,0.6,2,2.0,1.0,1.0,1.0,1.0,1.0,N,7:50,120P07448,2014-09-10 07:49:00
6588,2.02E+17,2018-05-08 00:00:00,TU,14:33:00,0,1,0,0,I,N,N,1.0,2,NJ 3                                              ,W,3,1.06,2,2.0,1.0,1.0,1.0,4.0,1.0,N,14:35,120+07448,2018-05-08 14:33:00
6591,2.02E+17,2017-07-16 00:00:00,SU,21:40:00,0,1,0,0,I,N,N,2.0,2,NJ 3                                              ,W,3,4.07,2,2.0,1.0,1.0,1.0,1.0,1.0,N,21:40,120+07442,2017-07-16 21:40:00
6592,2014160214-9649                ,2014-09-10 00:00:00,W ,8:45:00,0,0,0,0,P,N,N,2.0,2,NJ 3                                              ,W,3,4.85,2,2.0,1.0,1.0,1.0,1.0,1.0,N,8:45,120P04739,2014-09-10 08:45:00
6593,2.02E+17,2015-08-12 00:00:00,W ,8:26:00,0,0,0,0,P,N,N,2.0,2,NJ 3                                              ,W,3,1.44,2,2.0,1.0,1.0,1.0,1.0,1.0,N,8:25,120P07446,2015-08-12 08:26:00
6595,2.02E+17,2018-05-08 00:00:00,TU,15:16:00,0,1,0,0,I,N,N,1.0,2,NJ 3                                              ,W,3,0.1,2,2.0,1.0,1.0,1.0,1.0,1.0,N,15:15,120+07449,2018-05-08 15:16:00
6596,2.02E+17,2018-05-08 00:00:00,TU,15:59:00,0,0,0,0,P,N,N,1.0,3,NJ 3                                              ,W,3,2.73,2,2.0,1.0,1.0,1.0,1.0,1.0,N,16:00,120+07444,2018-05-08 15:59:00
6597,2013160213-7239                ,2013-06-26 00:00:00,W ,17:04:00,0,0,0,0,P,N,N,1.0,2,NJ 3                                              ,W,3,0.0,2,2.0,1.0,1.0,1.0,1.0,1.0,N,17:05,120+07449,2013-06-26 17:04:00
6599,2013160213-7253                ,2013-06-27 00:00:00,TH,6:29:00,0,0,0,0,P,N,N,2.0,2,NJ 3                                              ,W,3,0.0,2,2.0,1.0,1.0,1.0,1.0,1.0,N,6:30,120+07449,2013-06-27 06:29:00
6600,2014160214-9665                ,2014-09-10 00:00:00,W ,16:07:00,0,0,0,0,P,N,N,1.0,2,NJ 3                                              ,W,3,1.22,2,2.0,1.0,1.0,1.0,1.0,1.0,N,16:05,120P07447,2014-09-10 16:07:00
6601,2.02E+17,2018-05-08 00:00:00,TU,16:09:00,0,0,0,0,P,N,N,1.0,2,NJ 3                                              ,W,3,1.38,2,2.0,1.0,1.0,1.0,1.0,1.0,N,16:10,120P07446,2018-05-08 16:09:00
6603,2014160214-9690                ,2014-09-11 00:00:00,TH,9:34:00,0,0,0,0,P,N,N,1.0,2,NJ 3                                              ,W,3,3.8,2,2.0,1.0,1.0,5.0,1.0,2.0,N,9:35,120+07442,2014-09-11 09:34:00
6606,2.02E+17,2016-10-25 00:00:00,TU,9:36:00,0,0,0,0,P,N,N,2.0,2,NJ 3                                              ,W,3,0.45,2,2.0,2.0,1.0,2.0,2.0,1.0,N,9:35,120+07449,2016-10-25 09:36:00
6607,2.02E+17,2017-07-19 00:00:00,WE,16:19:00,0,0,0,0,P,N,N,1.0,2,NJ 3                                              ,W,3,3.74,2,2.0,1.0,1.0,1.0,1.0,1.0,N,16:20,120+07442,2017-07-19 16:19:00
6608,2014160214-9766                ,2014-09-13 00:00:00,SA,13:37:00,0,0,0,0,P,N,N,2.0,2,NJ 3                                              ,W,3,3.68,2,2.0,1.0,1.0,5.0,5.0,1.0,N,13:35,120+07442,2014-09-13 13:37:00
6609,2.02E+17,2018-05-09 00:00:00,WE,20:06:00,0,0,0,0,P,N,N,1.0,2,NJ 3                                              ,W,3,4.82,2,2.0,1.0,7.0,1.0,1.0,1.0,N,20:05,120P04739,2018-05-09 20:06:00
6612,2.02E+17,2017-07-21 00:00:00,FR,7:29:00,0,0,0,0,P,N,N,1.0,2,NJ 3                                              ,W,3,0.43,2,2.0,1.0,1.0,1.0,1.0,1.0,N,7:30,120+07449,2017-07-21 07:29:00
6613,2.02E+17,2018-05-09 00:00:00,WE,23:24:00,0,1,0,0,I,N,N,1.0,2,NJ 3                                              ,W,3,3.82,2,2.0,1.0,6.0,1.0,1.0,1.0,N,23:25,120+07442,2018-05-09 23:24:00
6614,2.02E+17,2015-08-15 00:00:00,SA,19:57:00,0,0,0,0,P,N,N,11.0,1,NJ 3                                              ,W,3,4.89,2,2.0,1.0,1.0,1.0,1.0,1.0,N,19:55,120P04739,2015-08-15 19:57:00
6615,2.02E+17,2018-05-11 00:00:00,FR,11:41:00,0,0,0,0,P,N,N,1.0,2,NJ 3                                              ,W,3,3.42,2,2.0,1.0,1.0,1.0,1.0,1.0,N,11:40,120+07443,2018-05-11 11:41:00
6616,2.02E+17,2017-07-21 00:00:00,FR,17:10:00,0,0,0,0,P,N,N,2.0,2,NJ 3                                              ,W,3,3.91,2,2.0,1.0,1.0,1.0,1.0,1.0,N,17:10,120+07442,2017-07-21 17:10:00
6619,2.02E+17,2016-10-26 00:00:00,W ,18:46:00,0,0,0,0,P,N,N,1.0,2,NJ 3                                              ,W,3,0.54,2,2.0,1.0,6.0,1.0,1.0,1.0,N,18:45,120+07449,2016-10-26 18:46:00
6620,2014160214-9839                ,2014-09-15 00:00:00,M ,7:59:00,0,0,0,0,P,N,N,1.0,2,NJ 3                                              ,W,3,3.41,2,2.0,1.0,1.0,1.0,1.0,1.0,N,8:00,120+07443,2014-09-15 07:59:00
6622,2.02E+17,2015-08-17 00:00:00,M ,16:28:00,0,1,0,0,I,N,N,1.0,2,NJ 3                                              ,W,3,1.44,2,2.0,1.0,1.0,1.0,1.0,1.0,N,16:30,120P07446,2015-08-17 16:28:00
6624,2.02E+17,2016-10-26 00:00:00,W ,19:45:00,0,0,0,0,P,N,N,1.0,2,NJ 3                                              ,W,3,2.7,2,2.0,1.0,6.0,1.0,1.0,1.0,Y,19:45,120+07444,2016-10-26 19:45:00
6625,2013160213-7423                ,2013-07-01 00:00:00,M ,11:25:00,0,1,0,0,I,N,N,1.0,2,NJ 3                                              ,W,3,3.67,2,2.0,2.0,1.0,2.0,5.0,1.0,N,11:25,120+07442,2013-07-01 11:25:00
6626,2.02E+17,2017-07-23 00:00:00,SU,12:52:00,0,0,0,0,P,N,N,1.0,2,NJ 3                                              ,W,3,3.82,2,2.0,1.0,1.0,5.0,5.0,1.0,N,12:50,120+07442,2017-07-23 12:52:00
6629,2.02E+17,2018-05-13 00:00:00,SU,10:31:00,0,0,0,0,P,N,N,1.0,2,NJ 3                                              ,W,3,0.5,2,2.0,1.0,1.0,5.0,5.0,1.0,N,10:30,120+07449,2018-05-13 10:31:00
6630,2013160213-7427                ,2013-07-01 00:00:00,M ,12:21:00,0,0,0,0,P,N,N,2.0,2,NJ 3                                              ,W,3,0.6,2,2.0,2.0,1.0,2.0,1.0,1.0,N,12:20,120P07448,2013-07-01 12:21:00
6633,2014160214-9924                ,2014-09-17 00:00:00,W ,7:16:00,0,0,0,0,P,N,N,2.0,2,NJ 3                                              ,W,3,0.45,2,2.0,1.0,1.0,1.0,1.0,1.0,N,7:15,120+07449,2014-09-17 07:16:00
6634,2.02E+17,2018-05-16 00:00:00,WE,13:15:00,0,2,0,0,I,N,N,1.0,2,NJ 3                                              ,W,3,0.46,2,2.0,2.0,1.0,2.0,1.0,1.0,N,13:15,120+07449,2018-05-16 13:15:00
6635,2.02E+17,2017-07-24 00:00:00,MO,9:28:00,0,0,0,0,P,N,N,1.0,2,NJ 3                                              ,W,3,0.49,2,2.0,2.0,1.0,2.0,5.0,1.0,N,9:30,120+07449,2017-07-24 09:28:00
6638,2.02E+17,2018-05-17 00:00:00,TH,7:39:00,0,0,0,0,P,N,N,1.0,2,NJ 3                                              ,W,3,0.49,2,2.0,2.0,1.0,1.0,1.0,1.0,N,7:40,120+07449,2018-05-17 07:39:00
6639,2.02E+17,2016-10-27 00:00:00,TH,15:07:00,0,0,0,0,P,N,N,2.0,2,NJ 3                                              ,W,3,0.52,2,2.0,2.0,1.0,2.0,1.0,1.0,N,15:05,120+07449,2016-10-27 15:07:00
6640,2014160214-9935                ,2014-09-17 00:00:00,W ,16:16:00,0,0,0,0,P,N,N,1.0,2,NJ 3                                              ,W,3,3.81,2,2.0,1.0,1.0,1.0,1.0,1.0,N,16:15,120+07442,2014-09-17 16:16:00
6641,2013160213-7431                ,2013-07-10 00:00:00,W ,13:35:00,0,0,0,0,P,N,N,2.0,2,NJ 3                                              ,W,3,3.84,2,2.0,2.0,1.0,2.0,5.0,1.0,N,13:35,120+07442,2013-07-10 13:35:00
6642,2.02E+17,2015-08-26 00:00:00,W ,7:29:00,0,0,0,0,P,N,N,1.0,2,NJ 3                                              ,W,3,0.51,2,2.0,1.0,1.0,1.0,5.0,1.0,N,7:30,120+07449,2015-08-26 07:29:00
6643,2.02E+17,2015-08-26 00:00:00,W ,9:05:00,0,2,0,0,I,N,N,1.0,3,NJ 3                                              ,W,3,0.09,2,2.0,1.0,0.0,1.0,1.0,1.0,N,9:05,120+07449,2015-08-26 09:05:00
6644,2.02E+17,2018-05-17 00:00:00,TH,17:59:00,0,0,0,0,P,N,N,1.0,2,NJ 3                                              ,W,3,3.47,2,2.0,1.0,1.0,1.0,1.0,1.0,N,18:00,120+07443,2018-05-17 17:59:00
6645,2013160213-7434                ,2013-07-01 00:00:00,M ,14:09:00,0,0,0,0,P,N,N,1.0,2,NJ 3                                              ,W,3,1.44,2,2.0,2.0,1.0,2.0,5.0,1.0,N,14:10,120P07446,2013-07-01 14:09:00
6647,2.02E+17,2016-10-27 00:00:00,TH,16:23:00,0,0,0,0,P,N,N,1.0,2,NJ 3                                              ,W,3,1.44,2,2.0,2.0,1.0,2.0,1.0,1.0,N,16:25,120P07446,2016-10-27 16:23:00
6649,2.02E+17,2017-07-25 00:00:00,TU,17:25:00,0,0,0,0,P,N,N,1.0,2,NJ 3                                              ,W,3,1.46,2,2.0,1.0,1.0,1.0,1.0,1.0,N,17:25,120+07445,2017-07-25 17:25:00
6652,2.02E+17,2016-10-27 00:00:00,TH,17:48:00,0,0,0,0,P,N,N,1.0,2,NJ 3                                              ,W,3,1.44,2,2.0,2.0,5.0,2.0,1.0,1.0,N,17:50,120P07446,2016-10-27 17:48:00
6653,2013160213-7466                ,2013-07-02 00:00:00,TU,8:56:00,0,0,0,0,P,N,N,2.0,2,NJ 3                                              ,W,3,3.5,2,2.0,1.0,1.0,1.0,1.0,1.0,N,8:55,120+07443,2013-07-02 08:56:00
6654,2.02E+17,2016-10-27 00:00:00,TH,21:05:00,0,0,0,0,P,N,N,2.0,2,NJ 3                                              ,W,3,3.82,2,2.0,2.0,6.0,2.0,1.0,1.0,N,21:05,120+07442,2016-10-27 21:05:00
6655,2014160214-9961                ,2014-09-18 00:00:00,TH,9:02:00,0,0,0,0,P,N,N,2.0,2,NJ 3                                              ,W,3,1.44,2,2.0,1.0,1.0,1.0,1.0,1.0,N,9:00,120P07446,2014-09-18 09:02:00
6657,2.02E+17,2017-07-26 00:00:00,WE,7:51:00,0,2,0,0,I,N,N,1.0,3,NJ 3                                              ,W,3,0.42,2,2.0,1.0,1.0,1.0,5.0,1.0,N,7:50,120+07449,2017-07-26 07:51:00
6658,2.02E+17,2015-08-29 00:00:00,SA,7:31:00,0,1,0,0,I,N,N,2.0,2,NJ 3                                              ,W,3,3.91,2,2.0,1.0,1.0,1.0,1.0,1.0,N,7:30,120+07442,2015-08-29 07:31:00
6659,2014160214-9968                ,2014-09-18 00:00:00,TH,11:19:00,0,0,0,0,P,N,N,1.0,2,NJ 3                                              ,W,3,3.82,2,2.0,1.0,1.0,1.0,1.0,1.0,N,11:20,120+07442,2014-09-18 11:19:00
6660,2.02E+17,2015-08-29 00:00:00,SA,21:23:00,0,0,0,0,P,N,N,3.0,2,NJ 3                                              ,W,3,2.66,2,2.0,1.0,6.0,1.0,1.0,1.0,N,21:25,120+07444,2015-08-29 21:23:00
6663,2.02E+17,2018-05-19 00:00:00,SA,14:40:00,0,0,0,0,P,N,N,1.0,2,NJ 3                                              ,W,3,1.01,2,2.0,2.0,1.0,2.0,1.0,1.0,N,14:40,120+07448,2018-05-19 14:40:00
6664,2013160213-7487                ,2013-07-02 00:00:00,TU,17:27:00,0,0,0,0,P,N,N,2.0,2,NJ 3                                              ,W,3,4.89,2,2.0,1.0,1.0,1.0,1.0,2.0,N,17:25,120P04739,2013-07-02 17:27:00
6666,2013160213-7493                ,2013-07-02 00:00:00,TU,18:34:00,0,0,0,0,P,N,N,1.0,2,NJ 3                                              ,W,3,2.73,2,2.0,1.0,1.0,1.0,1.0,1.0,N,18:35,120+07444,2013-07-02 18:34:00
6667,2.02E+17,2017-07-29 00:00:00,SA,17:10:00,0,0,0,0,P,N,N,1.0,2,NJ 3                                              ,W,3,3.83,2,2.0,1.0,1.0,1.0,5.0,1.0,N,17:10,120+07442,2017-07-29 17:10:00
6668,2.02E+17,2018-05-20 00:00:00,SU,9:49:00,0,0,0,0,P,N,N,2.0,2,NJ 3                                              ,W,3,0.19,2,2.0,2.0,1.0,5.0,5.0,1.0,N,9:50,120+07449,2018-05-20 09:49:00
6669,2013160213-7524                ,2013-07-03 00:00:00,W ,14:15:00,0,1,0,0,I,N,N,1.0,2,NJ 3                                              ,W,3,4.83,2,2.0,1.0,1.0,1.0,1.0,2.0,N,14:15,120P04739,2013-07-03 14:15:00
6672,2.02E+17,2018-05-20 00:00:00,SU,11:01:00,0,0,0,0,P,N,N,2.0,2,NJ 3                                              ,W,3,0.17,2,2.0,1.0,1.0,1.0,5.0,1.0,N,11:00,120+07449,2018-05-20 11:01:00
6673,2013160213-7557                ,2013-07-04 00:00:00,TH,11:11:00,0,0,0,0,P,N,N,1.0,2,NJ 3                                              ,W,3,3.42,2,2.0,1.0,1.0,1.0,1.0,1.0,N,11:10,120+07443,2013-07-04 11:11:00
6678,2013160213-7626                ,2013-07-06 00:00:00,SA,12:09:00,0,0,0,0,P,N,N,1.0,2,NJ 3                                              ,W,3,4.7,2,2.0,1.0,1.0,1.0,1.0,2.0,N,12:10,120P04739,2013-07-06 12:09:00
6682,2.02E+17,2018-05-21 00:00:00,MO,12:16:00,0,0,0,0,P,N,N,15.0,2,NJ 3                                              ,W,3,0.5,2,2.0,1.0,1.0,1.0,1.0,1.0,N,12:15,120+07449,2018-05-21 12:16:00
6686,2.02E+17,2015-09-04 00:00:00,F ,13:52:00,0,0,0,0,P,N,N,1.0,2,NJ 3                                              ,W,3,1.27,2,2.0,1.0,1.0,1.0,1.0,1.0,N,13:50,120P07447,2015-09-04 13:52:00
6687,2.02E+17,2018-05-21 00:00:00,MO,21:04:00,0,0,0,0,P,N,N,1.0,2,NJ 3                                              ,W,3,3.8,2,2.0,1.0,6.0,1.0,1.0,1.0,N,21:05,120+07442,2018-05-21 21:04:00
6689,2.02E+17,2017-08-01 00:00:00,TU,8:40:00,0,0,0,0,P,N,N,1.0,2,NJ 3                                              ,W,3,1.6,2,2.0,1.0,1.0,1.0,1.0,1.0,N,8:40,120+07445,2017-08-01 08:40:00
6690,2.02E+17,2018-05-23 00:00:00,WE,8:51:00,0,2,0,0,I,N,N,1.0,2,NJ 3                                              ,W,3,3.8,2,2.0,1.0,1.0,1.0,5.0,1.0,N,8:50,120+07442,2018-05-23 08:51:00
6693,2013160213-7850                ,2013-07-12 00:00:00,F ,9:33:00,0,0,0,0,P,N,N,2.0,2,NJ 3                                              ,W,3,2.45,2,2.0,1.0,1.0,1.0,1.0,1.0,N,9:35,120P07444,2013-07-12 09:33:00
6694,2.02E+17,2018-05-23 00:00:00,WE,10:23:00,0,3,0,0,I,N,N,1.0,2,NJ 3                                              ,W,3,2.64,2,2.0,1.0,1.0,1.0,1.0,1.0,N,10:25,120+07444,2018-05-23 10:23:00
6696,2013160213-7883                ,2013-07-12 00:00:00,F ,19:48:00,0,2,0,0,I,N,N,1.0,2,NJ 3                                              ,W,3,0.14,2,2.0,2.0,1.0,2.0,2.0,1.0,N,19:50,120+07449,2013-07-12 19:48:00
6697,2.02E+17,2015-09-06 00:00:00,S ,9:59:00,0,0,0,0,P,N,N,2.0,2,NJ 3                                              ,W,3,4.8,2,2.0,1.0,1.0,1.0,1.0,1.0,N,10:00,120P04739,2015-09-06 09:59:00
6698,2.02E+17,2018-05-24 00:00:00,TH,8:05:00,0,0,0,0,P,N,N,11.0,1,NJ 3                                              ,W,3,4.89,2,2.0,1.0,1.0,1.0,1.0,1.0,N,8:05,120P04739,2018-05-24 08:05:00
6700,2.02E+17,2016-11-02 00:00:00,W ,11:12:00,0,0,0,0,P,N,N,2.0,2,NJ 3                                              ,W,3,1.53,2,2.0,1.0,1.0,1.0,1.0,1.0,N,11:10,120+07445,2016-11-02 11:12:00
6701,2.02E+17,2015-09-08 00:00:00,TU,8:13:00,0,0,0,0,P,N,N,1.0,2,NJ 3                                              ,W,3,3.33,2,2.0,1.0,1.0,1.0,1.0,1.0,N,8:15,120+07443,2015-09-08 08:13:00
6704,2.02E+17,2018-05-24 00:00:00,TH,18:28:00,0,0,0,0,P,N,N,1.0,2,NJ 3                                              ,W,3,3.8,2,2.0,1.0,1.0,1.0,4.0,1.0,N,18:30,120+07442,2018-05-24 18:28:00
6705,2.02E+17,2016-11-02 00:00:00,W ,19:44:00,0,1,0,0,I,N,N,1.0,2,NJ 3                                              ,W,3,4.8,2,2.0,1.0,6.0,1.0,1.0,1.0,N,19:45,120P04739,2016-11-02 19:44:00
6707,2.02E+17,2015-09-08 00:00:00,TU,12:51:00,0,0,0,0,P,N,N,1.0,2,NJ 3                                              ,W,3,2.64,2,2.0,1.0,1.0,1.0,1.0,1.0,N,12:50,120+07444,2015-09-08 12:51:00
6708,2.02E+17,2017-08-02 00:00:00,WE,6:51:00,0,1,0,0,I,N,N,10.0,1,NJ 3                                              ,W,3,3.38,2,2.0,1.0,1.0,1.0,1.0,1.0,N,6:50,120+07443,2017-08-02 06:51:00
6711,2.02E+17,2017-08-02 00:00:00,WE,7:13:00,0,0,0,0,P,N,N,1.0,2,NJ 3                                              ,W,3,3.44,2,2.0,1.0,1.0,1.0,1.0,1.0,N,7:15,120+07443,2017-08-02 07:13:00
6713,2.02E+17,2017-08-02 00:00:00,WE,16:12:00,0,0,0,0,P,N,N,1.0,2,NJ 3                                              ,W,3,4.85,2,2.0,2.0,1.0,2.0,1.0,1.0,N,16:10,120P04739,2017-08-02 16:12:00
6715,2.02E+17,2018-05-25 00:00:00,FR,16:12:00,0,0,0,0,P,N,N,2.0,2,NJ 3                                              ,W,3,3.8,2,2.0,1.0,1.0,1.0,4.0,1.0,N,16:10,120+07442,2018-05-25 16:12:00
6716,2.02E+17,2016-11-03 00:00:00,TH,12:01:00,0,0,0,0,P,N,N,2.0,2,NJ 3                                              ,W,3,3.82,2,2.0,1.0,1.0,1.0,1.0,1.0,N,12:00,120+07442,2016-11-03 12:01:00
6717,2.02E+17,2017-08-02 00:00:00,WE,16:41:00,0,0,0,0,P,N,N,1.0,2,NJ 3                                              ,W,3,1.44,2,2.0,2.0,1.0,2.0,1.0,1.0,N,16:40,120P07446,2017-08-02 16:41:00
6718,2.02E+17,2015-09-09 00:00:00,W ,16:48:00,0,0,0,0,P,N,N,1.0,2,NJ 3                                              ,W,3,3.41,2,2.0,1.0,1.0,1.0,4.0,1.0,N,16:50,120+07443,2015-09-09 16:48:00
6719,2013160213-7952                ,2013-07-15 00:00:00,M ,8:05:00,0,0,0,0,P,N,N,1.0,2,NJ 3                                              ,W,3,3.82,2,2.0,1.0,1.0,1.0,1.0,1.0,N,8:05,120+07442,2013-07-15 08:05:00
6721,2.02E+17,2016-11-07 00:00:00,M ,7:54:00,0,0,0,0,P,N,N,1.0,2,NJ 3                                              ,W,3,1.28,2,2.0,1.0,1.0,1.0,1.0,1.0,N,7:55,120+07447,2016-11-07 07:54:00
6722,2.02E+17,2018-05-25 00:00:00,FR,18:24:00,0,0,0,0,P,N,N,1.0,2,NJ 3                                              ,W,3,3.4,2,2.0,1.0,1.0,1.0,4.0,1.0,N,18:25,120+07443,2018-05-25 18:24:00
6726,2.02E+17,2017-08-04 00:00:00,FR,11:16:00,0,0,0,0,P,N,N,2.0,2,NJ 3                                              ,W,3,0.0,2,2.0,1.0,1.0,1.0,1.0,1.0,N,11:15,120+07449,2017-08-04 11:16:00
6727,2.02E+17,2015-09-10 00:00:00,TH,8:38:00,0,0,0,0,P,N,N,1.0,2,NJ 3                                              ,W,3,3.17,2,2.0,2.0,1.0,2.0,1.0,1.0,N,8:40,120P07443,2015-09-10 08:38:00
6728,2.02E+17,2016-11-07 00:00:00,M ,8:07:00,0,2,0,0,I,N,N,1.0,4,NJ 3                                              ,W,3,3.42,2,2.0,1.0,1.0,1.0,1.0,1.0,N,8:05,120+07443,2016-11-07 08:07:00
6729,2.02E+17,2018-05-26 00:00:00,SA,16:35:00,1,0,0,0,F,N,N,11.0,1,NJ 3                                              ,W,3,4.8,2,2.0,1.0,1.0,1.0,1.0,1.0,N,16:35,120P04739,2018-05-26 16:35:00
6731,2.02E+17,2017-08-04 00:00:00,FR,14:28:00,0,4,0,0,I,N,N,1.0,2,NJ 3                                              ,W,3,1.35,2,2.0,1.0,1.0,1.0,1.0,1.0,N,14:30,120P07446,2017-08-04 14:28:00
6732,2.02E+17,2018-05-28 00:00:00,MO,13:48:00,0,0,0,0,P,N,N,1.0,2,NJ 3                                              ,W,3,3.8,2,2.0,1.0,1.0,5.0,5.0,1.0,N,13:50,120+07442,2018-05-28 13:48:00
6733,201416022014-11079             ,2014-10-16 00:00:00,TH,18:43:00,0,0,0,0,P,N,N,1.0,3,NJ 3                                              ,W,3,1.44,2,2.0,1.0,6.0,1.0,1.0,1.0,N,18:45,120P07446,2014-10-16 18:43:00
6735,2013160213-8075                ,2013-07-18 00:00:00,TH,8:57:00,0,0,0,0,P,N,N,1.0,3,NJ 3                                              ,W,3,0.25,2,2.0,1.0,1.0,1.0,1.0,1.0,N,8:55,120+07449,2013-07-18 08:57:00
6736,2.02E+17,2015-09-11 00:00:00,F ,8:15:00,0,2,0,0,I,N,N,1.0,3,NJ 3                                              ,W,3,1.44,2,2.0,1.0,1.0,5.0,1.0,1.0,N,8:15,120P07446,2015-09-11 08:15:00
6737,2.02E+17,2016-11-07 00:00:00,M ,17:05:00,0,0,0,0,P,N,N,1.0,2,NJ 3                                              ,W,3,0.51,2,2.0,1.0,6.0,1.0,1.0,1.0,N,17:05,120+07449,2016-11-07 17:05:00
6739,2.02E+17,2018-05-29 00:00:00,TU,7:49:00,0,0,0,0,P,N,N,1.0,2,NJ 3                                              ,W,3,0.54,2,2.0,1.0,1.0,5.0,5.0,1.0,N,7:50,120+07449,2018-05-29 07:49:00
6740,2.02E+17,2016-11-08 00:00:00,TU,10:52:00,0,0,0,0,P,N,N,2.0,2,NJ 3                                              ,W,3,3.9,2,2.0,1.0,1.0,1.0,5.0,1.0,N,10:50,120+07442,2016-11-08 10:52:00
6744,2013160213-8108                ,2013-07-19 00:00:00,F ,6:17:00,0,2,0,0,I,N,N,1.0,2,NJ 3                                              ,W,3,1.28,2,2.0,1.0,1.0,1.0,1.0,1.0,N,6:15,120+07447,2013-07-19 06:17:00
6745,2.02E+17,2018-05-29 00:00:00,TU,19:25:00,0,0,0,0,P,N,N,1.0,2,NJ 3                                              ,W,3,3.4,2,2.0,1.0,1.0,1.0,1.0,1.0,N,19:25,120+07443,2018-05-29 19:25:00
6746,2.02E+17,2017-08-07 00:00:00,MO,15:50:00,0,0,0,0,P,N,N,1.0,2,NJ 3                                              ,W,3,4.78,2,2.0,2.0,1.0,2.0,1.0,1.0,N,15:50,120P04739,2017-08-07 15:50:00
6749,2.02E+17,2018-05-29 00:00:00,TU,22:53:00,0,0,0,0,P,N,N,2.0,2,NJ 3                                              ,W,3,3.46,2,2.0,1.0,6.0,1.0,1.0,1.0,N,22:55,120+07443,2018-05-29 22:53:00
6750,2.02E+17,2016-11-08 00:00:00,TU,17:34:00,0,0,0,0,P,N,N,3.0,2,NJ 3                                              ,W,3,3.91,2,2.0,1.0,6.0,1.0,1.0,1.0,N,17:35,120+07442,2016-11-08 17:34:00
6753,2.02E+17,2016-11-08 00:00:00,TU,17:47:00,0,0,0,0,P,N,N,1.0,2,NJ 3                                              ,W,3,3.91,2,2.0,1.0,6.0,1.0,1.0,1.0,N,17:45,120+07442,2016-11-08 17:47:00
6756,2.02E+17,2018-05-30 00:00:00,WE,14:28:00,0,0,0,0,P,N,N,1.0,2,NJ 3                                              ,W,3,1.16,2,2.0,1.0,1.0,1.0,1.0,1.0,N,14:30,120P07447,2018-05-30 14:28:00
6757,2.02E+17,2015-09-15 00:00:00,TU,7:36:00,0,0,0,0,P,N,N,1.0,2,NJ 3                                              ,W,3,3.31,2,2.0,1.0,1.0,1.0,1.0,1.0,N,7:35,120+07443,2015-09-15 07:36:00
6758,2013160213-8123                ,2013-07-19 00:00:00,F ,14:21:00,0,0,0,0,P,N,N,2.0,2,NJ 3                                              ,W,3,4.91,2,2.0,1.0,1.0,1.0,1.0,2.0,N,14:20,120P04739,2013-07-19 14:21:00
6760,2.02E+17,2017-08-09 00:00:00,WE,6:37:00,0,1,0,0,I,N,N,11.0,1,NJ 3                                              ,W,3,0.17,2,2.0,1.0,1.0,1.0,3.0,1.0,N,6:35,120+07449,2017-08-09 06:37:00
6761,2.02E+17,2016-11-10 00:00:00,TH,13:27:00,0,0,0,0,P,N,N,2.0,2,NJ 3                                              ,W,3,1.24,2,2.0,1.0,1.0,1.0,1.0,1.0,N,13:25,120P07447,2016-11-10 13:27:00
6762,2.02E+17,2015-09-16 00:00:00,W ,8:41:00,0,0,0,0,P,N,N,1.0,2,NJ 3                                              ,W,3,1.32,2,2.0,1.0,1.0,1.0,5.0,1.0,N,8:40,120P07446,2015-09-16 08:41:00
6763,2.02E+17,2018-05-30 00:00:00,WE,22:14:00,0,0,0,0,P,N,N,1.0,2,NJ 3                                              ,W,3,3.42,2,2.0,1.0,6.0,1.0,1.0,1.0,N,22:15,120+07443,2018-05-30 22:14:00
6765,2.02E+17,2017-08-09 00:00:00,WE,16:00:00,0,0,0,0,P,N,N,2.0,2,NJ 3                                              ,W,3,0.49,2,2.0,1.0,1.0,1.0,1.0,1.0,N,16:00,120+07449,2017-08-09 16:00:00
6766,2013160213-8211                ,2013-07-21 00:00:00,S ,15:42:00,0,2,0,0,I,N,N,1.0,2,NJ 3                                              ,W,3,3.82,2,2.0,1.0,1.0,1.0,1.0,5.0,N,15:40,120+07442,2013-07-21 15:42:00
6768,2.02E+17,2016-11-10 00:00:00,TH,17:38:00,0,2,0,0,I,N,N,1.0,2,NJ 3                                              ,W,3,0.02,2,2.0,1.0,1.0,1.0,2.0,1.0,N,17:40,120+07449,2016-11-10 17:38:00
6769,2013160213-8217                ,2013-07-21 00:00:00,S ,17:40:00,0,0,0,0,P,N,N,1.0,2,NJ 3                                              ,W,3,3.42,2,2.0,1.0,1.0,1.0,1.0,1.0,N,17:40,120+07443,2013-07-21 17:40:00
6772,2.02E+17,2018-06-01 00:00:00,FR,10:53:00,0,0,0,0,P,N,N,1.0,2,NJ 3                                              ,W,3,3.8,2,2.0,1.0,1.0,5.0,1.0,1.0,N,10:55,120+07442,2018-06-01 10:53:00
6774,2.02E+17,2015-09-19 00:00:00,SA,11:01:00,0,0,0,0,P,N,N,2.0,2,NJ 3                                              ,W,3,0.02,2,2.0,1.0,1.0,1.0,1.0,1.0,N,11:00,120+07449,2015-09-19 11:01:00
6775,2013160213-8227                ,2013-07-21 00:00:00,S ,21:50:00,0,0,0,0,P,N,N,12.0,1,NJ 3                                              ,W,3,2.64,2,2.0,1.0,6.0,1.0,1.0,1.0,N,21:50,120+07444,2013-07-21 21:50:00
6776,2.02E+17,2018-06-03 00:00:00,SU,16:42:00,0,0,0,0,P,N,N,1.0,2,NJ 3                                              ,W,3,3.88,2,2.0,1.0,1.0,1.0,1.0,1.0,N,16:40,120+07442,2018-06-03 16:42:00