,CRASH_ID,DATE,DAY,TIME,KILLED,INJURED,PED_KILL,PED_INJ,SEVERITY,ALCOHOL,HAZMAT,CRASH_TYPE,VEH_COUNT,LOCATION,LOC_DIR,ROUTE,MP,RD_SYS,RD_SURF,SURF_COND,LIGHT,WEATHER,RD_DIV,RD_WRKZN,CELL_USE,TIME_ROUND,TMC,timestamp
6778,2.02E+17,2018-06-03 00:00:00,SU,18:47:00,0,0,0,0,P,N,N,1.0,2,NJ 3                                              ,W,3,3.43,2,2.0,1.0,1.0,1.0,1.0,1.0,N,18:45,120+07443,2018-06-03 18:47:00
6779,2013160213-8238                ,2013-07-22 00:00:00,M ,8:28:00,0,0,0,0,P,N,N,1.0,4,NJ 3                                              ,W,3,4.8,2,2.0,1.0,1.0,1.0,5.0,2.0,N,8:30,120P04739,2013-07-22 08:28:00
6782,2.02E+17,2018-06-05 00:00:00,TU,7:25:00,0,0,0,0,P,N,N,1.0,3,NJ 3                                              ,W,3,0.55,2,2.0,1.0,1.0,1.0,5.0,1.0,N,7:25,120+07449,2018-06-05 07:25:00
6787,2.02E+17,2018-06-05 00:00:00,TU,16:14:00,0,3,0,0,I,N,N,1.0,3,NJ 3                                              ,W,3,3.88,2,2.0,1.0,1.0,1.0,1.0,1.0,N,16:15,120+07442,2018-06-05 16:14:00
6791,2013160213-8267                ,2013-07-22 00:00:00,M ,17:50:00,0,0,0,0,P,N,N,1.0,2,NJ 3                                              ,W,3,0.14,2,2.0,2.0,1.0,2.0,1.0,1.0,N,17:50,120+07449,2013-07-22 17:50:00
6792,2.02E+17,2018-06-05 00:00:00,TU,17:36:00,0,0,0,0,P,N,N,2.0,2,NJ 3                                              ,W,3,0.51,2,2.0,1.0,1.0,1.0,1.0,1.0,N,17:35,120+07449,2018-06-05 17:36:00
6795,2013160213-8282                ,2013-07-23 00:00:00,TU,1:49:00,0,0,0,0,P,N,N,11.0,1,NJ 3                                              ,W,3,0.49,2,2.0,2.0,6.0,2.0,5.0,1.0,N,1:50,120+07449,2013-07-23 01:49:00
6796,2.02E+17,2017-08-11 00:00:00,FR,15:41:00,0,0,0,0,P,N,N,1.0,2,NJ 3                                              ,W,3,1.01,2,2.0,1.0,1.0,1.0,1.0,1.0,N,15:40,120+07448,2017-08-11 15:41:00
6797,2.02E+17,2018-06-05 00:00:00,TU,18:48:00,0,1,0,0,I,N,N,1.0,2,NJ 3                                              ,W,3,4.9,2,2.0,1.0,1.0,1.0,1.0,1.0,N,18:50,120P04739,2018-06-05 18:48:00
6799,2.02E+17,2017-08-14 00:00:00,MO,7:57:00,0,1,0,0,I,N,N,1.0,2,NJ 3                                              ,W,3,1.22,2,2.0,1.0,1.0,1.0,1.0,1.0,N,7:55,120P07447,2017-08-14 07:57:00
6801,2.02E+17,2015-09-25 00:00:00,F ,15:24:00,0,1,0,0,I,N,N,1.0,2,NJ 3                                              ,W,3,2.75,2,2.0,1.0,1.0,1.0,1.0,1.0,N,15:25,120+07444,2015-09-25 15:24:00
6802,2013160213-831                 ,2013-01-23 00:00:00,W ,9:47:00,0,0,0,0,P,N,N,1.0,2,NJ 3                                              ,W,3,0.09,2,2.0,1.0,1.0,1.0,5.0,1.0,N,9:45,120+07449,2013-01-23 09:47:00
6803,2.02E+17,2017-08-14 00:00:00,MO,14:22:00,0,0,0,0,P,N,N,2.0,2,NJ 3                                              ,W,3,3.8,2,2.0,1.0,1.0,5.0,5.0,1.0,N,14:20,120+07442,2017-08-14 14:22:00
6804,2.02E+17,2018-06-07 00:00:00,TH,11:56:00,0,2,0,0,I,N,N,1.0,2,NJ 3                                              ,W,3,3.8,2,2.0,1.0,1.0,1.0,5.0,1.0,N,11:55,120+07442,2018-06-07 11:56:00
6805,2.02E+17,2017-08-14 00:00:00,MO,15:13:00,0,1,0,0,I,N,N,2.0,2,NJ 3                                              ,W,3,0.53,2,2.0,1.0,1.0,1.0,1.0,1.0,N,15:15,120+07449,2017-08-14 15:13:00
6807,2.02E+17,2017-08-14 00:00:00,MO,17:43:00,0,0,0,0,P,N,N,2.0,2,NJ 3                                              ,W,3,0.91,2,2.0,1.0,1.0,1.0,1.0,1.0,N,17:45,120+07448,2017-08-14 17:43:00
6808,2.02E+17,2018-06-08 00:00:00,FR,12:50:00,0,1,0,0,I,N,N,1.0,2,NJ 3                                              ,W,3,3.8,2,2.0,1.0,1.0,1.0,5.0,1.0,N,12:50,120+07442,2018-06-08 12:50:00
6809,2013160213-835                 ,2013-01-23 00:00:00,W ,12:39:00,0,0,0,0,P,N,N,1.0,2,NJ 3                                              ,W,3,4.87,2,2.0,1.0,1.0,1.0,1.0,2.0,N,12:40,120P04739,2013-01-23 12:39:00
6811,2.02E+17,2016-11-15 00:00:00,TU,7:46:00,0,0,0,0,P,N,N,1.0,2,NJ 3                                              ,W,3,2.6,2,2.0,2.0,1.0,2.0,5.0,1.0,N,7:45,120+07444,2016-11-15 07:46:00
6812,2.02E+17,2015-09-27 00:00:00,S ,7:47:00,0,0,0,0,P,N,N,11.0,1,NJ 3                                              ,W,3,2.67,2,2.0,1.0,1.0,1.0,1.0,1.0,N,7:45,120+07444,2015-09-27 07:47:00
6813,201416022014-4229              ,2014-04-17 00:00:00,TH,17:35:00,0,0,0,0,P,N,N,2.0,3,NJ 3                                              ,W,3,2.7,2,2.0,1.0,1.0,1.0,1.0,1.0,N,17:35,120+07444,2014-04-17 17:35:00
6814,2.02E+17,2018-06-08 00:00:00,FR,17:54:00,0,0,0,0,P,N,N,1.0,2,NJ 3                                              ,W,3,3.83,2,2.0,1.0,1.0,1.0,2.0,1.0,N,17:55,120+07442,2018-06-08 17:54:00
6815,201416022014-4455              ,2014-04-24 00:00:00,TH,8:58:00,0,1,0,0,I,N,N,1.0,3,NJ 3                                              ,W,3,1.22,2,2.0,1.0,1.0,1.0,1.0,1.0,N,9:00,120P07447,2014-04-24 08:58:00
6816,2013160213-8459                ,2013-07-27 00:00:00,SA,13:57:00,0,0,0,0,P,N,N,1.0,2,NJ 3                                              ,W,3,3.42,2,2.0,1.0,1.0,1.0,1.0,1.0,N,13:55,120+07443,2013-07-27 13:57:00
6817,2.02E+17,2017-08-15 00:00:00,TU,17:14:00,0,1,0,0,I,N,N,1.0,3,NJ 3                                              ,W,3,3.84,2,2.0,1.0,1.0,1.0,1.0,1.0,N,17:15,120+07442,2017-08-15 17:14:00
6818,2.02E+17,2017-08-16 00:00:00,WE,7:37:00,0,0,0,0,P,N,N,1.0,3,NJ 3                                              ,W,3,1.28,2,2.0,1.0,1.0,1.0,5.0,1.0,N,7:35,120+07447,2017-08-16 07:37:00
6822,2013160213-8542                ,2013-07-29 00:00:00,M ,17:43:00,0,0,0,0,P,N,N,2.0,2,NJ 3                                              ,W,3,1.44,2,2.0,1.0,1.0,1.0,1.0,1.0,N,17:45,120P07446,2013-07-29 17:43:00
6827,2.02E+17,2018-06-10 00:00:00,SU,15:42:00,0,0,0,0,P,N,N,1.0,2,NJ 3                                              ,W,3,3.43,2,2.0,2.0,1.0,2.0,1.0,1.0,N,15:40,120+07443,2018-06-10 15:42:00
6829,2.02E+17,2015-09-30 00:00:00,W ,7:34:00,0,0,0,0,P,N,N,1.0,2,NJ 3                                              ,W,3,3.86,2,2.0,2.0,1.0,1.0,1.0,1.0,N,7:35,120+07442,2015-09-30 07:34:00
6830,201416022014-6523              ,2014-06-16 00:00:00,M ,7:47:00,0,0,0,0,P,N,N,1.0,3,NJ 3                                              ,W,3,1.53,2,2.0,1.0,1.0,1.0,1.0,1.0,N,7:45,120+07445,2014-06-16 07:47:00
6831,2.02E+17,2017-08-17 00:00:00,TH,8:27:00,0,1,0,0,I,N,N,1.0,2,NJ 3                                              ,W,3,1.82,2,2.0,1.0,1.0,1.0,5.0,1.0,N,8:25,120+07445,2017-08-17 08:27:00
6833,2.02E+17,2017-08-17 00:00:00,TH,9:40:00,0,0,0,0,P,N,N,1.0,2,NJ 3                                              ,W,3,1.76,2,2.0,1.0,1.0,1.0,5.0,1.0,N,9:40,120+07445,2017-08-17 09:40:00
6834,2.02E+17,2018-06-12 00:00:00,TU,7:34:00,0,2,0,0,I,N,N,1.0,3,NJ 3                                              ,W,3,3.47,2,2.0,1.0,1.0,1.0,1.0,1.0,N,7:35,120+07443,2018-06-12 07:34:00
6838,2013160213-8622                ,2013-07-31 00:00:00,W ,13:49:00,0,0,0,0,P,N,N,15.0,2,NJ 3                                              ,W,3,3.4,2,2.0,1.0,1.0,1.0,1.0,1.0,N,13:50,120+07443,2013-07-31 13:49:00
6839,2.02E+17,2018-06-12 00:00:00,TU,11:14:00,0,1,0,0,I,N,N,1.0,2,NJ 3                                              ,W,3,3.4,2,2.0,1.0,1.0,1.0,1.0,1.0,N,11:15,120+07443,2018-06-12 11:14:00
6840,2.02E+17,2017-08-17 00:00:00,TH,10:50:00,0,0,0,0,P,N,N,1.0,2,NJ 3                                              ,W,3,3.42,2,2.0,1.0,1.0,1.0,1.0,1.0,N,10:50,120+07443,2017-08-17 10:50:00
6844,2.02E+17,2018-06-12 00:00:00,TU,12:31:00,0,2,0,0,I,N,N,1.0,2,NJ 3                                              ,W,3,3.84,2,2.0,1.0,1.0,1.0,1.0,1.0,N,12:30,120+07442,2018-06-12 12:31:00
6845,2.02E+17,2016-11-18 00:00:00,F ,17:57:00,0,0,0,0,P,N,N,1.0,2,NJ 3                                              ,W,3,4.82,2,2.0,1.0,6.0,1.0,1.0,1.0,N,17:55,120P04739,2016-11-18 17:57:00
6846,2.02E+17,2018-06-13 00:00:00,WE,12:59:00,0,0,0,0,P,N,N,1.0,2,NJ 3                                              ,W,3,3.4,2,2.0,2.0,1.0,2.0,1.0,1.0,N,13:00,120+07443,2018-06-13 12:59:00
6847,2.02E+17,2016-11-18 00:00:00,F ,18:48:00,0,0,0,0,P,N,N,1.0,2,NJ 3                                              ,W,3,4.32,2,2.0,1.0,6.0,1.0,1.0,1.0,N,18:50,120P04740,2016-11-18 18:48:00
6848,201416022014-7203              ,2014-07-03 00:00:00,TH,17:32:00,0,0,0,0,P,N,N,1.0,2,NJ 3                                              ,W,3,0.0,2,2.0,1.0,1.0,1.0,1.0,1.0,N,17:30,120+07449,2014-07-03 17:32:00
6850,2.02E+17,2018-06-14 00:00:00,TH,14:46:00,0,0,0,0,P,N,N,1.0,2,NJ 3                                              ,W,3,3.83,2,2.0,1.0,1.0,1.0,1.0,1.0,N,14:45,120+07442,2018-06-14 14:46:00
6854,2013160213-8658                ,2013-08-01 00:00:00,TH,7:55:00,0,0,0,0,P,N,N,1.0,4,NJ 3                                              ,W,3,0.38,2,2.0,1.0,1.0,5.0,5.0,1.0,N,7:55,120+07449,2013-08-01 07:55:00
6855,2.02E+17,2018-06-14 00:00:00,TH,16:12:00,0,1,0,0,I,N,N,1.0,2,NJ 3                                              ,W,3,1.63,2,2.0,1.0,1.0,1.0,1.0,1.0,N,16:10,120+07445,2018-06-14 16:12:00
6858,2.02E+17,2017-08-19 00:00:00,SA,9:10:00,0,0,0,0,P,N,N,1.0,2,NJ 3                                              ,W,3,1.53,2,2.0,1.0,1.0,1.0,5.0,1.0,N,9:10,120+07445,2017-08-19 09:10:00
6859,2.02E+17,2018-06-15 00:00:00,FR,16:50:00,0,0,0,0,P,N,N,2.0,2,NJ 3                                              ,W,3,1.26,2,2.0,1.0,1.0,1.0,4.0,1.0,N,16:50,120P07447,2018-06-15 16:50:00
6860,2013160213-8762                ,2013-08-03 00:00:00,SA,14:22:00,0,0,0,0,P,N,N,1.0,3,NJ 3                                              ,W,3,4.85,2,2.0,1.0,1.0,1.0,1.0,2.0,N,14:20,120P04739,2013-08-03 14:22:00
6861,2.02E+17,2015-10-07 00:00:00,W ,8:40:00,0,0,0,0,P,N,N,15.0,2,NJ 3                                              ,W,3,4.89,2,2.0,1.0,1.0,1.0,1.0,1.0,N,8:40,120P04739,2015-10-07 08:40:00
6862,2.02E+17,2017-08-19 00:00:00,SA,18:46:00,0,0,0,0,P,N,N,1.0,2,NJ 3                                              ,W,3,3.82,2,2.0,1.0,1.0,1.0,1.0,1.0,N,18:45,120+07442,2017-08-19 18:46:00
6863,2.02E+17,2016-11-22 00:00:00,TU,8:42:00,0,0,0,0,P,N,N,1.0,2,NJ 3                                              ,W,3,1.25,2,2.0,1.0,1.0,1.0,1.0,1.0,N,8:40,120P07447,2016-11-22 08:42:00
6864,2.02E+17,2017-08-20 00:00:00,SU,15:56:00,0,0,0,0,P,N,N,1.0,2,NJ 3                                              ,W,3,3.81,2,2.0,1.0,1.0,1.0,1.0,1.0,N,15:55,120+07442,2017-08-20 15:56:00
6866,2.02E+17,2016-11-22 00:00:00,TU,11:21:00,0,0,0,0,P,N,N,15.0,2,NJ 3                                              ,W,3,0.76,2,2.0,1.0,1.0,1.0,1.0,1.0,N,11:20,120+07448,2016-11-22 11:21:00
6867,2.02E+17,2017-08-21 00:00:00,MO,6:52:00,0,1,0,0,I,N,N,99.0,1,NJ 3                                              ,W,3,3.8,2,2.0,8.0,1.0,1.0,1.0,1.0,N,6:50,120+07442,2017-08-21 06:52:00
6868,2.02E+17,2018-06-15 00:00:00,FR,18:09:00,0,0,0,0,P,N,N,1.0,2,NJ 3                                              ,W,3,3.96,2,2.0,1.0,1.0,1.0,1.0,1.0,N,18:10,120+07442,2018-06-15 18:09:00
6871,201416022014-8287              ,2014-08-01 00:00:00,F ,21:43:00,0,0,0,0,P,N,N,11.0,1,NJ 3                                              ,W,3,3.36,2,2.0,1.0,6.0,1.0,1.0,1.0,N,21:45,120+07443,2014-08-01 21:43:00
6872,2013160213-8843                ,2013-08-06 00:00:00,TU,12:17:00,0,1,0,0,I,N,N,1.0,2,NJ 3                                              ,W,3,3.82,2,2.0,1.0,1.0,1.0,1.0,1.0,N,12:15,120+07442,2013-08-06 12:17:00
6873,2.02E+17,2018-06-15 00:00:00,FR,19:36:00,0,1,0,0,I,N,N,1.0,2,NJ 3                                              ,W,3,3.82,2,2.0,1.0,1.0,1.0,1.0,1.0,N,19:35,120+07442,2018-06-15 19:36:00
6874,2.02E+17,2016-11-22 00:00:00,TU,19:08:00,0,0,0,0,P,N,N,1.0,2,NJ 3                                              ,W,3,3.82,2,2.0,1.0,6.0,1.0,1.0,1.0,N,19:10,120+07442,2016-11-22 19:08:00
6875,2.02E+17,2016-11-23 00:00:00,W ,12:39:00,0,0,0,0,P,N,N,2.0,2,NJ 3                                              ,W,3,0.02,2,2.0,1.0,1.0,1.0,1.0,1.0,N,12:40,120+07449,2016-11-23 12:39:00
6876,2.02E+17,2017-08-22 00:00:00,TU,16:37:00,0,0,0,0,P,N,N,1.0,2,NJ 3                                              ,W,3,0.7,2,2.0,1.0,1.0,1.0,1.0,1.0,N,16:35,120P07448,2017-08-22 16:37:00
6877,2.02E+17,2015-10-08 00:00:00,TH,16:20:00,0,0,0,0,P,N,N,1.0,2,NJ 3                                              ,W,3,2.7,2,2.0,1.0,1.0,1.0,1.0,1.0,N,16:20,120+07444,2015-10-08 16:20:00
6878,2.02E+17,2018-06-19 00:00:00,TU,14:55:00,0,1,0,0,I,N,N,1.0,2,NJ 3                                              ,W,3,3.8,2,2.0,1.0,1.0,1.0,5.0,1.0,N,14:55,120+07442,2018-06-19 14:55:00
6879,2013160213-8849                ,2013-05-06 00:00:00,M ,15:04:00,0,1,0,0,I,N,N,1.0,3,NJ 3                                              ,W,3,4.85,2,2.0,1.0,1.0,1.0,5.0,2.0,N,15:05,120P04739,2013-05-06 15:04:00
6880,2.02E+17,2018-06-19 00:00:00,TU,15:53:00,0,0,0,0,P,N,N,1.0,2,NJ 3                                              ,W,3,1.46,2,2.0,1.0,1.0,1.0,1.0,1.0,N,15:55,120+07445,2018-06-19 15:53:00
6881,2013160213-8851                ,2013-08-06 00:00:00,TU,15:33:00,0,0,0,0,P,N,N,1.0,2,NJ 3                                              ,W,3,4.42,2,2.0,1.0,1.0,1.0,1.0,2.0,N,15:35,120+04740,2013-08-06 15:33:00
6883,2.02E+17,2016-11-23 00:00:00,W ,14:43:00,0,0,0,0,P,N,N,2.0,2,NJ 3                                              ,W,3,1.2,2,2.0,1.0,1.0,1.0,1.0,1.0,N,14:45,120P07447,2016-11-23 14:43:00
6884,2.02E+17,2018-06-19 00:00:00,TU,17:38:00,0,1,0,0,I,N,N,1.0,5,NJ 3                                              ,W,3,1.44,2,2.0,1.0,1.0,1.0,1.0,1.0,N,17:40,120P07446,2018-06-19 17:38:00
6885,2013160213-8852                ,2013-08-06 00:00:00,TU,15:48:00,0,1,0,0,I,N,N,1.0,2,NJ 3                                              ,W,3,4.87,2,2.0,1.0,1.0,1.0,1.0,2.0,N,15:50,120P04739,2013-08-06 15:48:00
6888,2.02E+17,2015-10-10 00:00:00,SA,14:37:00,0,1,0,0,I,N,N,1.0,2,NJ 3                                              ,W,3,0.76,2,2.0,1.0,1.0,1.0,1.0,1.0,N,14:35,120+07448,2015-10-10 14:37:00
6889,2.02E+17,2016-11-24 00:00:00,TH,3:17:00,0,3,0,0,I,N,N,11.0,1,NJ 3                                              ,W,3,2.68,2,2.0,1.0,6.0,1.0,4.0,1.0,N,3:15,120+07444,2016-11-24 03:17:00
6890,2.02E+17,2018-06-20 00:00:00,WE,17:48:00,0,0,0,0,P,N,N,2.0,2,NJ 3                                              ,W,3,3.44,2,2.0,1.0,1.0,1.0,1.0,1.0,N,17:50,120+07443,2018-06-20 17:48:00
6892,2.02E+17,2018-06-20 00:00:00,WE,18:02:00,0,0,0,0,P,N,N,1.0,2,NJ 3                                              ,W,3,1.45,2,2.0,1.0,1.0,1.0,1.0,1.0,N,18:00,120+07445,2018-06-20 18:02:00
6893,2.02E+17,2018-06-21 00:00:00,TH,7:33:00,0,1,0,0,I,N,N,1.0,2,NJ 3                                              ,W,3,1.31,2,2.0,1.0,1.0,1.0,1.0,1.0,N,7:35,120P07446,2018-06-21 07:33:00
6894,2013160213-8890                ,2013-08-07 00:00:00,W ,18:43:00,0,0,0,0,P,N,N,1.0,2,NJ 3                                              ,W,3,2.64,2,2.0,1.0,1.0,5.0,1.0,1.0,N,18:45,120+07444,2013-08-07 18:43:00
6895,2.02E+17,2015-10-13 00:00:00,TU,15:46:00,0,0,0,0,P,N,N,1.0,2,NJ 3                                              ,W,3,3.82,2,2.0,1.0,1.0,1.0,1.0,1.0,N,15:45,120+07442,2015-10-13 15:46:00
6901,20141602PCSD14-08002           ,2014-12-23 00:00:00,TU,14:05:00,0,0,0,0,P,N,N,1.0,2,NJ 3                                              ,W,3,0.22,2,2.0,2.0,1.0,2.0,5.0,1.0,N,14:05,120+07449,2014-12-23 14:05:00
6904,2.02E+17,2017-08-28 00:00:00,MO,8:28:00,0,0,0,0,P,N,N,1.0,3,NJ 3                                              ,W,3,1.22,2,2.0,1.0,1.0,1.0,5.0,1.0,N,8:30,120P07447,2017-08-28 08:28:00
6905,2.02E+17,2018-06-23 00:00:00,SA,10:21:00,0,0,0,0,P,N,N,1.0,2,NJ 3                                              ,W,3,3.4,2,2.0,1.0,1.0,1.0,1.0,1.0,N,10:20,120+07443,2018-06-23 10:21:00
6906,2.02E+17,2017-08-29 00:00:00,TU,8:49:00,0,0,0,0,P,N,N,15.0,2,NJ 3                                              ,W,3,2.59,2,2.0,1.0,1.0,1.0,5.0,1.0,N,8:50,120+07444,2017-08-29 08:49:00
6907,2.02E+17,2018-06-25 00:00:00,MO,15:06:00,0,0,0,0,P,N,N,1.0,2,NJ 3                                              ,W,3,4.89,2,2.0,1.0,1.0,1.0,1.0,1.0,N,15:05,120P04739,2018-06-25 15:06:00
6908,2.02E+17,2015-10-16 00:00:00,F ,8:33:00,0,0,0,0,P,N,N,1.0,2,NJ 3                                              ,W,3,0.0,2,2.0,1.0,1.0,1.0,3.0,1.0,N,8:35,120+07449,2015-10-16 08:33:00
6910,2.02E+17,2018-06-27 00:00:00,WE,7:46:00,0,1,0,0,I,N,N,1.0,2,NJ 3                                              ,W,3,3.4,2,2.0,1.0,1.0,1.0,1.0,1.0,N,7:45,120+07443,2018-06-27 07:46:00
6912,2013160213-9106                ,2013-08-13 00:00:00,TU,16:28:00,0,0,0,0,P,N,N,1.0,2,NJ 3                                              ,W,3,0.47,2,2.0,1.0,1.0,1.0,1.0,1.0,N,16:30,120+07449,2013-08-13 16:28:00
6913,2.02E+17,2017-08-29 00:00:00,TU,20:36:00,0,0,0,0,P,N,N,1.0,2,NJ 3                                              ,W,3,3.83,2,2.0,1.0,1.0,1.0,1.0,1.0,N,20:35,120+07442,2017-08-29 20:36:00
6914,2.02E+17,2015-10-16 00:00:00,F ,16:07:00,0,0,0,0,P,N,N,1.0,2,NJ 3                                              ,W,3,1.53,2,2.0,1.0,1.0,1.0,1.0,1.0,N,16:05,120+07445,2015-10-16 16:07:00
6916,2.02E+17,2018-06-29 00:00:00,FR,20:11:00,0,0,0,0,P,N,N,1.0,2,NJ 3                                              ,W,3,0.0,2,2.0,1.0,6.0,1.0,99.0,1.0,N,20:10,120+07449,2018-06-29 20:11:00
6917,2013160213-9147                ,2013-08-15 00:00:00,TH,11:16:00,0,0,0,0,P,Y,N,1.0,2,NJ 3                                              ,W,3,1.53,2,2.0,1.0,1.0,1.0,1.0,1.0,N,11:15,120+07445,2013-08-15 11:16:00
6920,2013160213-9160                ,2013-08-15 00:00:00,TH,8:50:00,0,0,0,0,P,N,N,1.0,2,NJ 3                                              ,W,3,4.8,2,2.0,1.0,1.0,1.0,1.0,2.0,N,8:50,120P04739,2013-08-15 08:50:00
6923,2.02E+17,2018-06-29 00:00:00,FR,22:45:00,0,0,0,0,P,N,N,1.0,2,NJ 3                                              ,W,3,0.0,2,2.0,1.0,6.0,1.0,1.0,1.0,N,22:45,120+07449,2018-06-29 22:45:00
6924,2.02E+17,2018-06-30 00:00:00,SA,14:35:00,0,0,0,0,P,N,N,1.0,2,NJ 3                                              ,W,3,3.83,2,2.0,1.0,1.0,1.0,1.0,1.0,N,14:35,120+07442,2018-06-30 14:35:00
6928,2.02E+17,2015-10-19 00:00:00,M ,16:27:00,0,1,0,0,I,N,N,1.0,3,NJ 3                                              ,W,3,0.04,2,2.0,1.0,1.0,1.0,1.0,1.0,N,16:25,120+07449,2015-10-19 16:27:00
6929,2013160213-9213                ,2013-08-16 00:00:00,F ,12:32:00,0,0,0,0,P,N,N,1.0,2,NJ 3                                              ,W,3,3.42,2,2.0,1.0,1.0,1.0,1.0,1.0,N,12:30,120+07443,2013-08-16 12:32:00
6930,2.02E+17,2018-07-02 00:00:00,MO,8:15:00,0,0,0,0,P,N,N,1.0,2,NJ 3                                              ,W,3,3.8,2,2.0,1.0,1.0,1.0,1.0,1.0,N,8:15,120+07442,2018-07-02 08:15:00
6931,2.02E+17,2015-10-21 00:00:00,W ,10:21:00,0,0,0,0,P,N,N,2.0,2,NJ 3                                              ,W,3,0.0,2,2.0,1.0,1.0,1.0,5.0,1.0,N,10:20,120+07449,2015-10-21 10:21:00
6933,2.02E+17,2018-07-03 00:00:00,TU,7:03:00,0,1,0,0,I,N,N,1.0,2,NJ 3                                              ,W,3,2.92,2,2.0,1.0,1.0,1.0,1.0,1.0,N,7:05,120+07444,2018-07-03 07:03:00
6934,2013160213-9283                ,2013-08-18 00:00:00,S ,13:42:00,0,0,0,0,P,N,N,1.0,2,NJ 3                                              ,W,3,3.42,2,2.0,1.0,1.0,5.0,1.0,1.0,N,13:40,120+07443,2013-08-18 13:42:00
6935,2.02E+17,2017-09-05 00:00:00,TU,19:01:00,0,0,0,0,P,N,N,1.0,2,NJ 3                                              ,W,3,4.89,2,2.0,1.0,6.0,1.0,1.0,1.0,N,19:00,120P04739,2017-09-05 19:01:00
6936,2.02E+17,2018-07-03 00:00:00,TU,10:44:00,0,1,0,0,I,N,N,3.0,3,NJ 3                                              ,W,3,4.01,2,2.0,1.0,1.0,1.0,1.0,1.0,N,10:45,120+07442,2018-07-03 10:44:00
6938,2.02E+17,2015-10-21 00:00:00,W ,6:03:00,0,0,0,0,P,N,N,1.0,2,NJ 3                                              ,W,3,1.28,2,2.0,1.0,6.0,1.0,1.0,1.0,N,6:05,120+07447,2015-10-21 06:03:00
6939,2.02E+17,2017-09-07 00:00:00,TH,12:59:00,0,0,0,0,P,N,N,2.0,2,NJ 3                                              ,W,3,2.7,2,2.0,1.0,1.0,1.0,5.0,1.0,N,13:00,120+07444,2017-09-07 12:59:00
6940,2013160213-929                 ,2013-01-25 00:00:00,F ,17:34:00,0,0,0,0,P,N,N,11.0,1,NJ 3                                              ,W,3,2.72,2,2.0,3.0,6.0,3.0,1.0,1.0,N,17:35,120+07444,2013-01-25 17:34:00
6941,2.02E+17,2018-07-03 00:00:00,TU,11:32:00,0,0,0,0,P,N,N,1.0,2,NJ 3                                              ,W,3,3.8,2,2.0,1.0,1.0,1.0,5.0,1.0,N,11:30,120+07442,2018-07-03 11:32:00
6943,2.02E+17,2018-07-03 00:00:00,TU,16:08:00,0,0,0,0,P,N,N,1.0,2,NJ 3                                              ,W,3,3.43,2,2.0,1.0,1.0,1.0,1.0,1.0,N,16:10,120+07443,2018-07-03 16:08:00
6944,2.02E+17,2015-10-22 00:00:00,TH,8:32:00,0,0,0,0,P,N,N,1.0,2,NJ 3                                              ,W,3,1.44,2,2.0,1.0,1.0,1.0,1.0,1.0,N,8:30,120P07446,2015-10-22 08:32:00
6946,2.02E+17,2017-09-07 00:00:00,TH,15:14:00,0,0,0,0,P,N,N,2.0,2,NJ 3                                              ,W,3,1.44,2,2.0,1.0,1.0,1.0,1.0,1.0,N,15:15,120P07446,2017-09-07 15:14:00
6949,2013160213-9447                ,2013-08-23 00:00:00,F ,8:25:00,0,2,0,0,I,N,N,1.0,4,NJ 3                                              ,W,3,3.86,2,2.0,1.0,1.0,1.0,1.0,2.0,N,8:25,120+07442,2013-08-23 08:25:00
6951,2.02E+17,2017-09-09 00:00:00,SA,4:55:00,0,3,0,0,I,Y,N,1.0,2,NJ 3                                              ,W,3,1.49,2,2.0,1.0,6.0,1.0,1.0,1.0,N,4:55,120+07445,2017-09-09 04:55:00
6953,2.02E+17,2018-07-05 00:00:00,TH,17:16:00,0,1,0,0,I,N,N,1.0,2,NJ 3                                              ,W,3,3.4,2,2.0,1.0,1.0,1.0,1.0,1.0,N,17:15,120+07443,2018-07-05 17:16:00
6954,2.02E+17,2017-09-09 00:00:00,SA,8:32:00,0,0,0,0,P,N,N,1.0,2,NJ 3                                              ,W,3,3.82,2,2.0,1.0,1.0,1.0,5.0,1.0,N,8:30,120+07442,2017-09-09 08:32:00
6955,2013160213-9455                ,2013-08-23 00:00:00,F ,10:17:00,0,0,0,0,P,N,N,1.0,3,NJ 3                                              ,W,3,4.87,2,2.0,1.0,1.0,1.0,1.0,1.0,N,10:15,120P04739,2013-08-23 10:17:00
6956,2.02E+17,2015-10-23 00:00:00,F ,20:14:00,0,0,0,0,P,N,N,1.0,2,NJ 3                                              ,W,3,3.73,2,2.0,1.0,1.0,1.0,1.0,1.0,N,20:15,120+07442,2015-10-23 20:14:00
6957,2013160213-9485                ,2013-08-23 00:00:00,F ,21:33:00,0,0,0,0,P,N,N,1.0,2,NJ 3                                              ,W,3,3.82,2,2.0,1.0,5.0,1.0,1.0,1.0,N,21:35,120+07442,2013-08-23 21:33:00
6958,2.02E+17,2018-07-05 00:00:00,TH,18:13:00,0,0,0,0,P,N,N,1.0,4,NJ 3                                              ,W,3,4.75,2,2.0,1.0,1.0,1.0,1.0,1.0,N,18:15,120P04739,2018-07-05 18:13:00
6960,2.02E+17,2018-07-06 00:00:00,FR,15:11:00,0,0,0,0,P,N,N,2.0,2,NJ 3                                              ,W,3,1.45,2,2.0,1.0,1.0,1.0,4.0,1.0,N,15:10,120+07445,2018-07-06 15:11:00
6963,2.02E+17,2016-12-01 00:00:00,TH,9:34:00,0,0,0,0,P,N,N,1.0,2,NJ 3                                              ,W,3,0.03,2,2.0,1.0,1.0,1.0,5.0,1.0,N,9:35,120+07449,2016-12-01 09:34:00
6964,2.02E+17,2017-09-11 00:00:00,MO,8:42:00,0,1,0,0,I,N,N,1.0,2,NJ 3                                              ,W,3,1.51,2,2.0,1.0,1.0,1.0,1.0,1.0,N,8:40,120+07445,2017-09-11 08:42:00
6965,2013160213-9512                ,2013-08-24 00:00:00,SA,13:00:00,0,0,0,0,P,N,N,1.0,2,NJ 3                                              ,W,3,4.81,2,2.0,1.0,1.0,1.0,1.0,2.0,N,13:00,120P04739,2013-08-24 13:00:00
6967,2.02E+17,2017-09-11 00:00:00,MO,9:03:00,0,0,0,0,P,N,N,2.0,2,NJ 3                                              ,W,3,2.01,2,2.0,1.0,1.0,1.0,1.0,1.0,N,9:05,120+07445,2017-09-11 09:03:00