,CRASH_ID,DATE,DAY,TIME,KILLED,INJURED,PED_KILL,PED_INJ,SEVERITY,ALCOHOL,HAZMAT,CRASH_TYPE,VEH_COUNT,LOCATION,LOC_DIR,ROUTE,MP,RD_SYS,RD_SURF,SURF_COND,LIGHT,WEATHER,RD_DIV,RD_WRKZN,CELL_USE,TIME_ROUND,TMC,timestamp
6968,2.02E+17,2015-10-26 00:00:00,M ,15:57:00,0,0,0,0,P,N,N,1.0,2,NJ 3                                              ,W,3,0.0,2,2.0,1.0,1.0,1.0,2.0,1.0,N,15:55,120+07449,2015-10-26 15:57:00
6970,2.02E+17,2017-09-11 00:00:00,MO,16:16:00,0,0,0,0,P,N,N,1.0,2,NJ 3                                              ,W,3,3.93,2,2.0,1.0,1.0,1.0,5.0,1.0,N,16:15,120+07442,2017-09-11 16:16:00
6971,2.02E+17,2018-07-09 00:00:00,MO,18:40:00,0,0,0,0,P,N,N,1.0,2,NJ 3                                              ,W,3,4.89,2,2.0,1.0,1.0,1.0,1.0,1.0,N,18:40,120P04739,2018-07-09 18:40:00
6973,2.02E+17,2018-07-09 00:00:00,MO,19:43:00,0,0,0,0,P,N,N,1.0,2,NJ 3                                              ,W,3,2.72,2,2.0,1.0,1.0,1.0,1.0,1.0,N,19:45,120+07444,2018-07-09 19:43:00
6974,2013160213-9546                ,2013-08-25 00:00:00,S ,16:01:00,0,1,0,0,I,N,N,11.0,2,NJ 3                                              ,W,3,4.7,2,2.0,1.0,1.0,1.0,1.0,2.0,N,16:00,120P04739,2013-08-25 16:01:00
6977,2.02E+17,2017-09-12 00:00:00,TU,16:21:00,0,0,0,0,P,N,N,1.0,3,NJ 3                                              ,W,3,1.53,2,2.0,1.0,1.0,1.0,1.0,1.0,N,16:20,120+07445,2017-09-12 16:21:00
6981,2.02E+17,2016-12-03 00:00:00,SA,12:16:00,0,0,0,0,P,N,N,1.0,2,NJ 3                                              ,W,3,0.01,2,2.0,1.0,1.0,1.0,5.0,1.0,N,12:15,120+07449,2016-12-03 12:16:00
6982,2.02E+17,2015-10-28 00:00:00,W ,7:37:00,0,0,0,0,P,N,N,1.0,2,NJ 3                                              ,W,3,3.17,2,2.0,1.0,1.0,1.0,1.0,1.0,N,7:35,120P07443,2015-10-28 07:37:00
6983,2.02E+17,2017-09-13 00:00:00,WE,8:03:00,0,1,0,0,I,N,N,1.0,2,NJ 3                                              ,W,3,3.4,2,2.0,1.0,1.0,1.0,5.0,1.0,N,8:05,120+07443,2017-09-13 08:03:00
6984,2.02E+17,2018-07-10 00:00:00,TU,10:13:00,0,0,0,0,P,N,N,1.0,2,NJ 3                                              ,W,3,3.8,2,2.0,1.0,1.0,1.0,1.0,1.0,N,10:15,120+07442,2018-07-10 10:13:00
6985,2.02E+17,2015-10-28 00:00:00,W ,15:27:00,0,0,0,0,P,N,N,1.0,2,NJ 3                                              ,W,3,1.28,2,2.0,2.0,1.0,2.0,1.0,1.0,N,15:25,120+07447,2015-10-28 15:27:00
6986,2.02E+17,2018-07-10 00:00:00,TU,18:44:00,0,0,0,0,P,N,N,1.0,2,NJ 3                                              ,W,3,3.8,2,2.0,1.0,1.0,1.0,1.0,1.0,N,18:45,120+07442,2018-07-10 18:44:00
6987,2.02E+17,2017-09-13 00:00:00,WE,15:35:00,0,0,0,0,P,N,N,1.0,2,NJ 3                                              ,W,3,3.82,2,2.0,2.0,1.0,2.0,5.0,1.0,N,15:35,120+07442,2017-09-13 15:35:00
6988,2.02E+17,2018-07-11 00:00:00,WE,8:30:00,0,2,0,0,I,N,N,1.0,3,NJ 3                                              ,W,3,1.33,2,2.0,1.0,1.0,1.0,1.0,1.0,N,8:30,120P07446,2018-07-11 08:30:00
6989,2.02E+17,2016-12-04 00:00:00,S ,11:45:00,0,0,0,0,P,N,N,1.0,2,NJ 3                                              ,W,3,3.82,2,2.0,1.0,1.0,1.0,2.0,1.0,N,11:45,120+07442,2016-12-04 11:45:00
6990,2.02E+17,2015-10-28 00:00:00,W ,17:06:00,0,0,0,0,P,N,N,1.0,3,NJ 3                                              ,W,3,4.91,2,1.0,2.0,1.0,2.0,1.0,1.0,N,17:05,120P04739,2015-10-28 17:06:00
6992,2.02E+17,2016-12-05 00:00:00,M ,6:56:00,0,0,0,0,P,N,N,1.0,2,NJ 3                                              ,W,3,0.45,2,2.0,2.0,2.0,2.0,1.0,1.0,N,6:55,120+07449,2016-12-05 06:56:00
6993,2013160213-9666                ,2013-08-29 00:00:00,TH,8:16:00,0,0,0,0,P,N,N,1.0,3,NJ 3                                              ,W,3,0.7,2,2.0,2.0,1.0,5.0,5.0,1.0,N,8:15,120P07448,2013-08-29 08:16:00
6994,2.02E+17,2016-12-05 00:00:00,M ,8:20:00,0,0,0,0,P,N,N,1.0,2,NJ 3                                              ,W,3,2.64,2,2.0,2.0,1.0,2.0,1.0,1.0,N,8:20,120+07444,2016-12-05 08:20:00
6995,2.02E+17,2018-07-11 00:00:00,WE,13:55:00,0,0,0,0,P,N,N,1.0,2,NJ 3                                              ,W,3,3.4,2,2.0,1.0,1.0,1.0,1.0,1.0,N,13:55,120+07443,2018-07-11 13:55:00
6996,2013160213-9708                ,2013-08-30 00:00:00,F ,11:26:00,0,0,0,0,P,N,N,1.0,2,NJ 3                                              ,W,3,3.42,2,2.0,1.0,1.0,1.0,1.0,1.0,N,11:25,120+07443,2013-08-30 11:26:00
6997,2.02E+17,2018-07-12 00:00:00,TH,13:49:00,0,0,0,0,P,N,N,1.0,2,NJ 3                                              ,W,3,4.87,2,2.0,1.0,1.0,1.0,1.0,1.0,N,13:50,120P04739,2018-07-12 13:49:00
6999,2.02E+17,2018-07-13 00:00:00,FR,13:02:00,0,0,0,0,P,N,N,2.0,2,NJ 3                                              ,W,3,0.57,2,2.0,1.0,1.0,1.0,1.0,1.0,N,13:00,120P07448,2018-07-13 13:02:00
7000,2013160213-9719                ,2013-08-30 00:00:00,F ,19:29:00,0,0,0,0,P,N,N,1.0,2,NJ 3                                              ,W,3,3.42,2,2.0,1.0,1.0,1.0,1.0,1.0,N,19:30,120+07443,2013-08-30 19:29:00
7002,2.02E+17,2017-09-17 00:00:00,SU,4:25:00,0,0,0,0,P,N,N,15.0,1,NJ 3                                              ,W,3,0.0,2,2.0,1.0,6.0,3.0,1.0,1.0,N,4:25,120+07449,2017-09-17 04:25:00
7003,2.02E+17,2018-07-14 00:00:00,SA,8:53:00,0,0,0,0,P,N,N,2.0,2,NJ 3                                              ,W,3,0.17,2,2.0,1.0,1.0,1.0,1.0,1.0,N,8:55,120+07449,2018-07-14 08:53:00
7004,2.02E+17,2017-09-18 00:00:00,MO,8:08:00,0,2,0,0,I,N,N,1.0,2,NJ 3                                              ,W,3,1.29,2,2.0,1.0,1.0,5.0,5.0,1.0,N,8:10,120+07447,2017-09-18 08:08:00
7005,2.02E+17,2017-09-18 00:00:00,MO,9:31:00,0,0,0,0,P,N,N,1.0,2,NJ 3                                              ,W,3,2.26,2,2.0,1.0,1.0,1.0,1.0,1.0,N,9:30,120+07445,2017-09-18 09:31:00
7006,2.02E+17,2018-07-17 00:00:00,TU,19:48:00,0,0,0,0,P,N,N,2.0,2,NJ 3                                              ,W,3,3.97,2,2.0,2.0,1.0,1.0,1.0,1.0,N,19:50,120+07442,2018-07-17 19:48:00
7007,2.02E+17,2015-10-29 00:00:00,TH,16:18:00,0,1,0,0,I,N,N,1.0,2,NJ 3                                              ,W,3,4.07,2,2.0,1.0,1.0,1.0,1.0,1.0,N,16:20,120+07442,2015-10-29 16:18:00
7008,2.02E+17,2016-12-07 00:00:00,W ,8:55:00,0,1,0,0,I,N,N,1.0,2,NJ 3                                              ,W,3,1.53,2,2.0,2.0,1.0,2.0,1.0,1.0,N,8:55,120+07445,2016-12-07 08:55:00
7009,2.02E+17,2016-12-07 00:00:00,W ,9:43:00,0,0,0,0,P,N,N,1.0,2,NJ 3                                              ,W,3,1.44,2,2.0,2.0,1.0,2.0,1.0,1.0,N,9:45,120P07446,2016-12-07 09:43:00
7010,2.02E+17,2017-09-18 00:00:00,MO,15:14:00,0,1,0,0,I,N,N,1.0,2,NJ 3                                              ,W,3,0.19,2,2.0,1.0,1.0,1.0,1.0,1.0,N,15:15,120+07449,2017-09-18 15:14:00
7011,2.02E+17,2016-12-08 00:00:00,TH,17:29:00,0,0,0,0,P,N,N,2.0,2,NJ 3                                              ,W,3,0.49,2,2.0,1.0,6.0,1.0,1.0,1.0,N,17:30,120+07449,2016-12-08 17:29:00
7012,2.02E+17,2018-07-18 00:00:00,WE,8:12:00,0,0,0,0,P,N,N,1.0,2,NJ 3                                              ,W,3,0.49,2,2.0,1.0,1.0,1.0,1.0,1.0,N,8:10,120+07449,2018-07-18 08:12:00
7013,2.02E+17,2017-09-19 00:00:00,TU,8:43:00,0,0,0,0,P,N,N,1.0,2,NJ 3                                              ,W,3,3.81,2,2.0,1.0,1.0,1.0,1.0,1.0,N,8:45,120+07442,2017-09-19 08:43:00
7014,2.02E+17,2018-07-18 00:00:00,WE,16:49:00,0,0,0,0,P,N,N,1.0,2,NJ 3                                              ,W,3,3.83,2,2.0,1.0,1.0,1.0,1.0,1.0,N,16:50,120+07442,2018-07-18 16:49:00
7017,2.02E+17,2018-07-20 00:00:00,FR,15:18:00,0,0,0,0,P,N,N,1.0,2,NJ 3                                              ,W,3,3.82,2,2.0,1.0,1.0,1.0,1.0,1.0,N,15:20,120+07442,2018-07-20 15:18:00
7018,2.02E+17,2015-10-31 00:00:00,SA,23:12:00,0,0,0,0,P,N,N,2.0,2,NJ 3                                              ,W,3,4.01,2,2.0,1.0,6.0,1.0,1.0,1.0,N,23:10,120+07442,2015-10-31 23:12:00
7020,2.02E+17,2015-11-02 00:00:00,M ,9:09:00,0,0,0,0,P,N,N,1.0,2,NJ 3                                              ,W,3,3.91,2,2.0,1.0,1.0,1.0,5.0,1.0,N,9:10,120+07442,2015-11-02 09:09:00
7023,2.02E+17,2016-12-09 00:00:00,F ,13:38:00,0,0,0,0,P,N,N,2.0,2,NJ 3                                              ,W,3,0.01,2,2.0,1.0,1.0,1.0,5.0,1.0,N,13:40,120+07449,2016-12-09 13:38:00
7024,2.02E+17,2018-07-23 00:00:00,MO,16:39:00,0,0,0,0,P,N,N,2.0,2,NJ 3                                              ,W,3,3.51,2,2.0,1.0,1.0,1.0,1.0,1.0,N,16:40,120+07443,2018-07-23 16:39:00
7026,2.02E+17,2017-09-22 00:00:00,FR,11:06:00,0,0,0,0,P,N,N,1.0,3,NJ 3                                              ,W,3,0.07,2,2.0,1.0,1.0,1.0,1.0,1.0,N,11:05,120+07449,2017-09-22 11:06:00
7027,2.01E+13,2013-06-27 00:00:00,TH,15:15:00,0,1,0,0,I,N,N,1.0,2,NJ 3                                              ,W,3,3.82,2,2.0,1.0,1.0,1.0,1.0,1.0,N,15:15,120+07442,2013-06-27 15:15:00
7029,2.02E+17,2016-12-10 00:00:00,SA,18:35:00,0,1,0,0,I,N,N,2.0,3,NJ 3                                              ,W,3,0.51,2,2.0,1.0,7.0,1.0,1.0,1.0,N,18:35,120+07449,2016-12-10 18:35:00
7030,2.02E+17,2015-11-04 00:00:00,W ,19:40:00,0,0,0,0,P,N,N,1.0,2,NJ 3                                              ,W,3,4.07,2,2.0,1.0,6.0,1.0,1.0,1.0,N,19:40,120+07442,2015-11-04 19:40:00
7032,2.02E+17,2015-11-06 00:00:00,F ,17:48:00,0,2,0,0,I,N,N,1.0,3,NJ 3                                              ,W,3,3.91,2,2.0,1.0,5.0,1.0,1.0,1.0,N,17:50,120+07442,2015-11-06 17:48:00
7033,2.02E+17,2015-11-06 00:00:00,F ,22:56:00,0,0,0,0,P,N,N,2.0,2,NJ 3                                              ,W,3,3.44,2,2.0,1.0,6.0,1.0,1.0,1.0,N,22:55,120+07443,2015-11-06 22:56:00
7034,2.02E+17,2018-07-26 00:00:00,TH,16:50:00,0,0,0,0,P,N,N,1.0,2,NJ 3                                              ,W,3,3.88,2,2.0,1.0,1.0,1.0,1.0,1.0,N,16:50,120+07442,2018-07-26 16:50:00
7036,2.02E+17,2016-12-11 00:00:00,S ,2:55:00,0,0,0,0,P,N,N,2.0,2,NJ 3                                              ,W,3,1.44,2,2.0,1.0,6.0,1.0,1.0,1.0,N,2:55,120P07446,2016-12-11 02:55:00
7038,2.02E+17,2017-09-25 00:00:00,MO,8:56:00,0,0,0,0,P,N,N,1.0,2,NJ 3                                              ,W,3,0.42,2,2.0,1.0,1.0,1.0,5.0,1.0,N,8:55,120+07449,2017-09-25 08:56:00
7039,2.02E+17,2018-07-26 00:00:00,TH,17:39:00,0,0,0,0,P,N,N,1.0,2,NJ 3                                              ,W,3,0.7,2,2.0,1.0,1.0,1.0,1.0,1.0,N,17:40,120P07448,2018-07-26 17:39:00
7040,2.02E+17,2015-11-09 00:00:00,M ,17:19:00,0,0,0,0,P,N,N,8.0,3,NJ 3                                              ,W,3,1.44,2,2.0,1.0,6.0,1.0,1.0,1.0,N,17:20,120P07446,2015-11-09 17:19:00
7042,2.02E+17,2017-09-25 00:00:00,MO,13:59:00,0,0,0,0,P,N,N,15.0,1,NJ 3                                              ,W,3,1.22,2,2.0,1.0,1.0,1.0,5.0,1.0,N,14:00,120P07447,2017-09-25 13:59:00
7045,2.02E+17,2018-07-27 00:00:00,FR,15:08:00,0,0,0,0,P,N,N,1.0,2,NJ 3                                              ,W,3,3.88,2,2.0,1.0,1.0,1.0,1.0,1.0,N,15:10,120+07442,2018-07-27 15:08:00
7047,2.02E+17,2015-11-11 00:00:00,W ,13:53:00,0,0,0,0,P,N,N,1.0,2,NJ 3                                              ,W,3,3.91,2,2.0,1.0,1.0,5.0,1.0,1.0,N,13:55,120+07442,2015-11-11 13:53:00
7049,2.02E+17,2018-07-27 00:00:00,FR,22:36:00,0,0,0,0,P,N,N,2.0,2,NJ 3                                              ,W,3,3.84,2,2.0,2.0,6.0,2.0,1.0,1.0,N,22:35,120+07442,2018-07-27 22:36:00
7050,2.02E+17,2015-11-11 00:00:00,W ,15:24:00,0,0,0,0,P,N,N,1.0,2,NJ 3                                              ,W,3,3.91,2,2.0,1.0,1.0,1.0,1.0,1.0,N,15:25,120+07442,2015-11-11 15:24:00
7055,2.02E+17,2015-11-11 00:00:00,W ,19:16:00,0,0,0,0,P,N,N,1.0,2,NJ 3                                              ,W,3,0.53,2,2.0,1.0,6.0,1.0,1.0,1.0,N,19:15,120+07449,2015-11-11 19:16:00
7056,2.02E+17,2018-07-28 00:00:00,SA,13:14:00,0,0,0,0,P,N,N,11.0,1,NJ 3                                              ,W,3,0.55,2,2.0,1.0,1.0,1.0,5.0,1.0,N,13:15,120+07449,2018-07-28 13:14:00
7057,2.02E+17,2017-09-27 00:00:00,WE,9:13:00,0,0,0,0,P,N,N,1.0,2,NJ 3                                              ,W,3,1.32,2,2.0,1.0,1.0,1.0,1.0,1.0,N,9:15,120P07446,2017-09-27 09:13:00
7059,2.02E+17,2016-12-13 00:00:00,TU,17:03:00,0,0,0,0,P,N,N,1.0,2,NJ 3                                              ,W,3,1.53,2,2.0,1.0,6.0,1.0,1.0,1.0,N,17:05,120+07445,2016-12-13 17:03:00
7060,2.02E+17,2018-07-28 00:00:00,SA,16:06:00,0,0,0,0,P,N,N,1.0,2,NJ 3                                              ,W,3,0.59,2,2.0,1.0,1.0,1.0,1.0,1.0,Y,16:05,120P07448,2018-07-28 16:06:00
7062,2.02E+17,2018-07-31 00:00:00,TU,15:38:00,0,0,0,0,P,N,N,2.0,2,NJ 3                                              ,W,3,0.51,2,2.0,1.0,1.0,1.0,1.0,1.0,N,15:40,120+07449,2018-07-31 15:38:00
7063,2.02E+17,2017-09-27 00:00:00,WE,19:19:00,0,0,0,0,P,N,N,2.0,2,NJ 3                                              ,W,3,3.91,2,2.0,1.0,3.0,1.0,1.0,1.0,N,19:20,120+07442,2017-09-27 19:19:00
7064,2.02E+17,2015-11-12 00:00:00,TH,18:03:00,0,0,0,0,P,N,N,1.0,2,NJ 3                                              ,W,3,4.82,2,1.0,1.0,6.0,5.0,1.0,1.0,N,18:05,120P04739,2015-11-12 18:03:00
7066,2.02E+17,2016-12-14 00:00:00,W ,17:57:00,0,2,0,0,I,N,N,1.0,3,NJ 3                                              ,W,3,1.44,2,2.0,1.0,6.0,1.0,1.0,1.0,N,17:55,120P07446,2016-12-14 17:57:00
7067,2.02E+17,2017-09-29 00:00:00,FR,16:24:00,0,0,0,0,P,N,N,1.0,2,NJ 3                                              ,W,3,2.6,2,2.0,1.0,1.0,1.0,1.0,1.0,N,16:25,120+07444,2017-09-29 16:24:00
7068,2.02E+17,2015-11-12 00:00:00,TH,18:16:00,0,1,0,0,I,N,N,1.0,3,NJ 3                                              ,W,3,2.67,2,2.0,1.0,6.0,1.0,1.0,1.0,N,18:15,120+07444,2015-11-12 18:16:00
7069,201316022013-4659              ,2013-04-26 00:00:00,F ,8:50:00,0,0,0,0,P,N,N,2.0,2,NJ 3                                              ,W,3,0.51,2,2.0,1.0,1.0,1.0,1.0,1.0,N,8:50,120+07449,2013-04-26 08:50:00
7070,2.02E+17,2017-09-29 00:00:00,FR,19:38:00,0,0,0,0,P,N,N,1.0,2,NJ 3                                              ,W,3,2.72,2,2.0,1.0,5.0,1.0,1.0,1.0,N,19:40,120+07444,2017-09-29 19:38:00
7071,2.02E+17,2018-08-01 00:00:00,WE,11:22:00,0,0,0,0,P,N,N,1.0,2,NJ 3                                              ,W,3,3.8,2,2.0,2.0,1.0,5.0,1.0,1.0,N,11:20,120+07442,2018-08-01 11:22:00
7073,201316022013-4872              ,2013-05-01 00:00:00,W ,7:42:00,0,0,0,0,P,N,N,1.0,2,NJ 3                                              ,W,3,0.0,2,2.0,1.0,1.0,1.0,1.0,1.0,N,7:40,120+07449,2013-05-01 07:42:00
7074,2.02E+17,2018-08-01 00:00:00,WE,14:07:00,0,0,0,0,P,N,N,1.0,2,NJ 3                                              ,W,3,3.8,2,2.0,1.0,1.0,1.0,1.0,1.0,N,14:05,120+07442,2018-08-01 14:07:00
7077,2.02E+17,2016-12-15 00:00:00,TH,16:08:00,0,0,0,0,P,N,N,1.0,2,NJ 3                                              ,W,3,4.32,2,2.0,1.0,3.0,1.0,1.0,1.0,N,16:10,120P04740,2016-12-15 16:08:00
7081,2.02E+17,2017-10-01 00:00:00,SU,14:05:00,0,1,0,0,I,N,N,1.0,2,NJ 3                                              ,W,3,0.7,2,2.0,1.0,1.0,1.0,1.0,1.0,N,14:05,120P07448,2017-10-01 14:05:00
7082,2.02E+17,2018-08-01 00:00:00,WE,18:52:00,0,0,0,0,P,N,N,11.0,1,NJ 3                                              ,W,3,2.7,2,2.0,1.0,1.0,1.0,4.0,1.0,N,18:50,120+07444,2018-08-01 18:52:00
7086,2.02E+17,2018-08-02 00:00:00,TH,7:29:00,0,1,0,0,I,N,N,1.0,2,NJ 3                                              ,W,3,1.17,2,2.0,1.0,1.0,1.0,5.0,1.0,N,7:30,120P07447,2018-08-02 07:29:00
7088,2.02E+16,2015-11-16 00:00:00,M ,12:43:00,0,0,0,0,P,N,N,1.0,2,NJ 3                                              ,W,3,0.1,2,2.0,1.0,1.0,1.0,1.0,1.0,N,12:45,120+07449,2015-11-16 12:43:00
7089,2.02E+17,2017-10-01 00:00:00,SU,16:11:00,0,0,0,0,P,N,N,2.0,2,NJ 3                                              ,W,3,0.52,2,2.0,1.0,1.0,1.0,1.0,1.0,N,16:10,120+07449,2017-10-01 16:11:00
7092,2.02E+17,2015-11-17 00:00:00,TU,8:27:00,0,1,0,0,I,N,N,1.0,2,NJ 3                                              ,W,3,0.48,2,2.0,1.0,1.0,1.0,1.0,1.0,N,8:25,120+07449,2015-11-17 08:27:00
7093,2.02E+17,2018-08-02 00:00:00,TH,16:41:00,0,0,0,0,P,N,N,2.0,2,NJ 3                                              ,W,3,3.51,2,2.0,1.0,1.0,1.0,1.0,1.0,N,16:40,120+07443,2018-08-02 16:41:00
7095,2.02E+17,2018-08-06 00:00:00,MO,17:44:00,0,0,0,0,P,N,N,1.0,2,NJ 3                                              ,W,3,3.97,2,2.0,1.0,1.0,1.0,1.0,1.0,N,17:45,120+07442,2018-08-06 17:44:00
7100,2.02E+17,2016-12-17 00:00:00,SA,7:35:00,0,1,0,0,I,N,N,11.0,1,NJ 3                                              ,W,3,0.51,2,2.0,3.0,1.0,3.0,5.0,1.0,N,7:35,120+07449,2016-12-17 07:35:00
7101,2.02E+17,2016-12-17 00:00:00,SA,7:35:00,0,1,0,0,I,N,N,11.0,1,NJ 3                                              ,W,3,0.57,2,2.0,3.0,1.0,3.0,5.0,1.0,N,7:35,120P07448,2016-12-17 07:35:00
7102,2.02E+17,2017-10-02 00:00:00,MO,14:09:00,0,0,0,0,P,N,N,1.0,2,NJ 3                                              ,W,3,3.43,2,2.0,1.0,1.0,1.0,1.0,1.0,N,14:10,120+07443,2017-10-02 14:09:00
7103,2.02E+17,2018-08-09 00:00:00,TH,15:00:00,0,1,0,0,I,N,N,1.0,2,NJ 3                                              ,W,3,3.8,2,2.0,1.0,1.0,1.0,1.0,1.0,N,15:00,120+07442,2018-08-09 15:00:00
7105,2.02E+17,2018-08-09 00:00:00,TH,15:49:00,0,0,0,0,P,N,N,2.0,2,NJ 3                                              ,W,3,0.47,2,2.0,1.0,1.0,1.0,1.0,1.0,N,15:50,120+07449,2018-08-09 15:49:00
7113,2.02E+17,2017-10-03 00:00:00,TU,7:43:00,0,1,0,0,I,N,N,1.0,2,NJ 3                                              ,W,3,1.3,2,2.0,1.0,1.0,1.0,5.0,1.0,N,7:45,120P07446,2017-10-03 07:43:00
7114,2.02E+17,2018-08-13 00:00:00,MO,11:43:00,0,0,0,0,P,N,N,11.0,1,NJ 3                                              ,W,3,3.57,2,2.0,2.0,1.0,2.0,1.0,1.0,N,11:45,120P07442,2018-08-13 11:43:00
7115,201316022013-8210              ,2013-07-21 00:00:00,S ,15:42:00,0,0,0,0,P,N,N,1.0,2,NJ 3                                              ,W,3,3.82,2,2.0,1.0,1.0,1.0,1.0,2.0,N,15:40,120+07442,2013-07-21 15:42:00
7116,2.02E+17,2015-11-19 00:00:00,TH,12:30:00,0,0,0,0,P,N,N,1.0,3,NJ 3                                              ,W,3,4.8,2,2.0,2.0,1.0,5.0,1.0,1.0,N,12:30,120P04739,2015-11-19 12:30:00
7117,2.02E+17,2018-08-13 00:00:00,MO,16:29:00,0,0,0,0,P,N,N,1.0,2,NJ 3                                              ,W,3,0.1,2,2.0,2.0,1.0,1.0,4.0,1.0,N,16:30,120+07449,2018-08-13 16:29:00
7118,2.02E+17,2017-10-03 00:00:00,TU,7:56:00,0,2,0,0,I,N,N,1.0,2,NJ 3                                              ,W,3,1.3,2,3.0,1.0,1.0,1.0,5.0,1.0,N,7:55,120P07446,2017-10-03 07:56:00
7120,2.02E+17,2018-08-14 00:00:00,TU,7:25:00,0,0,0,0,P,N,N,11.0,1,NJ 3                                              ,W,3,0.47,2,2.0,1.0,1.0,1.0,1.0,1.0,N,7:25,120+07449,2018-08-14 07:25:00
7121,2.02E+17,2017-10-03 00:00:00,TU,9:43:00,0,0,0,0,P,N,N,1.0,2,NJ 3                                              ,W,3,0.57,2,2.0,1.0,1.0,1.0,1.0,1.0,N,9:45,120P07448,2017-10-03 09:43:00
7122,2.02E+17,2015-11-20 00:00:00,F ,7:34:00,0,0,0,0,P,N,N,1.0,2,NJ 3                                              ,W,3,3.51,2,2.0,1.0,1.0,1.0,1.0,1.0,N,7:35,120+07443,2015-11-20 07:34:00
7123,201316022013-8663              ,2013-08-01 00:00:00,TH,8:52:00,0,0,0,0,P,N,N,1.0,2,NJ 3                                              ,W,3,4.89,2,2.0,1.0,1.0,1.0,1.0,2.0,N,8:50,120P04739,2013-08-01 08:52:00
7124,2.02E+17,2016-12-20 00:00:00,TU,14:30:00,0,0,0,0,P,N,N,2.0,2,NJ 3                                              ,W,3,0.47,2,2.0,1.0,1.0,1.0,1.0,1.0,N,14:30,120+07449,2016-12-20 14:30:00
7125,2.02E+17,2018-08-15 00:00:00,WE,8:37:00,0,1,0,0,I,N,N,1.0,2,NJ 3                                              ,W,3,1.4,2,2.0,1.0,1.0,1.0,1.0,1.0,N,8:35,120P07446,2018-08-15 08:37:00
7126,2.02E+17,2015-11-20 00:00:00,F ,17:28:00,0,0,0,0,P,N,N,2.0,3,NJ 3                                              ,W,3,1.51,2,2.0,1.0,6.0,1.0,1.0,1.0,N,17:30,120+07445,2015-11-20 17:28:00
7127,201316022013-9043              ,2013-08-11 00:00:00,S ,16:00:00,0,0,0,0,P,N,N,1.0,2,NJ 3                                              ,W,3,4.92,2,2.0,1.0,1.0,1.0,1.0,5.0,N,16:00,120P04739,2013-08-11 16:00:00
7128,201316022013-9402              ,2013-08-21 00:00:00,W ,21:26:00,0,1,0,0,I,N,N,11.0,1,NJ 3                                              ,W,3,0.14,2,2.0,1.0,7.0,1.0,2.0,1.0,N,21:25,120+07449,2013-08-21 21:26:00
7129,2.02E+17,2018-08-15 00:00:00,WE,19:11:00,0,0,0,0,P,N,N,1.0,2,NJ 3                                              ,W,3,2.64,2,2.0,1.0,1.0,1.0,5.0,1.0,N,19:10,120+07444,2018-08-15 19:11:00
7132,2.02E+17,2018-08-16 00:00:00,TH,8:47:00,0,0,0,0,P,N,N,2.0,2,NJ 3                                              ,W,3,0.02,2,2.0,1.0,1.0,1.0,1.0,2.0,N,8:45,120+07449,2018-08-16 08:47:00
7133,2.02E+17,2017-10-03 00:00:00,TU,19:04:00,0,0,0,0,P,N,N,1.0,2,NJ 3                                              ,W,3,3.83,2,2.0,1.0,7.0,1.0,2.0,1.0,N,19:05,120+07442,2017-10-03 19:04:00
7134,201316022013-946               ,2013-01-26 00:00:00,SA,9:32:00,0,0,0,0,P,N,N,11.0,1,NJ 3                                              ,W,3,0.0,2,2.0,2.0,1.0,1.0,1.0,1.0,N,9:30,120+07449,2013-01-26 09:32:00
7135,2.02E+17,2018-08-16 00:00:00,TH,17:39:00,0,0,0,0,P,N,N,1.0,2,NJ 3                                              ,W,3,3.83,2,2.0,1.0,1.0,1.0,1.0,1.0,N,17:40,120+07442,2018-08-16 17:39:00
7136,2.02E+17,2016-12-22 00:00:00,TH,11:19:00,0,0,0,0,P,N,N,1.0,2,NJ 3                                              ,W,3,3.84,2,2.0,1.0,1.0,1.0,5.0,1.0,N,11:20,120+07442,2016-12-22 11:19:00
7137,2.02E+17,2018-08-16 00:00:00,TH,21:56:00,0,1,0,0,I,N,N,1.0,2,NJ 3                                              ,W,3,3.43,2,2.0,1.0,1.0,1.0,1.0,1.0,N,21:55,120+07443,2018-08-16 21:56:00
7141,2.02E+17,2015-11-24 00:00:00,TU,22:06:00,0,0,0,0,P,N,N,1.0,2,NJ 3                                              ,W,3,3.64,2,2.0,1.0,6.0,1.0,1.0,1.0,N,22:05,120P07442,2015-11-24 22:06:00
7144,2.01E+16,2013-09-22 00:00:00,S ,10:47:00,0,0,0,0,P,N,N,1.0,2,NJ 3                                              ,W,3,0.0,2,2.0,1.0,1.0,1.0,2.0,1.0,N,10:45,120+07449,2013-09-22 10:47:00
7146,2.02E+17,2018-08-17 00:00:00,FR,19:35:00,0,0,0,0,P,N,N,1.0,2,NJ 3                                              ,W,3,0.64,2,2.0,2.0,6.0,1.0,1.0,1.0,N,19:35,120P07448,2018-08-17 19:35:00
7150,2.02E+17,2016-12-23 00:00:00,F ,10:17:00,0,0,0,0,P,N,N,11.0,1,NJ 3                                              ,W,3,3.38,2,2.0,1.0,1.0,1.0,1.0,1.0,N,10:15,120+07443,2016-12-23 10:17:00
7151,2.02E+17,2017-10-04 00:00:00,WE,19:48:00,0,1,0,0,I,N,N,1.0,2,NJ 3                                              ,W,3,3.82,2,2.0,1.0,6.0,1.0,1.0,1.0,N,19:50,120+07442,2017-10-04 19:48:00
7154,2.02E+17,2018-08-20 00:00:00,MO,19:08:00,0,0,0,0,P,N,N,1.0,2,NJ 3                                              ,W,3,3.43,2,2.0,1.0,6.0,1.0,4.0,1.0,N,19:10,120+07443,2018-08-20 19:08:00
7155,2.02E+17,2017-10-05 00:00:00,TH,7:33:00,0,0,0,0,P,N,N,1.0,2,NJ 3                                              ,W,3,3.82,2,2.0,1.0,1.0,1.0,1.0,1.0,N,7:35,120+07442,2017-10-05 07:33:00
7156,20131602PCSD13-04309           ,2013-07-14 00:00:00,S ,18:42:00,0,0,0,0,P,N,N,1.0,2,NJ 3                                              ,W,3,3.82,2,2.0,1.0,1.0,1.0,4.0,1.0,N,18:40,120+07442,2013-07-14 18:42:00
7159,2.02E+17,2017-10-07 00:00:00,SA,11:45:00,0,0,0,0,P,N,N,1.0,2,NJ 3                                              ,W,3,1.51,2,2.0,1.0,1.0,1.0,1.0,1.0,N,11:45,120+07445,2017-10-07 11:45:00
7160,2.02E+17,2018-08-21 00:00:00,TU,13:54:00,0,0,0,0,P,N,N,1.0,2,NJ 3                                              ,W,3,3.42,2,2.0,1.0,1.0,1.0,1.0,1.0,N,13:55,120+07443,2018-08-21 13:54:00