,CRASH_ID,DATE,DAY,TIME,KILLED,INJURED,PED_KILL,PED_INJ,SEVERITY,ALCOHOL,HAZMAT,CRASH_TYPE,VEH_COUNT,LOCATION,LOC_DIR,ROUTE,MP,RD_SYS,RD_SURF,SURF_COND,LIGHT,WEATHER,RD_DIV,RD_WRKZN,CELL_USE,TIME_ROUND,TMC,timestamp
7161,2.02E+17,2016-12-23 00:00:00,F ,15:11:00,0,1,0,0,I,N,N,1.0,2,NJ 3                                              ,W,3,3.84,2,2.0,1.0,1.0,1.0,1.0,1.0,N,15:10,120+07442,2016-12-23 15:11:00
7163,2.02E+17,2017-10-07 00:00:00,SA,12:23:00,0,0,0,0,P,N,N,2.0,2,NJ 3                                              ,W,3,1.22,2,2.0,1.0,1.0,1.0,5.0,1.0,N,12:25,120P07447,2017-10-07 12:23:00
7164,2.02E+17,2016-12-23 00:00:00,F ,15:31:00,0,2,0,0,I,N,N,1.0,2,NJ 3                                              ,W,3,3.96,2,2.0,1.0,1.0,1.0,5.0,1.0,N,15:30,120+07442,2016-12-23 15:31:00
7165,2.02E+17,2018-08-22 00:00:00,WE,13:28:00,0,0,0,0,P,N,N,1.0,2,NJ 3                                              ,W,3,3.82,2,2.0,1.0,1.0,1.0,5.0,1.0,N,13:30,120+07442,2018-08-22 13:28:00
7166,2.02E+17,2018-08-22 00:00:00,WE,14:04:00,0,0,0,0,P,N,N,1.0,2,NJ 3                                              ,W,3,3.84,2,2.0,1.0,1.0,1.0,1.0,1.0,N,14:05,120+07442,2018-08-22 14:04:00
7167,2.02E+17,2017-10-10 00:00:00,TU,8:06:00,0,0,0,0,P,N,N,1.0,2,NJ 3                                              ,W,3,4.92,2,1.0,1.0,1.0,1.0,1.0,1.0,N,8:05,120P04739,2017-10-10 08:06:00
7172,2.02E+17,2018-08-23 00:00:00,TH,9:41:00,0,0,0,0,P,N,N,3.0,2,NJ 3                                              ,W,3,0.5,2,2.0,1.0,1.0,1.0,4.0,1.0,N,9:40,120+07449,2018-08-23 09:41:00
7173,2.02E+17,2017-10-10 00:00:00,TU,16:25:00,0,0,0,0,P,N,N,1.0,2,NJ 3                                              ,W,3,1.42,2,2.0,1.0,1.0,1.0,1.0,1.0,N,16:25,120P07446,2017-10-10 16:25:00
7175,2.02E+17,2018-08-23 00:00:00,TH,12:18:00,0,1,0,0,I,N,N,2.0,2,NJ 3                                              ,W,3,0.02,2,2.0,1.0,1.0,1.0,1.0,1.0,N,12:20,120+07449,2018-08-23 12:18:00
7179,2.02E+17,2015-12-01 00:00:00,TU,18:17:00,0,0,0,0,P,N,N,2.0,2,NJ 3                                              ,W,3,0.6,2,2.0,2.0,6.0,2.0,1.0,1.0,N,18:15,120P07448,2015-12-01 18:17:00
7180,2.02E+17,2017-10-11 00:00:00,WE,19:43:00,0,1,0,0,I,N,N,1.0,2,NJ 3                                              ,W,3,2.66,2,2.0,2.0,7.0,1.0,5.0,1.0,N,19:45,120+07444,2017-10-11 19:43:00
7181,2.02E+17,2018-08-24 00:00:00,FR,9:44:00,0,0,0,0,P,N,N,1.0,2,NJ 3                                              ,W,3,3.4,2,2.0,1.0,1.0,1.0,1.0,1.0,N,9:45,120+07443,2018-08-24 09:44:00
7183,2.02E+17,2017-10-12 00:00:00,TH,9:31:00,0,1,0,0,I,N,N,1.0,2,NJ 3                                              ,W,3,0.7,2,2.0,2.0,1.0,5.0,5.0,1.0,N,9:30,120P07448,2017-10-12 09:31:00
7184,2.02E+17,2015-12-01 00:00:00,TU,18:35:00,0,0,0,0,P,N,N,1.0,2,NJ 3                                              ,W,3,4.83,2,2.0,2.0,6.0,2.0,1.0,1.0,N,18:35,120P04739,2015-12-01 18:35:00
7185,2.02E+17,2018-08-24 00:00:00,FR,13:30:00,0,0,0,0,P,N,N,11.0,1,NJ 3                                              ,W,3,4.87,2,2.0,1.0,1.0,1.0,1.0,1.0,N,13:30,120P04739,2018-08-24 13:30:00
7187,2.02E+17,2017-10-12 00:00:00,TH,17:10:00,0,0,0,0,P,N,N,1.0,2,NJ 3                                              ,W,3,0.7,2,2.0,1.0,1.0,1.0,1.0,1.0,N,17:10,120P07448,2017-10-12 17:10:00
7188,2.02E+17,2015-12-02 00:00:00,W ,6:04:00,0,0,0,0,P,N,N,2.0,3,NJ 3                                              ,W,3,1.01,2,2.0,2.0,2.0,2.0,1.0,1.0,N,6:05,120+07448,2015-12-02 06:04:00
7189,2.02E+17,2018-08-24 00:00:00,FR,17:56:00,0,0,0,0,P,N,N,1.0,2,NJ 3                                              ,W,3,3.88,2,2.0,1.0,1.0,1.0,4.0,1.0,N,17:55,120+07442,2018-08-24 17:56:00
7191,2.02E+17,2016-12-31 00:00:00,SA,1:34:00,0,0,0,0,P,N,N,2.0,2,NJ 3                                              ,W,3,3.8,2,2.0,1.0,1.0,1.0,1.0,1.0,N,1:35,120+07442,2016-12-31 01:34:00
7192,2.02E+17,2018-08-25 00:00:00,SA,12:35:00,0,0,0,0,P,N,N,1.0,2,NJ 3                                              ,W,3,3.82,2,2.0,1.0,1.0,5.0,1.0,1.0,N,12:35,120+07442,2018-08-25 12:35:00
7194,2.02E+17,2015-12-02 00:00:00,W ,8:19:00,0,0,0,0,P,N,N,1.0,2,NJ 3                                              ,W,3,1.64,2,2.0,2.0,1.0,2.0,1.0,1.0,N,8:20,120+07445,2015-12-02 08:19:00
7195,2.02E+17,2018-08-27 00:00:00,MO,12:59:00,0,0,0,0,P,N,N,1.0,2,NJ 3                                              ,W,3,3.47,2,2.0,1.0,1.0,1.0,1.0,1.0,N,13:00,120+07443,2018-08-27 12:59:00
7197,2.02E+17,2017-10-13 00:00:00,FR,17:01:00,0,1,0,0,I,N,N,1.0,2,NJ 3                                              ,W,3,2.74,2,2.0,1.0,1.0,1.0,5.0,1.0,N,17:00,120+07444,2017-10-13 17:01:00
7199,2.02E+16,2016-08-22 00:00:00,M ,22:06:00,0,0,0,0,P,N,N,1.0,2,NJ 3                                              ,W,3,3.63,2,2.0,1.0,6.0,1.0,1.0,1.0,N,22:05,120P07442,2016-08-22 22:06:00
7200,2.02E+17,2017-10-15 00:00:00,SU,16:06:00,0,0,0,0,P,N,N,1.0,2,NJ 3                                              ,W,3,3.86,2,2.0,1.0,1.0,5.0,1.0,1.0,N,16:05,120+07442,2017-10-15 16:06:00
7202,2.02E+17,2018-08-29 00:00:00,WE,10:45:00,0,0,0,0,P,N,N,1.0,2,NJ 3                                              ,W,3,0.51,2,2.0,1.0,1.0,1.0,2.0,1.0,N,10:45,120+07449,2018-08-29 10:45:00
7203,2.02E+17,2017-10-17 00:00:00,TU,20:32:00,0,2,0,0,I,N,N,1.0,2,NJ 3                                              ,W,3,3.83,2,2.0,1.0,7.0,1.0,2.0,1.0,N,20:30,120+07442,2017-10-17 20:32:00
7204,20161602B060-2016-00631A       ,2016-02-27 00:00:00,SA,19:37:00,0,0,0,0,P,N,N,2.0,2,NJ 3                                              ,W,3,4.0,2,2.0,1.0,6.0,1.0,1.0,1.0,N,19:35,120+07442,2016-02-27 19:37:00
7206,2.02E+17,2017-10-18 00:00:00,WE,8:47:00,0,1,0,0,I,N,N,1.0,2,NJ 3                                              ,W,3,1.35,2,2.0,1.0,1.0,1.0,1.0,1.0,N,8:45,120P07446,2017-10-18 08:47:00
7207,2.02E+17,2018-08-30 00:00:00,TH,15:09:00,0,0,0,0,P,N,N,1.0,2,NJ 3                                              ,W,3,3.41,2,2.0,1.0,1.0,1.0,1.0,1.0,N,15:10,120+07443,2018-08-30 15:09:00
7209,2.02E+17,2017-10-18 00:00:00,WE,16:38:00,0,0,0,0,P,N,N,1.0,2,NJ 3                                              ,W,3,0.47,2,2.0,1.0,1.0,1.0,1.0,1.0,N,16:40,120+07449,2017-10-18 16:38:00
7210,2.02E+17,2018-08-31 00:00:00,FR,15:01:00,0,0,0,0,P,N,N,2.0,2,NJ 3                                              ,W,3,1.26,2,2.0,2.0,1.0,2.0,1.0,1.0,N,15:00,120P07447,2018-08-31 15:01:00
7211,2.02E+17,2018-09-01 00:00:00,SA,2:29:00,0,0,0,0,P,N,N,11.0,1,NJ 3                                              ,W,3,0.32,2,2.0,1.0,6.0,1.0,1.0,1.0,N,2:30,120+07449,2018-09-01 02:29:00
7213,2.02E+17,2018-09-02 00:00:00,SU,13:13:00,0,0,0,0,P,N,N,1.0,2,NJ 3                                              ,W,3,3.8,2,2.0,1.0,1.0,5.0,1.0,1.0,N,13:15,120+07442,2018-09-02 13:13:00
7215,2.02E+17,2017-10-19 00:00:00,TH,19:49:00,0,1,0,0,I,N,N,1.0,4,NJ 3                                              ,W,3,0.13,2,2.0,1.0,6.0,1.0,1.0,1.0,N,19:50,120+07449,2017-10-19 19:49:00
7216,2.02E+17,2018-09-03 00:00:00,MO,15:32:00,0,0,0,0,P,N,N,1.0,2,NJ 3                                              ,W,3,3.8,2,2.0,1.0,1.0,1.0,1.0,1.0,N,15:30,120+07442,2018-09-03 15:32:00
7217,2.02E+17,2015-12-08 00:00:00,TU,7:52:00,0,0,0,0,P,N,N,1.0,2,NJ 3                                              ,W,3,0.0,2,2.0,1.0,1.0,1.0,5.0,1.0,N,7:50,120+07449,2015-12-08 07:52:00
7218,2.02E+17,2017-10-20 00:00:00,FR,14:03:00,0,0,0,0,P,N,N,2.0,2,NJ 3                                              ,W,3,3.8,2,2.0,1.0,1.0,1.0,5.0,1.0,N,14:05,120+07442,2017-10-20 14:03:00
7219,2.02E+17,2015-12-08 00:00:00,TU,8:43:00,0,0,0,0,P,N,N,1.0,2,NJ 3                                              ,W,3,0.0,2,2.0,1.0,1.0,1.0,3.0,1.0,N,8:45,120+07449,2015-12-08 08:43:00
7220,2.02E+17,2018-09-05 00:00:00,WE,12:12:00,0,0,0,0,P,N,N,1.0,2,NJ 3                                              ,W,3,3.82,2,2.0,1.0,1.0,1.0,5.0,1.0,N,12:10,120+07442,2018-09-05 12:12:00
7221,2.02E+17,2015-12-08 00:00:00,TU,9:41:00,0,0,0,0,P,N,N,1.0,2,NJ 3                                              ,W,3,3.85,2,2.0,1.0,1.0,1.0,1.0,1.0,N,9:40,120+07442,2015-12-08 09:41:00
7222,2.02E+17,2015-12-09 00:00:00,W ,9:40:00,0,0,0,0,P,N,N,2.0,2,NJ 3                                              ,W,3,3.95,2,2.0,1.0,1.0,5.0,1.0,1.0,N,9:40,120+07442,2015-12-09 09:40:00
7223,2.02E+17,2018-09-06 00:00:00,TH,15:04:00,0,0,0,0,P,N,N,1.0,2,NJ 3                                              ,W,3,3.4,2,2.0,1.0,1.0,1.0,1.0,1.0,N,15:05,120+07443,2018-09-06 15:04:00
7225,2.02E+17,2017-10-24 00:00:00,TU,4:14:00,0,0,0,0,P,N,N,1.0,2,NJ 3                                              ,W,3,0.0,2,2.0,1.0,6.0,1.0,4.0,1.0,N,4:15,120+07449,2017-10-24 04:14:00
7226,2.02E+17,2017-10-24 00:00:00,TU,8:55:00,0,1,0,0,I,N,N,1.0,2,NJ 3                                              ,W,3,0.48,2,2.0,2.0,1.0,2.0,5.0,1.0,N,8:55,120+07449,2017-10-24 08:55:00
7227,2.02E+17,2018-09-08 00:00:00,SA,14:02:00,0,1,0,0,I,N,N,2.0,2,NJ 3                                              ,W,3,3.42,2,2.0,1.0,1.0,5.0,5.0,1.0,N,14:00,120+07443,2018-09-08 14:02:00
7229,2.02E+17,2018-09-08 00:00:00,SA,16:45:00,0,2,0,0,I,N,N,1.0,2,NJ 3                                              ,W,3,0.57,2,2.0,2.0,1.0,2.0,1.0,1.0,N,16:45,120P07448,2018-09-08 16:45:00
7231,2.02E+17,2017-10-24 00:00:00,TU,18:46:00,0,0,0,0,P,N,N,1.0,2,NJ 3                                              ,W,3,3.83,2,2.0,2.0,7.0,1.0,4.0,1.0,N,18:45,120+07442,2017-10-24 18:46:00
7234,2.02E+17,2017-10-26 00:00:00,TH,7:43:00,0,0,0,0,P,N,N,2.0,2,NJ 3                                              ,W,3,3.4,2,2.0,1.0,1.0,1.0,5.0,1.0,N,7:45,120+07443,2017-10-26 07:43:00
7235,2.02E+17,2015-12-16 00:00:00,W ,7:48:00,0,0,0,0,P,N,N,1.0,2,NJ 3                                              ,W,3,3.86,2,2.0,1.0,1.0,1.0,1.0,1.0,N,7:50,120+07442,2015-12-16 07:48:00
7236,2.02E+17,2015-12-16 00:00:00,W ,15:32:00,0,1,0,0,I,N,N,1.0,2,NJ 3                                              ,W,3,0.51,2,2.0,1.0,1.0,1.0,1.0,1.0,N,15:30,120+07449,2015-12-16 15:32:00
7237,2.02E+17,2018-09-10 00:00:00,MO,13:19:00,0,0,0,0,P,N,N,1.0,2,NJ 3                                              ,W,3,3.8,2,2.0,2.0,1.0,2.0,5.0,1.0,N,13:20,120+07442,2018-09-10 13:19:00
7238,2.02E+17,2018-09-11 00:00:00,TU,6:11:00,0,0,0,0,P,N,N,11.0,1,NJ 3                                              ,W,3,0.06,2,1.0,2.0,2.0,2.0,1.0,1.0,N,6:10,120+07449,2018-09-11 06:11:00
7240,2.02E+17,2015-12-17 00:00:00,TH,15:51:00,0,0,0,0,P,N,N,1.0,2,NJ 3                                              ,W,3,0.04,2,2.0,2.0,6.0,2.0,2.0,1.0,N,15:50,120+07449,2015-12-17 15:51:00
7241,2.02E+17,2018-09-11 00:00:00,TU,15:13:00,0,0,0,0,P,N,N,1.0,3,NJ 3                                              ,W,3,2.73,2,2.0,1.0,1.0,5.0,1.0,1.0,N,15:15,120+07444,2018-09-11 15:13:00
7242,2.02E+17,2018-09-12 00:00:00,WE,7:23:00,0,0,0,0,P,N,N,1.0,2,NJ 3                                              ,W,3,3.42,2,2.0,2.0,1.0,5.0,5.0,1.0,N,7:25,120+07443,2018-09-12 07:23:00
7243,2.02E+17,2017-10-28 00:00:00,SA,10:35:00,0,0,0,0,P,N,N,1.0,2,NJ 3                                              ,W,3,3.82,2,2.0,1.0,1.0,1.0,5.0,1.0,N,10:35,120+07442,2017-10-28 10:35:00
7245,2.02E+17,2015-12-18 00:00:00,F ,17:28:00,0,3,0,0,I,N,N,1.0,2,NJ 3                                              ,W,3,2.62,2,2.0,1.0,6.0,1.0,1.0,1.0,N,17:30,120+07444,2015-12-18 17:28:00
7246,2.02E+17,2017-10-28 00:00:00,SA,15:01:00,0,1,0,0,I,N,N,1.0,2,NJ 3                                              ,W,3,3.88,2,2.0,1.0,1.0,1.0,1.0,1.0,N,15:00,120+07442,2017-10-28 15:01:00
7247,2.02E+17,2018-09-12 00:00:00,WE,7:58:00,0,0,0,0,P,N,N,1.0,2,NJ 3                                              ,W,3,4.7,2,2.0,2.0,1.0,5.0,1.0,1.0,N,8:00,120P04739,2018-09-12 07:58:00
7248,2.02E+17,2018-09-12 00:00:00,WE,8:49:00,0,1,0,0,I,N,N,2.0,2,NJ 3                                              ,W,3,0.17,2,2.0,2.0,1.0,5.0,4.0,2.0,N,8:50,120+07449,2018-09-12 08:49:00
7249,2.02E+17,2017-10-28 00:00:00,SA,15:34:00,0,0,0,0,P,N,N,1.0,3,NJ 3                                              ,W,3,3.83,2,2.0,1.0,1.0,1.0,1.0,1.0,N,15:35,120+07442,2017-10-28 15:34:00
7250,2.02E+17,2017-10-29 00:00:00,SU,10:38:00,0,0,0,0,P,N,N,1.0,2,NJ 3                                              ,W,3,0.0,2,2.0,2.0,1.0,2.0,5.0,1.0,N,10:40,120+07449,2017-10-29 10:38:00
7251,2.02E+17,2018-09-12 00:00:00,WE,14:54:00,0,0,0,0,P,N,N,1.0,2,NJ 3                                              ,W,3,3.43,2,2.0,1.0,1.0,1.0,1.0,1.0,N,14:55,120+07443,2018-09-12 14:54:00
7253,2.02E+17,2018-09-13 00:00:00,TH,17:00:00,0,0,0,0,P,N,N,1.0,2,NJ 3                                              ,W,3,0.46,2,2.0,1.0,1.0,1.0,1.0,1.0,N,17:00,120+07449,2018-09-13 17:00:00
7255,2.02E+17,2017-10-29 00:00:00,SU,23:57:00,0,1,0,0,I,N,N,11.0,1,NJ 3                                              ,W,3,0.42,2,2.0,2.0,7.0,2.0,1.0,1.0,N,23:55,120+07449,2017-10-29 23:57:00
7256,2.02E+17,2015-12-19 00:00:00,SA,13:49:00,0,1,0,0,I,N,N,1.0,2,NJ 3                                              ,W,3,1.31,2,2.0,1.0,1.0,1.0,5.0,1.0,N,13:50,120P07446,2015-12-19 13:49:00
7257,2.02E+17,2018-09-14 00:00:00,FR,16:40:00,0,0,0,0,P,N,N,1.0,2,NJ 3                                              ,W,3,3.43,2,2.0,1.0,1.0,1.0,2.0,1.0,N,16:40,120+07443,2018-09-14 16:40:00
7258,2.02E+17,2018-09-15 00:00:00,SA,15:43:00,0,0,0,0,P,N,N,2.0,2,NJ 3                                              ,W,3,0.5,2,2.0,1.0,1.0,1.0,1.0,1.0,N,15:45,120+07449,2018-09-15 15:43:00
7259,2.02E+17,2017-10-30 00:00:00,MO,8:09:00,0,0,0,0,P,N,N,1.0,2,NJ 3                                              ,W,3,1.24,2,2.0,2.0,1.0,2.0,5.0,1.0,N,8:10,120P07447,2017-10-30 08:09:00
7260,2.02E+17,2015-12-19 00:00:00,SA,14:42:00,0,0,0,0,P,N,N,1.0,2,NJ 3                                              ,W,3,1.44,2,2.0,1.0,1.0,1.0,1.0,1.0,N,14:40,120P07446,2015-12-19 14:42:00
7261,2.02E+17,2018-09-16 00:00:00,SU,12:26:00,0,1,0,0,I,N,N,2.0,3,NJ 3                                              ,W,3,0.51,2,2.0,1.0,1.0,1.0,1.0,1.0,N,12:25,120+07449,2018-09-16 12:26:00
7262,2.02E+17,2015-12-21 00:00:00,M ,17:40:00,0,0,0,0,P,N,N,1.0,2,NJ 3                                              ,W,3,4.82,2,2.0,1.0,6.0,1.0,1.0,1.0,N,17:40,120P04739,2015-12-21 17:40:00
7264,2.02E+17,2017-10-30 00:00:00,MO,15:58:00,0,0,0,0,P,N,N,1.0,2,NJ 3                                              ,W,3,0.57,2,2.0,1.0,1.0,1.0,1.0,1.0,N,16:00,120P07448,2017-10-30 15:58:00
7265,2.02E+17,2018-09-16 00:00:00,SU,15:14:00,0,0,0,0,P,N,N,1.0,2,NJ 3                                              ,W,3,3.87,2,2.0,1.0,1.0,1.0,4.0,1.0,N,15:15,120+07442,2018-09-16 15:14:00
7266,2.02E+17,2017-10-30 00:00:00,MO,17:39:00,0,0,0,0,P,N,N,1.0,3,NJ 3                                              ,W,3,0.55,2,2.0,1.0,1.0,1.0,1.0,1.0,N,17:40,120+07449,2017-10-30 17:39:00
7267,2.02E+17,2018-09-16 00:00:00,SU,17:40:00,0,0,0,0,P,N,N,2.0,2,NJ 3                                              ,W,3,3.43,2,2.0,1.0,1.0,1.0,1.0,1.0,N,17:40,120+07443,2018-09-16 17:40:00
7268,2.02E+17,2015-12-22 00:00:00,TU,12:58:00,0,0,0,0,P,N,N,1.0,3,NJ 3                                              ,W,3,1.33,2,2.0,2.0,1.0,2.0,5.0,1.0,N,13:00,120P07446,2015-12-22 12:58:00
7269,2.02E+17,2017-10-30 00:00:00,MO,20:35:00,0,1,0,0,I,N,N,1.0,3,NJ 3                                              ,W,3,3.86,2,2.0,1.0,6.0,1.0,1.0,1.0,N,20:35,120+07442,2017-10-30 20:35:00
7270,2.02E+17,2018-09-16 00:00:00,SU,18:21:00,0,1,0,0,I,N,N,1.0,2,NJ 3                                              ,W,3,3.87,2,2.0,1.0,1.0,1.0,4.0,1.0,N,18:20,120+07442,2018-09-16 18:21:00
7271,2.02E+17,2017-11-05 00:00:00,SU,20:06:00,0,0,0,0,P,Y,N,1.0,2,NJ 3                                              ,W,3,1.26,2,2.0,1.0,6.0,1.0,1.0,1.0,N,20:05,120P07447,2017-11-05 20:06:00
7272,2.02E+17,2018-09-17 00:00:00,MO,12:26:00,0,1,0,0,I,N,N,1.0,2,NJ 3                                              ,W,3,0.51,2,2.0,1.0,1.0,5.0,5.0,1.0,N,12:25,120+07449,2018-09-17 12:26:00
7274,2.02E+17,2018-09-17 00:00:00,MO,18:30:00,0,0,0,0,P,N,N,1.0,2,NJ 3                                              ,W,3,2.68,2,2.0,2.0,1.0,2.0,1.0,1.0,N,18:30,120+07444,2018-09-17 18:30:00
7275,2.02E+17,2017-11-08 00:00:00,WE,8:33:00,0,0,0,0,P,N,N,1.0,2,NJ 3                                              ,W,3,4.42,2,2.0,2.0,1.0,1.0,5.0,1.0,N,8:35,120+04740,2017-11-08 08:33:00
7277,2.02E+17,2017-11-08 00:00:00,WE,15:51:00,0,0,0,0,P,N,N,2.0,2,NJ 3                                              ,W,3,0.15,2,2.0,1.0,1.0,1.0,1.0,1.0,N,15:50,120+07449,2017-11-08 15:51:00
7278,2.02E+17,2018-09-18 00:00:00,TU,8:52:00,0,0,0,0,P,N,N,1.0,2,NJ 3                                              ,W,3,1.32,2,2.0,2.0,1.0,2.0,5.0,1.0,N,8:50,120P07446,2018-09-18 08:52:00
7279,2.02E+17,2015-12-22 00:00:00,TU,18:32:00,0,0,0,0,P,N,N,1.0,3,NJ 3                                              ,W,3,2.73,2,2.0,1.0,6.0,5.0,1.0,1.0,N,18:30,120+07444,2015-12-22 18:32:00
7280,2.02E+17,2018-09-18 00:00:00,TU,10:14:00,0,0,0,0,P,N,N,2.0,2,NJ 3                                              ,W,3,0.49,2,2.0,2.0,1.0,5.0,5.0,1.0,N,10:15,120+07449,2018-09-18 10:14:00
7283,2.02E+17,2017-11-09 00:00:00,TH,19:24:00,0,0,0,0,P,N,N,1.0,2,NJ 3                                              ,W,3,3.81,2,2.0,1.0,1.0,1.0,1.0,1.0,N,19:25,120+07442,2017-11-09 19:24:00
7284,2.02E+17,2018-09-18 00:00:00,TU,10:59:00,0,1,0,0,I,N,N,1.0,2,NJ 3                                              ,W,3,3.82,2,2.0,2.0,1.0,5.0,5.0,1.0,N,11:00,120+07442,2018-09-18 10:59:00
7285,2.02E+17,2015-12-23 00:00:00,W ,15:29:00,0,0,0,0,P,N,N,2.0,2,NJ 3                                              ,W,3,4.88,2,2.0,2.0,1.0,2.0,1.0,1.0,N,15:30,120P04739,2015-12-23 15:29:00
7286,2.02E+17,2018-09-19 00:00:00,WE,8:29:00,0,1,0,0,I,N,N,1.0,3,NJ 3                                              ,W,3,0.02,2,2.0,1.0,1.0,1.0,5.0,1.0,N,8:30,120+07449,2018-09-19 08:29:00
7287,2.02E+17,2017-11-11 00:00:00,SA,7:28:00,0,1,0,0,I,N,N,1.0,2,NJ 3                                              ,W,3,3.78,2,2.0,1.0,1.0,1.0,1.0,1.0,N,7:30,120+07442,2017-11-11 07:28:00
7289,2.02E+17,2015-12-27 00:00:00,S ,7:41:00,0,0,0,0,P,N,N,11.0,1,NJ 3                                              ,W,3,0.0,2,2.0,2.0,1.0,2.0,3.0,1.0,N,7:40,120+07449,2015-12-27 07:41:00
7290,2.02E+17,2018-09-20 00:00:00,TH,12:59:00,0,1,0,0,I,N,N,2.0,3,NJ 3                                              ,W,3,2.7,2,2.0,1.0,1.0,1.0,5.0,1.0,N,13:00,120+07444,2018-09-20 12:59:00
7291,2.02E+17,2017-11-13 00:00:00,MO,9:23:00,0,1,0,0,I,N,N,1.0,2,NJ 3                                              ,W,3,3.8,2,2.0,2.0,1.0,2.0,5.0,1.0,N,9:25,120+07442,2017-11-13 09:23:00
7292,2.02E+17,2017-11-13 00:00:00,MO,18:47:00,0,0,0,0,P,N,N,2.0,2,NJ 3                                              ,W,3,4.01,2,2.0,1.0,6.0,1.0,1.0,1.0,N,18:45,120+07442,2017-11-13 18:47:00
7293,2.02E+17,2017-11-13 00:00:00,MO,19:27:00,0,0,0,0,P,N,N,1.0,2,NJ 3                                              ,W,3,3.82,2,2.0,1.0,6.0,1.0,1.0,1.0,N,19:25,120+07442,2017-11-13 19:27:00
7295,2.02E+17,2018-09-20 00:00:00,TH,18:18:00,0,1,0,0,I,N,N,1.0,3,NJ 3                                              ,W,3,2.58,2,2.0,1.0,1.0,1.0,1.0,1.0,N,18:20,120+07444,2018-09-20 18:18:00
7296,2.02E+17,2017-11-14 00:00:00,TU,11:46:00,0,0,0,0,P,N,N,1.0,2,NJ 3                                              ,W,3,3.82,2,2.0,1.0,1.0,1.0,1.0,1.0,N,11:45,120+07442,2017-11-14 11:46:00
7297,2.02E+17,2015-12-30 00:00:00,W ,17:03:00,0,2,0,0,I,N,N,2.0,2,NJ 3                                              ,W,3,2.49,2,2.0,1.0,4.0,1.0,1.0,1.0,N,17:05,120+07444,2015-12-30 17:03:00
7298,2.02E+17,2018-09-22 00:00:00,SA,13:36:00,0,0,0,0,P,N,N,1.0,2,NJ 3                                              ,W,3,3.8,2,2.0,1.0,1.0,1.0,1.0,1.0,N,13:35,120+07442,2018-09-22 13:36:00
7299,2.02E+17,2015-12-30 00:00:00,W ,19:13:00,0,0,0,0,P,N,N,2.0,2,NJ 3                                              ,W,3,2.46,2,2.0,1.0,5.0,1.0,1.0,4.0,N,19:15,120P07444,2015-12-30 19:13:00
7300,2.02E+17,2017-11-14 00:00:00,TU,15:34:00,0,0,0,0,P,N,N,2.0,2,NJ 3                                              ,W,3,3.76,2,2.0,1.0,1.0,1.0,1.0,1.0,N,15:35,120+07442,2017-11-14 15:34:00
7301,2.02E+17,2018-09-22 00:00:00,SA,18:57:00,0,0,0,0,P,N,N,1.0,2,NJ 3                                              ,W,3,3.83,2,2.0,1.0,7.0,1.0,1.0,1.0,N,18:55,120+07442,2018-09-22 18:57:00
7302,2.02E+16,2015-10-06 00:00:00,TU,9:39:00,0,1,0,0,I,N,N,1.0,2,NJ 3                                              ,W,3,3.78,2,2.0,1.0,1.0,1.0,1.0,1.0,N,9:40,120+07442,2015-10-06 09:39:00
7303,2.02E+17,2018-09-22 00:00:00,SA,20:12:00,0,0,0,0,P,N,N,1.0,2,NJ 3                                              ,W,3,3.8,2,2.0,1.0,7.0,1.0,2.0,1.0,N,20:10,120+07442,2018-09-22 20:12:00
7304,2.02E+17,2018-09-22 00:00:00,SA,21:04:00,0,0,0,0,P,N,N,1.0,2,NJ 3                                              ,W,3,3.8,2,2.0,1.0,6.0,1.0,4.0,5.0,N,21:05,120+07442,2018-09-22 21:04:00
7305,2.02E+16,2015-10-31 00:00:00,SA,22:10:00,0,1,0,0,I,N,N,1.0,2,NJ 3                                              ,W,3,3.81,2,2.0,1.0,6.0,1.0,1.0,1.0,N,22:10,120+07442,2015-10-31 22:10:00
7306,2.02E+17,2017-11-15 00:00:00,WE,18:21:00,0,0,0,0,P,N,N,1.0,2,NJ 3                                              ,W,3,3.81,2,2.0,1.0,6.0,1.0,1.0,1.0,N,18:20,120+07442,2017-11-15 18:21:00
7308,20151602B060201502679A         ,2015-09-10 00:00:00,TH,4:21:00,0,0,0,0,P,N,N,12.0,1,NJ 3                                              ,W,3,1.7,2,2.0,1.0,6.0,1.0,1.0,1.0,N,4:20,120+07445,2015-09-10 04:21:00
7309,2.02E+17,2018-09-23 00:00:00,SU,13:45:00,0,1,0,0,I,N,N,2.0,2,NJ 3                                              ,W,3,2.7,2,2.0,1.0,1.0,5.0,1.0,1.0,N,13:45,120+07444,2018-09-23 13:45:00
7310,2.02E+17,2017-11-15 00:00:00,WE,21:24:00,0,0,0,0,P,N,N,1.0,2,NJ 3                                              ,W,3,3.82,2,2.0,1.0,5.0,1.0,4.0,1.0,N,21:25,120+07442,2017-11-15 21:24:00
7311,2.02E+17,2017-11-16 00:00:00,TH,6:37:00,0,0,0,0,P,N,N,1.0,2,NJ 3                                              ,W,3,2.41,2,2.0,2.0,1.0,2.0,1.0,1.0,N,6:35,120P07444,2017-11-16 06:37:00
7312,2.02E+17,2018-09-23 00:00:00,SU,14:31:00,0,0,0,0,P,N,N,2.0,2,NJ 3                                              ,W,3,3.86,2,2.0,1.0,1.0,1.0,4.0,1.0,N,14:30,120+07442,2018-09-23 14:31:00
7313,2.02E+17,2017-11-16 00:00:00,TH,7:11:00,0,0,0,0,P,N,N,2.0,2,NJ 3                                              ,W,3,3.78,2,2.0,2.0,1.0,2.0,5.0,1.0,N,7:10,120+07442,2017-11-16 07:11:00
7314,2.02E+17,2018-09-23 00:00:00,SU,17:35:00,0,0,0,0,P,N,N,1.0,2,NJ 3                                              ,W,3,3.8,2,2.0,1.0,1.0,5.0,1.0,1.0,N,17:35,120+07442,2018-09-23 17:35:00
7315,2.02E+17,2017-11-16 00:00:00,TH,8:19:00,0,0,0,0,P,N,N,1.0,2,NJ 3                                              ,W,3,4.8,2,2.0,2.0,1.0,2.0,1.0,1.0,N,8:20,120P04739,2017-11-16 08:19:00
7316,2.02E+17,2017-11-16 00:00:00,TH,20:15:00,0,0,0,0,P,N,N,2.0,2,NJ 3                                              ,W,3,0.47,2,2.0,1.0,6.0,1.0,1.0,1.0,N,20:15,120+07449,2017-11-16 20:15:00
7317,2.02E+17,2018-09-25 00:00:00,TU,18:35:00,0,0,0,0,P,N,N,1.0,3,NJ 3                                              ,W,3,1.81,2,2.0,2.0,3.0,2.0,1.0,1.0,N,18:35,120+07445,2018-09-25 18:35:00
7318,2.02E+17,2017-11-18 00:00:00,SA,17:29:00,0,1,0,0,I,N,N,1.0,2,NJ 3                                              ,W,3,3.57,2,2.0,2.0,3.0,2.0,1.0,1.0,N,17:30,120P07442,2017-11-18 17:29:00