,CRASH_ID,DATE,DAY,TIME,KILLED,INJURED,PED_KILL,PED_INJ,SEVERITY,ALCOHOL,HAZMAT,CRASH_TYPE,VEH_COUNT,LOCATION,LOC_DIR,ROUTE,MP,RD_SYS,RD_SURF,SURF_COND,LIGHT,WEATHER,RD_DIV,RD_WRKZN,CELL_USE,TIME_ROUND,TMC,timestamp
7319,2.02E+17,2018-09-26 00:00:00,WE,7:55:00,0,1,0,0,I,N,N,1.0,3,NJ 3                                              ,W,3,1.3,2,2.0,2.0,1.0,5.0,5.0,1.0,N,7:55,120P07446,2018-09-26 07:55:00
7320,2.02E+17,2018-09-26 00:00:00,WE,8:42:00,0,0,0,0,P,N,N,1.0,2,NJ 3                                              ,W,3,0.2,2,2.0,2.0,1.0,5.0,2.0,1.0,N,8:40,120+07449,2018-09-26 08:42:00
7321,2.02E+17,2017-11-18 00:00:00,SA,19:56:00,0,0,0,0,P,N,N,2.0,2,NJ 3                                              ,W,3,3.23,2,2.0,2.0,6.0,2.0,1.0,1.0,N,19:55,120P07443,2017-11-18 19:56:00
7322,2.02E+17,2017-11-19 00:00:00,SU,7:44:00,0,0,0,0,P,N,N,11.0,1,NJ 3                                              ,W,3,0.0,2,2.0,2.0,1.0,5.0,3.0,1.0,N,7:45,120+07449,2017-11-19 07:44:00
7323,2.02E+17,2018-09-26 00:00:00,WE,8:44:00,0,0,0,0,P,N,N,1.0,2,NJ 3                                              ,W,3,3.51,2,2.0,2.0,1.0,5.0,1.0,1.0,N,8:45,120+07443,2018-09-26 08:44:00
7324,2.02E+17,2018-09-26 00:00:00,WE,9:17:00,0,1,0,0,I,N,N,1.0,2,NJ 3                                              ,W,3,1.07,2,2.0,1.0,1.0,5.0,5.0,1.0,N,9:15,120+07448,2018-09-26 09:17:00
7325,2.02E+17,2017-11-19 00:00:00,SU,17:47:00,0,0,0,0,P,N,N,1.0,2,NJ 3                                              ,W,3,3.81,2,2.0,1.0,5.0,1.0,2.0,1.0,N,17:45,120+07442,2017-11-19 17:47:00
7326,2.02E+17,2018-09-26 00:00:00,WE,10:12:00,0,1,0,0,I,N,N,1.0,2,NJ 3                                              ,W,3,4.8,2,2.0,1.0,1.0,5.0,5.0,1.0,N,10:10,120P04739,2018-09-26 10:12:00
7327,2.02E+17,2018-09-26 00:00:00,WE,15:18:00,0,0,0,0,P,N,N,2.0,2,NJ 3                                              ,W,3,1.24,2,2.0,1.0,1.0,1.0,1.0,1.0,N,15:20,120P07447,2018-09-26 15:18:00
7328,2.02E+17,2017-11-20 00:00:00,MO,7:56:00,0,0,0,0,P,N,N,1.0,2,NJ 3                                              ,W,3,3.81,2,2.0,1.0,1.0,1.0,1.0,1.0,N,7:55,120+07442,2017-11-20 07:56:00
7329,2.02E+17,2018-09-26 00:00:00,WE,22:16:00,0,0,0,0,P,N,N,2.0,2,NJ 3                                              ,W,3,3.63,2,2.0,2.0,6.0,2.0,1.0,1.0,N,22:15,120P07442,2018-09-26 22:16:00
7330,2.02E+17,2017-11-20 00:00:00,MO,16:16:00,0,0,0,0,P,N,N,2.0,2,NJ 3                                              ,W,3,0.47,2,2.0,1.0,3.0,1.0,1.0,1.0,N,16:15,120+07449,2017-11-20 16:16:00
7331,2.02E+17,2018-09-26 00:00:00,WE,22:16:00,0,0,0,0,P,N,N,1.0,2,NJ 3                                              ,W,3,3.63,2,2.0,2.0,6.0,2.0,1.0,1.0,N,22:15,120P07442,2018-09-26 22:16:00
7332,2.02E+17,2017-11-21 00:00:00,TU,15:38:00,0,0,0,0,P,N,N,1.0,2,NJ 3                                              ,W,3,0.5,2,2.0,1.0,1.0,1.0,1.0,1.0,N,15:40,120+07449,2017-11-21 15:38:00
7333,2.02E+17,2018-09-28 00:00:00,FR,16:19:00,0,0,0,0,P,N,N,1.0,2,NJ 3                                              ,W,3,1.26,2,2.0,1.0,1.0,1.0,1.0,1.0,N,16:20,120P07447,2018-09-28 16:19:00
7334,2.02E+17,2018-09-28 00:00:00,FR,17:15:00,0,0,0,0,P,N,N,1.0,2,NJ 3                                              ,W,3,3.28,2,2.0,1.0,1.0,1.0,1.0,1.0,N,17:15,120+07443,2018-09-28 17:15:00
7335,2.02E+17,2017-11-22 00:00:00,WE,7:58:00,0,1,0,0,I,N,N,1.0,2,NJ 3                                              ,W,3,3.82,2,2.0,1.0,1.0,1.0,1.0,1.0,N,8:00,120+07442,2017-11-22 07:58:00
7336,2.02E+17,2018-09-30 00:00:00,SU,12:15:00,0,1,0,0,I,N,N,1.0,3,NJ 3                                              ,W,3,0.56,2,2.0,1.0,1.0,1.0,5.0,1.0,N,12:15,120+07449,2018-09-30 12:15:00
7337,2.02E+17,2017-11-22 00:00:00,WE,14:50:00,0,0,0,0,P,N,N,1.0,2,NJ 3                                              ,W,3,0.51,2,2.0,1.0,1.0,1.0,1.0,1.0,N,14:50,120+07449,2017-11-22 14:50:00
7338,2.02E+17,2018-10-01 00:00:00,MO,15:53:00,0,2,0,0,I,N,N,1.0,4,NJ 3                                              ,W,3,3.73,2,2.0,1.0,1.0,1.0,1.0,1.0,N,15:55,120+07442,2018-10-01 15:53:00
7339,2.02E+17,2017-11-23 00:00:00,TH,20:52:00,0,0,0,0,P,N,N,1.0,2,NJ 3                                              ,W,3,3.82,2,2.0,1.0,6.0,1.0,2.0,1.0,N,20:50,120+07442,2017-11-23 20:52:00
7340,2.02E+17,2018-10-01 00:00:00,MO,16:26:00,0,0,0,0,P,N,N,2.0,2,NJ 3                                              ,W,3,3.91,2,2.0,1.0,1.0,1.0,1.0,1.0,N,16:25,120+07442,2018-10-01 16:26:00
7341,2.02E+17,2017-11-24 00:00:00,FR,12:43:00,0,0,0,0,P,N,N,1.0,2,NJ 3                                              ,W,3,3.82,2,1.0,1.0,1.0,1.0,1.0,1.0,N,12:45,120+07442,2017-11-24 12:43:00
7342,2.02E+17,2018-10-02 00:00:00,TU,16:59:00,0,1,0,0,I,N,N,2.0,2,NJ 3                                              ,W,3,0.51,2,2.0,1.0,1.0,1.0,1.0,1.0,N,17:00,120+07449,2018-10-02 16:59:00
7343,2.02E+17,2017-11-24 00:00:00,FR,14:16:00,0,0,0,0,P,N,N,1.0,2,NJ 3                                              ,W,3,3.82,2,2.0,1.0,1.0,1.0,1.0,1.0,N,14:15,120+07442,2017-11-24 14:16:00
7344,2.02E+17,2017-11-26 00:00:00,SU,15:00:00,0,0,0,0,P,N,N,1.0,2,NJ 3                                              ,W,3,3.4,2,2.0,1.0,1.0,1.0,1.0,1.0,N,15:00,120+07443,2017-11-26 15:00:00
7345,2.02E+17,2018-10-03 00:00:00,WE,12:10:00,0,0,0,0,P,N,N,1.0,2,NJ 3                                              ,W,3,3.82,2,2.0,1.0,1.0,1.0,1.0,1.0,N,12:10,120+07442,2018-10-03 12:10:00
7346,2.02E+17,2017-11-26 00:00:00,SU,15:37:00,0,0,0,0,P,N,N,1.0,2,NJ 3                                              ,W,3,3.42,2,2.0,1.0,1.0,1.0,1.0,1.0,N,15:35,120+07443,2017-11-26 15:37:00
7347,2.02E+17,2018-10-03 00:00:00,WE,16:48:00,0,2,0,0,I,N,N,1.0,2,NJ 3                                              ,W,3,3.82,2,2.0,1.0,1.0,1.0,1.0,1.0,N,16:50,120+07442,2018-10-03 16:48:00
7348,2.02E+17,2018-10-03 00:00:00,WE,19:57:00,0,0,0,0,P,N,N,1.0,2,NJ 3                                              ,W,3,3.42,2,2.0,1.0,3.0,1.0,1.0,1.0,N,19:55,120+07443,2018-10-03 19:57:00
7349,2.02E+17,2017-11-26 00:00:00,SU,16:27:00,0,1,0,0,I,N,N,1.0,4,NJ 3                                              ,W,3,3.84,2,2.0,1.0,1.0,1.0,1.0,1.0,N,16:25,120+07442,2017-11-26 16:27:00
7350,2.02E+17,2017-11-26 00:00:00,SU,18:00:00,0,0,0,0,P,N,N,11.0,1,NJ 3                                              ,W,3,0.23,2,2.0,1.0,4.0,1.0,1.0,1.0,N,18:00,120+07449,2017-11-26 18:00:00
7351,2.02E+17,2018-10-05 00:00:00,FR,19:32:00,0,0,0,0,P,N,N,1.0,2,NJ 3                                              ,W,3,3.83,2,2.0,1.0,1.0,1.0,2.0,1.0,N,19:30,120+07442,2018-10-05 19:32:00
7353,2.02E+17,2017-11-27 00:00:00,MO,16:44:00,0,1,0,0,I,N,N,1.0,2,NJ 3                                              ,W,3,0.42,2,2.0,1.0,3.0,1.0,1.0,1.0,N,16:45,120+07449,2017-11-27 16:44:00
7354,2.02E+17,2018-10-06 00:00:00,SA,12:19:00,0,0,0,0,P,N,N,1.0,2,NJ 3                                              ,W,3,3.82,2,2.0,2.0,1.0,2.0,5.0,1.0,N,12:20,120+07442,2018-10-06 12:19:00
7355,2.02E+17,2018-10-06 00:00:00,SA,13:54:00,0,0,0,0,P,N,N,1.0,2,NJ 3                                              ,W,3,3.42,2,2.0,2.0,1.0,5.0,1.0,1.0,N,13:55,120+07443,2018-10-06 13:54:00
7356,2.02E+17,2017-11-28 00:00:00,TU,17:36:00,0,0,0,0,P,N,N,2.0,2,NJ 3                                              ,W,3,1.51,2,2.0,1.0,5.0,1.0,1.0,1.0,N,17:35,120+07445,2017-11-28 17:36:00
7357,2.02E+17,2018-10-06 00:00:00,SA,17:56:00,0,0,0,0,P,N,N,1.0,2,NJ 3                                              ,W,3,3.63,2,2.0,2.0,1.0,2.0,1.0,1.0,N,17:55,120P07442,2018-10-06 17:56:00
7358,2.02E+17,2018-10-07 00:00:00,SU,17:02:00,0,1,0,0,I,N,N,1.0,2,NJ 3                                              ,W,3,3.42,2,2.0,1.0,1.0,1.0,1.0,1.0,N,17:00,120+07443,2018-10-07 17:02:00
7359,2.02E+17,2017-11-28 00:00:00,TU,18:40:00,0,0,0,0,P,N,N,2.0,2,NJ 3                                              ,W,3,4.88,2,2.0,1.0,6.0,1.0,1.0,1.0,N,18:40,120P04739,2017-11-28 18:40:00
7360,2.02E+17,2018-10-08 00:00:00,MO,11:15:00,0,0,0,0,P,N,N,1.0,2,NJ 3                                              ,W,3,3.82,2,2.0,2.0,1.0,2.0,1.0,1.0,N,11:15,120+07442,2018-10-08 11:15:00
7361,2.02E+17,2017-11-28 00:00:00,TU,19:15:00,0,2,0,0,I,N,N,1.0,3,NJ 3                                              ,W,3,4.8,2,2.0,1.0,6.0,1.0,1.0,1.0,N,19:15,120P04739,2017-11-28 19:15:00
7362,2.02E+17,2017-11-29 00:00:00,WE,8:33:00,0,1,0,0,I,N,N,1.0,2,NJ 3                                              ,W,3,1.17,2,2.0,1.0,1.0,1.0,5.0,1.0,N,8:35,120P07447,2017-11-29 08:33:00
7363,2.02E+17,2018-10-08 00:00:00,MO,15:41:00,0,0,0,0,P,N,N,2.0,2,NJ 3                                              ,W,3,4.69,2,2.0,1.0,1.0,1.0,1.0,1.0,N,15:40,120P04739,2018-10-08 15:41:00
7364,2.02E+17,2017-11-29 00:00:00,WE,16:07:00,0,0,0,0,P,N,N,2.0,2,NJ 3                                              ,W,3,0.49,2,2.0,1.0,1.0,1.0,1.0,1.0,N,16:05,120+07449,2017-11-29 16:07:00
7365,2.02E+17,2018-10-09 00:00:00,TU,7:28:00,0,0,0,0,P,N,N,1.0,2,NJ 3                                              ,W,3,3.8,2,2.0,2.0,1.0,5.0,5.0,1.0,N,7:30,120+07442,2018-10-09 07:28:00
7367,2.02E+17,2017-11-30 00:00:00,TH,23:03:00,0,0,0,0,P,N,N,1.0,2,NJ 3                                              ,W,3,1.27,2,2.0,2.0,6.0,2.0,1.0,1.0,N,23:05,120P07447,2017-11-30 23:03:00
7368,2.02E+17,2018-10-09 00:00:00,TU,13:34:00,0,0,0,0,P,N,N,1.0,2,NJ 3                                              ,W,3,3.8,2,2.0,1.0,1.0,5.0,1.0,1.0,N,13:35,120+07442,2018-10-09 13:34:00
7369,2.02E+17,2017-12-01 00:00:00,FR,10:39:00,0,2,0,0,I,N,N,1.0,2,NJ 3                                              ,W,3,0.51,2,2.0,1.0,1.0,1.0,5.0,1.0,N,10:40,120+07449,2017-12-01 10:39:00
7370,2.02E+17,2017-12-01 00:00:00,FR,17:30:00,0,1,0,0,I,N,N,1.0,3,NJ 3                                              ,W,3,3.82,2,2.0,1.0,6.0,1.0,1.0,1.0,N,17:30,120+07442,2017-12-01 17:30:00
7371,2.02E+17,2018-10-11 00:00:00,TH,19:40:00,0,0,0,0,P,N,N,2.0,2,NJ 3                                              ,W,3,3.9,2,2.0,2.0,3.0,2.0,1.0,1.0,N,19:40,120+07442,2018-10-11 19:40:00
7372,2.02E+17,2017-12-02 00:00:00,SA,15:33:00,0,0,0,0,P,N,N,1.0,2,NJ 3                                              ,W,3,0.5,2,2.0,1.0,1.0,1.0,2.0,1.0,N,15:35,120+07449,2017-12-02 15:33:00
7373,2.02E+17,2018-10-11 00:00:00,TH,19:50:00,0,0,0,0,P,N,N,2.0,2,NJ 3                                              ,W,3,4.9,2,1.0,2.0,6.0,1.0,1.0,1.0,N,19:50,120P04739,2018-10-11 19:50:00
7375,2.02E+17,2018-10-12 00:00:00,FR,8:20:00,0,0,0,0,P,N,N,1.0,2,NJ 3                                              ,W,3,0.04,2,2.0,1.0,1.0,1.0,1.0,1.0,N,8:20,120+07449,2018-10-12 08:20:00
7376,2.02E+17,2018-10-12 00:00:00,FR,10:39:00,0,1,0,0,I,N,N,1.0,2,NJ 3                                              ,W,3,3.43,2,2.0,1.0,1.0,1.0,1.0,1.0,N,10:40,120+07443,2018-10-12 10:39:00
7377,2.02E+17,2017-12-04 00:00:00,MO,15:17:00,0,0,0,0,P,N,N,2.0,2,NJ 3                                              ,W,3,3.9,2,2.0,1.0,1.0,2.0,1.0,1.0,N,15:15,120+07442,2017-12-04 15:17:00
7378,2.02E+17,2018-10-12 00:00:00,FR,12:03:00,0,0,0,0,P,N,N,7.0,2,NJ 3                                              ,W,3,3.42,2,2.0,1.0,1.0,1.0,4.0,1.0,N,12:05,120+07443,2018-10-12 12:03:00
7379,2.02E+17,2017-12-04 00:00:00,MO,17:09:00,0,0,0,0,P,N,N,1.0,2,NJ 3                                              ,W,3,1.44,2,2.0,1.0,3.0,1.0,1.0,1.0,N,17:10,120P07446,2017-12-04 17:09:00
7380,2.02E+17,2017-12-05 00:00:00,TU,14:47:00,0,0,0,0,P,N,N,1.0,2,NJ 3                                              ,W,3,2.03,2,2.0,2.0,1.0,1.0,1.0,1.0,N,14:45,120+07445,2017-12-05 14:47:00
7381,2.02E+17,2018-10-14 00:00:00,SU,11:14:00,0,2,0,0,I,N,N,1.0,2,NJ 3                                              ,W,3,3.4,2,2.0,1.0,1.0,1.0,1.0,1.0,N,11:15,120+07443,2018-10-14 11:14:00
7382,2.02E+17,2018-10-14 00:00:00,SU,14:43:00,0,0,0,0,P,N,N,1.0,2,NJ 3                                              ,W,3,3.82,2,2.0,1.0,1.0,1.0,5.0,1.0,N,14:45,120+07442,2018-10-14 14:43:00
7383,2.02E+17,2017-12-06 00:00:00,WE,16:39:00,0,0,0,0,P,N,N,1.0,2,NJ 3                                              ,W,3,1.27,2,2.0,1.0,6.0,1.0,1.0,1.0,N,16:40,120P07447,2017-12-06 16:39:00
7384,2.02E+17,2017-12-07 00:00:00,TH,16:05:00,0,1,0,0,I,N,N,1.0,2,NJ 3                                              ,W,3,3.84,2,2.0,1.0,1.0,1.0,1.0,1.0,N,16:05,120+07442,2017-12-07 16:05:00
7385,2.02E+17,2018-10-15 00:00:00,MO,12:16:00,0,1,0,0,I,N,N,1.0,3,NJ 3                                              ,W,3,3.97,2,2.0,1.0,1.0,5.0,5.0,1.0,N,12:15,120+07442,2018-10-15 12:16:00
7386,2.02E+17,2017-12-08 00:00:00,FR,18:01:00,0,1,0,0,I,N,N,1.0,3,NJ 3                                              ,W,3,1.44,2,2.0,1.0,6.0,1.0,1.0,1.0,N,18:00,120P07446,2017-12-08 18:01:00
7387,2.02E+17,2018-10-15 00:00:00,MO,21:45:00,0,0,0,0,P,N,N,4.0,2,NJ 3                                              ,W,3,0.02,2,2.0,2.0,6.0,2.0,1.0,1.0,N,21:45,120+07449,2018-10-15 21:45:00
7388,2.02E+17,2018-10-16 00:00:00,TU,8:18:00,0,0,0,0,P,N,N,1.0,2,NJ 3                                              ,W,3,2.57,2,2.0,1.0,1.0,1.0,5.0,1.0,N,8:20,120+07444,2018-10-16 08:18:00
7389,2.02E+17,2017-12-09 00:00:00,SA,12:01:00,0,0,0,0,P,N,N,1.0,2,NJ 3                                              ,W,3,2.7,2,2.0,3.0,1.0,3.0,4.0,1.0,N,12:00,120+07444,2017-12-09 12:01:00
7390,2.02E+17,2018-10-16 00:00:00,TU,13:28:00,0,0,0,0,P,N,N,1.0,2,NJ 3                                              ,W,3,3.42,2,2.0,1.0,1.0,1.0,1.0,1.0,N,13:30,120+07443,2018-10-16 13:28:00
7392,2.02E+17,2017-12-12 00:00:00,TU,7:00:00,0,0,0,0,P,N,N,1.0,2,NJ 3                                              ,W,3,3.42,2,2.0,2.0,1.0,5.0,1.0,1.0,N,7:00,120+07443,2017-12-12 07:00:00
7393,2.02E+17,2018-10-17 00:00:00,WE,9:08:00,0,0,0,0,P,N,N,1.0,2,NJ 3                                              ,W,3,0.07,2,2.0,1.0,1.0,1.0,5.0,1.0,N,9:10,120+07449,2018-10-17 09:08:00
7395,2.02E+17,2018-10-17 00:00:00,WE,12:10:00,0,0,0,0,P,N,N,1.0,2,NJ 3                                              ,W,3,3.8,2,2.0,1.0,1.0,1.0,5.0,1.0,N,12:10,120+07442,2018-10-17 12:10:00
7397,2.02E+17,2017-12-14 00:00:00,TH,17:02:00,0,0,0,0,P,N,N,1.0,2,NJ 3                                              ,W,3,4.01,2,2.0,1.0,6.0,1.0,1.0,1.0,N,17:00,120+07442,2017-12-14 17:02:00
7398,2.02E+17,2018-10-17 00:00:00,WE,18:37:00,0,0,0,0,P,N,N,1.0,2,NJ 3                                              ,W,3,3.41,2,2.0,1.0,6.0,1.0,5.0,1.0,N,18:35,120+07443,2018-10-17 18:37:00
7400,2.02E+17,2018-10-18 00:00:00,TH,9:06:00,0,0,0,0,P,N,N,1.0,2,NJ 3                                              ,W,3,0.09,2,2.0,1.0,1.0,1.0,1.0,1.0,N,9:05,120+07449,2018-10-18 09:06:00
7401,2.02E+17,2018-10-18 00:00:00,TH,22:20:00,0,0,0,0,P,N,N,2.0,2,NJ 3                                              ,W,3,2.56,2,2.0,1.0,6.0,1.0,1.0,1.0,N,22:20,120+07444,2018-10-18 22:20:00
7403,2.02E+17,2017-12-17 00:00:00,SU,16:30:00,0,0,0,0,P,N,N,1.0,2,NJ 3                                              ,W,3,3.46,2,2.0,1.0,6.0,1.0,1.0,1.0,N,16:30,120+07443,2017-12-17 16:30:00
7404,2.02E+17,2018-10-20 00:00:00,SA,12:14:00,0,0,0,0,P,N,N,1.0,2,NJ 3                                              ,W,3,3.81,2,2.0,1.0,1.0,1.0,1.0,1.0,N,12:15,120+07442,2018-10-20 12:14:00
7405,2.02E+17,2018-10-20 00:00:00,SA,15:30:00,0,0,0,0,P,N,N,1.0,2,NJ 3                                              ,W,3,3.83,2,2.0,1.0,1.0,1.0,1.0,1.0,N,15:30,120+07442,2018-10-20 15:30:00
7407,2.02E+17,2017-12-18 00:00:00,MO,7:11:00,0,0,0,0,P,N,N,2.0,2,NJ 3                                              ,W,3,3.4,2,2.0,1.0,1.0,1.0,2.0,1.0,N,7:10,120+07443,2017-12-18 07:11:00
7408,2.02E+17,2018-10-20 00:00:00,SA,16:59:00,0,0,0,0,P,N,N,1.0,2,NJ 3                                              ,W,3,3.84,2,2.0,1.0,1.0,1.0,1.0,1.0,N,17:00,120+07442,2018-10-20 16:59:00
7409,2.02E+17,2018-10-20 00:00:00,SA,21:45:00,0,0,0,0,P,N,N,1.0,2,NJ 3                                              ,W,3,3.83,2,2.0,1.0,7.0,1.0,1.0,1.0,N,21:45,120+07442,2018-10-20 21:45:00
7410,2.02E+17,2018-10-21 00:00:00,SU,10:47:00,0,0,0,0,P,N,N,1.0,2,NJ 3                                              ,W,3,3.4,2,2.0,1.0,1.0,1.0,5.0,1.0,N,10:45,120+07443,2018-10-21 10:47:00
7412,2.02E+17,2017-12-18 00:00:00,MO,17:17:00,0,0,0,0,P,N,N,1.0,2,NJ 3                                              ,W,3,3.97,2,2.0,1.0,6.0,1.0,4.0,1.0,N,17:15,120+07442,2017-12-18 17:17:00
7413,2.02E+17,2017-12-19 00:00:00,TU,7:25:00,0,0,0,0,P,N,N,1.0,2,NJ 3                                              ,W,3,3.84,2,2.0,1.0,1.0,1.0,1.0,1.0,N,7:25,120+07442,2017-12-19 07:25:00
7414,2.02E+17,2018-10-23 00:00:00,TU,13:26:00,0,0,0,0,P,N,N,1.0,2,NJ 3                                              ,W,3,3.88,2,2.0,1.0,1.0,1.0,5.0,1.0,N,13:25,120+07442,2018-10-23 13:26:00
7415,2.02E+17,2018-10-23 00:00:00,TU,17:15:00,0,0,0,0,P,N,N,1.0,2,NJ 3                                              ,W,3,3.88,2,2.0,1.0,1.0,1.0,4.0,1.0,N,17:15,120+07442,2018-10-23 17:15:00
7416,2.02E+17,2017-12-19 00:00:00,TU,15:46:00,0,0,0,0,P,N,N,1.0,2,NJ 3                                              ,W,3,2.58,2,2.0,1.0,1.0,1.0,1.0,1.0,N,15:45,120+07444,2017-12-19 15:46:00
7417,2.02E+17,2018-10-24 00:00:00,WE,15:37:00,0,1,0,0,I,N,N,1.0,2,NJ 3                                              ,W,3,3.87,2,2.0,1.0,1.0,1.0,1.0,1.0,N,15:35,120+07442,2018-10-24 15:37:00
7418,2.02E+17,2017-12-20 00:00:00,WE,13:03:00,0,0,0,0,P,N,N,2.0,2,NJ 3                                              ,W,3,1.44,2,2.0,1.0,1.0,1.0,1.0,1.0,N,13:05,120P07446,2017-12-20 13:03:00
7419,2.02E+17,2017-12-20 00:00:00,WE,17:01:00,0,0,0,0,P,N,N,1.0,2,NJ 3                                              ,W,3,3.87,2,2.0,1.0,6.0,1.0,1.0,1.0,N,17:00,120+07442,2017-12-20 17:01:00
7420,2.02E+17,2018-10-29 00:00:00,MO,6:38:00,0,1,0,0,I,N,N,1.0,2,NJ 3                                              ,W,3,3.42,2,2.0,2.0,1.0,5.0,1.0,1.0,N,6:40,120+07443,2018-10-29 06:38:00
7422,2.02E+17,2018-10-29 00:00:00,MO,15:35:00,0,0,0,0,P,N,N,1.0,2,NJ 3                                              ,W,3,3.43,2,2.0,1.0,1.0,1.0,1.0,1.0,N,15:35,120+07443,2018-10-29 15:35:00
7423,2.02E+17,2017-12-21 00:00:00,TH,11:39:00,0,0,0,0,P,N,N,1.0,2,NJ 3                                              ,W,3,1.44,2,2.0,1.0,1.0,1.0,1.0,1.0,N,11:40,120P07446,2017-12-21 11:39:00
7424,2.02E+17,2018-11-01 00:00:00,TH,6:32:00,0,0,0,0,P,N,N,1.0,3,NJ 3                                              ,W,3,0.38,2,2.0,1.0,6.0,1.0,1.0,1.0,N,6:30,120+07449,2018-11-01 06:32:00
7425,2.02E+17,2017-12-21 00:00:00,TH,14:59:00,0,0,0,0,P,N,N,1.0,2,NJ 3                                              ,W,3,0.47,2,2.0,1.0,1.0,1.0,1.0,1.0,N,15:00,120+07449,2017-12-21 14:59:00
7426,2.02E+17,2017-12-21 00:00:00,TH,18:06:00,0,0,0,0,P,N,N,2.0,2,NJ 3                                              ,W,3,4.9,2,2.0,1.0,6.0,1.0,1.0,1.0,N,18:05,120P04739,2017-12-21 18:06:00
7427,2.02E+17,2018-11-01 00:00:00,TH,17:14:00,0,3,0,0,I,N,N,1.0,2,NJ 3                                              ,W,3,1.25,2,2.0,1.0,1.0,1.0,1.0,1.0,N,17:15,120P07447,2018-11-01 17:14:00
7429,2.02E+17,2018-11-02 00:00:00,FR,8:28:00,0,0,0,0,P,N,N,1.0,2,NJ 3                                              ,W,3,3.36,2,2.0,1.0,1.0,5.0,5.0,1.0,N,8:30,120+07443,2018-11-02 08:28:00
7430,2.02E+17,2018-11-03 00:00:00,SA,21:39:00,0,0,0,0,P,N,N,1.0,2,NJ 3                                              ,W,3,2.79,2,2.0,1.0,6.0,1.0,1.0,1.0,N,21:40,120+07444,2018-11-03 21:39:00
7431,2.02E+17,2018-11-04 00:00:00,SU,17:18:00,0,0,0,0,P,N,N,2.0,2,NJ 3                                              ,W,3,3.91,2,2.0,1.0,6.0,1.0,1.0,1.0,N,17:20,120+07442,2018-11-04 17:18:00
7432,2.02E+17,2017-12-24 00:00:00,SU,17:54:00,0,0,0,0,P,N,N,1.0,2,NJ 3                                              ,W,3,3.82,2,2.0,1.0,6.0,1.0,1.0,1.0,N,17:55,120+07442,2017-12-24 17:54:00
7433,2.02E+17,2017-12-26 00:00:00,TU,7:43:00,0,0,0,0,P,N,N,2.0,2,NJ 3                                              ,W,3,0.0,2,2.0,1.0,1.0,1.0,1.0,1.0,N,7:45,120+07449,2017-12-26 07:43:00
7434,2.02E+17,2018-11-13 00:00:00,TU,8:52:00,0,0,0,0,P,N,N,1.0,3,NJ 3                                              ,W,3,0.43,2,2.0,2.0,1.0,2.0,1.0,1.0,N,8:50,120+07449,2018-11-13 08:52:00
7435,2.02E+17,2018-11-14 00:00:00,WE,8:47:00,0,0,0,0,P,N,N,1.0,2,NJ 3                                              ,W,3,0.51,2,2.0,1.0,1.0,1.0,2.0,1.0,N,8:45,120+07449,2018-11-14 08:47:00
7436,2.02E+17,2017-12-29 00:00:00,FR,13:39:00,0,0,0,0,P,N,N,2.0,2,NJ 3                                              ,W,3,0.6,2,2.0,1.0,1.0,1.0,1.0,1.0,N,13:40,120P07448,2017-12-29 13:39:00
7437,2.02E+17,2017-12-29 00:00:00,FR,22:56:00,0,0,0,0,P,N,N,1.0,2,NJ 3                                              ,W,3,3.4,2,2.0,1.0,6.0,1.0,2.0,1.0,N,22:55,120+07443,2017-12-29 22:56:00
7438,2.02E+17,2018-11-14 00:00:00,WE,13:08:00,0,0,0,0,P,N,N,1.0,2,NJ 3                                              ,W,3,3.42,2,2.0,1.0,1.0,1.0,2.0,1.0,N,13:10,120+07443,2018-11-14 13:08:00
7439,2.02E+17,2017-12-30 00:00:00,SA,22:15:00,0,0,0,0,P,N,N,1.0,2,NJ 3                                              ,W,3,3.8,2,2.0,1.0,6.0,1.0,2.0,1.0,N,22:15,120+07442,2017-12-30 22:15:00
7440,2.02E+17,2018-11-15 00:00:00,TH,6:12:00,0,0,0,0,P,N,N,15.0,2,NJ 3                                              ,W,3,2.6,2,2.0,1.0,1.0,1.0,1.0,1.0,N,6:10,120+07444,2018-11-15 06:12:00
7441,2.02E+17,2017-08-10 00:00:00,TH,21:17:00,0,0,0,0,P,N,N,99.0,1,NJ 3                                              ,W,3,3.86,2,2.0,1.0,5.0,1.0,1.0,1.0,N,21:15,120+07442,2017-08-10 21:17:00
7442,2.02E+17,2018-11-15 00:00:00,TH,14:29:00,0,1,0,0,I,N,N,1.0,2,NJ 3                                              ,W,3,4.89,2,2.0,3.0,1.0,3.0,5.0,1.0,N,14:30,120P04739,2018-11-15 14:29:00
7443,2.02E+17,2018-11-16 00:00:00,FR,8:19:00,0,1,0,0,I,N,N,2.0,3,NJ 3                                              ,W,3,1.74,2,2.0,2.0,1.0,3.0,1.0,1.0,N,8:20,120+07445,2018-11-16 08:19:00
7444,2.02E+17,2018-11-16 00:00:00,FR,9:49:00,0,0,0,0,P,N,N,11.0,1,NJ 3                                              ,W,3,0.46,2,2.0,5.0,1.0,1.0,1.0,1.0,N,9:50,120+07449,2018-11-16 09:49:00
7445,2.02E+17,2018-11-16 00:00:00,FR,11:31:00,0,0,0,0,P,N,N,1.0,2,NJ 3                                              ,W,3,3.82,2,2.0,1.0,1.0,1.0,1.0,1.0,N,11:30,120+07442,2018-11-16 11:31:00
7446,2.02E+17,2018-11-17 00:00:00,SA,21:31:00,0,0,0,0,P,N,N,1.0,2,NJ 3                                              ,W,3,3.42,2,2.0,1.0,6.0,1.0,1.0,1.0,N,21:30,120+07443,2018-11-17 21:31:00
7447,2.02E+17,2018-11-18 00:00:00,SU,14:58:00,0,0,0,0,P,N,N,1.0,2,NJ 3                                              ,W,3,0.7,2,2.0,1.0,1.0,1.0,1.0,1.0,N,15:00,120P07448,2018-11-18 14:58:00
7448,2.02E+17,2018-11-19 00:00:00,MO,19:46:00,0,0,0,0,P,N,N,4.0,2,NJ 3                                              ,W,3,3.42,2,2.0,1.0,6.0,1.0,4.0,1.0,N,19:45,120+07443,2018-11-19 19:46:00
7449,2.02E+17,2018-11-20 00:00:00,TU,7:53:00,0,0,0,0,P,N,N,2.0,3,NJ 3                                              ,W,3,3.36,2,2.0,1.0,1.0,5.0,5.0,1.0,N,7:55,120+07443,2018-11-20 07:53:00
7450,2.02E+17,2018-11-20 00:00:00,TU,15:30:00,0,0,0,0,P,N,N,1.0,2,NJ 3                                              ,W,3,2.56,2,2.0,1.0,1.0,1.0,1.0,1.0,N,15:30,120+07444,2018-11-20 15:30:00
7451,2.02E+17,2018-11-23 00:00:00,FR,4:26:00,0,3,0,0,I,N,N,1.0,2,NJ 3                                              ,W,3,0.05,2,2.0,1.0,6.0,1.0,4.0,1.0,N,4:25,120+07449,2018-11-23 04:26:00