,CRASH_ID,DATE,DAY,TIME,KILLED,INJURED,PED_KILL,PED_INJ,SEVERITY,ALCOHOL,HAZMAT,CRASH_TYPE,VEH_COUNT,LOCATION,LOC_DIR,ROUTE,MP,RD_SYS,RD_SURF,SURF_COND,LIGHT,WEATHER,RD_DIV,RD_WRKZN,CELL_USE,TIME_ROUND,TMC,timestamp
7452,2.02E+17,2018-11-25 00:00:00,SU,16:09:00,0,0,0,0,P,N,N,1.0,2,NJ 3                                              ,W,3,3.82,2,2.0,1.0,1.0,1.0,1.0,1.0,N,16:10,120+07442,2018-11-25 16:09:00
7453,2.02E+17,2018-11-26 00:00:00,MO,16:06:00,0,0,0,0,P,N,N,1.0,2,NJ 3                                              ,W,3,3.48,2,2.0,2.0,6.0,2.0,1.0,1.0,N,16:05,120+07443,2018-11-26 16:06:00
7454,2.02E+17,2018-11-26 00:00:00,MO,17:01:00,0,0,0,0,P,N,N,2.0,2,NJ 3                                              ,W,3,0.5,2,2.0,2.0,6.0,2.0,1.0,1.0,N,17:00,120+07449,2018-11-26 17:01:00
7455,2.02E+17,2018-11-27 00:00:00,TU,6:13:00,0,0,0,0,P,N,N,2.0,2,NJ 3                                              ,W,3,3.82,2,2.0,2.0,1.0,1.0,2.0,1.0,N,6:15,120+07442,2018-11-27 06:13:00
7456,2.02E+17,2018-11-27 00:00:00,TU,16:29:00,0,0,0,0,P,N,N,1.0,2,NJ 3                                              ,W,3,0.47,2,2.0,1.0,3.0,1.0,1.0,1.0,N,16:30,120+07449,2018-11-27 16:29:00
7457,2.02E+17,2018-11-29 00:00:00,TH,8:01:00,0,0,0,0,P,N,N,1.0,2,NJ 3                                              ,W,3,3.8,2,2.0,1.0,1.0,1.0,5.0,1.0,N,8:00,120+07442,2018-11-29 08:01:00
7458,2.02E+17,2018-11-30 00:00:00,FR,6:16:00,0,0,0,0,P,N,N,1.0,2,NJ 3                                              ,W,3,0.51,2,2.0,1.0,1.0,1.0,4.0,1.0,N,6:15,120+07449,2018-11-30 06:16:00
7459,2.02E+17,2018-11-30 00:00:00,FR,18:41:00,0,0,0,0,P,N,N,2.0,2,NJ 3                                              ,W,3,0.52,2,2.0,1.0,1.0,1.0,1.0,1.0,N,18:40,120+07449,2018-11-30 18:41:00
7460,2.02E+17,2018-12-01 00:00:00,SA,14:02:00,0,0,0,0,P,N,N,1.0,2,NJ 3                                              ,W,3,3.8,2,2.0,1.0,1.0,1.0,5.0,1.0,N,14:00,120+07442,2018-12-01 14:02:00
7461,2.02E+17,2018-12-02 00:00:00,SU,13:04:00,0,1,0,0,I,N,N,1.0,2,NJ 3                                              ,W,3,2.58,2,2.0,2.0,1.0,2.0,1.0,1.0,N,13:05,120+07444,2018-12-02 13:04:00
7462,2.02E+17,2018-12-03 00:00:00,MO,16:38:00,0,0,0,0,P,N,N,2.0,2,NJ 3                                              ,W,3,0.49,2,2.0,1.0,6.0,1.0,1.0,1.0,N,16:40,120+07449,2018-12-03 16:38:00
7463,2.02E+17,2018-12-03 00:00:00,MO,17:02:00,0,2,0,0,I,N,N,1.0,2,NJ 3                                              ,W,3,0.68,2,2.0,1.0,6.0,1.0,1.0,1.0,N,17:00,120P07448,2018-12-03 17:02:00
7464,2.02E+17,2018-12-04 00:00:00,TU,8:12:00,0,0,0,0,P,N,N,1.0,3,NJ 3                                              ,W,3,2.6,2,2.0,1.0,1.0,1.0,1.0,1.0,N,8:10,120+07444,2018-12-04 08:12:00
7465,2.02E+17,2018-12-04 00:00:00,TU,18:18:00,0,0,0,0,P,N,N,1.0,2,NJ 3                                              ,W,3,3.8,2,2.0,1.0,6.0,1.0,5.0,1.0,N,18:20,120+07442,2018-12-04 18:18:00
7466,2.02E+17,2018-12-07 00:00:00,FR,7:32:00,0,0,0,0,P,N,N,1.0,2,NJ 3                                              ,W,3,3.78,2,2.0,1.0,1.0,1.0,1.0,1.0,N,7:30,120+07442,2018-12-07 07:32:00
7467,2.02E+17,2018-12-07 00:00:00,FR,12:50:00,0,0,0,0,P,N,N,1.0,2,NJ 3                                              ,W,3,3.41,2,2.0,1.0,1.0,1.0,4.0,1.0,N,12:50,120+07443,2018-12-07 12:50:00
7468,2.02E+17,2018-12-07 00:00:00,FR,17:16:00,0,0,0,0,P,N,N,1.0,2,NJ 3                                              ,W,3,0.76,2,2.0,1.0,3.0,1.0,1.0,1.0,N,17:15,120+07448,2018-12-07 17:16:00
7469,2.02E+17,2018-12-07 00:00:00,FR,18:03:00,0,0,0,0,P,N,N,1.0,2,NJ 3                                              ,W,3,2.68,2,2.0,1.0,6.0,1.0,1.0,1.0,N,18:05,120+07444,2018-12-07 18:03:00
7470,2.02E+17,2018-12-09 00:00:00,SU,12:07:00,0,1,0,0,I,N,N,1.0,2,NJ 3                                              ,W,3,3.85,2,2.0,1.0,1.0,1.0,1.0,1.0,N,12:05,120+07442,2018-12-09 12:07:00
7471,2.02E+17,2018-12-11 00:00:00,TU,15:06:00,0,0,0,0,P,N,N,1.0,2,NJ 3                                              ,W,3,2.55,2,2.0,1.0,1.0,1.0,1.0,1.0,N,15:05,120+07444,2018-12-11 15:06:00
7472,2.02E+17,2018-12-11 00:00:00,TU,17:52:00,0,0,0,0,P,N,N,1.0,2,NJ 3                                              ,W,3,3.8,2,2.0,1.0,6.0,1.0,1.0,1.0,N,17:50,120+07442,2018-12-11 17:52:00
7473,2.02E+17,2018-12-11 00:00:00,TU,19:38:00,0,0,0,0,P,N,N,2.0,2,NJ 3                                              ,W,3,2.47,2,2.0,1.0,1.0,1.0,1.0,1.0,N,19:40,120P07444,2018-12-11 19:38:00
7474,2.02E+17,2018-12-12 00:00:00,WE,17:31:00,0,0,0,0,P,N,N,1.0,2,NJ 3                                              ,W,3,1.28,2,2.0,1.0,6.0,1.0,1.0,1.0,N,17:30,120+07447,2018-12-12 17:31:00
7475,2.02E+17,2018-12-14 00:00:00,FR,15:16:00,0,0,0,0,P,N,N,1.0,2,NJ 3                                              ,W,3,0.45,2,2.0,1.0,1.0,1.0,1.0,1.0,N,15:15,120+07449,2018-12-14 15:16:00
7476,2.02E+17,2018-12-14 00:00:00,FR,16:18:00,0,0,0,0,P,N,N,1.0,2,NJ 3                                              ,W,3,2.7,2,2.0,2.0,6.0,2.0,1.0,1.0,N,16:20,120+07444,2018-12-14 16:18:00
7477,2.02E+17,2018-12-16 00:00:00,SU,11:26:00,0,0,0,0,P,N,N,1.0,2,NJ 3                                              ,W,3,3.8,2,2.0,2.0,1.0,2.0,1.0,1.0,N,11:25,120+07442,2018-12-16 11:26:00
7478,2.02E+17,2018-12-16 00:00:00,SU,15:36:00,0,0,0,0,P,N,N,8.0,2,NJ 3                                              ,W,3,3.86,2,2.0,2.0,1.0,2.0,1.0,1.0,N,15:35,120+07442,2018-12-16 15:36:00
7479,2.02E+17,2018-12-16 00:00:00,SU,18:41:00,0,0,0,0,P,N,N,11.0,1,NJ 3                                              ,W,3,2.64,2,2.0,2.0,6.0,2.0,2.0,1.0,N,18:40,120+07444,2018-12-16 18:41:00
7480,2.02E+17,2018-12-19 00:00:00,WE,10:55:00,0,0,0,0,P,N,N,1.0,2,NJ 3                                              ,W,3,3.8,2,2.0,1.0,1.0,1.0,5.0,1.0,N,10:55,120+07442,2018-12-19 10:55:00
7481,2.02E+17,2018-12-23 00:00:00,SU,10:58:00,0,0,0,0,P,N,N,2.0,2,NJ 3                                              ,W,3,0.06,2,2.0,1.0,1.0,1.0,5.0,1.0,N,11:00,120+07449,2018-12-23 10:58:00
7482,2.02E+17,2018-12-23 00:00:00,SU,17:43:00,0,0,0,0,P,N,N,1.0,2,NJ 3                                              ,W,3,3.4,2,2.0,1.0,6.0,1.0,2.0,1.0,N,17:45,120+07443,2018-12-23 17:43:00
7483,2.02E+17,2018-12-23 00:00:00,SU,21:36:00,0,0,0,0,P,N,N,1.0,2,NJ 3                                              ,W,3,3.8,2,2.0,1.0,6.0,1.0,1.0,1.0,N,21:35,120+07442,2018-12-23 21:36:00
7484,2.02E+17,2018-12-26 00:00:00,WE,17:49:00,0,0,0,0,P,N,N,1.0,2,NJ 3                                              ,W,3,3.43,2,2.0,1.0,6.0,1.0,1.0,1.0,N,17:50,120+07443,2018-12-26 17:49:00
7485,2.02E+17,2018-12-27 00:00:00,TH,8:58:00,0,0,0,0,P,N,N,1.0,2,NJ 3                                              ,W,3,3.82,2,2.0,1.0,1.0,1.0,1.0,1.0,N,9:00,120+07442,2018-12-27 08:58:00
7486,2.02E+17,2018-12-28 00:00:00,FR,13:36:00,0,0,0,0,P,N,N,1.0,2,NJ 3                                              ,W,3,3.8,2,2.0,2.0,1.0,2.0,5.0,1.0,N,13:35,120+07442,2018-12-28 13:36:00
7487,2.02E+17,2018-12-28 00:00:00,FR,17:07:00,0,1,0,0,I,N,N,2.0,2,NJ 3                                              ,W,3,3.36,2,2.0,2.0,6.0,1.0,1.0,1.0,N,17:05,120+07443,2018-12-28 17:07:00
7488,20181602CLIFTONPD              ,2018-06-01 00:00:00,FR,20:02:00,0,0,0,0,P,N,N,8.0,2,NJ 3                                              ,W,3,0.51,2,2.0,1.0,6.0,1.0,1.0,1.0,N,20:00,120+07449,2018-06-01 20:02:00
7489,2016021216-006431              ,2016-04-29 00:00:00,F ,17:49:00,0,0,0,0,P,N,N,1.0,2,NJ 3                                              ,,3,8.4,2,2.0,1.0,3.0,1.0,2.0,1.0,N,17:50,120+04734,2016-04-29 17:49:00
7490,2018021218-005119              ,2018-03-27 00:00:00,TU,17:10:00,0,0,0,0,P,N,N,1.0,2,NJ 3                                              ,,3,8.4,2,2.0,1.0,1.0,1.0,1.0,1.0,N,17:10,120+04734,2018-03-27 17:10:00
7491,2016021216-013546              ,2016-09-07 00:00:00,W ,7:17:00,1,1,0,0,I,N,N,4.0,2,NJ 3                                              ,,3,8.4,2,2.0,1.0,1.0,1.0,5.0,1.0,N,7:15,120+04734,2016-09-07 07:17:00
7493,201802122018-10019             ,2018-12-18 00:00:00,TU,15:39:00,0,0,0,0,P,N,N,3.0,2,NJ 3                                              ,,3,8.14,2,2.0,2.0,6.0,2.0,1.0,1.0,N,15:40,120P04734,2018-12-18 15:39:00
7494,2015021215-017153              ,2015-11-16 00:00:00,M ,9:14:00,0,0,0,0,P,N,N,1.0,2,NJ 3                                              ,,3,8.0,2,2.0,1.0,1.0,1.0,5.0,1.0,N,9:15,120P04734,2015-11-16 09:14:00
7495,201802122018-10200             ,2018-12-21 00:00:00,FR,22:42:00,0,0,0,0,P,Y,N,11.0,1,NJ 3                                              ,,3,7.27,2,2.0,2.0,6.0,2.0,1.0,1.0,N,22:40,120+04736,2018-12-21 22:42:00
7496,20150212B250201500117A         ,2015-11-12 00:00:00,TH,19:02:00,0,0,0,0,P,N,N,8.0,2,NJ 3                                              ,,3,10.2,2,2.0,1.0,7.0,1.0,2.0,1.0,N,19:00,120+04730,2015-11-12 19:02:00
7497,20140212ER-14-01366            ,2014-02-12 00:00:00,W ,13:30:00,0,0,0,0,P,N,N,2.0,2,NJ 3                                              ,,3,7.27,2,2.0,1.0,1.0,1.0,1.0,1.0,N,13:30,120+04736,2014-02-12 13:30:00
7498,20150212ER-15-01498            ,2015-02-18 00:00:00,W ,6:43:00,0,0,0,0,P,N,N,2.0,2,NJ 3                                              ,,3,8.4,2,2.0,1.0,2.0,1.0,5.0,2.0,N,6:45,120+04734,2015-02-18 06:43:00
7499,20130212ER-13-01083            ,2013-02-08 00:00:00,F ,11:35:00,0,0,0,0,P,N,N,11.0,1,NJ 3                                              ,,3,7.85,2,1.0,3.0,1.0,3.0,1.0,1.0,N,11:35,120+04735,2013-02-08 11:35:00
7504,20130212ER-13-07879            ,2013-09-06 00:00:00,F ,18:35:00,0,0,0,0,P,N,N,1.0,3,NJ 3                                              ,,3,6.86,2,2.0,1.0,1.0,1.0,1.0,1.0,N,18:35,120P04737,2013-09-06 18:35:00
7505,20130212ER-13-07888            ,2013-09-07 00:00:00,SA,1:19:00,0,0,0,0,P,Y,N,1.0,2,NJ 3                                              ,,3,8.2,2,2.0,1.0,6.0,1.0,3.0,2.0,N,1:20,120P04734,2013-09-07 01:19:00
7506,2014025614-04155               ,2014-02-17 00:00:00,M ,16:44:00,0,0,0,0,P,N,N,1.0,2,NJ 3                                              ,,3,6.4,2,2.0,1.0,1.0,1.0,1.0,1.0,N,16:45,120P04737,2014-02-17 16:44:00
7508,2015025615-04796               ,2015-02-19 00:00:00,TH,7:30:00,0,0,0,0,P,N,N,1.0,2,NJ 3                                              ,,3,5.0,2,2.0,1.0,1.0,1.0,1.0,1.0,N,7:30,120P04739,2015-02-19 07:30:00
7509,2016025616-01262               ,2016-01-16 00:00:00,SA,10:29:00,0,0,0,0,P,N,N,11.0,1,NJ 3                                              ,,3,6.4,2,2.0,2.0,1.0,2.0,3.0,1.0,N,10:30,120P04737,2016-01-16 10:29:00
7510,20180212ER-18-09444            ,2018-11-28 00:00:00,WE,15:50:00,0,0,0,0,P,N,N,2.0,2,NJ 3                                              ,,3,8.3,2,2.0,1.0,1.0,1.0,1.0,1.0,N,15:50,120P04734,2018-11-28 15:50:00
7512,201302562013-000852            ,2013-01-21 00:00:00,M ,18:05:00,0,0,0,0,P,N,N,1.0,2,NJ 3                                              ,,3,5.2,2,2.0,1.0,6.0,1.0,2.0,2.0,N,18:05,120+04739,2013-01-21 18:05:00
7513,2014025614-07205               ,2014-03-31 00:00:00,M ,15:52:00,0,0,0,0,P,N,N,2.0,2,NJ 3                                              ,,3,6.8,2,1.0,1.0,1.0,1.0,1.0,1.0,N,15:50,120P04737,2014-03-31 15:52:00
7514,201302562013-001117            ,2013-01-28 00:00:00,M ,9:43:00,0,1,0,0,I,N,N,11.0,1,NJ 3                                              ,,3,6.0,2,2.0,3.0,1.0,3.0,1.0,2.0,N,9:45,120+04738,2013-01-28 09:43:00
7515,2016025616-06063               ,2016-03-17 00:00:00,TH,17:42:00,0,0,0,0,P,N,N,1.0,2,NJ 3                                              ,,3,5.0,2,2.0,2.0,1.0,2.0,2.0,1.0,N,17:40,120P04739,2016-03-17 17:42:00
7516,2014025614-09714               ,2014-05-05 00:00:00,M ,10:44:00,0,1,0,0,I,N,N,2.0,3,NJ 3                                              ,,3,5.0,2,2.0,1.0,1.0,1.0,1.0,2.0,N,10:45,120P04739,2014-05-05 10:44:00
7517,2016025616-08297               ,2016-04-13 00:00:00,W ,17:36:00,0,0,0,0,P,N,N,2.0,2,NJ 3                                              ,,3,5.3,2,2.0,1.0,1.0,1.0,1.0,1.0,N,17:35,120+04739,2016-04-13 17:36:00
7518,2015025615-12523               ,2015-05-26 00:00:00,TU,2:05:00,0,0,0,0,P,N,N,2.0,2,NJ 3                                              ,,3,5.93,2,2.0,1.0,6.0,1.0,5.0,1.0,N,2:05,120+04738,2015-05-26 02:05:00
7519,201302562013-002631            ,2013-03-04 00:00:00,M ,8:19:00,0,0,0,0,P,N,N,1.0,2,NJ 3                                              ,,3,5.7,2,2.0,1.0,1.0,1.0,1.0,2.0,N,8:20,120P04738,2013-03-04 08:19:00
7520,2016025616-09669               ,2016-05-02 00:00:00,M ,7:28:00,0,0,0,0,P,N,N,1.0,2,NJ 3                                              ,,3,6.5,2,2.0,1.0,1.0,5.0,1.0,1.0,N,7:30,120P04737,2016-05-02 07:28:00
7521,2015025615-14244               ,2015-06-16 00:00:00,TU,16:10:00,0,0,0,0,P,N,N,15.0,2,NJ 3                                              ,,3,5.5,2,2.0,1.0,1.0,1.0,1.0,1.0,N,16:10,120+04739,2015-06-16 16:10:00
7522,201302562013-004623            ,2013-04-22 00:00:00,M ,9:02:00,0,0,0,0,P,N,N,1.0,2,NJ 3                                              ,,3,5.7,2,2.0,1.0,1.0,1.0,1.0,2.0,N,9:00,120P04738,2013-04-22 09:02:00
7523,2017025617-07397               ,2017-04-18 00:00:00,TU,15:29:00,0,0,0,0,P,N,N,2.0,2,NJ 3                                              ,,3,5.5,2,2.0,1.0,1.0,1.0,1.0,1.0,N,15:30,120+04739,2017-04-18 15:29:00
7524,2015025615-19098               ,2015-08-20 00:00:00,TH,9:57:00,0,1,0,0,I,N,N,1.0,2,NJ 3                                              ,,3,6.4,2,2.0,1.0,1.0,1.0,1.0,1.0,N,9:55,120P04737,2015-08-20 09:57:00
7525,201302562013-006699            ,2013-06-07 00:00:00,F ,5:06:00,0,0,0,0,P,N,N,11.0,1,NJ 3                                              ,,3,6.2,2,2.0,2.0,2.0,2.0,1.0,2.0,N,5:05,120+04738,2013-06-07 05:06:00
7527,2014025614-20190               ,2014-09-27 00:00:00,SA,1:14:00,0,0,0,0,P,N,N,11.0,2,NJ 3                                              ,,3,6.2,2,2.0,1.0,6.0,1.0,1.0,1.0,N,1:15,120+04738,2014-09-27 01:14:00
7528,2014025614-21703               ,2014-10-16 00:00:00,TH,12:11:00,0,0,0,0,P,N,N,11.0,1,NJ 3                                              ,,3,5.5,2,2.0,2.0,1.0,5.0,1.0,1.0,N,12:10,120+04739,2014-10-16 12:11:00
7529,2014025614-22758               ,2014-10-30 00:00:00,TH,10:11:00,0,0,0,0,P,N,N,2.0,2,NJ 3                                              ,,3,6.8,2,2.0,1.0,1.0,1.0,1.0,1.0,N,10:10,120P04737,2014-10-30 10:11:00
7530,2014025614-23081               ,2014-11-03 00:00:00,M ,10:21:00,0,0,0,0,P,N,N,6.0,2,NJ 3                                              ,,3,5.0,2,2.0,1.0,1.0,1.0,1.0,1.0,N,10:20,120P04739,2014-11-03 10:21:00
7531,2017025617-14516               ,2017-08-05 00:00:00,SA,7:40:00,0,0,0,0,P,N,N,11.0,1,NJ 3                                              ,,3,6.5,2,1.0,2.0,1.0,5.0,1.0,1.0,N,7:40,120P04737,2017-08-05 07:40:00
7532,2015090815-017587              ,2015-11-24 00:00:00,TU,8:26:00,0,0,0,0,P,N,N,2.0,2,NJ 3                                              ,,3,10.25,2,2.0,1.0,1.0,1.0,1.0,1.0,N,8:25,120+04730,2015-11-24 08:26:00
7533,2017025617-16320               ,2017-09-02 00:00:00,SA,14:07:00,0,0,0,0,P,N,N,7.0,2,NJ 3                                              ,,3,5.93,2,2.0,1.0,1.0,1.0,5.0,1.0,N,14:05,120+04738,2017-09-02 14:07:00
7536,2017025617-16912               ,2017-09-12 00:00:00,TU,16:05:00,0,0,0,0,P,N,N,2.0,2,NJ 3                                              ,,3,5.7,2,2.0,1.0,1.0,1.0,1.0,1.0,N,16:05,120P04738,2017-09-12 16:05:00
7537,2.02E+15,2015-03-26 00:00:00,TH,16:28:00,0,0,0,0,P,N,N,2.0,2,NJ 3                                              ,,3,10.84,2,2.0,1.0,1.0,1.0,5.0,1.0,N,16:30,120+04729,2015-03-26 16:28:00
7538,2018025618-17495               ,2018-08-22 00:00:00,WE,10:51:00,0,1,0,0,I,N,N,10.0,1,NJ 3                                              ,,3,6.4,2,2.0,1.0,1.0,5.0,2.0,1.0,N,10:50,120P04737,2018-08-22 10:51:00
7539,2.02E+15,2015-04-11 00:00:00,SA,12:17:00,0,0,0,0,P,N,N,2.0,2,NJ 3                                              ,,3,10.84,2,2.0,1.0,1.0,1.0,1.0,1.0,N,12:15,120+04729,2015-04-11 12:17:00
7545,2.02E+15,2015-11-16 00:00:00,M ,9:49:00,0,0,0,0,P,N,N,1.0,2,NJ 3                                              ,,3,10.46,2,2.0,1.0,1.0,1.0,5.0,1.0,N,9:50,120P04729,2015-11-16 09:49:00
7546,2018025618-20388               ,2018-10-01 00:00:00,MO,6:42:00,0,0,0,0,P,N,N,1.0,2,NJ 3                                              ,,3,5.4,2,2.0,1.0,2.0,1.0,1.0,2.0,N,6:40,120+04739,2018-10-01 06:42:00
7547,2.02E+15,2015-11-16 00:00:00,M ,12:05:00,0,0,0,0,P,N,N,1.0,2,NJ 3                                              ,,3,10.85,2,,,,,,,N,12:05,120+04729,2015-11-16 12:05:00
7548,2015090915-000279              ,2015-01-06 00:00:00,TU,18:49:00,0,0,0,0,P,N,N,2.0,2,NJ 3                                              ,,3,8.9,2,2.0,2.0,6.0,1.0,5.0,1.0,N,18:50,120P04732,2015-01-06 18:49:00
7549,2015090915-001158              ,2015-01-23 00:00:00,F ,12:07:00,0,1,0,0,I,N,N,1.0,2,NJ 3                                              ,,3,8.8,2,2.0,1.0,1.0,1.0,2.0,1.0,N,12:05,120P04733,2015-01-23 12:07:00
7551,2014090914-000456              ,2014-01-07 00:00:00,TU,21:42:00,0,1,0,0,I,N,N,2.0,2,NJ 3                                              ,,3,9.8,2,2.0,1.0,6.0,1.0,1.0,1.0,N,21:40,120+04731,2014-01-07 21:42:00
7552,2014090914-000679              ,2014-01-10 00:00:00,F ,18:39:00,0,1,0,0,I,N,N,1.0,2,NJ 3                                              ,,3,8.6,2,2.0,2.0,6.0,2.0,1.0,1.0,N,18:40,120P04733,2014-01-10 18:39:00
7553,2015090915-002335              ,2015-02-17 00:00:00,TU,13:45:00,0,1,0,0,I,N,N,99.0,1,NJ 3                                              ,,3,9.8,2,2.0,1.0,1.0,1.0,1.0,1.0,N,13:45,120+04731,2015-02-17 13:45:00
7554,2015090915-002338              ,2015-02-17 00:00:00,TU,14:17:00,0,0,0,0,P,N,N,1.0,2,NJ 3                                              ,,3,9.89,2,2.0,2.0,1.0,1.0,2.0,1.0,N,14:15,120+04731,2015-02-17 14:17:00
7555,2.02E+15,2016-01-18 00:00:00,M ,16:58:00,0,0,0,0,P,N,N,2.0,2,NJ 3                                              ,,3,10.5,2,2.0,1.0,2.0,1.0,5.0,1.0,N,17:00,120+04729,2016-01-18 16:58:00
7557,2015090915-002553              ,2015-02-21 00:00:00,SA,15:21:00,0,1,0,0,I,N,N,1.0,3,NJ 3                                              ,,3,8.8,2,2.0,3.0,1.0,3.0,3.0,1.0,N,15:20,120P04733,2015-02-21 15:21:00
7558,2015090915-002578              ,2015-02-22 00:00:00,S ,2:17:00,0,0,0,0,P,N,N,11.0,1,NJ 3                                              ,,3,10.0,2,2.0,5.0,6.0,6.0,1.0,1.0,N,2:15,120+04730,2015-02-22 02:17:00
7559,2015090915-002882              ,2015-02-27 00:00:00,F ,15:27:00,0,0,0,0,P,N,N,1.0,2,NJ 3                                              ,,3,10.04,2,2.0,1.0,1.0,1.0,2.0,1.0,N,15:25,120+04730,2015-02-27 15:27:00
7560,2017025617-23028               ,2017-12-15 00:00:00,FR,17:23:00,0,1,0,0,I,N,N,1.0,4,NJ 3                                              ,,3,5.6,2,2.0,3.0,6.0,3.0,1.0,1.0,N,17:25,120P04738,2017-12-15 17:23:00
7561,2014090914-002137              ,2014-02-02 00:00:00,S ,3:50:00,0,0,0,0,P,N,N,11.0,1,NJ 3                                              ,,3,8.8,2,2.0,2.0,6.0,5.0,1.0,1.0,N,3:50,120P04733,2014-02-02 03:50:00
7562,2015090915-003199              ,2015-03-05 00:00:00,TH,11:06:00,0,0,0,0,P,N,N,11.0,1,NJ 3                                              ,,3,9.8,2,2.0,3.0,1.0,3.0,2.0,1.0,N,11:05,120+04731,2015-03-05 11:06:00
7563,2015090915-003204              ,2015-03-05 00:00:00,TH,12:39:00,0,0,0,0,P,N,N,3.0,2,NJ 3                                              ,,3,9.9,2,2.0,3.0,1.0,3.0,,1.0,N,12:40,120+04731,2015-03-05 12:39:00
7564,2014090914-002662              ,2014-02-09 00:00:00,S ,20:57:00,0,1,0,0,I,Y,N,11.0,1,NJ 3                                              ,,3,10.24,2,2.0,2.0,6.0,3.0,1.0,1.0,N,20:55,120+04730,2014-02-09 20:57:00
7567,2015090915-003290              ,2015-03-06 00:00:00,F ,17:58:00,0,0,0,0,P,N,N,1.0,2,NJ 3                                              ,,3,9.4,2,2.0,2.0,3.0,1.0,2.0,1.0,N,18:00,120P04732,2015-03-06 17:58:00
7568,2015090915-003503              ,2015-03-10 00:00:00,TU,18:17:00,0,0,0,0,P,N,N,2.0,2,NJ 3                                              ,,3,9.8,2,2.0,2.0,3.0,2.0,1.0,1.0,N,18:15,120+04731,2015-03-10 18:17:00
7570,2015090915-003512              ,2015-03-10 00:00:00,TU,22:38:00,0,0,0,0,P,N,N,2.0,2,NJ 3                                              ,,3,8.6,2,1.0,2.0,6.0,2.0,2.0,1.0,N,22:40,120P04733,2015-03-10 22:38:00
7571,2014090914-003693              ,2014-02-25 00:00:00,TU,8:25:00,0,0,0,0,P,N,N,2.0,2,NJ 3                                              ,,3,9.5,2,2.0,1.0,1.0,1.0,1.0,1.0,N,8:25,120P04731,2014-02-25 08:25:00
7573,2014090914-003850              ,2014-02-27 00:00:00,TH,13:30:00,0,0,0,0,P,N,N,2.0,2,NJ 3                                              ,,3,5.67,2,2.0,1.0,1.0,1.0,1.0,1.0,N,13:30,120P04738,2014-02-27 13:30:00
7574,2014090914-004228              ,2014-03-04 00:00:00,TU,16:39:00,0,0,0,0,P,N,N,1.0,2,NJ 3                                              ,,3,9.89,2,2.0,1.0,1.0,1.0,2.0,1.0,N,16:40,120+04731,2014-03-04 16:39:00
7576,2015090915-004736              ,2015-04-01 00:00:00,W ,19:37:00,0,0,0,0,P,N,N,1.0,2,NJ 3                                              ,,3,10.04,2,2.0,1.0,6.0,1.0,1.0,1.0,N,19:35,120+04730,2015-04-01 19:37:00
7578,2015090915-005433              ,2015-04-14 00:00:00,TU,17:46:00,0,0,0,0,P,N,N,11.0,1,NJ 3                                              ,,3,10.2,2,2.0,1.0,1.0,1.0,1.0,1.0,N,17:45,120+04730,2015-04-14 17:46:00
7580,2.02E+15,2016-04-28 00:00:00,TH,8:45:00,0,1,0,0,I,N,N,1.0,2,NJ 3                                              ,,3,10.5,2,2.0,1.0,1.0,1.0,4.0,1.0,N,8:45,120+04729,2016-04-28 08:45:00
7582,2014090914-006129              ,2014-04-01 00:00:00,TU,13:14:00,0,0,0,0,P,N,N,11.0,1,NJ 3                                              ,,3,10.0,2,2.0,1.0,1.0,1.0,2.0,1.0,N,13:15,120+04730,2014-04-01 13:14:00
7583,2013090813-008762              ,2013-02-05 00:00:00,TU,17:00:00,0,1,0,0,I,N,N,1.0,2,NJ 3                                              ,,3,10.84,2,2.0,2.0,6.0,1.0,1.0,1.0,N,17:00,120+04729,2013-02-05 17:00:00
7584,2.02E+15,2017-01-29 00:00:00,SU,17:32:00,0,0,0,0,P,N,N,1.0,2,NJ 3                                              ,,3,10.84,2,2.0,1.0,3.0,1.0,4.0,1.0,N,17:30,120+04729,2017-01-29 17:32:00
7585,2013090813-012042              ,2013-02-19 00:00:00,TU,6:31:00,0,0,0,0,P,N,N,1.0,3,NJ 3                                              ,,3,10.5,2,2.0,1.0,4.0,1.0,1.0,1.0,N,6:30,120+04729,2013-02-19 06:31:00
7586,2.01E+15,2013-02-15 00:00:00,F ,7:54:00,0,0,0,0,P,N,N,1.0,2,NJ 3                                              ,,3,10.46,2,2.0,2.0,1.0,1.0,5.0,1.0,N,7:55,120P04729,2013-02-15 07:54:00
7588,2015090915-006777              ,2015-05-08 00:00:00,F ,10:27:00,0,1,0,0,I,N,N,1.0,2,NJ 3                                              ,,3,9.3,2,2.0,1.0,1.0,1.0,2.0,1.0,N,10:25,120P04732,2015-05-08 10:27:00
7589,2015090915-007073              ,2015-05-12 00:00:00,TU,16:05:00,0,0,0,0,P,N,N,11.0,1,NJ 3                                              ,,3,8.9,2,2.0,1.0,1.0,1.0,1.0,1.0,N,16:05,120P04732,2015-05-12 16:05:00
7592,2014090914-007549              ,2014-04-22 00:00:00,TU,17:12:00,0,0,0,0,P,N,N,10.0,1,NJ 3                                              ,,3,10.04,2,2.0,1.0,1.0,5.0,2.0,1.0,N,17:10,120+04730,2014-04-22 17:12:00