,CRASH_ID,DATE,DAY,TIME,KILLED,INJURED,PED_KILL,PED_INJ,SEVERITY,ALCOHOL,HAZMAT,CRASH_TYPE,VEH_COUNT,LOCATION,LOC_DIR,ROUTE,MP,RD_SYS,RD_SURF,SURF_COND,LIGHT,WEATHER,RD_DIV,RD_WRKZN,CELL_USE,TIME_ROUND,TMC,timestamp
7593,2015090915-007266              ,2015-05-16 00:00:00,SA,2:58:00,0,0,0,0,P,N,N,11.0,1,NJ 3                                              ,,3,10.1,2,2.0,2.0,6.0,2.0,3.0,1.0,Y,3:00,120+04730,2015-05-16 02:58:00
7596,2.02E+15,2017-04-28 00:00:00,FR,21:27:00,0,0,0,0,P,N,N,11.0,1,NJ 3                                              ,,3,10.84,2,2.0,1.0,7.0,1.0,1.0,1.0,N,21:25,120+04729,2017-04-28 21:27:00
7597,2015090915-007972              ,2015-05-28 00:00:00,TH,16:07:00,0,0,0,0,P,N,N,2.0,2,NJ 3                                              ,,3,9.9,2,2.0,1.0,1.0,1.0,2.0,1.0,N,16:05,120+04731,2015-05-28 16:07:00
7598,2014090914-008535              ,2014-05-05 00:00:00,M ,19:31:00,0,0,0,0,P,N,N,2.0,2,NJ 3                                              ,,3,10.0,2,2.0,1.0,1.0,1.0,2.0,1.0,N,19:30,120+04730,2014-05-05 19:31:00
7599,2.02E+15,2016-09-12 00:00:00,M ,23:44:00,0,2,0,0,I,N,N,1.0,2,NJ 3                                              ,,3,10.5,2,2.0,1.0,6.0,1.0,1.0,1.0,N,23:45,120+04729,2016-09-12 23:44:00
7600,2014090914-008806              ,2014-05-09 00:00:00,F ,14:14:00,0,0,0,0,P,N,N,1.0,2,NJ 3                                              ,,3,9.7,2,2.0,1.0,1.0,5.0,2.0,1.0,N,14:15,120+04731,2014-05-09 14:14:00
7602,2.02E+15,2017-05-18 00:00:00,TH,8:32:00,0,0,0,0,P,N,N,1.0,3,NJ 3                                              ,,3,10.84,2,2.0,1.0,1.0,1.0,1.0,,N,8:30,120+04729,2017-05-18 08:32:00
7603,2015090915-009104              ,2015-06-18 00:00:00,TH,8:36:00,0,0,0,0,P,N,N,2.0,2,NJ 3                                              ,,3,9.1,2,2.0,1.0,1.0,1.0,1.0,1.0,N,8:35,120P04732,2015-06-18 08:36:00
7608,2015090915-009798              ,2015-07-01 00:00:00,W ,5:14:00,0,0,0,0,P,N,N,11.0,1,NJ 3                                              ,,3,9.89,2,2.0,2.0,2.0,2.0,,1.0,Y,5:15,120+04731,2015-07-01 05:14:00
7609,2015090915-010055              ,2015-07-05 00:00:00,S ,21:35:00,0,0,0,0,P,N,N,2.0,2,NJ 3                                              ,,3,9.8,2,2.0,1.0,6.0,1.0,3.0,1.0,N,21:35,120+04731,2015-07-05 21:35:00
7611,2014090914-011391              ,2014-06-22 00:00:00,S ,19:16:00,0,1,0,0,I,N,N,11.0,1,NJ 3                                              ,,3,8.0,2,2.0,1.0,1.0,1.0,4.0,1.0,N,19:15,120P04734,2014-06-22 19:16:00
7612,2014090914-011963              ,2014-07-03 00:00:00,TH,22:01:00,0,0,0,0,P,N,N,1.0,2,NJ 3                                              ,,3,10.04,2,2.0,2.0,7.0,2.0,1.0,1.0,N,22:00,120+04730,2014-07-03 22:01:00
7614,2014090914-011968              ,2014-07-04 00:00:00,F ,1:52:00,0,0,0,0,P,N,N,2.0,2,NJ 3                                              ,,3,5.8,2,2.0,2.0,6.0,2.0,3.0,1.0,N,1:50,120P04738,2014-07-04 01:52:00
7615,2015090915-010197              ,2015-07-08 00:00:00,W ,19:09:00,0,0,0,0,P,N,N,14.0,1,NJ 3                                              ,,3,9.2,2,2.0,1.0,1.0,1.0,2.0,1.0,N,19:10,120P04732,2015-07-08 19:09:00
7616,2015090915-010336              ,2015-07-11 00:00:00,SA,1:55:00,0,3,0,0,I,N,N,2.0,2,NJ 3                                              ,,3,9.3,2,2.0,1.0,6.0,1.0,1.0,1.0,N,1:55,120P04732,2015-07-11 01:55:00
7617,2015090915-010338              ,2015-07-11 00:00:00,SA,2:24:00,0,0,0,0,P,N,N,1.0,3,NJ 3                                              ,,3,9.3,2,2.0,1.0,6.0,1.0,1.0,1.0,N,2:25,120P04732,2015-07-11 02:24:00
7618,2.02E+15,2017-08-18 00:00:00,FR,10:37:00,0,0,0,0,P,N,N,11.0,1,NJ 3                                              ,,3,10.46,2,2.0,2.0,1.0,2.0,4.0,1.0,N,10:35,120P04729,2017-08-18 10:37:00
7619,2.01E+15,2013-10-16 00:00:00,W ,6:51:00,0,0,0,0,P,N,N,2.0,2,NJ 3                                              ,,3,10.85,2,2.0,1.0,1.0,1.0,1.0,1.0,N,6:50,120+04729,2013-10-16 06:51:00
7621,2016090916-000144              ,2016-01-04 00:00:00,M ,8:07:00,0,0,0,0,P,N,N,2.0,2,NJ 3                                              ,,3,8.9,2,2.0,1.0,1.0,1.0,1.0,1.0,N,8:05,120P04732,2016-01-04 08:07:00
7622,2016090916-000157              ,2016-01-04 00:00:00,M ,11:37:00,0,0,0,0,P,N,N,2.0,2,NJ 3                                              ,,3,9.0,2,2.0,1.0,1.0,1.0,1.0,1.0,N,11:35,120P04732,2016-01-04 11:37:00
7625,2016090916-000197              ,2016-01-04 00:00:00,M ,20:42:00,0,0,0,0,P,N,N,2.0,2,NJ 3                                              ,,3,9.2,2,2.0,1.0,6.0,1.0,2.0,1.0,N,20:40,120P04732,2016-01-04 20:42:00
7627,2015090915-012092              ,2015-08-11 00:00:00,TU,15:00:00,0,0,0,0,P,N,N,1.0,2,NJ 3                                              ,,3,10.0,2,2.0,2.0,1.0,2.0,5.0,1.0,N,15:00,120+04730,2015-08-11 15:00:00
7628,2016090916-000444              ,2016-01-09 00:00:00,SA,10:30:00,0,0,0,0,P,N,N,1.0,2,NJ 3                                              ,,3,10.04,2,2.0,1.0,1.0,1.0,2.0,1.0,N,10:30,120+04730,2016-01-09 10:30:00
7629,2013090913-000576              ,2013-01-10 00:00:00,TH,8:08:00,0,0,0,0,P,Y,N,1.0,2,NJ 3                                              ,,3,8.7,2,2.0,1.0,1.0,1.0,1.0,1.0,N,8:10,120P04733,2013-01-10 08:08:00
7631,2016090916-000880              ,2016-01-17 00:00:00,S ,19:51:00,0,0,0,0,P,N,N,1.0,2,NJ 3                                              ,,3,8.9,2,2.0,4.0,7.0,6.0,5.0,1.0,N,19:50,120P04732,2016-01-17 19:51:00
7632,2015090915-012759              ,2015-08-24 00:00:00,M ,17:47:00,0,0,0,0,P,N,N,2.0,2,NJ 3                                              ,,3,9.5,2,2.0,1.0,1.0,1.0,3.0,1.0,N,17:45,120P04731,2015-08-24 17:47:00
7637,2015090915-012974              ,2015-08-28 00:00:00,F ,22:21:00,0,1,0,0,I,N,N,1.0,2,NJ 3                                              ,,3,8.5,2,1.0,1.0,6.0,1.0,5.0,0.0,N,22:20,120+04734,2015-08-28 22:21:00
7640,2016090916-001153              ,2016-01-22 00:00:00,F ,17:51:00,0,0,0,0,P,N,N,1.0,2,NJ 3                                              ,,3,10.0,2,2.0,1.0,6.0,1.0,1.0,1.0,N,17:50,120+04730,2016-01-22 17:51:00
7641,2.02E+15,2017-12-10 00:00:00,SU,17:41:00,0,0,0,0,P,N,N,1.0,2,NJ 3                                              ,,3,10.84,2,2.0,1.0,6.0,1.0,1.0,1.0,N,17:40,120+04729,2017-12-10 17:41:00
7642,2016090916-001168              ,2016-01-23 00:00:00,SA,4:42:00,0,0,0,0,P,N,N,1.0,2,NJ 3                                              ,,3,9.6,2,2.0,4.0,6.0,3.0,5.0,1.0,N,4:40,120P04731,2016-01-23 04:42:00
7643,2018090818-070969              ,2018-08-08 00:00:00,WE,2:24:00,0,0,0,0,P,N,N,2.0,2,NJ 3                                              ,,3,10.5,2,1.0,1.0,6.0,1.0,1.0,2.0,N,2:25,120+04729,2018-08-08 02:24:00
7644,2014090914-014764              ,2014-09-04 00:00:00,TH,13:27:00,0,0,0,0,P,N,N,99.0,2,NJ 3                                              ,,3,9.12,2,2.0,1.0,1.0,1.0,1.0,1.0,N,13:25,120P04732,2014-09-04 13:27:00
7645,2016090916-001171              ,2016-01-23 00:00:00,SA,6:01:00,0,1,0,0,I,N,N,99.0,2,NJ 3                                              ,,3,8.7,2,2.0,4.0,6.0,3.0,5.0,1.0,N,6:00,120P04733,2016-01-23 06:01:00
7646,2018090818-074978              ,2018-08-18 00:00:00,SA,23:03:00,0,1,0,0,I,N,N,3.0,2,NJ 3                                              ,,3,10.46,2,2.0,1.0,6.0,1.0,4.0,0.0,N,23:05,120P04729,2018-08-18 23:03:00
7650,2016090916-001458              ,2016-01-28 00:00:00,TH,7:56:00,0,1,0,0,I,N,N,1.0,2,NJ 3                                              ,,3,10.0,2,2.0,1.0,1.0,1.0,1.0,1.0,N,7:55,120+04730,2016-01-28 07:56:00
7651,2014090914-015409              ,2014-09-18 00:00:00,TH,18:13:00,0,0,0,0,P,N,N,2.0,2,NJ 3                                              ,,3,9.3,2,2.0,1.0,1.0,1.0,2.0,1.0,N,18:15,120P04732,2014-09-18 18:13:00
7652,2015090915-014066              ,2015-09-20 00:00:00,S ,3:28:00,0,2,0,0,I,N,N,11.0,1,NJ 3                                              ,,3,8.9,2,2.0,1.0,6.0,1.0,1.0,1.0,N,3:30,120P04732,2015-09-20 03:28:00
7653,2017090917-000196              ,2017-01-03 00:00:00,TU,23:30:00,0,0,0,0,P,N,N,11.0,1,NJ 3                                              ,,3,9.6,2,2.0,2.0,6.0,2.0,3.0,1.0,N,23:30,120P04731,2017-01-03 23:30:00
7654,2016090916-001855              ,2016-02-04 00:00:00,TH,7:43:00,0,0,0,0,P,N,N,2.0,2,NJ 3                                              ,,3,9.9,2,2.0,1.0,1.0,1.0,2.0,1.0,N,7:45,120+04731,2016-02-04 07:43:00
7656,2016090916-001942              ,2016-02-05 00:00:00,F ,17:57:00,0,2,0,0,I,N,N,1.0,2,NJ 3                                              ,,3,10.1,2,2.0,1.0,7.0,1.0,5.0,1.0,N,17:55,120+04730,2016-02-05 17:57:00
7658,2013090913-003610              ,2013-02-27 00:00:00,W ,9:05:00,0,0,0,0,P,N,N,11.0,1,NJ 3                                              ,,3,10.04,2,2.0,2.0,1.0,2.0,2.0,1.0,N,9:05,120+04730,2013-02-27 09:05:00
7659,2017090917-000548              ,2017-01-10 00:00:00,TU,17:44:00,0,0,0,0,P,N,N,1.0,2,NJ 3                                              ,,3,10.04,2,2.0,2.0,6.0,1.0,2.0,1.0,N,17:45,120+04730,2017-01-10 17:44:00
7660,2018090818-091263              ,2018-10-02 00:00:00,TU,13:13:00,0,0,0,0,P,N,N,1.0,2,NJ 3                                              ,,3,10.33,2,2.0,1.0,1.0,1.0,1.0,1.0,N,13:15,120+04730,2018-10-02 13:13:00
7662,2017090917-000568              ,2017-01-11 00:00:00,WE,3:04:00,0,0,0,0,P,N,N,11.0,1,NJ 3                                              ,,3,9.6,2,2.0,2.0,6.0,2.0,1.0,1.0,N,3:05,120P04731,2017-01-11 03:04:00
7664,2017090917-000834              ,2017-01-16 00:00:00,MO,3:20:00,0,1,0,0,I,N,N,10.0,1,NJ 3                                              ,,3,9.3,2,2.0,1.0,6.0,1.0,1.0,1.0,N,3:20,120P04732,2017-01-16 03:20:00
7665,2017090917-001002              ,2017-01-18 00:00:00,WE,19:00:00,0,0,0,0,P,N,N,1.0,2,NJ 3                                              ,,3,8.8,2,2.0,2.0,6.0,1.0,2.0,1.0,N,19:00,120P04733,2017-01-18 19:00:00
7666,2016090916-002304              ,2016-02-11 00:00:00,TH,23:57:00,0,0,0,0,P,N,N,11.0,1,NJ 3                                              ,,3,10.0,2,2.0,1.0,6.0,1.0,1.0,1.0,N,23:55,120+04730,2016-02-11 23:57:00
7668,2015090915-014760              ,2015-10-03 00:00:00,SA,18:26:00,0,0,0,0,P,N,N,15.0,1,NJ 3                                              ,,3,8.8,2,2.0,1.0,3.0,1.0,4.0,1.0,N,18:25,120P04733,2015-10-03 18:26:00
7669,2018090818-103505              ,2018-11-03 00:00:00,SA,15:29:00,0,0,0,0,P,N,N,1.0,2,NJ 3                                              ,,3,10.84,2,2.0,1.0,1.0,1.0,4.0,0.0,N,15:30,120+04729,2018-11-03 15:29:00
7671,2015090915-014903              ,2015-10-06 00:00:00,TU,19:31:00,0,0,0,0,P,N,N,2.0,2,NJ 3                                              ,,3,10.04,2,2.0,1.0,6.0,1.0,5.0,1.0,N,19:30,120+04730,2015-10-06 19:31:00
7672,2017090917-001796              ,2017-02-02 00:00:00,TH,14:03:00,0,0,0,0,P,N,N,2.0,2,NJ 3                                              ,,3,9.4,2,2.0,1.0,1.0,1.0,1.0,1.0,N,14:05,120P04732,2017-02-02 14:03:00
7673,2014090914-017137              ,2014-10-26 00:00:00,S ,3:44:00,0,0,0,0,P,Y,N,11.0,1,NJ 3                                              ,,3,10.1,2,2.0,2.0,6.0,1.0,1.0,1.0,N,3:45,120+04730,2014-10-26 03:44:00
7674,2014090914-017345              ,2014-10-30 00:00:00,TH,9:17:00,0,0,0,0,P,N,N,1.0,2,NJ 3                                              ,,3,9.12,2,2.0,1.0,1.0,1.0,1.0,1.0,N,9:15,120P04732,2014-10-30 09:17:00
7675,2013090913-004856              ,2013-03-19 00:00:00,TU,22:06:00,0,1,0,0,I,Y,N,11.0,1,NJ 3                                              ,,3,9.5,2,2.0,1.0,6.0,1.0,1.0,1.0,N,22:05,120P04731,2013-03-19 22:06:00
7676,2016090916-003257              ,2016-02-29 00:00:00,M ,6:35:00,0,0,0,0,P,N,N,3.0,2,NJ 3                                              ,,3,8.8,2,2.0,1.0,1.0,1.0,5.0,1.0,N,6:35,120P04733,2016-02-29 06:35:00
7678,2018090818-109109              ,2018-11-18 00:00:00,SU,18:11:00,0,0,0,0,P,N,N,1.0,2,NJ 3                                              ,,3,10.5,2,2.0,1.0,6.0,1.0,4.0,1.0,N,18:10,120+04729,2018-11-18 18:11:00
7679,2015090915-015464              ,2015-10-17 00:00:00,SA,10:08:00,0,1,0,0,I,N,N,11.0,1,NJ 3                                              ,,3,9.0,2,2.0,1.0,1.0,1.0,1.0,1.0,N,10:10,120P04732,2015-10-17 10:08:00
7680,2013090913-005721              ,2013-04-02 00:00:00,TU,21:01:00,0,1,0,0,I,N,N,1.0,2,NJ 3                                              ,,3,6.82,2,2.0,1.0,6.0,1.0,2.0,1.0,N,21:00,120P04737,2013-04-02 21:01:00
7681,2015090915-015478              ,2015-10-17 00:00:00,SA,14:03:00,0,1,0,0,I,N,N,1.0,2,NJ 3                                              ,,3,9.5,2,2.0,1.0,1.0,1.0,2.0,1.0,N,14:05,120P04731,2015-10-17 14:03:00
7682,2016090916-003816              ,2016-03-11 00:00:00,F ,16:32:00,0,1,0,0,I,N,N,1.0,2,NJ 3                                              ,,3,10.0,2,2.0,1.0,1.0,1.0,5.0,1.0,N,16:30,120+04730,2016-03-11 16:32:00
7684,2016090916-003948              ,2016-03-14 00:00:00,M ,9:55:00,0,0,0,0,P,N,N,2.0,2,NJ 3                                              ,,3,9.0,2,2.0,2.0,1.0,2.0,,1.0,N,9:55,120P04732,2016-03-14 09:55:00
7686,2014090914-018676              ,2014-11-29 00:00:00,SA,17:06:00,0,0,0,0,P,N,N,1.0,2,NJ 3                                              ,,3,9.89,2,2.0,1.0,6.0,1.0,3.0,1.0,N,17:05,120+04731,2014-11-29 17:06:00
7687,2014090914-018690              ,2014-11-30 00:00:00,S ,1:57:00,0,0,0,0,P,N,N,99.0,1,NJ 3                                              ,,3,10.0,2,2.0,1.0,6.0,1.0,2.0,1.0,N,1:55,120+04730,2014-11-30 01:57:00
7688,2016090916-004782              ,2016-03-29 00:00:00,TU,15:00:00,0,2,0,0,I,N,N,2.0,2,NJ 3                                              ,,3,9.7,2,2.0,1.0,1.0,1.0,2.0,1.0,N,15:00,120+04731,2016-03-29 15:00:00
7689,2015090915-016781              ,2015-11-09 00:00:00,M ,17:26:00,0,0,0,0,P,N,N,2.0,2,NJ 3                                              ,,3,10.04,2,2.0,1.0,6.0,1.0,5.0,1.0,N,17:25,120+04730,2015-11-09 17:26:00
7690,2017090917-004392              ,2017-03-19 00:00:00,SU,3:25:00,0,0,0,0,P,N,N,2.0,2,NJ 3                                              ,,3,9.3,2,2.0,1.0,7.0,1.0,1.0,1.0,N,3:25,120P04732,2017-03-19 03:25:00
7691,2015090915-016901              ,2015-11-11 00:00:00,W ,14:38:00,0,0,0,0,P,N,N,1.0,2,NJ 3                                              ,,3,9.8,2,2.0,2.0,1.0,1.0,1.0,1.0,N,14:40,120+04731,2015-11-11 14:38:00
7692,2013090913-006440              ,2013-04-14 00:00:00,S ,12:03:00,0,0,0,0,P,N,N,1.0,2,NJ 3                                              ,,3,10.04,2,2.0,1.0,1.0,1.0,2.0,1.0,N,12:05,120+04730,2013-04-14 12:03:00
7693,2013090913-006603              ,2013-04-16 00:00:00,TU,18:22:00,0,0,0,0,P,N,N,1.0,2,NJ 3                                              ,,3,10.24,2,2.0,1.0,1.0,1.0,2.0,1.0,N,18:20,120+04730,2013-04-16 18:22:00
7695,2016090916-005318              ,2016-04-07 00:00:00,TH,17:52:00,0,1,0,0,I,N,N,11.0,1,NJ 3                                              ,,3,9.5,2,2.0,1.0,1.0,1.0,5.0,1.0,N,17:50,120P04731,2016-04-07 17:52:00
7696,2014090914-019056              ,2014-12-08 00:00:00,M ,12:30:00,0,0,0,0,P,N,N,1.0,2,NJ 3                                              ,,3,9.4,2,2.0,1.0,1.0,1.0,2.0,1.0,N,12:30,120P04732,2014-12-08 12:30:00
7697,2016090916-005639              ,2016-04-14 00:00:00,TH,19:10:00,0,3,0,0,I,N,N,1.0,4,NJ 3                                              ,,3,8.9,2,2.0,1.0,1.0,1.0,,1.0,N,19:10,120P04732,2016-04-14 19:10:00
7698,2017090917-005341              ,2017-04-05 00:00:00,WE,6:11:00,0,1,0,0,I,N,N,1.0,3,NJ 3                                              ,,3,9.6,2,2.0,2.0,1.0,1.0,1.0,1.0,N,6:10,120P04731,2017-04-05 06:11:00
7699,2014090914-019181              ,2014-12-11 00:00:00,TH,13:54:00,0,1,0,0,I,N,N,1.0,2,NJ 3                                              ,,3,9.3,2,2.0,1.0,1.0,1.0,2.0,1.0,N,13:55,120P04732,2014-12-11 13:54:00
7700,2014090914-019208              ,2014-12-12 00:00:00,F ,6:56:00,0,0,0,0,P,N,N,1.0,2,NJ 3                                              ,,3,4.39,2,2.0,1.0,1.0,1.0,1.0,1.0,N,6:55,120P04740,2014-12-12 06:56:00
7701,2017090917-005420              ,2017-04-06 00:00:00,TH,10:54:00,0,0,0,0,P,N,N,11.0,1,NJ 3                                              ,,3,9.12,2,2.0,2.0,1.0,2.0,2.0,1.0,N,10:55,120P04732,2017-04-06 10:54:00
7702,2014090914-019229              ,2014-12-12 00:00:00,F ,13:10:00,0,0,0,0,P,N,N,1.0,2,NJ 3                                              ,,3,9.5,2,2.0,1.0,1.0,1.0,2.0,1.0,N,13:10,120P04731,2014-12-12 13:10:00
7703,2015090915-017868              ,2015-11-30 00:00:00,M ,7:59:00,0,0,0,0,P,N,N,1.0,2,NJ 3                                              ,,3,9.5,2,2.0,1.0,1.0,1.0,1.0,1.0,N,8:00,120P04731,2015-11-30 07:59:00
7704,2013090913-008212              ,2013-05-13 00:00:00,M ,11:20:00,0,1,0,0,I,N,N,11.0,1,NJ 3                                              ,,3,9.7,2,2.0,1.0,1.0,1.0,1.0,1.0,N,11:20,120+04731,2013-05-13 11:20:00
7705,2014090914-019242              ,2014-12-12 00:00:00,F ,16:33:00,0,0,0,0,P,N,N,1.0,2,NJ 3                                              ,,3,10.1,2,2.0,1.0,6.0,1.0,1.0,1.0,N,16:35,120+04730,2014-12-12 16:33:00
7706,2016090916-006549              ,2016-05-02 00:00:00,M ,7:53:00,0,1,0,0,I,N,N,1.0,3,NJ 3                                              ,,3,9.0,2,2.0,2.0,1.0,5.0,1.0,1.0,N,7:55,120P04732,2016-05-02 07:53:00
7708,2015090915-018627              ,2015-12-14 00:00:00,M ,6:16:00,0,0,0,0,P,N,N,2.0,2,NJ 3                                              ,,3,9.0,2,2.0,1.0,6.0,1.0,3.0,1.0,N,6:15,120P04732,2015-12-14 06:16:00
7710,2013090913-008658              ,2013-05-20 00:00:00,M ,7:56:00,0,0,0,0,P,N,N,1.0,2,NJ 3                                              ,,3,8.6,2,2.0,2.0,1.0,2.0,2.0,1.0,N,7:55,120P04733,2013-05-20 07:56:00
7711,2015090915-018860              ,2015-12-17 00:00:00,TH,16:31:00,0,0,0,0,P,N,N,2.0,2,NJ 3                                              ,,3,9.8,2,2.0,2.0,6.0,2.0,5.0,1.0,N,16:30,120+04731,2015-12-17 16:31:00
7714,2015090915-018965              ,2015-12-19 00:00:00,SA,18:14:00,0,1,0,0,I,N,N,1.0,2,NJ 3                                              ,,3,9.8,2,2.0,1.0,6.0,1.0,5.0,1.0,N,18:15,120+04731,2015-12-19 18:14:00
7715,2016090916-006781              ,2016-05-06 00:00:00,F ,6:36:00,0,0,0,0,P,N,N,1.0,2,NJ 3                                              ,,3,10.1,2,1.0,2.0,1.0,2.0,2.0,2.0,N,6:35,120+04730,2016-05-06 06:36:00
7716,2016090916-006931              ,2016-05-09 00:00:00,M ,15:26:00,0,0,0,0,P,N,N,2.0,2,NJ 3                                              ,,3,10.1,2,2.0,1.0,1.0,1.0,2.0,1.0,N,15:25,120+04730,2016-05-09 15:26:00
7717,2015090915-019112              ,2015-12-22 00:00:00,TU,14:03:00,0,1,0,0,I,N,N,11.0,1,NJ 3                                              ,,3,9.6,2,2.0,2.0,1.0,1.0,2.0,1.0,N,14:05,120P04731,2015-12-22 14:03:00
7718,2016090916-007176              ,2016-05-13 00:00:00,F ,16:46:00,0,0,0,0,P,N,N,99.0,1,NJ 3                                              ,,3,10.0,2,2.0,2.0,1.0,2.0,2.0,1.0,N,16:45,120+04730,2016-05-13 16:46:00
7719,2013090913-009279              ,2013-05-30 00:00:00,TH,16:41:00,0,0,0,0,P,N,N,1.0,2,NJ 3                                              ,,3,8.6,2,2.0,1.0,1.0,1.0,2.0,1.0,N,16:40,120P04733,2013-05-30 16:41:00
7720,2016090916-007274              ,2016-05-15 00:00:00,S ,15:02:00,0,0,0,0,P,N,N,2.0,2,NJ 3                                              ,,3,10.2,2,2.0,1.0,1.0,1.0,2.0,1.0,N,15:00,120+04730,2016-05-15 15:02:00
7724,2016090916-007820              ,2016-05-24 00:00:00,TU,10:50:00,0,0,0,0,P,N,N,1.0,2,NJ 3                                              ,,3,10.04,2,2.0,2.0,1.0,5.0,5.0,2.0,N,10:50,120+04730,2016-05-24 10:50:00
7727,2018090918-000388              ,2018-01-06 00:00:00,SA,23:50:00,0,0,0,0,P,N,N,2.0,2,NJ 3                                              ,,3,9.4,2,2.0,4.0,6.0,1.0,2.0,1.0,N,23:50,120P04732,2018-01-06 23:50:00
7729,2016090916-008528              ,2016-06-04 00:00:00,SA,4:42:00,0,0,0,0,P,N,N,1.0,2,NJ 3                                              ,,3,9.12,2,2.0,1.0,5.0,1.0,2.0,,N,4:40,120P04732,2016-06-04 04:42:00
7731,2016090916-008772              ,2016-06-08 00:00:00,W ,13:17:00,0,0,0,0,P,N,N,2.0,2,NJ 3                                              ,,3,9.5,2,2.0,2.0,6.0,2.0,5.0,1.0,N,13:15,120P04731,2016-06-08 13:17:00
7732,2018090918-000613              ,2018-01-10 00:00:00,WE,9:10:00,0,0,0,0,P,N,N,2.0,2,NJ 3                                              ,,3,9.85,2,2.0,1.0,1.0,1.0,2.0,1.0,N,9:10,120+04731,2018-01-10 09:10:00
7733,2016090916-008838              ,2016-06-09 00:00:00,TH,15:09:00,0,0,0,0,P,N,N,11.0,1,NJ 3                                              ,,3,10.0,2,2.0,1.0,1.0,1.0,2.0,1.0,N,15:10,120+04730,2016-06-09 15:09:00
7734,2018090918-000838              ,2018-01-13 00:00:00,SA,19:48:00,0,1,0,0,I,N,N,1.0,2,NJ 3                                              ,,3,9.89,2,2.0,1.0,7.0,1.0,5.0,1.0,N,19:50,120+04731,2018-01-13 19:48:00
7735,2016090916-008841              ,2016-06-09 00:00:00,TH,15:24:00,0,0,0,0,P,N,N,1.0,2,NJ 3                                              ,,3,10.1,2,2.0,1.0,1.0,1.0,1.0,1.0,N,15:25,120+04730,2016-06-09 15:24:00
7736,2013090913-011251              ,2013-07-01 00:00:00,M ,10:48:00,0,0,0,0,P,N,N,11.0,2,NJ 3                                              ,,3,9.8,2,2.0,2.0,1.0,2.0,1.0,1.0,N,10:50,120+04731,2013-07-01 10:48:00
7737,2016090916-008944              ,2016-06-11 00:00:00,SA,12:55:00,0,5,0,0,I,N,N,4.0,3,NJ 3                                              ,,3,9.89,2,2.0,1.0,1.0,1.0,4.0,1.0,N,12:55,120+04731,2016-06-11 12:55:00
7738,2016090916-008951              ,2016-06-11 00:00:00,SA,16:48:00,0,2,0,0,I,N,N,1.0,2,NJ 3                                              ,,3,8.55,2,2.0,1.0,1.0,1.0,5.0,1.0,N,16:50,120P04733,2016-06-11 16:48:00
7739,2013090913-011274              ,2013-07-01 00:00:00,M ,19:05:00,0,2,0,0,I,N,N,1.0,2,NJ 3                                              ,,3,10.04,2,2.0,1.0,1.0,1.0,2.0,1.0,N,19:05,120+04730,2013-07-01 19:05:00
7741,2016090916-009419              ,2016-06-20 00:00:00,M ,14:01:00,0,1,0,0,I,N,N,2.0,2,NJ 3                                              ,,3,9.2,2,2.0,1.0,1.0,1.0,3.0,1.0,N,14:00,120P04732,2016-06-20 14:01:00
7742,2017090917-008135              ,2017-05-19 00:00:00,FR,15:03:00,0,0,0,0,P,N,N,1.0,3,NJ 3                                              ,,3,9.89,2,2.0,1.0,1.0,1.0,2.0,1.0,N,15:05,120+04731,2017-05-19 15:03:00
7743,2018090918-001220              ,2018-01-19 00:00:00,FR,18:28:00,0,0,0,0,P,N,N,1.0,2,NJ 3                                              ,,3,10.2,2,2.0,1.0,7.0,1.0,1.0,1.0,N,18:30,120+04730,2018-01-19 18:28:00
7745,2017090917-008149              ,2017-05-19 00:00:00,FR,20:07:00,0,0,0,0,P,N,N,2.0,2,NJ 3                                              ,,3,9.7,2,2.0,1.0,3.0,1.0,2.0,1.0,N,20:05,120+04731,2017-05-19 20:07:00
7746,2018090918-001222              ,2018-01-19 00:00:00,FR,19:55:00,0,0,0,0,P,N,N,1.0,2,NJ 3                                              ,,3,9.8,2,2.0,1.0,6.0,1.0,2.0,,N,19:55,120+04731,2018-01-19 19:55:00
7748,2018090918-001331              ,2018-01-22 00:00:00,MO,8:03:00,0,0,0,0,P,N,N,1.0,2,NJ 3                                              ,,3,8.8,2,2.0,2.0,1.0,1.0,1.0,1.0,N,8:05,120P04733,2018-01-22 08:03:00
7749,2013090913-013526              ,2013-08-08 00:00:00,TH,23:20:00,0,0,0,0,P,N,N,2.0,2,NJ 3                                              ,,3,8.6,2,2.0,2.0,6.0,2.0,4.0,1.0,N,23:20,120P04733,2013-08-08 23:20:00