,CRASH_ID,DATE,DAY,TIME,KILLED,INJURED,PED_KILL,PED_INJ,SEVERITY,ALCOHOL,HAZMAT,CRASH_TYPE,VEH_COUNT,LOCATION,LOC_DIR,ROUTE,MP,RD_SYS,RD_SURF,SURF_COND,LIGHT,WEATHER,RD_DIV,RD_WRKZN,CELL_USE,TIME_ROUND,TMC,timestamp
7750,2017090917-008581              ,2017-05-25 00:00:00,TH,18:28:00,0,0,0,0,P,N,N,1.0,2,NJ 3                                              ,,3,9.2,2,2.0,2.0,3.0,2.0,2.0,1.0,N,18:30,120P04732,2017-05-25 18:28:00
7751,2017090917-008587              ,2017-05-25 00:00:00,TH,19:15:00,0,0,0,0,P,N,N,2.0,2,NJ 3                                              ,,3,8.8,2,2.0,2.0,3.0,2.0,1.0,1.0,N,19:15,120P04733,2017-05-25 19:15:00
7752,2018090918-001703              ,2018-01-28 00:00:00,SU,22:28:00,0,3,0,0,I,Y,N,1.0,2,NJ 3                                              ,,3,8.8,2,2.0,1.0,6.0,1.0,5.0,1.0,N,22:30,120P04733,2018-01-28 22:28:00
7753,2017090917-008789              ,2017-05-29 00:00:00,MO,14:22:00,0,1,0,0,I,N,N,1.0,2,NJ 3                                              ,,3,9.89,2,2.0,1.0,1.0,1.0,2.0,1.0,N,14:20,120+04731,2017-05-29 14:22:00
7755,2015132615MN09181              ,2015-04-14 00:00:00,TU,7:18:00,0,2,0,0,I,N,N,3.0,2,MONMOUTH COUNTY 3                                 ,,3,1.43,5,2.0,2.0,1.0,2.0,5.0,1.0,N,7:20,120+07447,2015-04-14 07:18:00
7756,2017090917-009096              ,2017-06-02 00:00:00,FR,14:05:00,0,0,0,0,P,N,N,2.0,2,NJ 3                                              ,,3,9.8,2,2.0,1.0,1.0,1.0,3.0,1.0,N,14:05,120+04731,2017-06-02 14:05:00
7757,2016090916-010013              ,2016-07-02 00:00:00,SA,12:24:00,0,3,0,0,I,N,N,1.0,2,NJ 3                                              ,,3,10.04,2,2.0,1.0,1.0,1.0,5.0,1.0,N,12:25,120+04730,2016-07-02 12:24:00
7758,2013090913-013981              ,2013-08-16 00:00:00,F ,15:18:00,0,0,0,0,P,N,N,2.0,2,NJ 3                                              ,,3,8.8,2,2.0,1.0,1.0,1.0,1.0,1.0,N,15:20,120P04733,2013-08-16 15:18:00
7759,2016090916-010066              ,2016-07-03 00:00:00,S ,17:53:00,0,1,0,0,I,N,N,2.0,3,NJ 3                                              ,,3,9.8,2,2.0,1.0,1.0,1.0,2.0,1.0,N,17:55,120+04731,2016-07-03 17:53:00
7760,2018090918-002242              ,2018-02-07 00:00:00,WE,6:36:00,0,0,0,0,P,N,N,2.0,2,NJ 3                                              ,,3,9.8,2,2.0,1.0,2.0,1.0,2.0,1.0,N,6:35,120+04731,2018-02-07 06:36:00
7762,2013090913-014458              ,2013-08-24 00:00:00,SA,17:16:00,0,0,0,0,P,N,N,2.0,2,NJ 3                                              ,,3,9.4,2,2.0,1.0,1.0,1.0,1.0,1.0,N,17:15,120P04732,2013-08-24 17:16:00
7763,2018090918-002500              ,2018-02-10 00:00:00,SA,21:05:00,0,0,0,0,P,N,N,99.0,1,NJ 3                                              ,,3,9.6,2,2.0,2.0,6.0,2.0,2.0,1.0,N,21:05,120P04731,2018-02-10 21:05:00
7764,2018090918-002527              ,2018-02-11 00:00:00,SU,14:16:00,0,1,0,0,I,N,N,11.0,3,NJ 3                                              ,,3,9.6,2,2.0,2.0,1.0,5.0,1.0,1.0,N,14:15,120P04731,2018-02-11 14:16:00
7768,2016090916-010729              ,2016-07-17 00:00:00,S ,14:03:00,0,0,0,0,P,N,N,2.0,2,NJ 3                                              ,,3,9.8,2,2.0,1.0,1.0,1.0,5.0,1.0,N,14:05,120+04731,2016-07-17 14:03:00
7769,2013090913-016011              ,2013-09-19 00:00:00,TH,16:54:00,0,0,0,0,P,N,N,2.0,2,NJ 3                                              ,,3,8.8,2,2.0,1.0,1.0,1.0,2.0,2.0,N,16:55,120P04733,2013-09-19 16:54:00
7770,2016090916-010956              ,2016-07-21 00:00:00,TH,17:40:00,0,0,0,0,P,N,N,1.0,2,NJ 3                                              ,,3,9.5,2,2.0,1.0,1.0,1.0,5.0,1.0,N,17:40,120P04731,2016-07-21 17:40:00
7771,2017090917-010205              ,2017-06-22 00:00:00,TH,15:11:00,0,0,0,0,P,N,N,1.0,2,NJ 3                                              ,,3,10.0,2,2.0,1.0,1.0,1.0,2.0,1.0,N,15:10,120+04730,2017-06-22 15:11:00
7772,2017090917-010209              ,2017-06-22 00:00:00,TH,16:01:00,0,0,0,0,P,N,N,2.0,2,NJ 3                                              ,,3,10.24,2,2.0,1.0,1.0,1.0,1.0,1.0,N,16:00,120+04730,2017-06-22 16:01:00
7774,2017090917-010219              ,2017-06-22 00:00:00,TH,17:47:00,0,0,0,0,P,N,N,1.0,2,NJ 3                                              ,,3,9.6,2,2.0,1.0,1.0,1.0,2.0,1.0,N,17:45,120P04731,2017-06-22 17:47:00
7775,2016090916-011064              ,2016-07-24 00:00:00,S ,1:30:00,0,0,0,0,P,N,N,2.0,2,NJ 3                                              ,,3,9.8,2,2.0,1.0,7.0,1.0,2.0,,N,1:30,120+04731,2016-07-24 01:30:00
7776,2018090918-003304              ,2018-02-24 00:00:00,SA,18:48:00,0,0,0,0,P,N,N,1.0,2,NJ 3                                              ,,3,9.8,2,2.0,2.0,6.0,2.0,2.0,1.0,N,18:50,120+04731,2018-02-24 18:48:00
7777,2016090916-011126              ,2016-07-25 00:00:00,M ,18:20:00,0,0,0,0,P,N,N,11.0,2,NJ 3                                              ,,3,9.6,2,2.0,2.0,1.0,2.0,1.0,1.0,N,18:20,120P04731,2016-07-25 18:20:00
7778,2017090917-010332              ,2017-06-24 00:00:00,SA,15:14:00,0,0,0,0,P,N,N,2.0,2,NJ 3                                              ,,3,9.6,2,2.0,1.0,1.0,1.0,2.0,1.0,N,15:15,120P04731,2017-06-24 15:14:00
7779,2017090917-010734              ,2017-07-01 00:00:00,SA,17:17:00,0,4,0,0,I,N,N,2.0,2,NJ 3                                              ,,3,8.8,2,2.0,2.0,1.0,1.0,1.0,1.0,N,17:15,120P04733,2017-07-01 17:17:00
7780,2018090918-003762              ,2018-03-04 00:00:00,SU,10:59:00,0,0,0,0,P,N,N,1.0,2,NJ 3                                              ,,3,9.2,2,2.0,1.0,1.0,1.0,2.0,1.0,N,11:00,120P04732,2018-03-04 10:59:00
7782,2018090918-003836              ,2018-03-05 00:00:00,MO,13:22:00,0,1,0,0,I,N,N,1.0,2,NJ 3                                              ,,3,9.4,2,2.0,1.0,1.0,1.0,1.0,1.0,N,13:20,120P04732,2018-03-05 13:22:00
7783,2017090917-010987              ,2017-07-06 00:00:00,TH,9:24:00,0,0,0,0,P,N,N,2.0,2,NJ 3                                              ,,3,9.77,2,2.0,1.0,1.0,1.0,2.0,1.0,N,9:25,120+04731,2017-07-06 09:24:00
7784,2015132615MN13152              ,2015-05-21 00:00:00,TH,19:51:00,0,0,0,0,P,N,N,5.0,2,MONMOUTH COUNTY 3                                 ,,3,2.22,5,2.0,2.0,3.0,1.0,5.0,1.0,N,19:50,120+07446,2015-05-21 19:51:00
7785,2016090916-011638              ,2016-08-04 00:00:00,TH,5:34:00,0,0,0,0,P,N,N,9.0,2,NJ 3                                              ,,3,8.6,2,2.0,1.0,6.0,1.0,2.0,1.0,N,5:35,120P04733,2016-08-04 05:34:00
7786,2018090918-004012              ,2018-03-08 00:00:00,TH,14:20:00,0,0,0,0,P,N,N,15.0,2,NJ 3                                              ,,3,9.2,2,2.0,3.0,1.0,1.0,5.0,1.0,N,14:20,120P04732,2018-03-08 14:20:00
7787,2018090918-004025              ,2018-03-08 00:00:00,TH,19:48:00,0,0,0,0,P,N,N,2.0,3,NJ 3                                              ,,3,9.8,2,2.0,1.0,6.0,1.0,1.0,1.0,N,19:50,120+04731,2018-03-08 19:48:00
7789,2017090917-011273              ,2017-07-11 00:00:00,TU,5:11:00,0,2,0,0,I,N,N,1.0,2,NJ 3                                              ,,3,9.4,2,2.0,1.0,3.0,1.0,1.0,1.0,N,5:10,120P04732,2017-07-11 05:11:00
7790,2018090918-004133              ,2018-03-10 00:00:00,SA,16:00:00,0,1,0,0,I,N,N,1.0,2,NJ 3                                              ,,3,9.4,2,2.0,1.0,1.0,1.0,1.0,1.0,N,16:00,120P04732,2018-03-10 16:00:00
7791,2016090916-012696              ,2016-08-23 00:00:00,TU,19:08:00,0,0,0,0,P,N,N,2.0,2,NJ 3                                              ,,3,9.9,2,2.0,1.0,1.0,1.0,5.0,1.0,N,19:10,120+04731,2016-08-23 19:08:00
7792,2014160214-102824              ,2014-12-30 00:00:00,TU,16:54:00,0,0,0,0,P,N,N,2.0,2,NJ 3                                              ,,3,3.82,2,2.0,1.0,6.0,1.0,5.0,2.0,N,16:55,120P07442,2014-12-30 16:54:00
7793,2013090913-017360              ,2013-10-11 00:00:00,F ,6:33:00,0,0,0,0,P,N,N,1.0,2,NJ 3                                              ,,3,9.12,2,2.0,1.0,1.0,1.0,5.0,2.0,N,6:35,120P04732,2013-10-11 06:33:00
7794,2017090917-011439              ,2017-07-13 00:00:00,TH,22:18:00,0,1,0,0,I,N,N,1.0,2,NJ 3                                              ,,3,8.0,2,2.0,1.0,6.0,1.0,2.0,1.0,N,22:20,120P04734,2017-07-13 22:18:00
7795,2013090913-017494              ,2013-10-13 00:00:00,S ,4:44:00,0,2,0,0,I,N,N,1.0,2,NJ 3                                              ,,3,9.6,2,2.0,1.0,6.0,1.0,1.0,1.0,N,4:45,120P04731,2013-10-13 04:44:00
7796,2018090918-004207              ,2018-03-12 00:00:00,MO,7:06:00,0,0,0,0,P,N,N,2.0,2,NJ 3                                              ,,3,10.0,2,2.0,1.0,1.0,1.0,2.0,1.0,N,7:05,120+04730,2018-03-12 07:06:00
7798,2013090913-017519              ,2013-10-13 00:00:00,S ,15:15:00,0,0,0,0,P,N,N,2.0,2,NJ 3                                              ,,3,10.24,2,2.0,1.0,1.0,1.0,1.0,1.0,N,15:15,120+04730,2013-10-13 15:15:00
7799,2013090913-018040              ,2013-10-21 00:00:00,M ,21:04:00,0,0,0,0,P,N,N,1.0,2,NJ 3                                              ,,3,9.89,2,2.0,1.0,6.0,1.0,2.0,1.0,N,21:05,120+04731,2013-10-21 21:04:00
7800,2016090916-012956              ,2016-08-27 00:00:00,SA,18:43:00,0,0,0,0,P,N,N,1.0,2,NJ 3                                              ,,3,9.8,2,2.0,1.0,1.0,1.0,5.0,1.0,N,18:45,120+04731,2016-08-27 18:43:00
7801,2018090918-004633              ,2018-03-19 00:00:00,MO,12:00:00,0,0,0,0,P,N,N,1.0,2,NJ 3                                              ,,3,9.2,2,2.0,1.0,1.0,1.0,1.0,1.0,N,12:00,120P04732,2018-03-19 12:00:00
7802,2016090916-013036              ,2016-08-28 00:00:00,S ,18:49:00,0,0,0,0,P,N,N,1.0,2,NJ 3                                              ,,3,10.04,2,2.0,1.0,1.0,1.0,4.0,1.0,N,18:50,120+04730,2016-08-28 18:49:00
7803,2013090913-018501              ,2013-10-29 00:00:00,TU,9:58:00,0,0,0,0,P,N,N,2.0,2,NJ 3                                              ,,3,10.24,2,2.0,1.0,1.0,1.0,4.0,1.0,N,10:00,120+04730,2013-10-29 09:58:00
7804,2017090917-011945              ,2017-07-22 00:00:00,SA,22:13:00,0,0,0,0,P,N,N,1.0,2,NJ 3                                              ,,3,8.6,2,2.0,1.0,6.0,1.0,2.0,1.0,N,22:15,120P04733,2017-07-22 22:13:00
7805,2018090918-004651              ,2018-03-19 00:00:00,MO,16:06:00,0,0,0,0,P,N,N,2.0,2,NJ 3                                              ,,3,9.8,2,2.0,1.0,1.0,1.0,2.0,1.0,N,16:05,120+04731,2018-03-19 16:06:00
7806,2016090916-013042              ,2016-08-28 00:00:00,S ,21:48:00,0,0,0,0,P,N,N,1.0,2,NJ 3                                              ,,3,10.04,2,2.0,1.0,7.0,1.0,5.0,1.0,N,21:50,120+04730,2016-08-28 21:48:00
7807,2014160214-10492               ,2014-10-01 00:00:00,W ,14:11:00,0,0,0,0,P,N,N,1.0,2,NJ 3                                              ,,3,3.82,2,2.0,1.0,1.0,5.0,1.0,1.0,N,14:10,120P07442,2014-10-01 14:11:00
7808,2018090918-004713              ,2018-03-20 00:00:00,TU,15:05:00,0,0,0,0,P,N,N,1.0,2,NJ 3                                              ,,3,9.1,2,2.0,1.0,1.0,5.0,5.0,1.0,N,15:05,120P04732,2018-03-20 15:05:00
7810,2013090913-019976              ,2013-11-20 00:00:00,W ,22:08:00,0,1,0,0,I,N,N,11.0,1,NJ 3                                              ,,3,8.49,2,2.0,1.0,6.0,1.0,1.0,1.0,N,22:10,120+04734,2013-11-20 22:08:00
7811,2018090918-005030              ,2018-03-26 00:00:00,MO,8:32:00,0,0,0,0,P,N,N,1.0,3,NJ 3                                              ,,3,8.5,2,2.0,1.0,1.0,1.0,5.0,1.0,N,8:30,120+04734,2018-03-26 08:32:00
7812,2013090913-020015              ,2013-11-21 00:00:00,TH,11:24:00,0,0,0,0,P,N,N,2.0,2,NJ 3                                              ,,3,6.86,2,2.0,1.0,1.0,1.0,1.0,1.0,N,11:25,120P04737,2013-11-21 11:24:00
7813,2018090918-005119              ,2018-03-27 00:00:00,TU,17:10:00,0,0,0,0,P,N,N,1.0,2,NJ 3                                              ,,3,8.49,2,2.0,1.0,1.0,1.0,1.0,1.0,N,17:10,120+04734,2018-03-27 17:10:00
7814,2016090916-014119              ,2016-09-17 00:00:00,SA,15:32:00,0,0,0,0,P,N,N,2.0,2,NJ 3                                              ,,3,9.8,2,2.0,1.0,1.0,1.0,2.0,1.0,N,15:30,120+04731,2016-09-17 15:32:00
7817,2013090913-020738              ,2013-12-03 00:00:00,TU,10:35:00,0,0,0,0,P,N,N,2.0,2,NJ 3                                              ,,3,10.04,2,2.0,1.0,1.0,1.0,2.0,1.0,N,10:35,120+04730,2013-12-03 10:35:00
7818,2013090913-020839              ,2013-12-04 00:00:00,W ,17:28:00,0,2,0,0,I,N,N,2.0,3,NJ 3                                              ,,3,9.08,2,2.0,1.0,6.0,1.0,2.0,1.0,N,17:30,120P04732,2013-12-04 17:28:00
7819,2016090916-014470              ,2016-09-23 00:00:00,F ,17:29:00,0,0,0,0,P,N,N,99.0,1,NJ 3                                              ,,3,10.04,2,2.0,1.0,1.0,1.0,2.0,1.0,N,17:30,120+04730,2016-09-23 17:29:00
7820,2017090917-012550              ,2017-08-03 00:00:00,TH,6:58:00,0,0,0,0,P,N,N,2.0,2,NJ 3                                              ,,3,9.3,2,2.0,1.0,1.0,1.0,5.0,1.0,N,7:00,120P04732,2017-08-03 06:58:00
7821,2016090916-014572              ,2016-09-25 00:00:00,S ,22:04:00,0,3,0,0,I,N,N,1.0,2,NJ 3                                              ,,3,10.0,2,2.0,1.0,6.0,1.0,2.0,1.0,N,22:05,120+04730,2016-09-25 22:04:00
7823,2018090918-005509              ,2018-04-03 00:00:00,TU,12:49:00,0,0,0,0,P,N,N,2.0,2,NJ 3                                              ,,3,9.4,2,2.0,2.0,1.0,2.0,3.0,1.0,N,12:50,120P04732,2018-04-03 12:49:00
7825,2018090918-005594              ,2018-04-04 00:00:00,WE,18:10:00,0,0,0,0,P,N,N,2.0,2,NJ 3                                              ,,3,9.25,2,2.0,1.0,1.0,1.0,2.0,1.0,N,18:10,120P04732,2018-04-04 18:10:00
7827,2016090916-015340              ,2016-10-09 00:00:00,S ,3:16:00,0,0,0,0,P,N,N,11.0,1,NJ 3                                              ,,3,9.12,2,2.0,2.0,6.0,2.0,3.0,1.0,N,3:15,120P04732,2016-10-09 03:16:00
7828,2016090916-015344              ,2016-10-09 00:00:00,S ,4:47:00,0,0,0,0,P,N,N,11.0,1,NJ 3                                              ,,3,10.2,2,2.0,2.0,7.0,2.0,5.0,1.0,N,4:45,120+04730,2016-10-09 04:47:00
7829,2017090917-013082              ,2017-08-11 00:00:00,FR,22:00:00,0,1,0,0,I,N,N,2.0,2,NJ 3                                              ,,3,8.8,2,2.0,1.0,6.0,1.0,5.0,1.0,N,22:00,120P04733,2017-08-11 22:00:00
7831,2018090918-005672              ,2018-04-05 00:00:00,TH,16:32:00,0,1,0,0,I,N,N,2.0,2,NJ 3                                              ,,3,10.0,2,2.0,1.0,1.0,1.0,2.0,1.0,N,16:30,120+04730,2018-04-05 16:32:00
7833,2014160214-10946               ,2014-10-13 00:00:00,M ,23:08:00,0,0,0,0,P,N,N,11.0,1,NJ 3                                              ,,3,4.89,2,2.0,2.0,6.0,2.0,1.0,1.0,N,23:10,120+04740,2014-10-13 23:08:00
7834,2018090918-006215              ,2018-04-13 00:00:00,FR,17:49:00,0,0,0,0,P,N,N,1.0,2,NJ 3                                              ,,3,9.4,2,2.0,1.0,1.0,1.0,1.0,1.0,N,17:50,120P04732,2018-04-13 17:49:00
7835,2018090918-006463              ,2018-04-17 00:00:00,TU,17:33:00,0,0,0,0,P,N,N,2.0,2,NJ 3                                              ,,3,9.4,2,2.0,1.0,1.0,1.0,2.0,1.0,N,17:35,120P04732,2018-04-17 17:33:00
7836,2018090918-006634              ,2018-04-20 00:00:00,FR,9:43:00,0,0,0,0,P,N,N,1.0,2,NJ 3                                              ,,3,9.4,2,2.0,1.0,1.0,1.0,1.0,1.0,N,9:45,120P04732,2018-04-20 09:43:00
7837,2016090916-016837              ,2016-11-03 00:00:00,TH,17:32:00,0,0,0,0,P,N,N,2.0,2,NJ 3                                              ,,3,8.8,2,2.0,1.0,6.0,1.0,5.0,1.0,N,17:30,120P04733,2016-11-03 17:32:00
7838,2017090917-013921              ,2017-08-25 00:00:00,FR,20:46:00,0,1,0,0,I,N,N,2.0,2,NJ 3                                              ,,3,8.8,2,2.0,1.0,6.0,1.0,1.0,1.0,N,20:45,120P04733,2017-08-25 20:46:00
7839,2016090916-016900              ,2016-11-04 00:00:00,F ,18:49:00,0,2,0,0,I,N,N,1.0,2,NJ 3                                              ,,3,10.2,2,2.0,1.0,6.0,1.0,1.0,1.0,N,18:50,120+04730,2016-11-04 18:49:00
7840,2013160213-10232               ,2013-09-12 00:00:00,TH,20:04:00,0,0,0,0,P,N,N,1.0,2,NJ 3                                              ,,3,4.7,2,2.0,2.0,6.0,2.0,1.0,1.0,N,20:05,120+04740,2013-09-12 20:04:00
7841,2016090916-017332              ,2016-11-12 00:00:00,SA,4:39:00,0,0,0,0,P,N,N,11.0,2,NJ 3                                              ,,3,9.5,2,2.0,1.0,7.0,1.0,1.0,1.0,N,4:40,120P04731,2016-11-12 04:39:00
7842,2016090916-017335              ,2016-11-12 00:00:00,SA,7:20:00,0,1,0,0,I,Y,N,11.0,2,NJ 3                                              ,,3,9.1,2,2.0,1.0,1.0,1.0,1.0,1.0,N,7:20,120P04732,2016-11-12 07:20:00
7843,2017090917-014366              ,2017-09-01 00:00:00,FR,17:07:00,0,0,0,0,P,N,N,1.0,2,NJ 3                                              ,,3,9.3,2,2.0,1.0,1.0,1.0,5.0,1.0,N,17:05,120P04732,2017-09-01 17:07:00
7844,2017090917-014376              ,2017-09-01 00:00:00,FR,21:05:00,0,1,0,0,I,N,N,2.0,2,NJ 3                                              ,,3,9.5,2,2.0,1.0,6.0,1.0,5.0,1.0,N,21:05,120P04731,2017-09-01 21:05:00
7845,2018090918-008016              ,2018-05-13 00:00:00,SU,14:20:00,0,0,0,0,P,N,N,2.0,2,NJ 3                                              ,,3,9.8,2,2.0,2.0,1.0,2.0,2.0,1.0,N,14:20,120+04731,2018-05-13 14:20:00
7846,2016090916-017611              ,2016-11-17 00:00:00,TH,6:45:00,0,0,0,0,P,N,N,2.0,2,NJ 3                                              ,,3,9.4,2,2.0,1.0,1.0,1.0,5.0,1.0,N,6:45,120P04732,2016-11-17 06:45:00
7847,2018090918-008024              ,2018-05-13 00:00:00,SU,17:16:00,0,0,0,0,P,N,N,8.0,2,NJ 3                                              ,,3,9.6,2,2.0,2.0,1.0,2.0,2.0,1.0,N,17:15,120P04731,2018-05-13 17:16:00
7849,2016090916-017847              ,2016-11-21 00:00:00,M ,7:02:00,0,0,0,0,P,N,N,2.0,2,NJ 3                                              ,,3,9.4,2,2.0,1.0,1.0,1.0,5.0,1.0,N,7:00,120P04732,2016-11-21 07:02:00
7850,2018090918-008659              ,2018-05-24 00:00:00,TH,18:55:00,0,0,0,0,P,N,N,1.0,2,NJ 3                                              ,,3,9.0,2,2.0,1.0,2.0,1.0,1.0,1.0,N,18:55,120P04732,2018-05-24 18:55:00
7851,2016090916-017910              ,2016-11-22 00:00:00,TU,4:37:00,0,0,0,0,P,N,N,3.0,2,NJ 3                                              ,,3,9.12,2,2.0,1.0,6.0,1.0,4.0,1.0,N,4:35,120P04732,2016-11-22 04:37:00
7852,2016090916-017957              ,2016-11-22 00:00:00,TU,18:10:00,0,0,0,0,P,N,N,2.0,2,NJ 3                                              ,,3,8.8,2,2.0,1.0,6.0,1.0,5.0,1.0,N,18:10,120P04733,2016-11-22 18:10:00
7853,2018090918-008728              ,2018-05-25 00:00:00,FR,16:34:00,0,0,0,0,P,N,N,1.0,2,NJ 3                                              ,,3,9.0,2,2.0,1.0,1.0,1.0,1.0,1.0,Y,16:35,120P04732,2018-05-25 16:34:00
7854,2018090918-008741              ,2018-05-25 00:00:00,FR,18:18:00,0,0,0,0,P,N,N,2.0,2,NJ 3                                              ,,3,10.04,2,2.0,1.0,1.0,1.0,1.0,1.0,N,18:20,120+04730,2018-05-25 18:18:00
7855,2016090916-018037              ,2016-11-24 00:00:00,TH,1:31:00,0,0,0,0,P,N,N,2.0,2,NJ 3                                              ,,3,9.0,2,2.0,1.0,7.0,1.0,1.0,1.0,N,1:30,120P04732,2016-11-24 01:31:00
7856,2017090917-015430              ,2017-09-19 00:00:00,TU,22:08:00,0,0,0,0,P,N,N,1.0,2,NJ 3                                              ,,3,9.89,2,2.0,2.0,7.0,1.0,2.0,1.0,N,22:10,120+04731,2017-09-19 22:08:00
7857,2018090918-008854              ,2018-05-28 00:00:00,MO,16:16:00,0,1,0,0,I,N,N,11.0,1,NJ 3                                              ,,3,8.8,2,2.0,1.0,1.0,1.0,3.0,1.0,N,16:15,120P04733,2018-05-28 16:16:00
7858,2016090916-018201              ,2016-11-27 00:00:00,S ,20:33:00,0,1,0,0,I,N,N,1.0,2,NJ 3                                              ,,3,9.3,2,2.0,1.0,6.0,1.0,5.0,1.0,N,20:35,120P04732,2016-11-27 20:33:00
7859,2017090917-015794              ,2017-09-25 00:00:00,MO,20:04:00,0,1,0,0,I,N,N,1.0,2,NJ 3                                              ,,3,9.89,2,2.0,1.0,5.0,1.0,2.0,1.0,N,20:05,120+04731,2017-09-25 20:04:00
7860,2018090918-009229              ,2018-06-02 00:00:00,SA,2:41:00,0,5,0,0,I,N,N,1.0,2,NJ 3                                              ,,3,8.9,2,2.0,1.0,6.0,1.0,1.0,1.0,N,2:40,120P04732,2018-06-02 02:41:00
7861,2017090917-016038              ,2017-09-29 00:00:00,FR,15:25:00,0,0,0,0,P,N,N,1.0,2,NJ 3                                              ,,3,9.12,2,2.0,1.0,1.0,1.0,5.0,1.0,N,15:25,120P04732,2017-09-29 15:25:00
7862,2016090916-018999              ,2016-12-11 00:00:00,S ,18:33:00,0,1,0,0,I,N,N,1.0,2,NJ 3                                              ,,3,8.8,2,2.0,3.0,6.0,3.0,2.0,1.0,N,18:35,120P04733,2016-12-11 18:33:00
7863,2017090917-016167              ,2017-10-01 00:00:00,SU,21:21:00,0,1,0,0,I,N,N,1.0,2,NJ 3                                              ,,3,9.9,2,2.0,1.0,6.0,1.0,5.0,1.0,N,21:20,120+04731,2017-10-01 21:21:00
7864,2016090916-019133              ,2016-12-14 00:00:00,W ,7:14:00,0,3,0,0,I,N,N,2.0,2,NJ 3                                              ,,3,10.0,2,2.0,1.0,1.0,1.0,2.0,1.0,N,7:15,120+04730,2016-12-14 07:14:00
7865,2018090918-010332              ,2018-06-15 00:00:00,FR,15:57:00,0,0,0,0,P,N,N,2.0,2,NJ 3                                              ,,3,8.7,2,2.0,1.0,1.0,1.0,5.0,1.0,N,15:55,120P04733,2018-06-15 15:57:00
7866,2017090917-016624              ,2017-10-08 00:00:00,SU,18:49:00,0,0,0,0,P,N,N,1.0,2,NJ 3                                              ,,3,10.2,2,2.0,1.0,6.0,1.0,5.0,1.0,N,18:50,120+04730,2017-10-08 18:49:00
7867,2017090917-016696              ,2017-10-09 00:00:00,MO,17:31:00,0,0,0,0,P,N,N,11.0,1,NJ 3                                              ,,3,9.12,2,2.0,2.0,3.0,2.0,2.0,1.0,N,17:30,120P04732,2017-10-09 17:31:00
7868,2018090918-010799              ,2018-06-19 00:00:00,TU,10:02:00,0,1,0,0,I,N,N,1.0,2,NJ 3                                              ,,3,8.9,2,2.0,1.0,1.0,1.0,1.0,1.0,N,10:00,120P04732,2018-06-19 10:02:00
7869,2018090918-010954              ,2018-06-20 00:00:00,WE,10:27:00,0,0,0,0,P,N,N,2.0,2,NJ 3                                              ,,3,8.6,2,2.0,1.0,1.0,1.0,5.0,1.0,N,10:25,120P04733,2018-06-20 10:27:00
7870,2018090918-011028              ,2018-06-20 00:00:00,WE,18:17:00,0,2,0,0,I,N,N,1.0,2,NJ 3                                              ,,3,9.4,2,2.0,1.0,1.0,1.0,2.0,1.0,N,18:15,120P04732,2018-06-20 18:17:00
7871,2016090916-019748              ,2016-12-24 00:00:00,SA,12:03:00,0,0,0,0,P,N,N,11.0,1,NJ 3                                              ,,3,10.0,2,2.0,2.0,1.0,2.0,5.0,1.0,N,12:05,120+04730,2016-12-24 12:03:00
7872,2017090917-017374              ,2017-10-20 00:00:00,FR,13:09:00,0,0,0,0,P,N,N,11.0,1,NJ 3                                              ,,3,9.12,2,2.0,1.0,1.0,1.0,2.0,1.0,N,13:10,120P04732,2017-10-20 13:09:00
7875,2018090918-012212              ,2018-06-29 00:00:00,FR,16:59:00,0,1,0,0,I,N,N,1.0,3,NJ 3                                              ,,3,8.49,2,2.0,1.0,1.0,1.0,5.0,1.0,N,17:00,120+04734,2018-06-29 16:59:00
7878,2018090918-012576              ,2018-07-02 00:00:00,MO,14:20:00,0,0,0,0,P,N,N,2.0,2,NJ 3                                              ,,3,10.1,2,2.0,1.0,1.0,1.0,4.0,1.0,N,14:20,120+04730,2018-07-02 14:20:00
7879,2017090917-017624              ,2017-10-25 00:00:00,WE,6:27:00,0,0,0,0,P,N,N,1.0,2,NJ 3                                              ,,3,10.1,2,2.0,1.0,6.0,1.0,5.0,1.0,N,6:25,120+04730,2017-10-25 06:27:00
7881,2018090918-014649              ,2018-07-18 00:00:00,WE,10:51:00,0,0,0,0,P,N,N,2.0,2,NJ 3                                              ,,3,9.4,2,2.0,1.0,1.0,1.0,1.0,1.0,N,10:50,120P04732,2018-07-18 10:51:00