,CRASH_ID,DATE,DAY,TIME,KILLED,INJURED,PED_KILL,PED_INJ,SEVERITY,ALCOHOL,HAZMAT,CRASH_TYPE,VEH_COUNT,LOCATION,LOC_DIR,ROUTE,MP,RD_SYS,RD_SURF,SURF_COND,LIGHT,WEATHER,RD_DIV,RD_WRKZN,CELL_USE,TIME_ROUND,TMC,timestamp
7882,2015132815-022523              ,2015-07-27 00:00:00,M ,8:30:00,0,1,0,0,I,N,N,1.0,3,MONMOUTH COUNTY 3                                 ,,3,9.65,5,2.0,1.0,1.0,1.0,5.0,1.0,N,8:30,120+04731,2015-07-27 08:30:00
7883,2017090917-017885              ,2017-10-29 00:00:00,SU,20:33:00,0,0,0,0,P,N,N,2.0,2,NJ 3                                              ,,3,10.04,2,2.0,2.0,6.0,2.0,2.0,1.0,N,20:35,120+04730,2017-10-29 20:33:00
7884,2013160213-10961               ,2013-10-01 00:00:00,TU,17:46:00,0,0,0,0,P,N,N,1.0,2,NJ 3                                              ,,3,2.64,2,2.0,1.0,1.0,1.0,4.0,1.0,N,17:45,120P07444,2013-10-01 17:46:00
7885,2017090917-017900              ,2017-10-30 00:00:00,MO,8:49:00,0,0,0,0,P,N,N,2.0,2,NJ 3                                              ,,3,8.5,2,2.0,2.0,1.0,5.0,5.0,1.0,N,8:50,120+04734,2017-10-30 08:49:00
7886,2018090918-015579              ,2018-07-25 00:00:00,WE,12:30:00,0,0,0,0,P,N,N,11.0,1,NJ 3                                              ,,3,8.49,2,2.0,2.0,1.0,2.0,2.0,1.0,N,12:30,120+04734,2018-07-25 12:30:00
7887,2017090917-017977              ,2017-10-31 00:00:00,TU,8:51:00,0,0,0,0,P,N,N,2.0,2,NJ 3                                              ,,3,9.0,2,2.0,1.0,1.0,1.0,1.0,1.0,N,8:50,120P04732,2017-10-31 08:51:00
7888,2017090917-018202              ,2017-11-03 00:00:00,FR,11:13:00,0,0,0,0,P,N,N,1.0,2,NJ 3                                              ,,3,10.04,2,2.0,1.0,1.0,1.0,2.0,1.0,N,11:15,120+04730,2017-11-03 11:13:00
7889,2018090918-016753              ,2018-08-03 00:00:00,FR,15:40:00,0,0,0,0,P,N,N,2.0,2,NJ 3                                              ,,3,9.5,2,1.0,2.0,1.0,1.0,2.0,1.0,N,15:40,120P04731,2018-08-03 15:40:00
7891,2018090918-016889              ,2018-08-05 00:00:00,SU,7:35:00,0,1,0,0,I,N,N,11.0,1,NJ 3                                              ,,3,9.5,2,2.0,1.0,1.0,1.0,3.0,1.0,N,7:35,120P04731,2018-08-05 07:35:00
7894,2018090918-017233              ,2018-08-07 00:00:00,TU,18:25:00,0,1,0,0,I,N,N,1.0,3,NJ 3                                              ,,3,8.49,2,2.0,1.0,1.0,1.0,1.0,1.0,N,18:25,120+04734,2018-08-07 18:25:00
7896,2018090918-017343              ,2018-08-08 00:00:00,WE,17:20:00,0,3,0,0,I,N,N,1.0,3,NJ 3                                              ,,3,8.7,2,2.0,1.0,1.0,1.0,5.0,1.0,N,17:20,120P04733,2018-08-08 17:20:00
7897,2018090918-017634              ,2018-08-10 00:00:00,FR,15:30:00,0,0,0,0,P,N,N,2.0,2,NJ 3                                              ,,3,10.1,2,2.0,1.0,1.0,1.0,1.0,1.0,N,15:30,120+04730,2018-08-10 15:30:00
7899,2018090918-018080              ,2018-08-14 00:00:00,TU,14:44:00,0,0,0,0,P,N,N,1.0,2,NJ 3                                              ,,3,9.12,2,2.0,1.0,1.0,1.0,2.0,1.0,N,14:45,120P04732,2018-08-14 14:44:00
7900,2017090917-019041              ,2017-11-16 00:00:00,TH,18:03:00,0,0,0,0,P,N,N,1.0,2,NJ 3                                              ,,3,9.3,2,2.0,1.0,6.0,1.0,5.0,1.0,N,18:05,120P04732,2017-11-16 18:03:00
7901,2018090918-018368              ,2018-08-16 00:00:00,TH,20:26:00,0,0,0,0,P,N,N,1.0,2,NJ 3                                              ,,3,10.09,2,2.0,1.0,6.0,1.0,5.0,1.0,N,20:25,120+04730,2018-08-16 20:26:00
7903,2018090918-018552              ,2018-08-18 00:00:00,SA,10:52:00,0,0,0,0,P,N,N,1.0,2,NJ 3                                              ,,3,9.3,2,2.0,1.0,1.0,1.0,2.0,1.0,N,10:50,120P04732,2018-08-18 10:52:00
7904,2013160213-11314               ,2013-10-10 00:00:00,TH,15:59:00,0,0,0,0,P,N,N,1.0,2,NJ 3                                              ,,3,1.44,2,2.0,1.0,1.0,1.0,1.0,1.0,N,16:00,120+07447,2013-10-10 15:59:00
7905,2013160213-11373               ,2013-10-11 00:00:00,F ,22:36:00,0,0,0,0,P,N,N,1.0,2,NJ 3                                              ,,3,4.87,2,1.0,1.0,6.0,1.0,1.0,1.0,N,22:35,120+04740,2013-10-11 22:36:00
7906,2018090918-018572              ,2018-08-18 00:00:00,SA,17:11:00,0,0,0,0,P,N,N,2.0,2,NJ 3                                              ,,3,10.0,2,2.0,1.0,1.0,1.0,1.0,2.0,N,17:10,120+04730,2018-08-18 17:11:00
7908,2015132815-036314              ,2015-11-28 00:00:00,SA,16:48:00,0,2,0,0,I,N,N,3.0,2,MONMOUTH COUNTY 3                                 ,,3,7.82,5,2.0,2.0,4.0,5.0,5.0,1.0,N,16:50,120+04735,2015-11-28 16:48:00
7909,2018090918-018972              ,2018-08-22 00:00:00,WE,8:49:00,0,1,0,0,I,N,N,1.0,2,NJ 3                                              ,,3,8.5,2,1.0,1.0,1.0,1.0,1.0,1.0,N,8:50,120+04734,2018-08-22 08:49:00
7910,2018090918-019179              ,2018-08-23 00:00:00,TH,17:53:00,0,0,0,0,P,N,N,1.0,2,NJ 3                                              ,,3,9.02,2,2.0,1.0,1.0,1.0,1.0,1.0,N,17:55,120P04732,2018-08-23 17:53:00
7911,2017090917-019510              ,2017-11-26 00:00:00,SU,16:06:00,0,1,0,0,I,N,N,1.0,2,NJ 3                                              ,,3,9.6,2,2.0,1.0,2.0,1.0,3.0,1.0,N,16:05,120P04731,2017-11-26 16:06:00
7913,2018090918-020091              ,2018-08-31 00:00:00,FR,17:52:00,0,0,0,0,P,N,N,2.0,2,NJ 3                                              ,,3,9.9,2,2.0,1.0,1.0,1.0,3.0,1.0,N,17:50,120+04731,2018-08-31 17:52:00
7914,2017090917-019638              ,2017-11-28 00:00:00,TU,20:57:00,0,0,0,0,P,N,N,1.0,2,NJ 3                                              ,,3,10.0,2,2.0,1.0,5.0,1.0,2.0,1.0,N,20:55,120+04730,2017-11-28 20:57:00
7915,2017090917-019689              ,2017-11-29 00:00:00,WE,17:27:00,0,0,0,0,P,N,N,1.0,4,NJ 3                                              ,,3,9.4,2,2.0,1.0,6.0,1.0,2.0,1.0,N,17:25,120P04732,2017-11-29 17:27:00
7916,2017090917-019803              ,2017-12-01 00:00:00,FR,15:30:00,0,0,0,0,P,N,N,2.0,2,NJ 3                                              ,,3,9.1,2,2.0,1.0,1.0,1.0,5.0,1.0,N,15:30,120P04732,2017-12-01 15:30:00
7917,2018090918-020405              ,2018-09-04 00:00:00,TU,5:54:00,0,1,0,0,I,N,N,1.0,3,NJ 3                                              ,,3,9.7,2,2.0,1.0,2.0,1.0,1.0,1.0,N,5:55,120+04731,2018-09-04 05:54:00
7918,2018090918-020614              ,2018-09-05 00:00:00,WE,14:48:00,0,0,0,0,P,N,N,2.0,2,NJ 3                                              ,,3,9.2,2,2.0,1.0,1.0,1.0,1.0,1.0,N,14:50,120P04732,2018-09-05 14:48:00
7919,2017090917-020087              ,2017-12-06 00:00:00,WE,16:13:00,0,0,0,0,P,N,N,1.0,4,NJ 3                                              ,,3,9.5,2,2.0,1.0,6.0,1.0,2.0,1.0,N,16:15,120P04731,2017-12-06 16:13:00
7920,2017090917-020316              ,2017-12-10 00:00:00,SU,2:33:00,0,0,0,0,P,N,N,11.0,1,NJ 3                                              ,,3,8.6,2,2.0,4.0,7.0,1.0,2.0,,N,2:35,120P04733,2017-12-10 02:33:00
7921,2018090918-020751              ,2018-09-06 00:00:00,TH,16:21:00,0,0,0,0,P,N,N,1.0,2,NJ 3                                              ,,3,10.0,2,2.0,1.0,1.0,1.0,2.0,1.0,N,16:20,120+04730,2018-09-06 16:21:00
7922,2017090917-020363              ,2017-12-10 00:00:00,SU,18:35:00,0,2,0,0,I,N,N,1.0,2,NJ 3                                              ,,3,9.7,2,2.0,1.0,6.0,1.0,2.0,1.0,N,18:35,120+04731,2017-12-10 18:35:00
7923,2018090918-021233              ,2018-09-11 00:00:00,TU,22:50:00,0,4,0,0,I,N,N,1.0,2,NJ 3                                              ,,3,10.0,2,2.0,1.0,6.0,1.0,1.0,2.0,N,22:50,120+04730,2018-09-11 22:50:00
7924,2017090917-020729              ,2017-12-17 00:00:00,SU,2:54:00,0,0,0,0,P,N,N,2.0,2,NJ 3                                              ,,3,9.0,2,2.0,1.0,6.0,1.0,1.0,1.0,N,2:55,120P04732,2017-12-17 02:54:00
7926,2017090917-020825              ,2017-12-18 00:00:00,MO,17:53:00,0,0,0,0,P,N,N,1.0,2,NJ 3                                              ,,3,8.6,2,1.0,1.0,6.0,1.0,1.0,1.0,N,17:55,120P04733,2017-12-18 17:53:00
7927,2018090918-022445              ,2018-09-21 00:00:00,FR,20:30:00,0,0,0,0,P,N,N,1.0,2,NJ 3                                              ,,3,8.8,2,2.0,1.0,6.0,1.0,2.0,1.0,N,20:30,120P04733,2018-09-21 20:30:00
7928,2018090918-022459              ,2018-09-21 00:00:00,FR,23:45:00,0,0,0,0,P,N,N,2.0,2,NJ 3                                              ,,3,10.0,2,2.0,1.0,6.0,1.0,2.0,2.0,N,23:45,120+04730,2018-09-21 23:45:00
7929,2018090918-022638              ,2018-09-23 00:00:00,SU,22:22:00,0,1,0,0,I,N,N,11.0,1,NJ 3                                              ,,3,10.0,2,2.0,1.0,6.0,1.0,5.0,1.0,N,22:20,120+04730,2018-09-23 22:22:00
7930,2017090917-021285              ,2017-12-26 00:00:00,TU,14:21:00,0,0,0,0,P,N,N,1.0,2,NJ 3                                              ,,3,9.8,2,2.0,1.0,1.0,1.0,2.0,1.0,N,14:20,120+04731,2017-12-26 14:21:00
7932,2015132815-28905               ,2015-09-22 00:00:00,TU,8:27:00,0,0,0,0,P,N,N,7.0,2,MONMOUTH COUNTY 3                                 ,,3,6.34,5,2.0,1.0,1.0,1.0,5.0,1.0,N,8:25,120P04737,2015-09-22 08:27:00
7933,2013160213-11946               ,2013-10-27 00:00:00,S ,1:54:00,0,0,0,0,P,N,N,11.0,1,NJ 3                                              ,,3,4.89,2,2.0,1.0,6.0,1.0,1.0,2.0,N,1:55,120+04740,2013-10-27 01:54:00
7935,2015132815-32683               ,2015-10-26 00:00:00,M ,7:29:00,0,0,0,0,P,N,N,3.0,2,MONMOUTH COUNTY 3                                 ,,3,9.95,5,2.0,1.0,2.0,1.0,5.0,1.0,N,7:30,120+04730,2015-10-26 07:29:00
7937,2015132815-34948               ,2015-11-16 00:00:00,M ,15:37:00,0,0,0,0,P,N,N,7.0,2,MONMOUTH COUNTY 3                                 ,,3,7.82,5,2.0,1.0,1.0,1.0,5.0,1.0,N,15:35,120+04735,2015-11-16 15:37:00
7940,2018090918-024821              ,2018-10-11 00:00:00,TH,16:36:00,0,0,0,0,P,N,N,1.0,5,NJ 3                                              ,,3,10.0,2,2.0,2.0,1.0,2.0,1.0,2.0,N,16:35,120+04730,2018-10-11 16:36:00
7942,2018090918-025100              ,2018-10-13 00:00:00,SA,20:40:00,0,1,0,0,I,N,N,1.0,4,NJ 3                                              ,,3,10.2,2,2.0,1.0,6.0,1.0,1.0,2.0,N,20:40,120+04730,2018-10-13 20:40:00
7943,2018090918-025909              ,2018-10-20 00:00:00,SA,15:29:00,0,1,0,0,I,N,N,2.0,2,NJ 3                                              ,,3,10.04,2,2.0,1.0,1.0,1.0,4.0,1.0,N,15:30,120+04730,2018-10-20 15:29:00
7944,20151330I-2015-003210          ,2015-03-01 00:00:00,S ,15:37:00,0,0,0,0,P,N,N,11.0,1,MONMOUTH COUNTY 3                                 ,,3,12.1,5,2.0,3.0,1.0,3.0,5.0,1.0,N,15:35,120+04729,2015-03-01 15:37:00
7945,20151330I-2015-005808          ,2015-04-22 00:00:00,W ,7:49:00,0,0,0,0,P,N,N,7.0,2,MONMOUTH COUNTY 3                                 ,,3,11.88,5,2.0,1.0,1.0,1.0,5.0,1.0,N,7:50,120+04729,2015-04-22 07:49:00
7946,2018090918-027366              ,2018-11-01 00:00:00,TH,14:44:00,0,0,0,0,P,N,N,1.0,2,NJ 3                                              ,,3,9.12,2,2.0,1.0,1.0,1.0,2.0,1.0,N,14:45,120P04732,2018-11-01 14:44:00
7947,2013160213-12694               ,2013-11-14 00:00:00,TH,17:17:00,0,0,0,0,P,N,N,2.0,2,NJ 3                                              ,,3,4.89,2,2.0,1.0,7.0,1.0,1.0,2.0,N,17:15,120+04740,2013-11-14 17:17:00
7949,2018090918-028854              ,2018-11-15 00:00:00,TH,2:08:00,0,0,0,0,P,N,N,12.0,2,NJ 3                                              ,,3,9.8,2,2.0,1.0,6.0,1.0,1.0,1.0,N,2:10,120+04731,2018-11-15 02:08:00
7950,2018090918-028878              ,2018-11-15 00:00:00,TH,8:01:00,0,0,0,0,P,N,N,2.0,2,NJ 3                                              ,,3,9.6,2,2.0,1.0,1.0,1.0,1.0,1.0,N,8:00,120P04731,2018-11-15 08:01:00
7951,2018090918-029244              ,2018-11-17 00:00:00,SA,18:38:00,0,0,0,0,P,N,N,1.0,2,NJ 3                                              ,,3,9.2,2,2.0,1.0,6.0,1.0,1.0,1.0,N,18:40,120P04732,2018-11-17 18:38:00
7952,2018090918-029362              ,2018-11-18 00:00:00,SU,18:45:00,0,0,0,0,P,N,N,2.0,2,NJ 3                                              ,,3,9.12,2,2.0,1.0,6.0,1.0,5.0,1.0,N,18:45,120P04732,2018-11-18 18:45:00
7953,2018090918-029528              ,2018-11-19 00:00:00,MO,17:28:00,0,0,0,0,P,N,N,2.0,2,NJ 3                                              ,,3,9.0,2,2.0,1.0,6.0,1.0,1.0,1.0,N,17:30,120P04732,2018-11-19 17:28:00
7954,2018090918-029605              ,2018-11-20 00:00:00,TU,9:14:00,0,0,0,0,P,N,N,2.0,2,NJ 3                                              ,,3,10.1,2,2.0,1.0,1.0,1.0,3.0,1.0,N,9:15,120+04730,2018-11-20 09:14:00
7955,2018090918-029749              ,2018-11-21 00:00:00,WE,15:12:00,0,0,0,0,P,N,N,6.0,2,NJ 3                                              ,,3,10.2,2,2.0,1.0,1.0,1.0,4.0,2.0,N,15:10,120+04730,2018-11-21 15:12:00
7956,2018090918-029753              ,2018-11-21 00:00:00,WE,15:21:00,0,1,0,0,I,N,N,1.0,2,NJ 3                                              ,,3,9.4,2,2.0,1.0,1.0,1.0,1.0,1.0,N,15:20,120P04732,2018-11-21 15:21:00
7958,2018090918-030159              ,2018-11-24 00:00:00,SA,23:16:00,0,1,0,0,I,N,N,2.0,2,NJ 3                                              ,,3,9.8,2,2.0,2.0,6.0,2.0,1.0,1.0,N,23:15,120+04731,2018-11-24 23:16:00
7959,2018090918-030280              ,2018-11-26 00:00:00,MO,6:48:00,0,0,0,0,P,N,N,11.0,1,NJ 3                                              ,,3,9.7,2,2.0,1.0,1.0,1.0,3.0,1.0,N,6:50,120+04731,2018-11-26 06:48:00
7960,2014160214-2596                ,2014-03-05 00:00:00,W ,12:46:00,0,0,0,0,P,N,N,1.0,2,NJ 3                                              ,,3,3.82,2,2.0,1.0,1.0,1.0,4.0,1.0,N,12:45,120P07442,2014-03-05 12:46:00
7961,2018090918-030377              ,2018-11-26 00:00:00,MO,18:01:00,0,1,0,0,I,N,N,1.0,2,NJ 3                                              ,,3,10.02,2,2.0,2.0,6.0,2.0,1.0,1.0,N,18:00,120+04730,2018-11-26 18:01:00
7963,2018090918-030431              ,2018-11-27 00:00:00,TU,3:18:00,0,1,0,0,I,N,N,11.0,1,NJ 3                                              ,,3,9.8,2,2.0,2.0,6.0,2.0,1.0,1.0,N,3:20,120+04731,2018-11-27 03:18:00
7964,2018090918-031066              ,2018-11-30 00:00:00,FR,19:51:00,0,0,0,0,P,N,N,1.0,2,NJ 3                                              ,,3,10.0,2,2.0,2.0,6.0,2.0,1.0,1.0,N,19:50,120+04730,2018-11-30 19:51:00
7966,2018090918-031075              ,2018-11-30 00:00:00,FR,21:03:00,0,0,0,0,P,N,N,2.0,2,NJ 3                                              ,,3,8.6,2,2.0,2.0,6.0,2.0,1.0,1.0,N,21:05,120P04733,2018-11-30 21:03:00
7968,2013160213-13170               ,2013-11-26 00:00:00,TU,16:32:00,0,0,0,0,P,N,N,1.0,2,NJ 3                                              ,,3,3.42,2,2.0,2.0,3.0,2.0,1.0,1.0,N,16:30,120P07443,2013-11-26 16:32:00
7969,2018090918-031078              ,2018-11-30 00:00:00,FR,21:36:00,0,1,0,0,I,N,N,2.0,2,NJ 3                                              ,,3,10.2,2,2.0,2.0,6.0,1.0,1.0,1.0,N,21:35,120+04730,2018-11-30 21:36:00
7970,2018090918-031192              ,2018-12-01 00:00:00,SA,23:30:00,0,0,0,0,P,N,N,11.0,1,NJ 3                                              ,,3,9.02,2,2.0,2.0,6.0,2.0,2.0,1.0,N,23:30,120P04732,2018-12-01 23:30:00
7971,2018090918-031202              ,2018-12-02 00:00:00,SU,3:59:00,0,0,0,0,P,N,N,11.0,1,NJ 3                                              ,,3,9.6,2,2.0,2.0,6.0,2.0,2.0,1.0,N,4:00,120P04731,2018-12-02 03:59:00
7972,2018090918-031235              ,2018-12-02 00:00:00,SU,12:30:00,0,1,0,0,I,N,N,1.0,2,NJ 3                                              ,,3,10.0,2,2.0,2.0,1.0,2.0,1.0,1.0,N,12:30,120+04730,2018-12-02 12:30:00
7973,2018090918-031250              ,2018-12-02 00:00:00,SU,14:23:00,0,0,0,0,P,N,N,5.0,2,NJ 3                                              ,,3,9.89,2,2.0,2.0,1.0,5.0,5.0,1.0,N,14:25,120+04731,2018-12-02 14:23:00
7974,2013160213-13204               ,2013-11-27 00:00:00,W ,12:28:00,0,0,0,0,P,N,N,11.0,1,NJ 3                                              ,,3,4.8,2,2.0,2.0,1.0,2.0,1.0,2.0,N,12:30,120+04740,2013-11-27 12:28:00
7975,2013160213-13222               ,2013-11-27 00:00:00,W ,17:34:00,0,0,0,0,P,N,N,2.0,2,NJ 3                                              ,,3,3.82,2,2.0,2.0,6.0,2.0,4.0,1.0,N,17:35,120P07442,2013-11-27 17:34:00
7976,2018090918-031389              ,2018-12-03 00:00:00,MO,18:34:00,0,0,0,0,P,N,N,2.0,2,NJ 3                                              ,,3,9.8,2,2.0,1.0,6.0,1.0,5.0,1.0,N,18:35,120+04731,2018-12-03 18:34:00
7977,2018090918-031391              ,2018-12-03 00:00:00,MO,20:03:00,0,0,0,0,P,N,N,2.0,2,NJ 3                                              ,,3,8.6,2,2.0,1.0,6.0,1.0,1.0,1.0,N,20:05,120P04733,2018-12-03 20:03:00
7978,2018090918-031743              ,2018-12-06 00:00:00,TH,13:38:00,0,0,0,0,P,N,N,2.0,2,NJ 3                                              ,,3,9.6,2,2.0,1.0,1.0,1.0,4.0,1.0,N,13:40,120P04731,2018-12-06 13:38:00
7979,2018090918-031832              ,2018-12-07 00:00:00,FR,7:51:00,0,0,0,0,P,N,N,1.0,2,NJ 3                                              ,,3,8.59,2,2.0,1.0,1.0,1.0,5.0,1.0,N,7:50,120P04733,2018-12-07 07:51:00
7982,2018090918-032322              ,2018-12-11 00:00:00,TU,11:46:00,0,0,0,0,P,N,N,1.0,2,NJ 3                                              ,,3,9.89,2,2.0,1.0,1.0,1.0,1.0,1.0,N,11:45,120+04731,2018-12-11 11:46:00
7983,2018090918-032340              ,2018-12-11 00:00:00,TU,13:40:00,0,0,0,0,P,N,N,1.0,2,NJ 3                                              ,,3,9.8,2,2.0,1.0,1.0,1.0,2.0,1.0,N,13:40,120+04731,2018-12-11 13:40:00
7985,2018090918-032341              ,2018-12-11 00:00:00,TU,13:46:00,0,0,0,0,P,N,N,1.0,2,NJ 3                                              ,,3,9.4,2,2.0,1.0,1.0,1.0,1.0,2.0,N,13:45,120P04732,2018-12-11 13:46:00
7986,2018090918-032345              ,2018-12-11 00:00:00,TU,14:00:00,0,0,0,0,P,N,N,1.0,2,NJ 3                                              ,,3,8.6,2,2.0,1.0,1.0,1.0,2.0,1.0,N,14:00,120P04733,2018-12-11 14:00:00
7988,2018090918-032465              ,2018-12-12 00:00:00,WE,11:36:00,0,0,0,0,P,N,N,2.0,2,NJ 3                                              ,,3,9.6,2,2.0,1.0,1.0,1.0,1.0,1.0,N,11:35,120P04731,2018-12-12 11:36:00
7990,2018090918-032660              ,2018-12-13 00:00:00,TH,20:00:00,0,1,0,0,I,N,N,1.0,2,NJ 3                                              ,,3,9.12,2,2.0,2.0,6.0,1.0,2.0,1.0,N,20:00,120P04732,2018-12-13 20:00:00
7991,2018090918-032820              ,2018-12-14 00:00:00,FR,19:15:00,0,0,0,0,P,N,N,2.0,2,NJ 3                                              ,,3,9.9,2,2.0,2.0,6.0,1.0,1.0,1.0,N,19:15,120+04731,2018-12-14 19:15:00
7996,2018090918-033645              ,2018-12-20 00:00:00,TH,10:05:00,0,0,0,0,P,N,N,1.0,2,NJ 3                                              ,,3,10.1,2,2.0,1.0,1.0,1.0,1.0,2.0,N,10:05,120+04730,2018-12-20 10:05:00
7997,2018090918-033696              ,2018-12-20 00:00:00,TH,18:18:00,0,0,0,0,P,N,N,2.0,2,NJ 3                                              ,,3,9.2,2,2.0,2.0,6.0,2.0,4.0,1.0,N,18:20,120P04732,2018-12-20 18:18:00
7998,2014160214-3353                ,2014-03-26 00:00:00,W ,6:50:00,0,5,0,0,I,N,N,1.0,2,NJ 3                                              ,,3,3.82,2,2.0,1.0,1.0,1.0,1.0,1.0,N,6:50,120P07442,2014-03-26 06:50:00
8002,2018090918-034706              ,2018-12-28 00:00:00,FR,18:49:00,0,0,0,0,P,N,N,1.0,2,NJ 3                                              ,,3,9.9,2,2.0,2.0,6.0,5.0,1.0,1.0,N,18:50,120+04731,2018-12-28 18:49:00
8006,20180909SO-18-023245           ,2018-07-02 00:00:00,MO,13:01:00,0,0,0,0,P,N,N,2.0,2,NJ 3                                              ,,3,9.89,2,2.0,1.0,1.0,1.0,4.0,1.0,N,13:00,120+04731,2018-07-02 13:01:00
8007,2013160213-1402                ,2013-02-05 00:00:00,TU,17:15:00,0,1,0,0,I,N,N,1.0,2,NJ 3                                              ,,3,2.64,2,2.0,1.0,3.0,1.0,1.0,1.0,N,17:15,120P07444,2013-02-05 17:15:00
8012,2014160214-3737                ,2014-04-05 00:00:00,SA,15:56:00,0,0,0,0,P,N,N,8.0,2,NJ 3                                              ,,3,4.42,2,2.0,1.0,1.0,1.0,5.0,1.0,N,15:55,120P04740,2014-04-05 15:56:00
8018,2013160213-1736                ,2013-02-13 00:00:00,W ,6:36:00,0,0,0,0,P,N,N,1.0,2,NJ 3                                              ,,3,3.42,2,2.0,1.0,3.0,1.0,1.0,1.0,N,6:35,120P07443,2013-02-13 06:36:00
8029,2.02E+17,2016-05-12 00:00:00,TH,14:15:00,0,0,0,0,P,N,N,4.0,2,NJ 3                                              ,,3,3.82,2,2.0,1.0,1.0,1.0,4.0,1.0,N,14:15,120P07442,2016-05-12 14:15:00
8031,2015160215-18585               ,2015-04-27 00:00:00,M ,16:10:00,0,0,0,0,P,N,N,7.0,2,NJ 3                                              ,,3,3.42,2,2.0,1.0,1.0,1.0,5.0,1.0,N,16:10,120P07443,2015-04-27 16:10:00
8037,2015160215-20895               ,2015-05-11 00:00:00,M ,9:01:00,0,0,0,0,P,N,N,2.0,2,NJ 3                                              ,,3,3.82,2,2.0,1.0,1.0,1.0,5.0,1.0,N,9:00,120P07442,2015-05-11 09:01:00
8038,2014160214-5082                ,2014-05-09 00:00:00,F ,23:15:00,0,1,0,0,I,N,N,11.0,1,NJ 3                                              ,,3,4.89,2,2.0,2.0,6.0,2.0,1.0,2.0,N,23:15,120+04740,2014-05-09 23:15:00
8039,2013160213-2931                ,2013-03-13 00:00:00,W ,10:52:00,0,0,0,0,P,N,N,1.0,2,NJ 3                                              ,,3,1.26,2,2.0,1.0,1.0,1.0,2.0,3.0,N,10:50,120+07448,2013-03-13 10:52:00
8041,2.02E+17,2016-07-01 00:00:00,F ,16:23:00,0,0,0,0,P,N,N,4.0,2,NJ 3                                              ,,3,1.78,2,1.0,2.0,1.0,2.0,1.0,1.0,N,16:25,120+07446,2016-07-01 16:23:00
8049,2013160213-3734                ,2013-04-02 00:00:00,TU,20:31:00,0,1,0,0,I,N,N,11.0,1,NJ 3                                              ,,3,2.64,2,2.0,1.0,,1.0,1.0,1.0,N,20:30,120P07444,2013-04-02 20:31:00
8056,2013160213-4906                ,2013-05-01 00:00:00,W ,17:36:00,0,0,0,0,P,N,N,13.0,1,NJ 3                                              ,,3,5.8,2,2.0,1.0,1.0,1.0,5.0,1.0,N,17:35,120P04738,2013-05-01 17:36:00
8063,2013160213-5507                ,2013-05-16 00:00:00,TH,12:50:00,0,0,0,0,P,N,N,1.0,2,NJ 3                                              ,,3,2.64,2,2.0,1.0,1.0,1.0,5.0,1.0,N,12:50,120P07444,2013-05-16 12:50:00
8066,2013160213-5910                ,2013-05-05 00:00:00,S ,8:12:00,0,1,0,0,I,N,N,1.0,2,NJ 3                                              ,,3,4.89,2,2.0,2.0,1.0,2.0,5.0,2.0,N,8:10,120+04740,2013-05-05 08:12:00
8071,2014160214-8111                ,2014-07-28 00:00:00,M ,13:42:00,0,0,0,0,P,N,N,7.0,2,NJ 3                                              ,,3,3.42,2,2.0,1.0,1.0,1.0,5.0,1.0,N,13:40,120P07443,2014-07-28 13:42:00
8080,2.02E+17,2015-07-16 00:00:00,TH,14:56:00,0,1,0,0,I,N,N,1.0,2,NJ 3                                              ,,3,4.12,2,2.0,1.0,1.0,1.0,1.0,1.0,N,14:55,120P07442,2015-07-16 14:56:00
8101,2.02E+17,2016-11-20 00:00:00,S ,4:06:00,0,0,0,0,P,N,N,11.0,1,NJ 3                                              ,,3,1.28,2,2.0,2.0,6.0,2.0,1.0,1.0,N,4:05,120+07448,2016-11-20 04:06:00
8107,2.02E+17,2015-10-29 00:00:00,TH,8:26:00,0,0,0,0,P,N,N,1.0,3,NJ 3                                              ,,3,1.44,2,2.0,2.0,1.0,1.0,1.0,1.0,N,8:25,120+07447,2015-10-29 08:26:00
8110,2.02E+17,2017-09-27 00:00:00,WE,8:57:00,0,0,0,0,P,N,N,1.0,2,NJ 3                                              ,,3,2.0,2,2.0,1.0,1.0,1.0,1.0,1.0,N,8:55,120+07446,2017-09-27 08:57:00
8114,2.02E+17,2018-09-23 00:00:00,SU,17:40:00,0,0,0,0,P,N,N,1.0,2,NJ 3                                              ,,3,3.8,2,2.0,1.0,1.0,1.0,1.0,1.0,N,17:40,120P07442,2018-09-23 17:40:00